{"type": "FeatureCollection", "features": [{"type": "Feature", "properties": {"amp_code": "5307", "amp_th": "พิชัย", "amp_en": "Phichai", "pro_code": "53", "pro_th": "อุตรดิตถ์", "pro_en": "Uttaradit", "reg_nesdb": "UpperNorth", "reg_royin": "North", "perimeter": 142.23075179199, "area_sqkm": 696.3606608753}, "geometry": {"type": "MultiPolygon", "coordinates": [[[[100.24898113665432, 17.255663260727673], [100.2532988063698, 17.248330651116994], [100.24817756927966, 17.238004312599088], [100.22039423412606, 17.219077043600407], [100.20622573818945, 17.20715918602074], [100.16835892737012, 17.20203755929788], [100.1617349288315, 17.167432576340474], [100.15546045186215, 17.169400430636976], [100.14926652106698, 17.185604597955944], [100.13687166213765, 17.180485929360046], [100.12793364120438, 17.184657398990826], [100.09123792539425, 17.188852919064335], [100.06403980329371, 17.181860386157027], [100.0455305545448, 17.17884914923547], [100.03650973814086, 17.18141846827346], [100.03326373901272, 17.16766881220677], [100.02370015469467, 17.16528624249902], [100.02373916917638, 17.153112673836322], [100.01371568341484, 17.13890533965254], [99.99612254070749, 17.137546640470504], [99.99777389000778, 17.14477592586665], [100.00913338344922, 17.14757789485342], [100.0085424887105, 17.151312522270484], [99.99273395720945, 17.159268815591474], [99.98519739034347, 17.160256996532425], [99.98260257008091, 17.155347135567784], [99.97322556815755, 17.1646387518449], [99.98110068129009, 17.174456936666342], [99.98363268625903, 17.18968771670623], [99.97327984598907, 17.199464301541738], [99.97512166233778, 17.20785989519587], [99.97122606930041, 17.21090428331537], [99.98229862611895, 17.216090545850655], [99.95819451061934, 17.23115378850299], [99.97338675698506, 17.241459093976808], [99.95485772234879, 17.24276581301776], [99.96304157445661, 17.250401440255636], [99.96282170488583, 17.259240808861904], [99.97619257545738, 17.27799506886855], [99.98007179497533, 17.285290356728165], [99.99500972457693, 17.289112318659146], [100.00238138359946, 17.297448363788366], [99.99348438823428, 17.312873341784524], [99.99612684579627, 17.32131768465556], [100.00946763643643, 17.32749060405922], [100.01196982676542, 17.33570604613206], [100.00299925473519, 17.350735263785033], [100.00110376619125, 17.355014139096756], [100.00796059893294, 17.36083186836358], [99.99972876716127, 17.36948764371454], [100.00979089208296, 17.380318904081143], [100.0037916401025, 17.391355265622735], [99.99155886056639, 17.400266956307153], [99.99166236032443, 17.405822610093043], [99.99622127754917, 17.416494200781226], [100.01635004037753, 17.41732127211295], [100.02097130644512, 17.424078429815737], [100.0447180011465, 17.423669549405794], [100.04397724143952, 17.432169104729198], [100.063212658563, 17.420597150106406], [100.0638240221691, 17.4288262916096], [100.05913477858039, 17.430669020828535], [100.06358072610708, 17.435889579846272], [100.06315916930568, 17.444891312793853], [100.06650513779803, 17.439492487936068], [100.07762653722477, 17.43886549594465], [100.10918750062307, 17.419916219164257], [100.12033770198309, 17.405913098313317], [100.14958986703128, 17.40474235980387], [100.20973489588364, 17.391298085827056], [100.22875014452012, 17.39197838223594], [100.24212235770248, 17.388800292668588], [100.2523541366739, 17.40191069651025], [100.2587762008134, 17.403107279389253], [100.27559172044317, 17.394296365279935], [100.27965530579148, 17.381385334508746], [100.28837847221826, 17.375668488896203], [100.269579190112, 17.36645432573988], [100.26269973222104, 17.357293277158757], [100.25576526710955, 17.35886992226774], [100.24342322261788, 17.35195203081835], [100.2393363774439, 17.34621823962995], [100.23733656846154, 17.31679085388715], [100.24898113665432, 17.255663260727673]]]]}}, {"type": "Feature", "properties": {"amp_code": "5308", "amp_th": "ลับแล", "amp_en": "Laplae", "pro_code": "53", "pro_th": "อุตรดิตถ์", "pro_en": "Uttaradit", "reg_nesdb": "UpperNorth", "reg_royin": "North", "perimeter": 126.11654047746, "area_sqkm": 467.41532802678}, "geometry": {"type": "MultiPolygon", "coordinates": [[[[100.07130664292697, 17.592383034587254], [100.07699412628688, 17.58748417891529], [100.07454548022636, 17.577249834298136], [100.06742413125184, 17.571498574178584], [100.06381345317311, 17.529709180646787], [100.07185804578975, 17.51762863398507], [100.08433191988851, 17.510389369898206], [100.07119851493499, 17.50816395993171], [100.02054100857478, 17.48231010251619], [100.01407100484677, 17.47988376331955], [100.00001669577395, 17.48968551140637], [99.98296662325251, 17.511487854834925], [99.95625956828023, 17.5192905383409], [99.94052477467211, 17.536218423729615], [99.9404145980003, 17.550248310305758], [99.92787329228037, 17.563897366198557], [99.92411380333748, 17.58709764949934], [99.94013231783819, 17.591714001056452], [99.96089767069958, 17.610687686415062], [99.9758325511886, 17.622146861436438], [99.9661640733921, 17.632666026064022], [99.97684954361614, 17.657943278578887], [99.96339442131871, 17.71130380848358], [99.94502231380886, 17.723185245087777], [99.93003580862096, 17.744068891757866], [99.92086869932385, 17.747512660054266], [99.91183748883968, 17.762961169843962], [99.9227071545702, 17.76886855135173], [99.92189195414703, 17.78649292603195], [99.91154687298686, 17.7950596058857], [99.8987242490534, 17.797050772259446], [99.8946792674455, 17.80558644198496], [99.8967412924309, 17.80591818175676], [99.91023592305903, 17.803985000333597], [99.92723124273172, 17.789287533461938], [99.93237801825288, 17.789722888877435], [99.93654402263508, 17.78242073583167], [99.94866629766146, 17.77828631147882], [99.95832241958688, 17.779689875027213], [99.96319769990667, 17.798263518603022], [99.98001997897718, 17.799464479048424], [99.99027749535098, 17.81183972180586], [99.98780561677958, 17.822890686701786], [99.97786691548227, 17.833927178600753], [99.9887223829956, 17.834815843004165], [99.995630751499, 17.8303217736758], [100.00158881883817, 17.82152136499578], [100.01402414915094, 17.82253159539721], [100.01592465855056, 17.82801549499586], [100.0380725848545, 17.80756104651632], [100.06309064217137, 17.799505224609437], [100.07566705025728, 17.77822195419618], [100.09361980987592, 17.773917824552345], [100.10361042497223, 17.75652898593354], [100.09190296847807, 17.73649050038422], [100.09235466737445, 17.72076148904494], [100.08774038020172, 17.717434153344435], [100.0859482500678, 17.702861901035305], [100.09081831448572, 17.681759244886628], [100.08689544603384, 17.677411259637235], [100.06698893242313, 17.68057943410766], [100.07405583966415, 17.657150381965778], [100.06675256700689, 17.64607256167481], [100.07319115090131, 17.614587540841462], [100.06050782562403, 17.610125905049227], [100.06406163538479, 17.60232077019122], [100.06960264448122, 17.59976931909031], [100.07130664292697, 17.592383034587254]]]]}}, {"type": "Feature", "properties": {"amp_code": "5305", "amp_th": "ฟากท่า", "amp_en": "Fak Tha", "pro_code": "53", "pro_th": "อุตรดิตถ์", "pro_en": "Uttaradit", "reg_nesdb": "UpperNorth", "reg_royin": "North", "perimeter": 119.19400567472, "area_sqkm": 646.12478755075}, "geometry": {"type": "MultiPolygon", "coordinates": [[[[100.87991882739165, 17.866491115720827], [100.87336463644286, 17.864371159469027], [100.87436366986078, 17.86106271401887], [100.86955611145888, 17.86117888067817], [100.86632795988089, 17.870021057374327], [100.8600729870033, 17.868038956542307], [100.85713272275686, 17.872520066358017], [100.85047432269744, 17.87218472706222], [100.8455513388213, 17.865326439408022], [100.83506512455861, 17.862599715786992], [100.81652664079016, 17.86627324927958], [100.80754381854113, 17.859112829206143], [100.80078357627865, 17.8654265513646], [100.79568398534187, 17.86051214947825], [100.79326435494785, 17.865909209959426], [100.78693124847692, 17.860340684272252], [100.78611960859524, 17.852167869618217], [100.7824759857159, 17.860327242506823], [100.77077507926619, 17.860844935015937], [100.75184865022021, 17.87378504563591], [100.72672722760761, 17.908859932158098], [100.71571080863662, 17.906466988123977], [100.72144212944393, 17.936595761229178], [100.73306533302997, 17.957111091943638], [100.74713634902437, 17.968708228329703], [100.74637580713244, 17.978857160989026], [100.76111203814119, 17.99317456230998], [100.77117986454887, 18.007719741280958], [100.778573764264, 18.01772498687367], [100.77395320004928, 18.02871117152916], [100.77703727158931, 18.032474219355414], [100.80093466837383, 18.05410318282142], [100.81043632682096, 18.07740582739213], [100.8190968371881, 18.08288988498317], [100.84197404060724, 18.07973767372423], [100.84992454562469, 18.082788779802357], [100.85662841744657, 18.10290004900324], [100.87544179583425, 18.118614356039984], [100.8716855011309, 18.12589779662334], [100.87566946494944, 18.14230540105075], [100.88368970422424, 18.151162229437745], [100.88898675021206, 18.147336097730488], [100.91377915631185, 18.159327039407486], [100.91964499772884, 18.171977689089093], [100.93334418180775, 18.17201423886442], [100.94316934065313, 18.15825865815781], [100.96089043933164, 18.153134751051446], [100.97262004845338, 18.145706138125934], [100.97591278418939, 18.13836370227082], [101.00106935943778, 18.132476659280304], [101.01526328888225, 18.11584603110557], [101.01293727844843, 18.109738504390485], [101.02021996801818, 18.10901522915987], [101.02147551446099, 18.08884946701254], [101.03585703191884, 18.08115147615958], [101.03937730355561, 18.074659554316273], [101.0222771476641, 18.048726623436146], [101.00701936284106, 18.032935958391025], [100.98028202524434, 18.028264201234364], [100.97410100878656, 18.023192522369577], [100.97754904016251, 18.004912612343055], [100.96757851320395, 17.99583077984879], [100.96712720439987, 17.970173325092745], [100.96029274794788, 17.961365099628683], [100.95093868587752, 17.958092905007682], [100.94646580002235, 17.944748748965083], [100.93387576708959, 17.932825851359766], [100.93525842651694, 17.9292389346615], [100.92601756145613, 17.907480611651103], [100.90742565679558, 17.893705195725012], [100.91476570248848, 17.882136566495777], [100.91593469177947, 17.87852137940035], [100.90625218442104, 17.877313091255015], [100.89966081993596, 17.868815930996465], [100.89281312606751, 17.875088284887532], [100.88326645851276, 17.872813657329083], [100.87991882739165, 17.866491115720827]]]]}}, {"type": "Feature", "properties": {"amp_code": "5306", "amp_th": "บ้านโคก", "amp_en": "Ban Khok", "pro_code": "53", "pro_th": "อุตรดิตถ์", "pro_en": "Uttaradit", "reg_nesdb": "UpperNorth", "reg_royin": "North", "perimeter": 185.66465082873, "area_sqkm": 986.26863956994}, "geometry": {"type": "MultiPolygon", "coordinates": [[[[101.07383706634647, 17.92097903612927], [101.07056515312459, 17.913953894920294], [101.06438982422355, 17.91678618354217], [101.04718715919904, 17.913304728635758], [101.01887185221631, 17.891446627249113], [101.01263214862304, 17.89502439848023], [100.99799411879661, 17.891552428310252], [100.98627918381017, 17.896712304803305], [100.96741239469284, 17.895555504650428], [100.97210345521636, 17.889748618230517], [100.9656650046726, 17.887635287939784], [100.97214866695245, 17.88540600483334], [100.97346243054292, 17.87599918788617], [100.95431839325165, 17.879271748408524], [100.95924330014459, 17.873003190650888], [100.9543422653621, 17.8733674746124], [100.95679871607906, 17.869202779233245], [100.95193694033117, 17.869751806705278], [100.95198945876315, 17.8663531803062], [100.94768013554314, 17.873601304934326], [100.94362434512746, 17.871388807302], [100.9430401155453, 17.87617502971608], [100.94039455962974, 17.87225103576454], [100.93551436105552, 17.877157896871026], [100.93346500750452, 17.872459935094028], [100.91476570248848, 17.882136566495777], [100.90742565679558, 17.893705195725012], [100.92601756145613, 17.907480611651103], [100.93525842651694, 17.9292389346615], [100.93387576708959, 17.932825851359766], [100.94646580002235, 17.944748748965083], [100.95093868587752, 17.958092905007682], [100.96029274794788, 17.961365099628683], [100.96712720439987, 17.970173325092745], [100.96757851320395, 17.99583077984879], [100.97754904016251, 18.004912612343055], [100.97410100878656, 18.023192522369577], [100.98028202524434, 18.028264201234364], [101.00701936284106, 18.032935958391025], [101.0222771476641, 18.048726623436146], [101.03937730355561, 18.074659554316273], [101.03585703191884, 18.08115147615958], [101.02147551446099, 18.08884946701254], [101.02021996801818, 18.10901522915987], [101.01293727844843, 18.109738504390485], [101.01526328888225, 18.11584603110557], [101.00106935943778, 18.132476659280304], [100.97591278418939, 18.13836370227082], [100.97262004845338, 18.145706138125934], [100.96089043933164, 18.153134751051446], [100.94316934065313, 18.15825865815781], [100.93334418180775, 18.17201423886442], [100.91964499772884, 18.171977689089093], [100.91377915631185, 18.159327039407486], [100.90642318061109, 18.175437400297547], [100.90791181002413, 18.193366122701992], [100.92534863352839, 18.211943901374696], [100.91272372633665, 18.227624049002465], [100.92559983760844, 18.250231053563528], [100.9401291212691, 18.254704226614788], [100.963442388951, 18.278057939763027], [100.98015244843337, 18.30622531894565], [100.99765266532887, 18.30790851371861], [101.00525506837721, 18.318365716096096], [101.02257608053614, 18.32481597016184], [101.05519394611323, 18.353333210904132], [101.07423955403337, 18.357661614377633], [101.08580247184359, 18.380723148428785], [101.09419789276846, 18.38140553324467], [101.10958550345057, 18.371196059043715], [101.13216833012805, 18.365855292008167], [101.14842957743546, 18.347044884527513], [101.16739840927141, 18.346679877307295], [101.18209031859617, 18.34048827483887], [101.17996169263587, 18.32768229303579], [101.17394228945378, 18.320416126909524], [101.16840441458665, 18.320729822989644], [101.15945379518327, 18.310599018196903], [101.16074770815953, 18.30493073273115], [101.14831216183674, 18.294537181006053], [101.16314490792583, 18.278339258984406], [101.14407524175783, 18.258973322276642], [101.15918831779646, 18.246611887205844], [101.16067670573197, 18.239534493350696], [101.16655557371222, 18.230655046663944], [101.16537975238252, 18.217660496096542], [101.17267722480801, 18.217011093262876], [101.17930901961802, 18.22458690303282], [101.19257085350306, 18.21324248947834], [101.1773492531574, 18.181176501064215], [101.16895891361669, 18.13993526105876], [101.1609627587545, 18.123828490792228], [101.16469910585324, 18.10498818958857], [101.17437040075328, 18.089095912720072], [101.17270559410142, 18.07581087582806], [101.18379697158353, 18.065239854523366], [101.16043337578238, 18.029839980839583], [101.15559164567365, 18.037386098812366], [101.15139528980261, 18.03712570093074], [101.1212043131223, 17.998603490934638], [101.11863765575083, 17.97364904541857], [101.11453988664331, 17.97153358914342], [101.11734327506345, 17.951365833911698], [101.10366306978152, 17.946543726643124], [101.08862689339504, 17.925437018080576], [101.07383706634647, 17.92097903612927]]]]}}, {"type": "Feature", "properties": {"amp_code": "5303", "amp_th": "ท่าปลา", "amp_en": "Tha Pla", "pro_code": "53", "pro_th": "อุตรดิตถ์", "pro_en": "Uttaradit", "reg_nesdb": "UpperNorth", "reg_royin": "North", "perimeter": 240.08325058136, "area_sqkm": 1769.82021811417}, "geometry": {"type": "MultiPolygon", "coordinates": [[[[100.62118833819633, 17.79027787663032], [100.61974797734464, 17.780839376337486], [100.59547032695009, 17.761759262169015], [100.57296291456352, 17.725394657173855], [100.56668049657276, 17.725206561665797], [100.57016123652619, 17.731333491083284], [100.56742087357239, 17.738378731010247], [100.56045474769252, 17.73326783159386], [100.55429706300444, 17.739307683126277], [100.54867908580677, 17.72624396498477], [100.55415819539243, 17.71930379329533], [100.55231695657427, 17.710569048467573], [100.56121698884422, 17.685949463656826], [100.55943437803316, 17.679078012418618], [100.5446243287941, 17.669365619663754], [100.53720853485191, 17.66702226614639], [100.52337732549147, 17.671240169229268], [100.49977482081515, 17.65469270593052], [100.49068582734664, 17.653839964394063], [100.48116290153786, 17.640037353619828], [100.45891456770892, 17.626338840263717], [100.44937433462881, 17.608326839735618], [100.440149211328, 17.608570547540282], [100.42456035935615, 17.60588223462365], [100.42538527709927, 17.616886399214646], [100.40718482067977, 17.625125230269294], [100.3995023330848, 17.631155448456443], [100.37797890528851, 17.636799127748247], [100.37520784353201, 17.638255331436163], [100.38151972364057, 17.64337011481996], [100.38596017180424, 17.662077906234003], [100.39472631489652, 17.67405526368348], [100.38209858077003, 17.684389807048426], [100.37245556227292, 17.6812842563479], [100.36115226113533, 17.687303377816384], [100.34051231383701, 17.706441835422602], [100.32670993516825, 17.705157360627236], [100.32468300994424, 17.711211105260112], [100.31054812825282, 17.70857333212722], [100.3123134868395, 17.69743814186173], [100.28843278669632, 17.693302344147234], [100.28494098954457, 17.70715417530442], [100.28524496647788, 17.72029659513562], [100.29224715495221, 17.726738108897347], [100.29391509192999, 17.735529184122758], [100.28662563004241, 17.742156071568406], [100.29110763573641, 17.75606170412886], [100.28123061568775, 17.76483932945299], [100.2822436935188, 17.776296165888155], [100.26845649749518, 17.786509698687414], [100.25614701270848, 17.78711096179526], [100.2528715916946, 17.79255420520294], [100.24874230514027, 17.80716194339939], [100.2310601469893, 17.80440023816543], [100.21011997019824, 17.81961849665263], [100.20910832164572, 17.82717532253104], [100.19226004863177, 17.81428332583962], [100.17724543280453, 17.827875992810938], [100.16949639254946, 17.828487361330666], [100.16581158197317, 17.822648698162183], [100.15746702504153, 17.827084787111488], [100.14914128464726, 17.825968114508967], [100.14679744125178, 17.835687987319112], [100.13657307574447, 17.847602507954555], [100.13852073236964, 17.85495433196359], [100.13442761860657, 17.859729557673447], [100.1544586878086, 17.876615696952317], [100.16079761607331, 17.88960638394941], [100.17016081738709, 17.890676627086236], [100.1905484962571, 17.9054293831876], [100.20259454633722, 17.91812026155151], [100.21457359203913, 17.920727589220352], [100.21768962479064, 17.936029318022587], [100.22512059642395, 17.939067636321568], [100.22498223378038, 17.948372131011084], [100.2319129705454, 17.949555071833846], [100.23490443258207, 17.95536380730265], [100.24645466509422, 17.961966059032694], [100.26214600108409, 17.9530548031887], [100.27194905485347, 17.955703038077967], [100.28008886315, 17.95663908209382], [100.28802258662772, 17.936432178278], [100.29931168216383, 17.939202502136762], [100.30697556214915, 17.933112262914822], [100.31307210871499, 17.909680550321134], [100.31971018732091, 17.905828897604245], [100.32607602972321, 17.89221351501071], [100.33294765831765, 17.890298255741072], [100.33432788173302, 17.888780795063564], [100.34221884233686, 17.894040184940184], [100.34906680523235, 17.90914516805275], [100.34772764999248, 17.915395420417884], [100.35959814584334, 17.926406452322034], [100.35016030393811, 17.982841764446245], [100.37051831912186, 17.996648015434975], [100.37781885075394, 18.002556969059842], [100.3801908618062, 18.012157200759898], [100.39179224907609, 18.02130718053585], [100.40697423885292, 18.024605274795018], [100.41359858856372, 18.021980495712096], [100.42350749313871, 18.013367365699125], [100.44109293131618, 18.023275499243486], [100.45611981359863, 18.041419647402975], [100.47296185127092, 18.044959647990733], [100.48132519626586, 18.05525457310096], [100.49728205029957, 18.050839439489295], [100.50305895529878, 18.053883810320293], [100.52069057428427, 18.042812271873228], [100.53412566903307, 18.038822918940514], [100.54015046327875, 18.04191163999767], [100.55055138269479, 18.03598903908498], [100.55240327016445, 18.034913590995128], [100.57290474252584, 18.035512613589724], [100.57698941236463, 18.044014831587884], [100.59162372309912, 18.04093794464914], [100.6102248017156, 18.049771084205936], [100.62337213300988, 18.04333048798252], [100.65739914595233, 18.03885605854121], [100.66996794835624, 18.04177368603755], [100.68189268933406, 18.03223052497769], [100.68063383444164, 18.028088539160244], [100.70584588312704, 18.02646627175894], [100.71277679033902, 18.03818374365769], [100.71226398237795, 18.05625104967046], [100.71711983731093, 18.067687308120952], [100.7183388629348, 18.053280971809222], [100.72601369073762, 18.04774509735738], [100.75324090982117, 18.064725592208294], [100.76314415359214, 18.063387458746018], [100.76418752319793, 18.05719564923146], [100.77602043183467, 18.04719607714205], [100.77703727158931, 18.032474219355414], [100.77395320004928, 18.02871117152916], [100.778573764264, 18.01772498687367], [100.77117986454887, 18.007719741280958], [100.76111203814119, 17.99317456230998], [100.74637580713244, 17.978857160989026], [100.74713634902437, 17.968708228329703], [100.73306533302997, 17.957111091943638], [100.72144212944393, 17.936595761229178], [100.71571080863662, 17.906466988123977], [100.70568093248554, 17.89587295639854], [100.70499504965184, 17.87481608259248], [100.69027238894718, 17.85518351904314], [100.68739409596135, 17.84417935930923], [100.67709566496426, 17.839025182851426], [100.67345073589752, 17.81935757197058], [100.66978398424423, 17.82137114001749], [100.6507085204121, 17.833248065740875], [100.64384125604043, 17.81836080624085], [100.63319379859753, 17.810004957551612], [100.62898782215309, 17.795648185626376], [100.62118833819633, 17.79027787663032]]]]}}, {"type": "Feature", "properties": {"amp_code": "5304", "amp_th": "น้ำปาด", "amp_en": "Nam Pat", "pro_code": "53", "pro_th": "อุตรดิตถ์", "pro_en": "Uttaradit", "reg_nesdb": "UpperNorth", "reg_royin": "North", "perimeter": 221.14536572528, "area_sqkm": 1448.92345395166}, "geometry": {"type": "MultiPolygon", "coordinates": [[[[100.52403018602908, 17.510109138172762], [100.51638020193643, 17.51176833560983], [100.50729052258511, 17.507536202772027], [100.49938399935067, 17.513378365092947], [100.50099063125657, 17.5222186491151], [100.49093903765153, 17.53198846053748], [100.49265575179854, 17.537899009378556], [100.45609636231858, 17.556440921850946], [100.44581326311538, 17.57015153049316], [100.440149211328, 17.608570547540282], [100.44937433462881, 17.608326839735618], [100.45891456770892, 17.626338840263717], [100.48116290153786, 17.640037353619828], [100.49068582734664, 17.653839964394063], [100.49977482081515, 17.65469270593052], [100.52337732549147, 17.671240169229268], [100.53720853485191, 17.66702226614639], [100.5446243287941, 17.669365619663754], [100.55943437803316, 17.679078012418618], [100.56121698884422, 17.685949463656826], [100.55231695657427, 17.710569048467573], [100.55415819539243, 17.71930379329533], [100.54867908580677, 17.72624396498477], [100.55429706300444, 17.739307683126277], [100.56045474769252, 17.73326783159386], [100.56742087357239, 17.738378731010247], [100.57016123652619, 17.731333491083284], [100.56668049657276, 17.725206561665797], [100.57296291456352, 17.725394657173855], [100.59547032695009, 17.761759262169015], [100.61974797734464, 17.780839376337486], [100.62118833819633, 17.79027787663032], [100.62898782215309, 17.795648185626376], [100.63319379859753, 17.810004957551612], [100.64384125604043, 17.81836080624085], [100.6507085204121, 17.833248065740875], [100.66978398424423, 17.82137114001749], [100.67345073589752, 17.81935757197058], [100.67709566496426, 17.839025182851426], [100.68739409596135, 17.84417935930923], [100.69027238894718, 17.85518351904314], [100.70499504965184, 17.87481608259248], [100.70568093248554, 17.89587295639854], [100.71571080863662, 17.906466988123977], [100.72672722760761, 17.908859932158098], [100.75184865022021, 17.87378504563591], [100.77077507926619, 17.860844935015937], [100.7824759857159, 17.860327242506823], [100.78611960859524, 17.852167869618217], [100.78693124847692, 17.860340684272252], [100.79326435494785, 17.865909209959426], [100.79568398534187, 17.86051214947825], [100.80078357627865, 17.8654265513646], [100.80754381854113, 17.859112829206143], [100.81652664079016, 17.86627324927958], [100.83506512455861, 17.862599715786992], [100.8455513388213, 17.865326439408022], [100.85047432269744, 17.87218472706222], [100.85713272275686, 17.872520066358017], [100.8600729870033, 17.868038956542307], [100.86632795988089, 17.870021057374327], [100.86955611145888, 17.86117888067817], [100.87436366986078, 17.86106271401887], [100.87336463644286, 17.864371159469027], [100.87991882739165, 17.866491115720827], [100.88326645851276, 17.872813657329083], [100.89281312606751, 17.875088284887532], [100.89966081993596, 17.868815930996465], [100.90625218442104, 17.877313091255015], [100.91593469177947, 17.87852137940035], [100.91476570248848, 17.882136566495777], [100.93346500750452, 17.872459935094028], [100.93551436105552, 17.877157896871026], [100.94039455962974, 17.87225103576454], [100.9430401155453, 17.87617502971608], [100.94362434512746, 17.871388807302], [100.94768013554314, 17.873601304934326], [100.95198945876315, 17.8663531803062], [100.95193694033117, 17.869751806705278], [100.95679871607906, 17.869202779233245], [100.9543422653621, 17.8733674746124], [100.95924330014459, 17.873003190650888], [100.95431839325165, 17.879271748408524], [100.97346243054292, 17.87599918788617], [100.97214866695245, 17.88540600483334], [100.9656650046726, 17.887635287939784], [100.97210345521636, 17.889748618230517], [100.96741239469284, 17.895555504650428], [100.98627918381017, 17.896712304803305], [100.99799411879661, 17.891552428310252], [101.01263214862304, 17.89502439848023], [101.01887185221631, 17.891446627249113], [101.01654767993153, 17.884080738668285], [101.02102179607914, 17.88283169528066], [101.01730270268484, 17.877989518984386], [101.03476001331968, 17.8606657420713], [101.0299973163531, 17.84702523588284], [101.03236260104674, 17.83403094797674], [101.02780608058698, 17.828771863389637], [101.01856091133124, 17.829269654834473], [100.99888779683647, 17.820761770375594], [100.99264600583969, 17.803984341126206], [101.0025410298473, 17.79489410285829], [101.00633337924049, 17.784399150180978], [100.99921275299828, 17.770543278594495], [100.98122233072799, 17.767901683252084], [100.97730613094511, 17.762051904984126], [100.97743018427913, 17.753445313679578], [100.98628437497574, 17.748813734505553], [100.98825392964292, 17.743016249928505], [100.9767424608291, 17.7159523042346], [100.95553068151366, 17.700677070396797], [100.94170596545659, 17.7019592796892], [100.92529776045049, 17.69612953340751], [100.92185396645539, 17.69996573840724], [100.91395346865245, 17.69910659717642], [100.90856965845664, 17.702194647929982], [100.90422034914818, 17.715179241445984], [100.88930360583814, 17.715709538030634], [100.87128209555928, 17.70679852951919], [100.85252065082666, 17.680545341210664], [100.84270616358171, 17.65367667298619], [100.8366492139009, 17.648307612933742], [100.80216169416524, 17.638368681901557], [100.78992013020034, 17.613422821031914], [100.7760513368097, 17.6007809893945], [100.77409020013803, 17.58343807689346], [100.76662462347996, 17.579951714730974], [100.76527811466958, 17.570548723944498], [100.74686599997978, 17.558147027700393], [100.73992008193405, 17.542089740121966], [100.68964729078266, 17.522673122440004], [100.6707034643189, 17.50210517405937], [100.64518013679194, 17.493667457984557], [100.64202609949116, 17.522014823519402], [100.63456957716932, 17.528147533843956], [100.62752353972932, 17.525316212419863], [100.61755596763822, 17.531343552352073], [100.60768141070548, 17.529299259007068], [100.58274706821392, 17.509751148091013], [100.57592997224339, 17.51003131353794], [100.56812649416123, 17.500795881680297], [100.55927272364003, 17.497018387550103], [100.55495647480804, 17.49947285648885], [100.53782745558526, 17.479761102723973], [100.52944009154199, 17.49012628706571], [100.53057318537705, 17.500408967943603], [100.52403018602908, 17.510109138172762]]]]}}, {"type": "Feature", "properties": {"amp_code": "5301", "amp_th": "เมืองอุตรดิตถ์", "amp_en": "Mueang Uttaradit", "pro_code": "53", "pro_th": "อุตรดิตถ์", "pro_en": "Uttaradit", "reg_nesdb": "UpperNorth", "reg_royin": "North", "perimeter": 168.66541834698, "area_sqkm": 808.68117827402}, "geometry": {"type": "MultiPolygon", "coordinates": [[[[100.23202018244503, 17.57213834018483], [100.2199283409544, 17.560376566409364], [100.21563444971466, 17.552244470258948], [100.19832491624443, 17.539585692855745], [100.18435312918571, 17.5474487130464], [100.16613412781383, 17.549251345863887], [100.11654585165958, 17.523080419579667], [100.09658021538978, 17.511834762160635], [100.08433191988851, 17.510389369898206], [100.07185804578975, 17.51762863398507], [100.06381345317311, 17.529709180646787], [100.06742413125184, 17.571498574178584], [100.07454548022636, 17.577249834298136], [100.07699412628688, 17.58748417891529], [100.07130664292697, 17.592383034587254], [100.06960264448122, 17.59976931909031], [100.06406163538479, 17.60232077019122], [100.06050782562403, 17.610125905049227], [100.07319115090131, 17.614587540841462], [100.06675256700689, 17.64607256167481], [100.07405583966415, 17.657150381965778], [100.06698893242313, 17.68057943410766], [100.08689544603384, 17.677411259637235], [100.09081831448572, 17.681759244886628], [100.0859482500678, 17.702861901035305], [100.08774038020172, 17.717434153344435], [100.09235466737445, 17.72076148904494], [100.09190296847807, 17.73649050038422], [100.10361042497223, 17.75652898593354], [100.09361980987592, 17.773917824552345], [100.07566705025728, 17.77822195419618], [100.06309064217137, 17.799505224609437], [100.0380725848545, 17.80756104651632], [100.01592465855056, 17.82801549499586], [100.01402414915094, 17.82253159539721], [100.00158881883817, 17.82152136499578], [99.995630751499, 17.8303217736758], [100.00544730861034, 17.83664532157176], [100.01300848518927, 17.83387800476883], [100.02639754894861, 17.837835501681692], [100.04763153196869, 17.8481814778402], [100.05747038931287, 17.8336513932407], [100.06531971616106, 17.840737097603736], [100.07761483890376, 17.83838878934528], [100.08916386496634, 17.842880734522925], [100.09555567247278, 17.850936882915423], [100.10118222133663, 17.846971671417695], [100.11962357312264, 17.859090965278135], [100.1298444922588, 17.85634455310812], [100.13442761860657, 17.859729557673447], [100.13852073236964, 17.85495433196359], [100.13657307574447, 17.847602507954555], [100.14679744125178, 17.835687987319112], [100.14914128464726, 17.825968114508967], [100.15746702504153, 17.827084787111488], [100.16581158197317, 17.822648698162183], [100.16949639254946, 17.828487361330666], [100.17724543280453, 17.827875992810938], [100.19226004863177, 17.81428332583962], [100.20910832164572, 17.82717532253104], [100.21011997019824, 17.81961849665263], [100.2310601469893, 17.80440023816543], [100.24874230514027, 17.80716194339939], [100.2528715916946, 17.79255420520294], [100.25614701270848, 17.78711096179526], [100.26845649749518, 17.786509698687414], [100.2822436935188, 17.776296165888155], [100.28123061568775, 17.76483932945299], [100.29110763573641, 17.75606170412886], [100.28662563004241, 17.742156071568406], [100.29391509192999, 17.735529184122758], [100.29224715495221, 17.726738108897347], [100.28524496647788, 17.72029659513562], [100.28494098954457, 17.70715417530442], [100.28843278669632, 17.693302344147234], [100.3123134868395, 17.69743814186173], [100.31054812825282, 17.70857333212722], [100.32468300994424, 17.711211105260112], [100.32670993516825, 17.705157360627236], [100.34051231383701, 17.706441835422602], [100.36115226113533, 17.687303377816384], [100.37245556227292, 17.6812842563479], [100.38209858077003, 17.684389807048426], [100.39472631489652, 17.67405526368348], [100.38596017180424, 17.662077906234003], [100.38151972364057, 17.64337011481996], [100.37520784353201, 17.638255331436163], [100.37797890528851, 17.636799127748247], [100.3995023330848, 17.631155448456443], [100.40718482067977, 17.625125230269294], [100.4043850386826, 17.608578491559182], [100.39174560749578, 17.598306112491322], [100.37458831460566, 17.59518762801577], [100.3590176904868, 17.58500901745997], [100.35308432740624, 17.58584157821874], [100.3350970961111, 17.59795260555474], [100.33070531253142, 17.608395145021337], [100.31354341570776, 17.624377999253376], [100.29207799681878, 17.617261780535127], [100.27989638362494, 17.602510015787296], [100.26662913221786, 17.59486983949839], [100.25159780490056, 17.59447646996837], [100.24148698001665, 17.577243983937784], [100.23202018244503, 17.57213834018483]]]]}}, {"type": "Feature", "properties": {"amp_code": "5302", "amp_th": "ตรอน", "amp_en": "Tron", "pro_code": "53", "pro_th": "อุตรดิตถ์", "pro_en": "Uttaradit", "reg_nesdb": "UpperNorth", "reg_royin": "North", "perimeter": 104.45151584075, "area_sqkm": 309.5333282985}, "geometry": {"type": "MultiPolygon", "coordinates": [[[[100.20973489588364, 17.391298085827056], [100.14958986703128, 17.40474235980387], [100.12033770198309, 17.405913098313317], [100.10918750062307, 17.419916219164257], [100.07762653722477, 17.43886549594465], [100.06650513779803, 17.439492487936068], [100.06315916930568, 17.444891312793853], [100.06358072610708, 17.435889579846272], [100.05913477858039, 17.430669020828535], [100.0638240221691, 17.4288262916096], [100.063212658563, 17.420597150106406], [100.04397724143952, 17.432169104729198], [100.0447180011465, 17.423669549405794], [100.02097130644512, 17.424078429815737], [100.0308423187932, 17.435623350774573], [100.03094759265123, 17.443991967521267], [100.01999356774611, 17.45863117343164], [100.00676338530951, 17.45621649149788], [100.00214224531308, 17.459670876679212], [99.99876066789815, 17.466946544316727], [99.98125771582973, 17.472998787173513], [99.98103562601106, 17.48746076246511], [99.97224135014618, 17.49599411692442], [99.96672079080194, 17.492650996214135], [99.95605239132013, 17.50591518528153], [99.94003625535775, 17.49541594554732], [99.93263994300945, 17.506911172036396], [99.93113505325645, 17.52212827635723], [99.94052477467211, 17.536218423729615], [99.95625956828023, 17.5192905383409], [99.98296662325251, 17.511487854834925], [100.00001669577395, 17.48968551140637], [100.01407100484677, 17.47988376331955], [100.02054100857478, 17.48231010251619], [100.07119851493499, 17.50816395993171], [100.08433191988851, 17.510389369898206], [100.09658021538978, 17.511834762160635], [100.11654585165958, 17.523080419579667], [100.16613412781383, 17.549251345863887], [100.18435312918571, 17.5474487130464], [100.19832491624443, 17.539585692855745], [100.20561427588336, 17.53509505696955], [100.22826980678602, 17.5051054428493], [100.2426197915147, 17.493633559987664], [100.2383672616895, 17.47766618841612], [100.24315801128725, 17.474952178493965], [100.24199142122441, 17.466263233109963], [100.2495008672366, 17.45423827059762], [100.2382246821855, 17.426492654105015], [100.24443608796204, 17.418189228750595], [100.24497554720477, 17.40784138081412], [100.2523541366739, 17.40191069651025], [100.24212235770248, 17.388800292668588], [100.22875014452012, 17.39197838223594], [100.20973489588364, 17.391298085827056]]]]}}, {"type": "Feature", "properties": {"amp_code": "6704", "amp_th": "หล่มเก่า", "amp_en": "Lom Kao", "pro_code": "67", "pro_th": "เพชรบูรณ์", "pro_en": "Phetchabun", "reg_nesdb": "LowwerNorth", "reg_royin": "Central", "perimeter": 158.78257833934, "area_sqkm": 963.29053967833}, "geometry": {"type": "MultiPolygon", "coordinates": [[[[101.19828387922948, 16.835112398949164], [101.1944892880646, 16.8222284764987], [101.1666183249777, 16.816655331501305], [101.14126579005402, 16.8088261486814], [101.13012099098886, 16.80710563864385], [101.11136740425847, 16.81918743831618], [101.09677819718767, 16.81244561266547], [101.08002745554406, 16.81948104688213], [101.06951077741316, 16.82613744087648], [101.05802882085237, 16.821991722783697], [101.06068687848443, 16.88109114475089], [101.07377675689074, 16.889970059565258], [101.08034092321438, 16.901096316081695], [101.09222285911727, 16.900287421261698], [101.10684896985805, 16.907291601321166], [101.11603332590799, 16.931832738769668], [101.11810118306701, 16.977960437282125], [101.11140718597038, 17.005514975307825], [101.11621090362989, 17.01948989321525], [101.12562086809736, 17.026011697458188], [101.15197808780879, 17.03286356853783], [101.16941064197417, 17.038744665039477], [101.17254849997092, 17.05241137595443], [101.18790846358688, 17.064748406741526], [101.20623425976011, 17.06818500205681], [101.22192148347415, 17.05968683716758], [101.22919887265945, 17.067837971456207], [101.22599889556322, 17.07509678352871], [101.22316617157209, 17.085423042688962], [101.23550946970228, 17.095385899262947], [101.24334219610122, 17.108841981623254], [101.25014624507546, 17.111850339635456], [101.27325939055962, 17.095687363715353], [101.27889488494985, 17.097722083206683], [101.30508089304988, 17.11591825505572], [101.30740423260711, 17.129676692934837], [101.31862603572472, 17.13651526771132], [101.35229554175345, 17.167883283591685], [101.38180142400965, 17.169711902195193], [101.39759685398543, 17.17802814360761], [101.45115586566212, 17.142130350731566], [101.45196689496048, 17.12338921752797], [101.46149169010506, 17.10604285019739], [101.45901713712371, 17.09865606682179], [101.46871504551856, 17.09252808330639], [101.47510039851163, 17.088878957775076], [101.4894689181379, 17.059131981820435], [101.49585974437777, 17.020913089667168], [101.5042992120796, 17.010236946370096], [101.48838637942727, 17.005442900823606], [101.45479875928478, 17.006054079052735], [101.4433779723367, 17.012892672349526], [101.42629077534602, 17.01102868253056], [101.43196714884866, 17.00648629664703], [101.42972408170704, 16.989742580939815], [101.43418748332881, 16.98745593099853], [101.43413264557688, 16.979795659696464], [101.42246443092779, 16.956335241079703], [101.42627824558092, 16.944389145077047], [101.41707459701915, 16.931766438339444], [101.4090638647611, 16.930336753248262], [101.402858096199, 16.936358061147192], [101.38751358958416, 16.9289682978314], [101.37771458057962, 16.935882256982968], [101.36126067123219, 16.93179252819086], [101.35294253464986, 16.937658501288023], [101.34461691038983, 16.934585820818338], [101.33357134443219, 16.93928545151914], [101.32724685872577, 16.93613496005788], [101.32551331866962, 16.925516732551596], [101.31559626101635, 16.92101436948117], [101.30434118436717, 16.918004666278918], [101.29137829135144, 16.925404348606087], [101.28358088299576, 16.91987044360187], [101.26983237523886, 16.901539439348728], [101.26833401049073, 16.871807922834947], [101.26187966827976, 16.865997130911165], [101.2617923062694, 16.85214588761655], [101.25538431330001, 16.848584832482953], [101.25122621512064, 16.846758227166426], [101.21898084101404, 16.84730367593794], [101.21217451936774, 16.84551953319933], [101.19828387922948, 16.835112398949164]]]]}}, {"type": "Feature", "properties": {"amp_code": "6705", "amp_th": "วิเชียรบุรี", "amp_en": "Wichian Buri", "pro_code": "67", "pro_th": "เพชรบูรณ์", "pro_en": "Phetchabun", "reg_nesdb": "LowwerNorth", "reg_royin": "Central", "perimeter": 203.41592072167, "area_sqkm": 1486.68969799974}, "geometry": {"type": "MultiPolygon", "coordinates": [[[[101.07858233724573, 15.55151935076819], [101.08184444256105, 15.540721420135037], [101.08820395906864, 15.53889142950459], [101.08946698409486, 15.528674832002794], [101.08213590767981, 15.51718409104541], [101.09049163172669, 15.518275259439763], [101.09043539305182, 15.51436787153366], [101.09587397680355, 15.512903378457063], [101.09096253065621, 15.50968579999838], [101.09028085725257, 15.501153549617248], [101.08356783925242, 15.501884449611902], [101.08727749506943, 15.497856802060097], [101.08385865618808, 15.488599224145021], [101.08620157360971, 15.490345875341658], [101.08979973172735, 15.486662619062512], [101.07625390209502, 15.482338944085393], [101.0559727947655, 15.48835419275312], [101.04128313035278, 15.484939135334008], [101.03232963983227, 15.492916738618892], [101.0172338559181, 15.496638881336926], [100.98976338522225, 15.493207853660211], [100.967037206373, 15.500247117947394], [100.93120542221982, 15.488030684682494], [100.92689322124548, 15.483188604338578], [100.91126468923235, 15.48962148727432], [100.9105685866646, 15.500891529882498], [100.88908829637961, 15.514623170242182], [100.88966662227483, 15.525169584415824], [100.88417623580261, 15.52972014625258], [100.85446407878221, 15.52693775505669], [100.85491438731394, 15.547578410899742], [100.83277548931846, 15.552731585413493], [100.83216153025393, 15.563674640875156], [100.81375154031704, 15.578986419357832], [100.81849079085991, 15.58608756016468], [100.8083875297575, 15.594275832675859], [100.82500554379239, 15.61402969372404], [100.81835082128082, 15.630974750102016], [100.82648868060083, 15.646036999986158], [100.8231898614879, 15.66212171866094], [100.82695250142703, 15.664328092213498], [100.82631876201415, 15.675993070279702], [100.83348197420949, 15.680718117830878], [100.82678999868601, 15.683943745696773], [100.81873308211784, 15.712359272497254], [100.84177467644972, 15.707767548522257], [100.84653767710383, 15.700774756503996], [100.85993433286863, 15.698482186403496], [100.89649723584378, 15.699837428984708], [100.91458790598759, 15.706656867510315], [100.95126181881173, 15.731813219700985], [100.9636323420164, 15.733346772543015], [100.9666387807238, 15.737469508451024], [100.98988718026229, 15.738904257996712], [101.01348511126587, 15.747464817687304], [101.04500523680773, 15.771130593855514], [101.05527763917485, 15.76067331902053], [101.0694326839692, 15.756792873072373], [101.07603228267685, 15.760722648930942], [101.0884298240985, 15.780152361661965], [101.09218625230825, 15.796240023365476], [101.12366858734666, 15.800991006092495], [101.14043885273418, 15.805632016707115], [101.17460216324261, 15.80429878382054], [101.19010641497957, 15.808164679113503], [101.19801514416885, 15.833637701759457], [101.2339676759259, 15.833257853558099], [101.24664982366, 15.864313193011428], [101.25998084018383, 15.866212831686981], [101.26614785159927, 15.85760396545993], [101.2720010835668, 15.857120266737958], [101.27590505961841, 15.860723542771696], [101.27330371285846, 15.865343770454471], [101.28657855779025, 15.871873572933827], [101.30268051925621, 15.86518342070354], [101.30860403516283, 15.847396193233356], [101.31804454976373, 15.843683957174184], [101.32665881198439, 15.851939227025136], [101.33160674340951, 15.850485726017727], [101.32447471023264, 15.832867761269657], [101.33196825175698, 15.830000258626894], [101.32657069389973, 15.806842577135784], [101.3312947558795, 15.803450390802356], [101.31717397184923, 15.78984682022366], [101.32836372788434, 15.785390817935758], [101.33365794339059, 15.777697903545203], [101.33195207296635, 15.773541265771856], [101.33924927378595, 15.767421325431345], [101.33544114648748, 15.753906409247282], [101.3406450140761, 15.756271706083544], [101.34844028625143, 15.750392386171056], [101.33879064129779, 15.747128705502814], [101.33760459698435, 15.721300218712006], [101.35085500093182, 15.662476475138403], [101.34639212900619, 15.651700237314694], [101.33961053065579, 15.637020954287213], [101.32097049980601, 15.616495340918762], [101.3109695879424, 15.574205575171346], [101.2723863953675, 15.56430671837222], [101.18372582841968, 15.557676454313855], [101.16220001795773, 15.560128410423554], [101.15448428473802, 15.567913387712723], [101.14312041485188, 15.569689067403603], [101.10914938422658, 15.54441386139298], [101.1081887416338, 15.552477107872825], [101.09355604256501, 15.56119479856763], [101.0926266037314, 15.552238042157928], [101.09067500320559, 15.557134675278375], [101.08310766863484, 15.554599572581925], [101.08040104906979, 15.557549315498953], [101.08239515264881, 15.553493790399324], [101.07858233724573, 15.55151935076819]]]]}}, {"type": "Feature", "properties": {"amp_code": "6702", "amp_th": "ชนแดน", "amp_en": "Chon Daen", "pro_code": "67", "pro_th": "เพชรบูรณ์", "pro_en": "Phetchabun", "reg_nesdb": "LowwerNorth", "reg_royin": "Central", "perimeter": 192.46099717604, "area_sqkm": 1113.3133469448}, "geometry": {"type": "MultiPolygon", "coordinates": [[[[100.90223037581634, 15.987217805763564], [100.89581427698063, 15.969593956795674], [100.89338849569397, 15.96492549643083], [100.88780529023339, 15.966995269670482], [100.88780432735575, 15.962157479738842], [100.87976747159807, 15.956154262215534], [100.89768709499533, 15.915910018432008], [100.89681996332463, 15.90149234567828], [100.90186842095895, 15.896993081195642], [100.8917244584046, 15.900235796871415], [100.88079855208365, 15.922286132296328], [100.85724426197913, 15.928917320425844], [100.84153897263084, 15.909784990400926], [100.82116339061332, 15.910951821486675], [100.80851827749328, 15.92494180228797], [100.79821711452571, 15.926372111531707], [100.77934891344586, 15.896992943010398], [100.77934832986904, 15.896992947815999], [100.76392958393753, 15.911382906559286], [100.76640666174124, 15.93141313426825], [100.77286189290578, 15.929200374407783], [100.78089965687788, 15.935091651805111], [100.79901802254928, 15.936338551636227], [100.791103858496, 15.958302650159538], [100.778019848681, 15.966116035903173], [100.78413134812463, 15.98108111076614], [100.7820700572262, 15.99403765119192], [100.7691704390857, 15.998480740867796], [100.7689440257064, 16.003805258046985], [100.7602864564217, 16.00951985688257], [100.74408690321238, 16.012000491473096], [100.72709429359499, 16.02241395948586], [100.69014812433451, 16.027018815606233], [100.66856797231061, 16.030266018772913], [100.65680414137513, 16.047708602530385], [100.63532720229131, 16.045653796963144], [100.64282057213035, 16.05143567066487], [100.6541258791066, 16.1015851677797], [100.65463392591984, 16.12600296430218], [100.64422891063414, 16.139954313873456], [100.68286118198222, 16.202807819787566], [100.70719471655688, 16.242139715209294], [100.71908915904669, 16.251465569420574], [100.71773727746951, 16.257643003696515], [100.74112734925991, 16.25666584329597], [100.75444250125778, 16.26360341858481], [100.76274037203838, 16.26043721421749], [100.77079116115797, 16.26770321618453], [100.78012652856034, 16.267371901067527], [100.78160796182974, 16.27182121304013], [100.79098162466215, 16.27131399921307], [100.80572349862774, 16.27976654657597], [100.82009782928873, 16.281779332691634], [100.83066639824229, 16.26936488921335], [100.8386485978338, 16.267787778829355], [100.84132117022484, 16.283016605488427], [100.84719833875653, 16.290324227567197], [100.84271081882636, 16.30495124016991], [100.84588460051918, 16.31525642903647], [100.86372690760815, 16.33000024643604], [100.88420431193946, 16.330195612746518], [100.90294691657841, 16.319087124296015], [100.91069083840502, 16.3198993053574], [100.92179515222254, 16.303567826531282], [100.94249340519174, 16.308702869089792], [100.96409435757454, 16.28227250837276], [100.96111132781081, 16.273455353561197], [100.96606971791297, 16.26321594887564], [100.98124156310368, 16.255569303866693], [100.98269757717382, 16.2262610018706], [100.99262244910334, 16.225529880612246], [100.99329532537054, 16.21310637530572], [100.98171645978732, 16.18564465524909], [100.98607912084712, 16.1825555434353], [100.98452782753755, 16.16590709530181], [100.98227416884738, 16.152907643436333], [100.98633982963973, 16.138857666448445], [100.98150741977491, 16.135986356800927], [100.97960554315661, 16.1335056417798], [100.97518550359881, 16.13714285783264], [100.97306836585699, 16.145894394171368], [100.95117864032845, 16.133935927230098], [100.9451893505048, 16.136927309878114], [100.94130631873684, 16.125657641815707], [100.9245778555366, 16.13287647838829], [100.9073937870426, 16.107271270525555], [100.9251170767314, 16.07799142327381], [100.93383422693111, 16.074001340591945], [100.93286784598817, 16.06357123472684], [100.93929500157668, 16.063707382997414], [100.94597921771897, 16.07178020430926], [100.9675015547185, 16.061642840780742], [100.97459959519614, 16.060710057089185], [100.9815193785573, 16.066145531438675], [100.9827277676331, 16.06284193152395], [100.97970665150312, 16.051160631122894], [100.9886375747691, 16.04194614770083], [100.98916488278613, 16.03140668329228], [100.98414641487452, 16.02414547285592], [100.98664602405243, 16.005062467380228], [100.98353496202479, 15.988712667951807], [100.97284838479723, 15.995660198881957], [100.96055000395032, 15.987027104319052], [100.94340202589912, 15.990509175837582], [100.92932472655328, 15.985441373475659], [100.94249685840545, 15.980026540288552], [100.93009000290549, 15.978610007864951], [100.90223037581634, 15.987217805763564]]]]}}, {"type": "Feature", "properties": {"amp_code": "6703", "amp_th": "หล่มสัก", "amp_en": "Lom Sak", "pro_code": "67", "pro_th": "เพชรบูรณ์", "pro_en": "Phetchabun", "reg_nesdb": "LowwerNorth", "reg_royin": "Central", "perimeter": 198.77281640844, "area_sqkm": 1413.31548174276}, "geometry": {"type": "MultiPolygon", "coordinates": [[[[101.43888060941505, 16.60892633344979], [101.42759226154202, 16.60985343918148], [101.40244747879397, 16.593722165105316], [101.3701738565632, 16.593430819430345], [101.35393376603697, 16.5693128657079], [101.35694748625272, 16.561367677991285], [101.34341765576565, 16.56128092967069], [101.32348479618251, 16.54876894848064], [101.30788948251401, 16.552445041595167], [101.2937336115116, 16.549099562677338], [101.2676865842196, 16.556318133374283], [101.2466176573536, 16.5479255515952], [101.23437415870711, 16.546473893069766], [101.21359553649293, 16.55066158782339], [101.21644284669276, 16.561244332051196], [101.20636765625419, 16.57696368793457], [101.19365834116104, 16.585821817442024], [101.19044407338235, 16.580677855259264], [101.18398309025451, 16.58422852236789], [101.17553845440604, 16.60135030091852], [101.16980805409631, 16.60157506907218], [101.15311254160207, 16.61505992979082], [101.15667283813607, 16.62703100184754], [101.15007726177969, 16.63924748425326], [101.14097733103803, 16.632257345835868], [101.09830205775792, 16.62962360142525], [101.07984912517286, 16.63561874019687], [101.06230369511131, 16.635399696895924], [101.05328380535181, 16.644728562724506], [101.06112260538708, 16.652139672765585], [101.04882501826748, 16.659714316171097], [101.05043751901422, 16.673442865063436], [101.0548400960201, 16.678537872243652], [101.06382949401859, 16.679133987362626], [101.09323168413417, 16.67873943045118], [101.10502784238139, 16.68292262359756], [101.10281836432192, 16.690028312575578], [101.09107754967032, 16.695117557915328], [101.09243071279475, 16.705903817461124], [101.10070497925072, 16.742312256819837], [101.09829390639297, 16.7526273227045], [101.1044913047411, 16.75931307667822], [101.10198186169919, 16.768080859486005], [101.10844757641543, 16.782396821859898], [101.09076927477481, 16.787849967177547], [101.08089734207577, 16.808129120612335], [101.08002745554406, 16.81948104688213], [101.09677819718767, 16.81244561266547], [101.11136740425847, 16.81918743831618], [101.13012099098886, 16.80710563864385], [101.14126579005402, 16.8088261486814], [101.1666183249777, 16.816655331501305], [101.1944892880646, 16.8222284764987], [101.19828387922948, 16.835112398949164], [101.21217451936774, 16.84551953319933], [101.21898084101404, 16.84730367593794], [101.25122621512064, 16.846758227166426], [101.25538431330001, 16.848584832482953], [101.2617923062694, 16.85214588761655], [101.26187966827976, 16.865997130911165], [101.26833401049073, 16.871807922834947], [101.26983237523886, 16.901539439348728], [101.28358088299576, 16.91987044360187], [101.29137829135144, 16.925404348606087], [101.30434118436717, 16.918004666278918], [101.31559626101635, 16.92101436948117], [101.32551331866962, 16.925516732551596], [101.32724685872577, 16.93613496005788], [101.33357134443219, 16.93928545151914], [101.34461691038983, 16.934585820818338], [101.35294253464986, 16.937658501288023], [101.36126067123219, 16.93179252819086], [101.37771458057962, 16.935882256982968], [101.38751358958416, 16.9289682978314], [101.402858096199, 16.936358061147192], [101.4090638647611, 16.930336753248262], [101.41707459701915, 16.931766438339444], [101.42292639866002, 16.93232377172889], [101.42509804827317, 16.92754445473515], [101.42089136879027, 16.910728784994156], [101.4239437302499, 16.893928703670262], [101.40713338840511, 16.88575349810696], [101.40848632293518, 16.86810291487731], [101.39881335953076, 16.857485072744026], [101.43319584323461, 16.851531567626346], [101.43768764169477, 16.837239063521366], [101.44253249435292, 16.836671121794986], [101.44065991011583, 16.825401196335577], [101.45684530007256, 16.83093050819633], [101.46138134043044, 16.82776102436995], [101.46898955863259, 16.8330656113433], [101.46883398188523, 16.83689056922894], [101.47951429216968, 16.84374858568623], [101.48206413646582, 16.85882704991903], [101.49065356827819, 16.860483117425495], [101.50540379821771, 16.855030707453952], [101.5165175946749, 16.827784982622404], [101.51909537343752, 16.808124815401328], [101.52532148535192, 16.784645502692726], [101.51633728949217, 16.761244025084434], [101.51049624584198, 16.75729804948407], [101.51339580770069, 16.680958266663158], [101.51060035099914, 16.676932056848397], [101.51363863643283, 16.67282828430667], [101.50900725056165, 16.655413182890516], [101.52614276089659, 16.61951536789285], [101.50636866435606, 16.616690663129], [101.50007957068895, 16.61058360367448], [101.49848809449081, 16.579635293835366], [101.4668031643558, 16.59855441490233], [101.45343353622751, 16.59637309401072], [101.44983466873327, 16.598503274772686], [101.4506802598948, 16.60548707829893], [101.43888060941505, 16.60892633344979]]]]}}, {"type": "Feature", "properties": {"amp_code": "6701", "amp_th": "เมืองเพชรบูรณ์", "amp_en": "Mueang Phetchabun", "pro_code": "67", "pro_th": "เพชรบูรณ์", "pro_en": "Phetchabun", "reg_nesdb": "LowwerNorth", "reg_royin": "Central", "perimeter": 319.85540133765, "area_sqkm": 2251.53079106601}, "geometry": {"type": "MultiPolygon", "coordinates": [[[[101.1760773693315, 16.145498087553435], [101.1652080332071, 16.14122126884383], [101.17113374222713, 16.117253758996256], [101.16896526356031, 16.105528267200214], [101.15330182585774, 16.10083163333503], [101.14233987937837, 16.090806862241077], [101.13198439707314, 16.10335728777287], [101.10855694099229, 16.100026611035155], [101.09524293653003, 16.11791855357773], [101.09374340987908, 16.125154653671345], [101.09311356794622, 16.139328021012368], [101.0856241608599, 16.1413281884407], [101.08420316079533, 16.151193876222816], [101.04078141633046, 16.168747698004147], [101.02124000994321, 16.169908885065546], [101.01655281703312, 16.16061963645496], [101.00722729194842, 16.15583982683027], [100.99794614002772, 16.160499122412915], [100.99703755349836, 16.170684025445087], [100.98452782753755, 16.16590709530181], [100.98607912084712, 16.1825555434353], [100.98171645978732, 16.18564465524909], [100.99329532537054, 16.21310637530572], [100.99262244910334, 16.225529880612246], [100.98269757717382, 16.2262610018706], [100.98124156310368, 16.255569303866693], [100.96606971791297, 16.26321594887564], [100.96111132781081, 16.273455353561197], [100.96409435757454, 16.28227250837276], [100.94249340519174, 16.308702869089792], [100.9640952919986, 16.316693934827867], [100.9722236530278, 16.321388971559298], [100.97341905058138, 16.32844930096425], [100.99346348274109, 16.3539420610542], [100.99424231377007, 16.36537589032029], [100.98566321436992, 16.37712409634491], [100.9819213710127, 16.38316574786483], [100.97471455062045, 16.38168505354006], [100.96082889569203, 16.39194726694225], [100.95412513494854, 16.390954764196835], [100.93138156334126, 16.4008568783562], [100.92344325948294, 16.41232832534504], [100.90862697816543, 16.413485669239748], [100.88401655948962, 16.442727948051346], [100.87223718617987, 16.43352186725573], [100.85467826770893, 16.43634798770365], [100.8425076722099, 16.435622791352746], [100.83652976659846, 16.430247876743017], [100.80522228434818, 16.44989784136036], [100.79351712659667, 16.472401581830738], [100.80384786645133, 16.480177754062385], [100.81678803357008, 16.48296417452452], [100.81481754817493, 16.496064554450573], [100.83259224379063, 16.50511167350573], [100.84464095344725, 16.50344695491836], [100.85157309173577, 16.509465773614338], [100.87204453464066, 16.50962672429548], [100.8806787193112, 16.50352111208879], [100.8809586186012, 16.49099370084743], [100.8905117938748, 16.494406704859575], [100.90286210035866, 16.484463716600402], [100.92812307091383, 16.509387816741587], [100.94053679585663, 16.50047444177189], [100.94330239120055, 16.512931458607074], [100.96243768351849, 16.51258880167593], [100.96026628165397, 16.50577493152052], [100.96746595589075, 16.49300785385137], [100.98209825279294, 16.491779772508647], [100.98770311545749, 16.483051431432237], [100.99958223606474, 16.480952714944767], [101.00375578174375, 16.471212196316284], [101.00828711189797, 16.4776053323188], [101.01887552227261, 16.481424776805213], [101.03179435800388, 16.473239172232272], [101.0469027117045, 16.478612469217893], [101.06542260910163, 16.46646919312628], [101.07115882871769, 16.467454956219857], [101.08419437900002, 16.481725120104567], [101.11750419911556, 16.475879426168532], [101.10262326961742, 16.488594723398773], [101.09872111536957, 16.500304746269087], [101.09352588842887, 16.50144442364983], [101.09279128015746, 16.51378670221308], [101.10801714232892, 16.51598039083144], [101.10468511005965, 16.51920442897182], [101.10991710247679, 16.52276442801722], [101.10902732401519, 16.53257394355689], [101.11309339513771, 16.5293886954408], [101.1107177866396, 16.54246238824246], [101.10342286992555, 16.547174352002045], [101.0920178946018, 16.545398547760787], [101.09237911130309, 16.548329003719083], [101.07863457793364, 16.550427077160816], [101.07483731091385, 16.557600273361658], [101.05251128550302, 16.557484817358475], [101.0511200587951, 16.56483386876425], [101.05779648981041, 16.58095880834624], [101.05721773757413, 16.586777443048405], [101.07494672055634, 16.58912327023176], [101.06737731339763, 16.59546551676181], [101.07165311194316, 16.599045982614324], [101.06636914581658, 16.60052947665564], [101.07117391975957, 16.607665581510634], [101.05168564789196, 16.62863155194264], [101.05328380535181, 16.644728562724506], [101.06230369511131, 16.635399696895924], [101.07984912517286, 16.63561874019687], [101.09830205775792, 16.62962360142525], [101.14097733103803, 16.632257345835868], [101.15007726177969, 16.63924748425326], [101.15667283813607, 16.62703100184754], [101.15311254160207, 16.61505992979082], [101.16980805409631, 16.60157506907218], [101.17553845440604, 16.60135030091852], [101.18398309025451, 16.58422852236789], [101.19044407338235, 16.580677855259264], [101.19365834116104, 16.585821817442024], [101.20636765625419, 16.57696368793457], [101.21644284669276, 16.561244332051196], [101.21359553649293, 16.55066158782339], [101.23437415870711, 16.546473893069766], [101.2466176573536, 16.5479255515952], [101.2676865842196, 16.556318133374283], [101.2937336115116, 16.549099562677338], [101.30788948251401, 16.552445041595167], [101.32348479618251, 16.54876894848064], [101.34341765576565, 16.56128092967069], [101.35694748625272, 16.561367677991285], [101.35393376603697, 16.5693128657079], [101.3701738565632, 16.593430819430345], [101.40244747879397, 16.593722165105316], [101.42759226154202, 16.60985343918148], [101.43888060941505, 16.60892633344979], [101.4506802598948, 16.60548707829893], [101.44983466873327, 16.598503274772686], [101.45343353622751, 16.59637309401072], [101.4668031643558, 16.59855441490233], [101.49848809449081, 16.579635293835366], [101.49716223801859, 16.56121317492076], [101.50811502660292, 16.555671018942967], [101.51016154393896, 16.559120557596877], [101.51952662240863, 16.549544728603937], [101.51554281197633, 16.542671596877344], [101.50297345494097, 16.545696390253422], [101.50505201781728, 16.538682380162957], [101.49672246754946, 16.538926788845156], [101.48363824944786, 16.524327904285325], [101.47231489324726, 16.52906685717076], [101.46504420612764, 16.512562758883227], [101.46536813472238, 16.497908625641035], [101.47215393445487, 16.48990435005047], [101.4731381305169, 16.47949130875494], [101.44911266428169, 16.450815045304072], [101.44314074844486, 16.438487936523362], [101.42819938402681, 16.43314671988248], [101.4178333370616, 16.423364876104785], [101.41733017963507, 16.41124349212311], [101.41035145193905, 16.411631972881683], [101.39843672642151, 16.400834599494807], [101.40775035227107, 16.3920007353777], [101.40848273536969, 16.383731345372425], [101.40603055714341, 16.378642008758348], [101.39210051606102, 16.37315157311284], [101.39191942214414, 16.366117697265793], [101.38140911607871, 16.359792569416857], [101.37702560523906, 16.347239160589588], [101.37855222832255, 16.3172542338098], [101.36684120595082, 16.29320507550035], [101.36955923417636, 16.275560147238057], [101.35762295179026, 16.26916099798403], [101.35337207201539, 16.260070677425425], [101.36430437203717, 16.24597940905924], [101.37198661817384, 16.2437988747268], [101.36761756508824, 16.224918765197422], [101.37431872674752, 16.2149666916913], [101.37236287715963, 16.204910362210207], [101.37750707429775, 16.18714008585972], [101.35983484941016, 16.191905822190613], [101.35820927510963, 16.18388493615793], [101.33979496427524, 16.18119527311313], [101.33559283222476, 16.173094012811458], [101.32404569169086, 16.187330390490832], [101.31641372561214, 16.184189677662488], [101.31209846764801, 16.19089020574066], [101.29810905787743, 16.187432801427416], [101.29631595082657, 16.190273078237247], [101.27150600991759, 16.17682003040524], [101.26860666868726, 16.181056421981094], [101.25200912330124, 16.18173988186801], [101.24207808985258, 16.166196091703256], [101.22648986718839, 16.171780423922915], [101.22072866181114, 16.166696599036193], [101.21901106679731, 16.170270731335574], [101.2070489308857, 16.17095189144052], [101.20470967288455, 16.179398649409396], [101.19592152138154, 16.179080746549804], [101.19229457279803, 16.14812696762977], [101.1760773693315, 16.145498087553435]]]]}}, {"type": "Feature", "properties": {"amp_code": "5309", "amp_th": "ทองแสนขัน", "amp_en": "Thong Saen Khan", "pro_code": "53", "pro_th": "อุตรดิตถ์", "pro_en": "Uttaradit", "reg_nesdb": "UpperNorth", "reg_royin": "North", "perimeter": 149.44333404108, "area_sqkm": 734.35268746737}, "geometry": {"type": "MultiPolygon", "coordinates": [[[[100.62752353972932, 17.525316212419863], [100.63456957716932, 17.528147533843956], [100.64202609949116, 17.522014823519402], [100.64518013679194, 17.493667457984557], [100.6408505200915, 17.490477399948624], [100.6449001915246, 17.473722660634667], [100.62871617975925, 17.474525723313608], [100.61390402116477, 17.465219527548978], [100.6025395000954, 17.44437783337107], [100.60345530093387, 17.42811422891861], [100.58959307597019, 17.419558345691193], [100.57062073255516, 17.422040130996518], [100.55126081563176, 17.41437408660839], [100.530572764333, 17.417077757829365], [100.52900173421348, 17.411888153226556], [100.51658702440871, 17.409552116188223], [100.5134115046057, 17.403844772967485], [100.500782261096, 17.428676851854384], [100.48389549197462, 17.417717574049483], [100.47000615909478, 17.421011575124197], [100.45294740158919, 17.418653794182486], [100.4476652330282, 17.424166272087472], [100.43507118134119, 17.418478290143046], [100.42672388445263, 17.42136449079699], [100.4200113621033, 17.4110821107834], [100.40026425570838, 17.403260165825976], [100.39153426759336, 17.404472336883554], [100.37260245241323, 17.391675962817473], [100.35484045619724, 17.386900306000612], [100.34803754109545, 17.392716574930358], [100.34257374826099, 17.38684308772437], [100.3377312785563, 17.38968389594282], [100.33005473256299, 17.386636551478485], [100.33056232107766, 17.379218134899585], [100.32363307846484, 17.36851549934152], [100.30614185780419, 17.381978661690002], [100.29650053079258, 17.374383480862548], [100.28837847221826, 17.375668488896203], [100.27965530579148, 17.381385334508746], [100.27559172044317, 17.394296365279935], [100.2587762008134, 17.403107279389253], [100.2523541366739, 17.40191069651025], [100.24497554720477, 17.40784138081412], [100.24443608796204, 17.418189228750595], [100.2382246821855, 17.426492654105015], [100.2495008672366, 17.45423827059762], [100.24199142122441, 17.466263233109963], [100.24315801128725, 17.474952178493965], [100.2383672616895, 17.47766618841612], [100.2426197915147, 17.493633559987664], [100.22826980678602, 17.5051054428493], [100.20561427588336, 17.53509505696955], [100.19832491624443, 17.539585692855745], [100.21563444971466, 17.552244470258948], [100.2199283409544, 17.560376566409364], [100.23202018244503, 17.57213834018483], [100.24148698001665, 17.577243983937784], [100.25159780490056, 17.59447646996837], [100.26662913221786, 17.59486983949839], [100.27989638362494, 17.602510015787296], [100.29207799681878, 17.617261780535127], [100.31354341570776, 17.624377999253376], [100.33070531253142, 17.608395145021337], [100.3350970961111, 17.59795260555474], [100.35308432740624, 17.58584157821874], [100.3590176904868, 17.58500901745997], [100.37458831460566, 17.59518762801577], [100.39174560749578, 17.598306112491322], [100.4043850386826, 17.608578491559182], [100.40718482067977, 17.625125230269294], [100.42538527709927, 17.616886399214646], [100.42456035935615, 17.60588223462365], [100.440149211328, 17.608570547540282], [100.44581326311538, 17.57015153049316], [100.45609636231858, 17.556440921850946], [100.49265575179854, 17.537899009378556], [100.49093903765153, 17.53198846053748], [100.50099063125657, 17.5222186491151], [100.49938399935067, 17.513378365092947], [100.50729052258511, 17.507536202772027], [100.51638020193643, 17.51176833560983], [100.52403018602908, 17.510109138172762], [100.53057318537705, 17.500408967943603], [100.52944009154199, 17.49012628706571], [100.53782745558526, 17.479761102723973], [100.55495647480804, 17.49947285648885], [100.55927272364003, 17.497018387550103], [100.56812649416123, 17.500795881680297], [100.57592997224339, 17.51003131353794], [100.58274706821392, 17.509751148091013], [100.60768141070548, 17.529299259007068], [100.61755596763822, 17.531343552352073], [100.62752353972932, 17.525316212419863]]]]}}, {"type": "Feature", "properties": {"amp_code": "6210", "amp_th": "บึงสามัคคี", "amp_en": "Bueng Samakkhi", "pro_code": "62", "pro_th": "กำแพงเพชร", "pro_en": "Kamphaeng Phet", "reg_nesdb": "LowwerNorth", "reg_royin": "Central", "perimeter": 77.91574916024, "area_sqkm": 276.28214070189}, "geometry": {"type": "MultiPolygon", "coordinates": [[[[100.01586693816779, 16.152829902474874], [99.99867873052348, 16.135089333379085], [99.98487346625969, 16.117725949982827], [99.97381640180059, 16.135153447503168], [99.94772637918967, 16.14256905029199], [99.93239226092724, 16.141673972818097], [99.92170983094114, 16.12613999671019], [99.91588745135338, 16.13302141142728], [99.91383008338101, 16.136212085940357], [99.90339374169507, 16.12856403764885], [99.8941707679641, 16.127788211476023], [99.88227582224128, 16.13722063959573], [99.88998741093509, 16.152060659066123], [99.88690570022044, 16.166225796777105], [99.87771621830764, 16.163892161678962], [99.87650434333547, 16.198339487693225], [99.88569847421005, 16.22478552791864], [99.89577046551035, 16.236575714294112], [99.91691239923975, 16.25373452909371], [99.92582985228222, 16.25556913595905], [99.93761879739257, 16.288887706049092], [99.99000766968439, 16.34360288420866], [99.9953996282178, 16.355559811852483], [100.0066926532755, 16.335910819198197], [100.02181084707762, 16.33793516776594], [100.027278321357, 16.33154068842457], [100.01921325608373, 16.322488871500397], [100.02198788881289, 16.307688856923427], [100.01886791940315, 16.300965372463214], [100.03313257573451, 16.283824946704083], [100.02854651313206, 16.270397303364586], [100.02120462598008, 16.251613641475902], [100.02797056327475, 16.239942091370335], [100.04609184487755, 16.207505253341974], [100.0252743492254, 16.191825701008934], [100.02163894625059, 16.163719263200274], [100.01586693816779, 16.152829902474874]]]]}}, {"type": "Feature", "properties": {"amp_code": "6211", "amp_th": "โกสัมพีนคร", "amp_en": "Kosamphi Nakhon", "pro_code": "62", "pro_th": "กำแพงเพชร", "pro_en": "Kamphaeng Phet", "reg_nesdb": "LowwerNorth", "reg_royin": "Central", "perimeter": 170.77193165473, "area_sqkm": 538.43250164323}, "geometry": {"type": "MultiPolygon", "coordinates": [[[[99.41594218504306, 16.54389073434323], [99.4056057018334, 16.537069096905164], [99.39347668454626, 16.539892394824122], [99.37901752274446, 16.52008691864448], [99.36788262305303, 16.52422108210003], [99.35027733163255, 16.52277333589056], [99.3340971166494, 16.533839774313744], [99.32742374484128, 16.532723755847673], [99.31769314385284, 16.522767810879955], [99.30669942073906, 16.525278121672812], [99.29630241377615, 16.514064451054544], [99.29647031183474, 16.504716951187472], [99.28606279890849, 16.49874702504296], [99.27695843159705, 16.50561493268285], [99.24802541953092, 16.496780817080136], [99.24502772450643, 16.501060245212575], [99.24153375482541, 16.489211803866816], [99.22936232727818, 16.506870363314324], [99.23230807482257, 16.501392291444258], [99.22836440794741, 16.49542235419686], [99.23623884082326, 16.48398032110208], [99.2184893422621, 16.47920954519992], [99.21189835095187, 16.468630497062836], [99.20611810880953, 16.473822959291944], [99.20067055725184, 16.462043484612842], [99.17964808375423, 16.448156756726103], [99.17785544342196, 16.44248001890642], [99.16886811393559, 16.44973189934344], [99.1641666551114, 16.443102510639974], [99.1547189245685, 16.453730599527653], [99.13790604596085, 16.44500965798141], [99.11465229422302, 16.443572730248484], [99.11547621532497, 16.430974963770325], [99.1265560498579, 16.426874559453477], [99.12646852985193, 16.420537527946287], [99.12096041148324, 16.408536686996147], [99.11319916776326, 16.40564931486518], [99.10194976980296, 16.38924278596427], [99.07303861414988, 16.39483594340097], [99.04501440058242, 16.419787685102303], [99.0477796950071, 16.43126006198524], [99.06730431721942, 16.461492567956785], [99.09400465199023, 16.475316930822988], [99.09935406299788, 16.473582165956433], [99.10710020825947, 16.48066685429401], [99.11957095765554, 16.47916398059454], [99.12240512488846, 16.47494291426838], [99.12600295088384, 16.48601705664545], [99.13427757453911, 16.490500273823013], [99.13946559782282, 16.50006571632555], [99.15050104903852, 16.503469530871495], [99.1540461958949, 16.50005322402856], [99.1622482996785, 16.50703605668562], [99.1640340626165, 16.502631063269952], [99.17279264360332, 16.50985824853517], [99.16749606577756, 16.51211464301591], [99.17114592272354, 16.521366351839067], [99.18010399846108, 16.526822343823856], [99.1802914841444, 16.532248413023286], [99.19143011352367, 16.531094943191466], [99.19125699881545, 16.538796002730173], [99.19965893976506, 16.531582172122846], [99.21933239608637, 16.52738146137206], [99.22984383285811, 16.534691365927372], [99.24054855234101, 16.533547054061717], [99.24761558310212, 16.548808326240806], [99.24517978253958, 16.554736858047676], [99.25675228414588, 16.568042070175476], [99.25722848318799, 16.58253465947337], [99.250638384024, 16.59015765467659], [99.25537226482443, 16.603735412298327], [99.24280380288653, 16.623870907959596], [99.24307313381698, 16.639507242366843], [99.2477353459084, 16.64417757687581], [99.24672037624842, 16.662116031788774], [99.26588931354196, 16.67127223848928], [99.27212049732978, 16.66864713286444], [99.2753868156457, 16.677480330081103], [99.27167111431275, 16.68414528817043], [99.28253042141473, 16.68902239678918], [99.28172891319316, 16.706506367405666], [99.2953449805234, 16.718467273511216], [99.2970603800565, 16.73127974399723], [99.3030388899768, 16.739232778672804], [99.30596174025754, 16.769242481717807], [99.3326984843619, 16.77057170331324], [99.34202464515062, 16.74256401525932], [99.36360173003006, 16.733298781457783], [99.38101253954994, 16.691420540693723], [99.3844893201002, 16.680563104279454], [99.37403733904951, 16.672167413228475], [99.37847926637463, 16.657000890933507], [99.3816887233619, 16.656980318503056], [99.36596534211716, 16.634438708705797], [99.41394330829472, 16.637164463664817], [99.43506106717433, 16.622263430743118], [99.45197303754979, 16.588766927341947], [99.47495487597367, 16.56236506084232], [99.47968554506578, 16.555128119135247], [99.44207262053452, 16.554351355372727], [99.41594218504306, 16.54389073434323]]]]}}, {"type": "Feature", "properties": {"amp_code": "5406", "amp_th": "สอง", "amp_en": "Song", "pro_code": "54", "pro_th": "แพร่", "pro_en": "Phrae", "reg_nesdb": "UpperNorth", "reg_royin": "North", "perimeter": 220.03318097442, "area_sqkm": 1512.54862801414}, "geometry": {"type": "MultiPolygon", "coordinates": [[[[100.21133305703808, 18.34243097794904], [100.20381472319546, 18.324313629853528], [100.2054773424252, 18.317862192811024], [100.18373566184265, 18.29950782777349], [100.17986232232435, 18.28905696762611], [100.16168876265182, 18.29633567710278], [100.16224410011255, 18.30389051718342], [100.16850775127801, 18.3097804740091], [100.16037537596034, 18.317976808492617], [100.15644748868844, 18.34536765909008], [100.12749097142138, 18.34810536339704], [100.11651684736371, 18.336408371185385], [100.10293810889466, 18.346654002190803], [100.09830775237137, 18.356986297984136], [100.07901656001437, 18.35443851690314], [100.07578172438475, 18.348908062724732], [100.05883985986412, 18.350156297297435], [100.06341840045101, 18.362403145055563], [100.04771781334999, 18.360892849299947], [100.03623766545519, 18.364788520424778], [100.0388824486329, 18.387318310811594], [100.02520784815549, 18.38502250424213], [99.99981655315203, 18.401862854235493], [100.01401636710594, 18.43746848160714], [100.00445637214533, 18.44578715586369], [100.02137838155278, 18.447707566005157], [100.0279209534911, 18.46410725462765], [100.0237849906666, 18.469113574764375], [100.03015553422573, 18.46950153724651], [100.04053796292284, 18.487155101178608], [100.04915570096043, 18.496981580654523], [100.05628029622982, 18.51667074358179], [100.05675320888781, 18.526962298303665], [100.04910493524167, 18.531198045663483], [100.05209418953775, 18.542565700786618], [100.05620145590039, 18.557997020476567], [100.07638166024645, 18.56090697310423], [100.08991832300747, 18.57284824227275], [100.10547999685754, 18.559774089976653], [100.10900478839254, 18.562987445518186], [100.10702991631716, 18.57007822224878], [100.1125850431776, 18.577745981933788], [100.11033836338673, 18.59005371938627], [100.12052339027682, 18.60143730581221], [100.10584943022802, 18.617680575699698], [100.09985629067926, 18.631338568839638], [100.10715048953064, 18.65264385688009], [100.10508054683895, 18.66321880352877], [100.11147590189834, 18.67148124875884], [100.10466742665743, 18.690095176899877], [100.1084824401286, 18.691572758457735], [100.10794001341, 18.703393639818213], [100.10365207007386, 18.70507150684175], [100.10138897204965, 18.724458259540494], [100.09672193910056, 18.72948855697539], [100.10194100614758, 18.738474215981547], [100.10114360356604, 18.751266856226422], [100.11540521601735, 18.765838562847506], [100.11541303122671, 18.776943320450737], [100.12577040987759, 18.784134151741963], [100.12174241630218, 18.798474500739808], [100.11535181703864, 18.799711261422022], [100.11419157561629, 18.80912973960239], [100.11773220559743, 18.81981796416312], [100.13386343490049, 18.817269447915496], [100.15699785009286, 18.83440950830905], [100.1670595156155, 18.81595886936977], [100.17258808372654, 18.815515302132628], [100.17294830021126, 18.809473347991535], [100.18138329843067, 18.818048722062493], [100.18641261158902, 18.816860147047574], [100.1830837200211, 18.81949731346223], [100.18605060284992, 18.8224932173489], [100.19921656421525, 18.81393183031519], [100.2269587031296, 18.825429626065944], [100.23968405447961, 18.819494517528376], [100.27193878075992, 18.81874532808524], [100.30336143110812, 18.818458354158285], [100.31172306217503, 18.810662660011868], [100.33849320695109, 18.813522151351574], [100.34004926319933, 18.805424960304737], [100.33750249415856, 18.786758037476204], [100.35697562586168, 18.784495267757606], [100.36243920555734, 18.777893188656318], [100.3584550370008, 18.751337431563766], [100.37145126678102, 18.74391337540921], [100.39180280855874, 18.740364517850374], [100.38866083682541, 18.726620618895897], [100.38156076003537, 18.725841830168076], [100.37155572144461, 18.710867189403942], [100.36387774674382, 18.7075550750176], [100.35241093025908, 18.680320105630464], [100.36189935043771, 18.644484786275083], [100.37604667598258, 18.636732814806663], [100.39241182796046, 18.63851667267878], [100.39679507382891, 18.628143694076115], [100.38379147138667, 18.624603952118655], [100.38093270933703, 18.61969131653449], [100.37521674764145, 18.591409827189885], [100.37802412404375, 18.586042260377678], [100.37057347558724, 18.56592701011075], [100.38764936011806, 18.558173541911962], [100.3875822690954, 18.543347068020985], [100.39597089142119, 18.527076922619504], [100.3868643632612, 18.51166861109248], [100.39609727484414, 18.50346713177944], [100.39976444231579, 18.485911277503973], [100.40751055630811, 18.4698183176496], [100.42088156112086, 18.460370805720785], [100.41600902025685, 18.453482290913133], [100.40809805243141, 18.43981770348032], [100.39138897199102, 18.43918530883814], [100.39443943505006, 18.419894564122153], [100.38555080164076, 18.42262301192518], [100.37378749513898, 18.434892605040666], [100.34329167436039, 18.44293965361402], [100.34046373826858, 18.453549005540193], [100.3316494741037, 18.45637281099658], [100.32467985679995, 18.46594248056465], [100.3137151917453, 18.46520439695401], [100.2991424498624, 18.453098976865316], [100.29160260380074, 18.452498726527356], [100.26991595212651, 18.453517191763304], [100.26880219995094, 18.44449496965218], [100.25926040299888, 18.44148500403699], [100.24599739894705, 18.4220525146935], [100.23232230821986, 18.4083824030203], [100.23232555525911, 18.399524257978328], [100.21320263930983, 18.38138528041355], [100.2055847357379, 18.368402781620272], [100.2144866811744, 18.35395529161233], [100.21133305703808, 18.34243097794904]]]]}}, {"type": "Feature", "properties": {"amp_code": "5407", "amp_th": "วังชิ้น", "amp_en": "Wang Chin", "pro_code": "54", "pro_th": "แพร่", "pro_en": "Phrae", "reg_nesdb": "UpperNorth", "reg_royin": "North", "perimeter": 205.52686889697, "area_sqkm": 1003.18084195715}, "geometry": {"type": "MultiPolygon", "coordinates": [[[[99.49711032732357, 17.771452158493826], [99.48698005159424, 17.762712404703162], [99.48153628673292, 17.74482145634882], [99.47134399551825, 17.737874016575883], [99.4600241421133, 17.731824630176497], [99.45540329846754, 17.72535353957285], [99.45599992836573, 17.71535988601886], [99.45025888599271, 17.709713769689117], [99.4421275378919, 17.70645004813346], [99.4222904597287, 17.709995045783455], [99.38619634528831, 17.685587766159532], [99.38062210029652, 17.710930936782987], [99.38623977370055, 17.722706516127094], [99.37699342768953, 17.725239516362123], [99.37414883971752, 17.733010378670937], [99.38024645885042, 17.73908738613744], [99.38110998276329, 17.751292524695288], [99.36734175384599, 17.773974374728724], [99.38571692124704, 17.790125107701062], [99.39341113739822, 17.815427116585063], [99.41222699317522, 17.824891350564698], [99.41646491040132, 17.83641000198792], [99.41646550023195, 17.836410000730186], [99.42129934376428, 17.850513422167268], [99.44287602117026, 17.8638709948415], [99.45573071004722, 17.880171782360517], [99.47532577852512, 17.89421037489438], [99.4840722956333, 17.916190772821807], [99.4817674458763, 17.921016261642645], [99.49295980220467, 17.924124565828933], [99.52618140613805, 17.958573277357576], [99.5411260785892, 17.96110474927808], [99.54783980788007, 17.971755701500726], [99.55860348269732, 17.974962999018572], [99.56733645817705, 17.992621125594933], [99.57906368003248, 17.999347090484427], [99.59497455022253, 18.009739215069], [99.58570915811586, 18.035367188851293], [99.60012134348524, 18.039289666927658], [99.60984915916622, 18.049235158436893], [99.61878328141162, 18.048576354799604], [99.63279521920184, 18.062279174444033], [99.64184573191373, 18.055628877311364], [99.64957976592676, 18.056826575537265], [99.65755387431926, 18.039812435536387], [99.66826764576801, 18.041669200992406], [99.67064315973889, 18.03261607476706], [99.68713500044034, 18.0177436141268], [99.68896063816247, 18.008496779510413], [99.67496973214747, 17.97247812777298], [99.67624953835747, 17.956990135722616], [99.66299255240621, 17.95487797905792], [99.66756578313117, 17.954016110488716], [99.66658115086537, 17.947195643644623], [99.65748337965711, 17.9460448984379], [99.65776089149267, 17.93617533961415], [99.68193271582643, 17.90504238361257], [99.69312362145713, 17.911779255430787], [99.72098614343969, 17.91379634042153], [99.73918359448022, 17.924012318818914], [99.77128168822699, 17.92670755106013], [99.78309775871226, 17.93272033181298], [99.79046244246945, 17.92446931003356], [99.80534040928099, 17.926945689122288], [99.81243159211681, 17.929397119208303], [99.83722078217968, 17.924009280050242], [99.84636934654345, 17.92696688471245], [99.85505232549855, 17.938470302085882], [99.86302869926382, 17.934729512143043], [99.86595228372344, 17.939369888645874], [99.87656585137097, 17.92534750939422], [99.87673419333348, 17.897174543763846], [99.88344024547052, 17.896024668426676], [99.8927735834318, 17.878624872007595], [99.9038561014789, 17.88389935017129], [99.90686876693508, 17.87526211348575], [99.92258323423708, 17.871896348124054], [99.92137192705991, 17.864294482492294], [99.93632526201687, 17.853130491189372], [99.93245406140836, 17.853339950854537], [99.93216306615379, 17.84514516311495], [99.90807134569413, 17.840111637726984], [99.90598231416799, 17.83300513214622], [99.91141362338301, 17.82269474993162], [99.89696311845996, 17.812545359122854], [99.8967412924309, 17.80591818175676], [99.8946792674455, 17.80558644198496], [99.88324183224938, 17.807656148261046], [99.8825145339986, 17.802697587456098], [99.87797870186175, 17.804985399269185], [99.87616206765311, 17.80115918113602], [99.86907541330625, 17.805071478706374], [99.86006649207441, 17.798007418662475], [99.84902585360969, 17.801687796556966], [99.8371684146309, 17.796854953412275], [99.83271877167928, 17.802826636438567], [99.81133993843277, 17.8039355163786], [99.79657814011642, 17.792370882638764], [99.78239186122875, 17.79094697490684], [99.77224403884664, 17.780684865708796], [99.77645464879805, 17.777574897790537], [99.76875058125138, 17.77118025040579], [99.76505753455264, 17.760677606250322], [99.76126680615303, 17.76195997594949], [99.75500442991704, 17.752106523634396], [99.75051698319427, 17.75240167403063], [99.75641221062541, 17.748594258064962], [99.75165201479398, 17.738176751917848], [99.7449288664175, 17.736303217907295], [99.73602155204823, 17.72280309547621], [99.7294936370921, 17.72151237531324], [99.72433103471087, 17.72274487759977], [99.71986468198384, 17.73170472771412], [99.71407777370767, 17.72899628435471], [99.70764569743554, 17.756485948078748], [99.69642895860046, 17.756339692986856], [99.6865891590734, 17.77605878867178], [99.67067035541264, 17.79902729341447], [99.65001766867944, 17.796292835727638], [99.62938764125661, 17.814661897454087], [99.62197307336027, 17.81305532353201], [99.59813338965857, 17.821578372162243], [99.57121342318013, 17.816105892367695], [99.56546082603744, 17.811207943141746], [99.54724885689156, 17.811935383932347], [99.52912523326975, 17.80068597371684], [99.51709409062231, 17.795610229454933], [99.51507721205881, 17.782607930732514], [99.5050843829098, 17.780720039874666], [99.49711032732357, 17.771452158493826]]]]}}, {"type": "Feature", "properties": {"amp_code": "5404", "amp_th": "สูงเม่น", "amp_en": "Sung Men", "pro_code": "54", "pro_th": "แพร่", "pro_en": "Phrae", "reg_nesdb": "UpperNorth", "reg_royin": "North", "perimeter": 105.73528744147, "area_sqkm": 365.82755215849}, "geometry": {"type": "MultiPolygon", "coordinates": [[[[100.22788099465338, 17.984874612599214], [100.26027599512395, 17.979285288693546], [100.27194905485347, 17.955703038077967], [100.26214600108409, 17.9530548031887], [100.24645466509422, 17.961966059032694], [100.23490443258207, 17.95536380730265], [100.2319129705454, 17.949555071833846], [100.22498223378038, 17.948372131011084], [100.22512059642395, 17.939067636321568], [100.21768962479064, 17.936029318022587], [100.21457359203913, 17.920727589220352], [100.20259454633722, 17.91812026155151], [100.1905484962571, 17.9054293831876], [100.17983952710352, 17.920799053820463], [100.1688101472978, 17.924572028026077], [100.1569441652668, 17.92162003189044], [100.13487047464609, 17.933481608766193], [100.1285279094064, 17.939277549117673], [100.12514537875508, 17.956620518741712], [100.14350058701899, 17.974747023284124], [100.14787859727727, 17.986228915644364], [100.14546387953885, 17.993269620274962], [100.13806443252541, 18.001306623204478], [100.12868738424459, 17.999150743265965], [100.10529713832918, 18.00856009496956], [100.09474772624111, 18.019897439495793], [100.07328257404933, 18.020887486817003], [100.0689197011358, 18.02147420351108], [100.06957647961661, 18.026214059386863], [100.04613248378492, 18.026711616786915], [100.0175730656562, 18.03452315782544], [100.01316073431232, 18.039464964957073], [99.99959293439345, 18.04198698918108], [99.99583042613541, 18.047526060818154], [99.97242575774787, 18.043991768573964], [99.9714188364481, 18.055249721089446], [99.97625425045418, 18.05959387673187], [99.9745498962127, 18.074134840355363], [99.9805215485299, 18.083040448133946], [99.97767263148675, 18.088500002355556], [99.98857823944844, 18.095970399516975], [99.99002407015507, 18.10227452927299], [99.99642682739952, 18.10269568115543], [100.01283055654355, 18.119237922258606], [100.01542517652645, 18.128699972465096], [100.03754197162772, 18.141024234255735], [100.0366952899277, 18.147524375668944], [100.0483377125178, 18.142081841121094], [100.05107315165256, 18.134584037580478], [100.06390173598525, 18.136292786634424], [100.06804245034515, 18.127054107545938], [100.07802031722633, 18.12432800956429], [100.08151787426218, 18.11882957514648], [100.09814307982992, 18.1194878816127], [100.11648058666346, 18.126639321643356], [100.13951357410261, 18.115629402749178], [100.14856782609571, 18.11123671794154], [100.16535248944726, 18.102807196066376], [100.18176202501331, 18.087116213166453], [100.18307849187357, 18.080694122462024], [100.18768652001438, 18.07313121329914], [100.20418070795544, 18.063880241270173], [100.20745542805699, 18.05659407268681], [100.21765569137112, 18.05203305183449], [100.2198841604079, 18.04494080826534], [100.22711983757175, 18.044509819593838], [100.23947905325878, 18.02804255049491], [100.21801211163115, 18.018278860936487], [100.22608706946116, 18.011064963142584], [100.22036507958799, 18.005825765855224], [100.22665843949615, 17.99834067746493], [100.22788099465338, 17.984874612599214]]]]}}, {"type": "Feature", "properties": {"amp_code": "5405", "amp_th": "เด่นชัย", "amp_en": "Den Chai", "pro_code": "54", "pro_th": "แพร่", "pro_en": "Phrae", "reg_nesdb": "UpperNorth", "reg_royin": "North", "perimeter": 120.78428732152, "area_sqkm": 546.04477521322}, "geometry": {"type": "MultiPolygon", "coordinates": [[[[100.13487047464609, 17.933481608766193], [100.1569441652668, 17.92162003189044], [100.1688101472978, 17.924572028026077], [100.17983952710352, 17.920799053820463], [100.1905484962571, 17.9054293831876], [100.17016081738709, 17.890676627086236], [100.16079761607331, 17.88960638394941], [100.1544586878086, 17.876615696952317], [100.13442761860657, 17.859729557673447], [100.1298444922588, 17.85634455310812], [100.11962357312264, 17.859090965278135], [100.10118222133663, 17.846971671417695], [100.09555567247278, 17.850936882915423], [100.08916386496634, 17.842880734522925], [100.07761483890376, 17.83838878934528], [100.06531971616106, 17.840737097603736], [100.05747038931287, 17.8336513932407], [100.04763153196869, 17.8481814778402], [100.02639754894861, 17.837835501681692], [100.01300848518927, 17.83387800476883], [100.00544730861034, 17.83664532157176], [99.995630751499, 17.8303217736758], [99.9887223829956, 17.834815843004165], [99.97786691548227, 17.833927178600753], [99.98780561677958, 17.822890686701786], [99.99027749535098, 17.81183972180586], [99.98001997897718, 17.799464479048424], [99.96319769990667, 17.798263518603022], [99.95832241958688, 17.779689875027213], [99.94866629766146, 17.77828631147882], [99.93654402263508, 17.78242073583167], [99.93237801825288, 17.789722888877435], [99.92723124273172, 17.789287533461938], [99.91023592305903, 17.803985000333597], [99.8967412924309, 17.80591818175676], [99.89696311845996, 17.812545359122854], [99.91141362338301, 17.82269474993162], [99.90598231416799, 17.83300513214622], [99.90807134569413, 17.840111637726984], [99.93216306615379, 17.84514516311495], [99.93245406140836, 17.853339950854537], [99.93632526201687, 17.853130491189372], [99.92137192705991, 17.864294482492294], [99.92258323423708, 17.871896348124054], [99.90686876693508, 17.87526211348575], [99.9038561014789, 17.88389935017129], [99.8927735834318, 17.878624872007595], [99.88344024547052, 17.896024668426676], [99.87673419333348, 17.897174543763846], [99.87656585137097, 17.92534750939422], [99.88373809130559, 17.92601322310245], [99.89220545423235, 17.934658787346766], [99.88431167332857, 17.941705965359123], [99.90968264285715, 17.956907887439623], [99.92220295009216, 17.971383774669363], [99.93486369691917, 17.97671192108068], [99.94428151484885, 17.98989068858504], [99.94381845613299, 17.995834082495538], [99.95667490958083, 18.003298268731225], [99.96140762572949, 18.01342747640992], [99.9746301515819, 18.033623623571373], [99.97242575774787, 18.043991768573964], [99.99583042613541, 18.047526060818154], [99.99959293439345, 18.04198698918108], [100.01316073431232, 18.039464964957073], [100.0175730656562, 18.03452315782544], [100.04613248378492, 18.026711616786915], [100.06957647961661, 18.026214059386863], [100.0689197011358, 18.02147420351108], [100.07328257404933, 18.020887486817003], [100.09474772624111, 18.019897439495793], [100.10529713832918, 18.00856009496956], [100.12868738424459, 17.999150743265965], [100.13806443252541, 18.001306623204478], [100.14546387953885, 17.993269620274962], [100.14787859727727, 17.986228915644364], [100.14350058701899, 17.974747023284124], [100.12514537875508, 17.956620518741712], [100.1285279094064, 17.939277549117673], [100.13487047464609, 17.933481608766193]]]]}}, {"type": "Feature", "properties": {"amp_code": "5402", "amp_th": "ร้องกวาง", "amp_en": "Rong Kwang", "pro_code": "54", "pro_th": "แพร่", "pro_en": "Phrae", "reg_nesdb": "UpperNorth", "reg_royin": "North", "perimeter": 147.47229531925, "area_sqkm": 866.7862490424}, "geometry": {"type": "MultiPolygon", "coordinates": [[[[100.4940632794164, 18.28026278578169], [100.49235961064439, 18.277368785422944], [100.47635956050321, 18.265031248943142], [100.46754191371069, 18.23723875899015], [100.45374724369702, 18.214748054879454], [100.45967801238581, 18.19473549645976], [100.45161176679586, 18.184733801005443], [100.45233336536835, 18.17361502230231], [100.4461872834224, 18.158425263836445], [100.4389091366724, 18.152881936940794], [100.41834391128317, 18.155885632806488], [100.4135889948571, 18.151863349880124], [100.3961561237694, 18.15442371115475], [100.38829029859434, 18.159759016232037], [100.36452893257722, 18.158316107708533], [100.3417688612946, 18.168440138829325], [100.32417107963619, 18.174536469827725], [100.32023037087401, 18.18140199629402], [100.30995739694754, 18.18202130156464], [100.30273106153605, 18.18083469371019], [100.29278546077516, 18.1955016761056], [100.28770645702954, 18.191957309315274], [100.28356503712703, 18.19692017752503], [100.26845671936304, 18.226873251540667], [100.2713584193293, 18.239281668573717], [100.27757935215877, 18.258838428268636], [100.27775720521532, 18.259797380001316], [100.27765746089801, 18.273796858623644], [100.26738734853777, 18.283490314500146], [100.25889816273617, 18.287780068841986], [100.25386659452727, 18.283076813425673], [100.24366869787066, 18.288821847493303], [100.23959529296465, 18.291690347121808], [100.231076288467, 18.295268602264407], [100.22862715577006, 18.30523716358379], [100.22020422391962, 18.31311922208735], [100.2054773424252, 18.317862192811024], [100.20381472319546, 18.324313629853528], [100.21133305703808, 18.34243097794904], [100.2144866811744, 18.35395529161233], [100.2055847357379, 18.368402781620272], [100.21320263930983, 18.38138528041355], [100.23232555525911, 18.399524257978328], [100.23232230821986, 18.4083824030203], [100.24599739894705, 18.4220525146935], [100.25926040299888, 18.44148500403699], [100.26880219995094, 18.44449496965218], [100.26991595212651, 18.453517191763304], [100.29160260380074, 18.452498726527356], [100.2991424498624, 18.453098976865316], [100.3137151917453, 18.46520439695401], [100.32467985679995, 18.46594248056465], [100.3316494741037, 18.45637281099658], [100.34046373826858, 18.453549005540193], [100.34329167436039, 18.44293965361402], [100.37378749513898, 18.434892605040666], [100.38555080164076, 18.42262301192518], [100.39443943505006, 18.419894564122153], [100.39138897199102, 18.43918530883814], [100.40809805243141, 18.43981770348032], [100.41600902025685, 18.453482290913133], [100.42088156112086, 18.460370805720785], [100.40751055630811, 18.4698183176496], [100.39976444231579, 18.485911277503973], [100.41547692798058, 18.48233369475873], [100.42193134748692, 18.49539652631365], [100.43516944380565, 18.500853697554234], [100.44392317068062, 18.490215117654742], [100.44699143473774, 18.49640385786429], [100.46046366063136, 18.49133518787526], [100.47545471723862, 18.49556967419692], [100.48180106702542, 18.482824840172846], [100.49336373401842, 18.47497344503479], [100.506093166168, 18.473112973852963], [100.51236069361941, 18.477109903986754], [100.52050539628914, 18.47575260646579], [100.52506018657841, 18.48339063467967], [100.54130201512987, 18.489635996032206], [100.54328411743147, 18.46972126204204], [100.54966685670732, 18.456026598881277], [100.55045535738377, 18.41792499864613], [100.536371808854, 18.39065911881559], [100.51746890798604, 18.392037478095624], [100.50409036025697, 18.360291446742938], [100.49675837704207, 18.352751196592738], [100.48144698140293, 18.34973992621682], [100.48320292689003, 18.34302502392649], [100.49329439412625, 18.337943756076143], [100.48024871216742, 18.32027183684506], [100.4856647535787, 18.300340567800355], [100.48297731585178, 18.292318339768617], [100.4940632794164, 18.28026278578169]]]]}}, {"type": "Feature", "properties": {"amp_code": "5403", "amp_th": "ลอง", "amp_en": "Long", "pro_code": "54", "pro_th": "แพร่", "pro_en": "Phrae", "reg_nesdb": "UpperNorth", "reg_royin": "North", "perimeter": 179.57452646403, "area_sqkm": 1262.09502083255}, "geometry": {"type": "MultiPolygon", "coordinates": [[[[99.96140762572949, 18.01342747640992], [99.95667490958083, 18.003298268731225], [99.94381845613299, 17.995834082495538], [99.94428151484885, 17.98989068858504], [99.93486369691917, 17.97671192108068], [99.92220295009216, 17.971383774669363], [99.90968264285715, 17.956907887439623], [99.88431167332857, 17.941705965359123], [99.89220545423235, 17.934658787346766], [99.88373809130559, 17.92601322310245], [99.87656585137097, 17.92534750939422], [99.86595228372344, 17.939369888645874], [99.86302869926382, 17.934729512143043], [99.85505232549855, 17.938470302085882], [99.84636934654345, 17.92696688471245], [99.83722078217968, 17.924009280050242], [99.81243159211681, 17.929397119208303], [99.80534040928099, 17.926945689122288], [99.79046244246945, 17.92446931003356], [99.78309775871226, 17.93272033181298], [99.77128168822699, 17.92670755106013], [99.73918359448022, 17.924012318818914], [99.72098614343969, 17.91379634042153], [99.69312362145713, 17.911779255430787], [99.68193271582643, 17.90504238361257], [99.65776089149267, 17.93617533961415], [99.65748337965711, 17.9460448984379], [99.66658115086537, 17.947195643644623], [99.66756578313117, 17.954016110488716], [99.66299255240621, 17.95487797905792], [99.67624953835747, 17.956990135722616], [99.67496973214747, 17.97247812777298], [99.68896063816247, 18.008496779510413], [99.68713500044034, 18.0177436141268], [99.67064315973889, 18.03261607476706], [99.66826764576801, 18.041669200992406], [99.68021859207332, 18.045796360477624], [99.69179405546355, 18.056602116312238], [99.69131437631933, 18.065471309240532], [99.70541093538058, 18.070550565976603], [99.7193965876845, 18.069813215489425], [99.73781863424477, 18.10611929075352], [99.7605891859529, 18.12408176670886], [99.7537450867443, 18.12998782889738], [99.75352669893485, 18.14066018518143], [99.79114982965017, 18.193136371006712], [99.79905617019955, 18.200027688330504], [99.80110417619635, 18.214670477514552], [99.80975191360467, 18.22615726232868], [99.82139192238763, 18.237888373287607], [99.82746120566053, 18.23765439023307], [99.83257250473314, 18.235861994378734], [99.84506301115263, 18.256645842848943], [99.85058513114949, 18.25586335435087], [99.85840411885412, 18.284214387518432], [99.86403880164536, 18.279972978809415], [99.87368924305527, 18.278251532482848], [99.88895184381713, 18.282938314953302], [99.90669400377917, 18.280130195265816], [99.9079471937848, 18.282458178186033], [99.92695770124192, 18.313331434123143], [99.93632571026095, 18.327729720174947], [99.93953887111012, 18.35114441322131], [99.95103238159531, 18.355674975125], [99.9495089798498, 18.363747252314916], [99.95553283733565, 18.376772634788182], [99.96135133840572, 18.383960733327886], [99.96916721762926, 18.385134336329767], [99.96637924755046, 18.393685337563912], [99.98720097545821, 18.391798071545697], [99.99091748473235, 18.398599572464224], [99.99981655315203, 18.401862854235493], [100.02520784815549, 18.38502250424213], [100.0388824486329, 18.387318310811594], [100.03623766545519, 18.364788520424778], [100.04771781334999, 18.360892849299947], [100.06341840045101, 18.362403145055563], [100.05883985986412, 18.350156297297435], [100.07578172438475, 18.348908062724732], [100.07190495994931, 18.334580178638724], [100.08296844875193, 18.321878232062538], [100.07593855483938, 18.309998093431624], [100.08748009677984, 18.29449627443888], [100.09082863027197, 18.28448332153045], [100.08979659428597, 18.278189236742076], [100.08531031296442, 18.2619299034525], [100.08509261053129, 18.253053308201142], [100.07809496544208, 18.25532614240764], [100.07285671522222, 18.247145327103592], [100.07582124827172, 18.23176780335441], [100.06285212801288, 18.20651794438332], [100.06371412864281, 18.188842023608043], [100.05709028480321, 18.180699897179814], [100.05787479478386, 18.172621927300344], [100.0366952899277, 18.147524375668944], [100.03754197162772, 18.141024234255735], [100.01542517652645, 18.128699972465096], [100.01283055654355, 18.119237922258606], [99.99642682739952, 18.10269568115543], [99.99002407015507, 18.10227452927299], [99.98857823944844, 18.095970399516975], [99.97767263148675, 18.088500002355556], [99.9805215485299, 18.083040448133946], [99.9745498962127, 18.074134840355363], [99.97625425045418, 18.05959387673187], [99.9714188364481, 18.055249721089446], [99.97242575774787, 18.043991768573964], [99.9746301515819, 18.033623623571373], [99.96140762572949, 18.01342747640992]]]]}}, {"type": "Feature", "properties": {"amp_code": "5401", "amp_th": "เมืองแพร่", "amp_en": "Mueang Phrae", "pro_code": "54", "pro_th": "แพร่", "pro_en": "Phrae", "reg_nesdb": "UpperNorth", "reg_royin": "North", "perimeter": 158.95353578246, "area_sqkm": 794.52559481465}, "geometry": {"type": "MultiPolygon", "coordinates": [[[[100.37051831912186, 17.996648015434975], [100.35016030393811, 17.982841764446245], [100.35959814584334, 17.926406452322034], [100.34772764999248, 17.915395420417884], [100.34906680523235, 17.90914516805275], [100.34221884233686, 17.894040184940184], [100.33432788173302, 17.888780795063564], [100.33294765831765, 17.890298255741072], [100.32607602972321, 17.89221351501071], [100.31971018732091, 17.905828897604245], [100.31307210871499, 17.909680550321134], [100.30697556214915, 17.933112262914822], [100.29931168216383, 17.939202502136762], [100.28802258662772, 17.936432178278], [100.28008886315, 17.95663908209382], [100.27194905485347, 17.955703038077967], [100.26027599512395, 17.979285288693546], [100.22788099465338, 17.984874612599214], [100.22665843949615, 17.99834067746493], [100.22036507958799, 18.005825765855224], [100.22608706946116, 18.011064963142584], [100.21801211163115, 18.018278860936487], [100.23947905325878, 18.02804255049491], [100.22711983757175, 18.044509819593838], [100.2198841604079, 18.04494080826534], [100.21765569137112, 18.05203305183449], [100.20745542805699, 18.05659407268681], [100.20418070795544, 18.063880241270173], [100.18768652001438, 18.07313121329914], [100.18307849187357, 18.080694122462024], [100.18176202501331, 18.087116213166453], [100.16535248944726, 18.102807196066376], [100.14856782609571, 18.11123671794154], [100.13951357410261, 18.115629402749178], [100.11648058666346, 18.126639321643356], [100.09814307982992, 18.1194878816127], [100.08151787426218, 18.11882957514648], [100.07802031722633, 18.12432800956429], [100.06804245034515, 18.127054107545938], [100.06390173598525, 18.136292786634424], [100.05107315165256, 18.134584037580478], [100.0483377125178, 18.142081841121094], [100.0366952899277, 18.147524375668944], [100.05787479478386, 18.172621927300344], [100.05709028480321, 18.180699897179814], [100.06371412864281, 18.188842023608043], [100.06285212801288, 18.20651794438332], [100.07582124827172, 18.23176780335441], [100.07285671522222, 18.247145327103592], [100.07809496544208, 18.25532614240764], [100.08509261053129, 18.253053308201142], [100.08531031296442, 18.2619299034525], [100.08979659428597, 18.278189236742076], [100.10810262117417, 18.278126957149034], [100.12408678336213, 18.257769311221566], [100.15057264808765, 18.259134655196988], [100.16173839176376, 18.249424810668287], [100.16575697021787, 18.239774939137668], [100.16818203031221, 18.248769968147727], [100.17600099294545, 18.245719600018145], [100.17894270920405, 18.23384398588325], [100.18820638310211, 18.23468706419205], [100.18559117551679, 18.240311773117764], [100.19881977623878, 18.246601537441745], [100.19738862801168, 18.250820525396527], [100.20324267347965, 18.25813640036022], [100.21587197577537, 18.259240404275815], [100.22802160556694, 18.26819617788917], [100.22812000729597, 18.264787568673608], [100.2377829263671, 18.265579269978065], [100.24492365352211, 18.269974470166755], [100.24906278807927, 18.261746704705892], [100.26172516049235, 18.255427220077433], [100.27195582664234, 18.260703540631543], [100.27757935215877, 18.258838428268636], [100.2713584193293, 18.239281668573717], [100.26845671936304, 18.226873251540667], [100.28356503712703, 18.19692017752503], [100.28770645702954, 18.191957309315274], [100.29278546077516, 18.1955016761056], [100.30273106153605, 18.18083469371019], [100.30995739694754, 18.18202130156464], [100.32023037087401, 18.18140199629402], [100.32417107963619, 18.174536469827725], [100.3417688612946, 18.168440138829325], [100.36452893257722, 18.158316107708533], [100.38829029859434, 18.159759016232037], [100.3961561237694, 18.15442371115475], [100.4135889948571, 18.151863349880124], [100.41018989530494, 18.141929164498528], [100.39698128141224, 18.135144321664306], [100.3915407472781, 18.11770623839483], [100.39791881831906, 18.105017049368954], [100.39545349705753, 18.086408641661713], [100.40957090268729, 18.075327972891046], [100.40314584973494, 18.06516026588199], [100.41533761784254, 18.036451991148763], [100.41359858856372, 18.021980495712096], [100.40697423885292, 18.024605274795018], [100.39179224907609, 18.02130718053585], [100.3801908618062, 18.012157200759898], [100.37781885075394, 18.002556969059842], [100.37051831912186, 17.996648015434975]]]]}}, {"type": "Feature", "properties": {"amp_code": "6102", "amp_th": "ทัพทัน", "amp_en": "Thap Than", "pro_code": "61", "pro_th": "อุทัยธานี", "pro_en": "Uthai Thani", "reg_nesdb": "LowwerNorth", "reg_royin": "Central", "perimeter": 103.55493249199, "area_sqkm": 366.44282194563}, "geometry": {"type": "MultiPolygon", "coordinates": [[[[99.83265445733369, 15.436464860075626], [99.82382727616711, 15.431166400464909], [99.79869616302221, 15.429907863444418], [99.79141651833886, 15.42568166174859], [99.79169741776437, 15.421414826837758], [99.7799129153412, 15.419060862897153], [99.76435117643456, 15.41823126670271], [99.75734300977064, 15.41951638027168], [99.74151024719953, 15.412070884507527], [99.74586596054749, 15.427468827390813], [99.74294758079014, 15.431858617164318], [99.7273603858426, 15.42532099568533], [99.70591726279609, 15.435805773630337], [99.68499295409602, 15.470300341920387], [99.66748603917844, 15.485411619580706], [99.67290120966385, 15.498904859835108], [99.66573562241821, 15.515765286483568], [99.67387343850945, 15.532041404602118], [99.71923570022501, 15.539925952625358], [99.74340265715243, 15.533044237664088], [99.75371956035842, 15.536223019158983], [99.81576517047037, 15.529922928074887], [99.82703232851028, 15.522603780149621], [99.83371799017804, 15.520677976322528], [99.84791411756889, 15.531677567982213], [99.85783414233862, 15.533411065944746], [99.86454462219172, 15.557972370659144], [99.87752408675844, 15.554316408428656], [99.88023999567325, 15.55526154799507], [99.88303249960461, 15.545318926522604], [99.89051322761827, 15.54299045609834], [99.88168944417377, 15.564557798866982], [99.8855538763852, 15.577383432860133], [99.93767181134272, 15.60017712987394], [99.94221839602783, 15.571445229756899], [99.94015517354808, 15.534874634880241], [99.94790146813752, 15.501605624850997], [99.94662517534492, 15.500399761266968], [99.9501272792642, 15.494978946429347], [99.94636698874157, 15.4743809185139], [99.95595501312047, 15.471274113771708], [99.95917983487766, 15.460439538876754], [99.95356573029206, 15.457499837596883], [99.95150011277346, 15.440021174999341], [99.9516991882494, 15.43551848475316], [99.94915410694114, 15.435984765048929], [99.94924542110691, 15.43569848968087], [99.93101621902152, 15.431185708661998], [99.92180948248857, 15.432870522128738], [99.91518459818738, 15.440237215656484], [99.90979787869136, 15.429869101679891], [99.89330001691334, 15.425546061764912], [99.88783605583816, 15.446948640827069], [99.87635862576062, 15.445299289386533], [99.84942182385707, 15.444783703325646], [99.84252058433428, 15.437981385716954], [99.83265445733369, 15.436464860075626]]]]}}, {"type": "Feature", "properties": {"amp_code": "6103", "amp_th": "สว่างอารมณ์", "amp_en": "Sawang Arom", "pro_code": "61", "pro_th": "อุทัยธานี", "pro_en": "Uthai Thani", "reg_nesdb": "LowwerNorth", "reg_royin": "Central", "perimeter": 110.23163620379, "area_sqkm": 430.68640313238}, "geometry": {"type": "MultiPolygon", "coordinates": [[[[99.81576517047037, 15.529922928074887], [99.75371956035842, 15.536223019158983], [99.74340265715243, 15.533044237664088], [99.71923570022501, 15.539925952625358], [99.67387343850945, 15.532041404602118], [99.67359194470795, 15.561448041307584], [99.6541717377355, 15.559026123247689], [99.6139665270119, 15.583341704055591], [99.58666694635504, 15.59117395295115], [99.56969307643965, 15.599313114416463], [99.57266566200047, 15.607065432912606], [99.59582754007735, 15.629712060835068], [99.6283616143765, 15.640781549799534], [99.66530304698988, 15.667606774780428], [99.7054669876911, 15.685398599056507], [99.71844103916845, 15.681505295043104], [99.73178046674929, 15.688151875084957], [99.74807047657836, 15.676792191319258], [99.76451522710454, 15.660802319937615], [99.79106871936007, 15.649783216919118], [99.79519076738612, 15.64194984191908], [99.82593777662672, 15.629850373236714], [99.85008687275904, 15.620223325854734], [99.86254808124814, 15.617535084749376], [99.86560293439801, 15.619177362500617], [99.86349524448178, 15.644474688542752], [99.86814117161688, 15.655929034149466], [99.93193853793528, 15.673380281121783], [99.9321692079448, 15.672808668840165], [99.93609484290863, 15.64292025892375], [99.94193668577086, 15.620362663678701], [99.93767181134272, 15.60017712987394], [99.8855538763852, 15.577383432860133], [99.88168944417377, 15.564557798866982], [99.89051322761827, 15.54299045609834], [99.88303249960461, 15.545318926522604], [99.88023999567325, 15.55526154799507], [99.87752408675844, 15.554316408428656], [99.86454462219172, 15.557972370659144], [99.85783414233862, 15.533411065944746], [99.84791411756889, 15.531677567982213], [99.83371799017804, 15.520677976322528], [99.82703232851028, 15.522603780149621], [99.81576517047037, 15.529922928074887]]]]}}, {"type": "Feature", "properties": {"amp_code": "6101", "amp_th": "เมืองอุทัยธานี", "amp_en": "Mueang Uthai Thani", "pro_code": "61", "pro_th": "อุทัยธานี", "pro_en": "Uthai Thani", "reg_nesdb": "LowwerNorth", "reg_royin": "Central", "perimeter": 97.81871750827, "area_sqkm": 228.49159824284}, "geometry": {"type": "MultiPolygon", "coordinates": [[[[100.10020224872336, 15.336728458015536], [100.08150913323784, 15.321280730905913], [100.07802594219851, 15.316124641474257], [100.0784238488836, 15.29560389181728], [100.06184548432931, 15.284458148473716], [100.05682630630727, 15.268495171389903], [100.05838854734185, 15.263761159608096], [100.04805236479096, 15.264814260145497], [100.04591741134816, 15.268536175637117], [100.0379773046801, 15.29141767338035], [100.04087195198879, 15.297197570736433], [100.03366114116004, 15.307061722496586], [100.03602802192015, 15.334733797455018], [100.02232346846557, 15.332386751846823], [100.01660659738027, 15.337725974030482], [100.01152583053445, 15.349238600861735], [100.00028278452749, 15.354966287803483], [100.0065107883591, 15.360116919965991], [100.00102780937983, 15.361871597189333], [99.99946925534435, 15.375475543982786], [99.98045357835362, 15.384617958845665], [99.96140458150752, 15.379643248213034], [99.94811477851401, 15.37901546165503], [99.94336598739567, 15.384079892262582], [99.92817172218886, 15.387546166073001], [99.94170015155059, 15.394367564344897], [99.94620316931065, 15.409082322086679], [99.94924542110691, 15.43569848968087], [99.94915410694114, 15.435984765048929], [99.9516991882494, 15.43551848475316], [99.95150011277346, 15.440021174999341], [99.95356573029206, 15.457499837596883], [99.95917983487766, 15.460439538876754], [99.95595501312047, 15.471274113771708], [99.94636698874157, 15.4743809185139], [99.9501272792642, 15.494978946429347], [99.94662517534492, 15.500399761266968], [99.94790146813752, 15.501605624850997], [99.95365734432603, 15.503824996732982], [99.95895390441389, 15.506741136209332], [99.97366827561572, 15.491922830479275], [100.00082837871047, 15.482221816627746], [100.01318454276742, 15.491488869054335], [100.0091412799356, 15.502454367645782], [100.02560140579168, 15.508113118511421], [100.03506367296082, 15.510027203495108], [100.02391747090422, 15.481841629527162], [100.01324584928628, 15.47284543313469], [100.03919633848606, 15.461322850715709], [100.04965687248036, 15.442887027676129], [100.06080107145904, 15.438539092409119], [100.05365699503804, 15.425143684026786], [100.06300138599123, 15.42555338991061], [100.07737736495807, 15.426620829769089], [100.10199126568251, 15.417474120691281], [100.09085015148801, 15.413531379610452], [100.08767637187321, 15.40687011888577], [100.08969315578047, 15.396019590733708], [100.10671268413867, 15.379770694436152], [100.10468812441022, 15.37426665019776], [100.09833112745923, 15.37401673323682], [100.08802842738365, 15.378570125253752], [100.07933736560295, 15.379893781351743], [100.07510569030197, 15.369098391580637], [100.09784507960286, 15.352012382063654], [100.10091569444825, 15.342114769825494], [100.10020224872336, 15.336728458015536]]]]}}, {"type": "Feature", "properties": {"amp_code": "6108", "amp_th": "ห้วยคต", "amp_en": "Huai Khot", "pro_code": "61", "pro_th": "อุทัยธานี", "pro_en": "Uthai Thani", "reg_nesdb": "LowwerNorth", "reg_royin": "Central", "perimeter": 108.34402971612, "area_sqkm": 373.73300345154}, "geometry": {"type": "MultiPolygon", "coordinates": [[[[99.6130054325747, 15.328540481074478], [99.6236129450926, 15.325178548075904], [99.62559688336077, 15.323134359885518], [99.6529764052419, 15.312800699727308], [99.66977009497646, 15.31669718406758], [99.69156961664429, 15.295091929489919], [99.68932970890178, 15.271251213890428], [99.67820854848445, 15.272246828942281], [99.67126977470674, 15.247883188798244], [99.62608726088273, 15.223857293202167], [99.60531442949811, 15.206949420424822], [99.60701845172578, 15.1954394562662], [99.58053039650238, 15.211617586251027], [99.57755303777954, 15.215559083324056], [99.58164799077431, 15.223190164977282], [99.5768788431262, 15.231039599646792], [99.55152082759358, 15.236334471206668], [99.5426224020156, 15.247010634773455], [99.52428091972051, 15.254030287940886], [99.5109934620506, 15.25101195538872], [99.4854225326453, 15.262265734914592], [99.45341635105773, 15.287425473772517], [99.44816811214884, 15.30724100957225], [99.43092586940598, 15.315039808935593], [99.39573989080975, 15.274810980519613], [99.37708165999429, 15.269092031551276], [99.3483475990975, 15.36538078460841], [99.36929220086361, 15.36663537797451], [99.39304146023841, 15.351631120246322], [99.40927243784644, 15.35508601861707], [99.41147911897495, 15.361470394607766], [99.42101678565699, 15.363895850011511], [99.44127094721051, 15.35716087262384], [99.44659330132191, 15.357137845030143], [99.44887500478683, 15.362393840288595], [99.46912571466149, 15.380650522585379], [99.4839061231119, 15.355202127014321], [99.49843037302652, 15.351872547762884], [99.50477123816853, 15.362123971781601], [99.52080767304217, 15.363875998940806], [99.53602158867378, 15.385482042539522], [99.54817737710064, 15.385529284578094], [99.5633266130119, 15.381452585718904], [99.58851665047897, 15.343418212050002], [99.61137365403964, 15.336020359613986], [99.6130054325747, 15.328540481074478]]]]}}, {"type": "Feature", "properties": {"amp_code": "6106", "amp_th": "บ้านไร่", "amp_en": "Ban Rai", "pro_code": "61", "pro_th": "อุทัยธานี", "pro_en": "Uthai Thani", "reg_nesdb": "LowwerNorth", "reg_royin": "Central", "perimeter": 419.78873257287, "area_sqkm": 3289.33685728744}, "geometry": {"type": "MultiPolygon", "coordinates": [[[[99.57856986948843, 14.947009758627068], [99.55896404602164, 14.962280086595413], [99.54574173021703, 14.963479489089902], [99.52430642151704, 14.968787047898134], [99.52333914000471, 14.976417575687979], [99.51661871212778, 14.98282485369727], [99.49095580328817, 14.98432698518613], [99.4834382971597, 14.989945075129322], [99.45670968867337, 14.98865083224023], [99.45121013041154, 14.99347274238054], [99.44486676423662, 14.983361515991584], [99.42620601016472, 15.006882418219227], [99.41596171331315, 15.036554842094251], [99.41970708564676, 15.04859850344194], [99.40501341091856, 15.044092236285818], [99.39361739458546, 15.050483941481232], [99.38607500587321, 15.047262456238256], [99.38244220710615, 15.050988993939264], [99.36470830384685, 15.04871834884542], [99.35620943289419, 15.055034593967523], [99.35663372031848, 15.060153431099547], [99.33914083279184, 15.081525080468781], [99.31967585210646, 15.081241452109232], [99.32210383246894, 15.072691935845741], [99.31177128996801, 15.067755249467854], [99.31111226574653, 15.062849099667446], [99.30582105732904, 15.06369372482858], [99.29896255602175, 15.053671753838648], [99.30139321720088, 15.042920913667167], [99.29584537874615, 15.037389385276478], [99.30720029020885, 15.025427603032817], [99.29999116278503, 15.01326672200678], [99.28470219382635, 15.00693042729124], [99.28315322475208, 14.997943179947267], [99.27719763069018, 14.990493794737818], [99.2606572828484, 14.99107273678343], [99.25622072807121, 14.987281596716127], [99.2495331598807, 14.999745520242726], [99.23367818092082, 15.012269698962333], [99.20431703227626, 15.014452016408946], [99.19235860549782, 15.029019903723613], [99.18080156810036, 15.017400135908158], [99.16210987799869, 15.015210423655397], [99.13544011736549, 15.037903240577954], [99.14717081818901, 15.047333832911788], [99.14289067675546, 15.051937406165928], [99.1305338158048, 15.049442692819278], [99.1189243731691, 15.054687317737278], [99.11342826952557, 15.044211369282868], [99.10748857215462, 15.046690419565033], [99.08514408085057, 15.03900807697843], [99.07402205293272, 15.040377196801469], [99.06797738733543, 15.047607542845196], [99.05092828523388, 15.042963686516577], [99.04332246776684, 15.045113685616519], [99.02927963644672, 15.048574198887167], [99.01974522858836, 15.054557126171261], [99.00979838653159, 15.069240704783791], [99.00031149675152, 15.07133087734757], [99.0098809017125, 15.086117182745229], [99.00654529700998, 15.09833696838741], [98.99768903626646, 15.105095190712117], [99.00028549258299, 15.137388584059114], [99.0065994796433, 15.14442476652051], [99.0004694215914, 15.164242205891039], [98.99408824485108, 15.165151900168793], [98.98435792121893, 15.180293031677571], [98.98922350428276, 15.186778014173882], [99.00220490198082, 15.185179113784876], [99.00844424836063, 15.208437210739788], [99.00619746552674, 15.239228955530713], [99.01932945468782, 15.246863391242279], [99.01660027628833, 15.264907301007275], [99.02396485020212, 15.278602686519166], [99.03907766220858, 15.288932201358387], [99.03775576513846, 15.297930509243447], [99.03095413155768, 15.302988874827237], [99.03094784026428, 15.335439305722902], [99.04295886390646, 15.346158798093319], [99.04641765666905, 15.364171118081757], [99.04348858695714, 15.376238003947355], [99.05466675388473, 15.382236474599084], [99.05883822110174, 15.394664451582429], [99.06843846072027, 15.395252757348363], [99.06770298150863, 15.419994616030053], [99.05586207431608, 15.444148442293026], [99.05884400030908, 15.459662976623777], [99.06516400958155, 15.463513756280072], [99.064452737643, 15.473319928442761], [99.07573698195569, 15.488272213470713], [99.07838970414103, 15.499819853565727], [99.07286820189358, 15.511956820699504], [99.05517131899146, 15.525062125474623], [99.04830450062008, 15.555350492888815], [99.05249771811481, 15.564223085485981], [99.09419897669562, 15.582653539956414], [99.09188486519133, 15.592417427826318], [99.09756808452991, 15.611367811554507], [99.10683624017017, 15.61598671510974], [99.11574326804548, 15.633520109007677], [99.11666174724759, 15.64550762776598], [99.11179011785636, 15.649693760617364], [99.11553775709872, 15.663190733945926], [99.11164038054066, 15.66820469681072], [99.13006556581631, 15.706324746791891], [99.13078548599283, 15.724777436075199], [99.13887276820029, 15.731325780466822], [99.12761389723543, 15.767133566271488], [99.13617363219899, 15.789384096545348], [99.13375477005383, 15.79821373854917], [99.16127724339411, 15.791375069928387], [99.1658130964101, 15.77757458627171], [99.18656212145181, 15.783689566438063], [99.19218536098964, 15.779679693597268], [99.18584233432475, 15.769273832110137], [99.18962684739991, 15.73938119392371], [99.17686153476816, 15.726477378773707], [99.17683920804832, 15.721563810721637], [99.18587901456586, 15.717507226291442], [99.17760385204197, 15.710637573018314], [99.18233498780964, 15.698255894128055], [99.17441154552007, 15.692050294016049], [99.18619318545292, 15.68156358033661], [99.18517421360387, 15.670511092122373], [99.19050991727363, 15.65939099872683], [99.18649414954025, 15.655540859849431], [99.19964168991068, 15.645321210392687], [99.1989246682793, 15.631078241893656], [99.19476448906605, 15.628242060782178], [99.19733537290686, 15.620053401014633], [99.18929545236678, 15.623873400404324], [99.18547376020588, 15.61912350462499], [99.18951956338806, 15.617438476949573], [99.19404420185649, 15.599855966393221], [99.1839446908944, 15.592975603912036], [99.19888532372072, 15.57813917520397], [99.19405302422892, 15.578207903616152], [99.18802401935913, 15.569722734899619], [99.1866116579175, 15.557188914591741], [99.184019366979, 15.55928968312912], [99.1731600351591, 15.55341632825243], [99.17855683256195, 15.541466889533273], [99.20331615905992, 15.540865719552153], [99.21250258798497, 15.519451882941693], [99.21966163610556, 15.514612577892878], [99.21965882755613, 15.508098689776837], [99.2323631096576, 15.492193111910913], [99.23645509388338, 15.465702593377161], [99.2433396666108, 15.456875818734893], [99.25290327007635, 15.455513511479754], [99.25244017286973, 15.446908306294187], [99.25612597299471, 15.444861984289187], [99.25381244213716, 15.429419508365672], [99.24876349472804, 15.419505152505758], [99.24086680933303, 15.41876911363745], [99.23510206065306, 15.396203629134446], [99.24987283258754, 15.401673075610416], [99.26202820173317, 15.398532079437794], [99.27606739510456, 15.402031989075217], [99.29774637046894, 15.38118183121521], [99.33298782207471, 15.377280526080837], [99.3483475990975, 15.36538078460841], [99.37708165999429, 15.269092031551276], [99.39573989080975, 15.274810980519613], [99.43092586940598, 15.315039808935593], [99.44816811214884, 15.30724100957225], [99.45341635105773, 15.287425473772517], [99.4854225326453, 15.262265734914592], [99.5109934620506, 15.25101195538872], [99.52428091972051, 15.254030287940886], [99.5426224020156, 15.247010634773455], [99.55152082759358, 15.236334471206668], [99.5768788431262, 15.231039599646792], [99.58164799077431, 15.223190164977282], [99.57755303777954, 15.215559083324056], [99.58053039650238, 15.211617586251027], [99.60701845172578, 15.1954394562662], [99.60531442949811, 15.206949420424822], [99.62608726088273, 15.223857293202167], [99.67126977470674, 15.247883188798244], [99.67820854848445, 15.272246828942281], [99.68932970890178, 15.271251213890428], [99.69156961664429, 15.295091929489919], [99.70690147812263, 15.287402597182695], [99.71919751944057, 15.295678355162044], [99.73094972799613, 15.296766934612517], [99.74250633130542, 15.30971988445187], [99.75594424321444, 15.316503694996008], [99.76305070704183, 15.323358093202533], [99.78544394368245, 15.317812254504007], [99.78121467583088, 15.31192038398981], [99.75739188775212, 15.312069033708157], [99.76399756266842, 15.308173911204529], [99.7633338922747, 15.29965341264834], [99.75340771864458, 15.296000858658397], [99.74902151094297, 15.280287612590797], [99.73986041010687, 15.274879139265217], [99.73773857762315, 15.267156597080138], [99.73225609884128, 15.268945363672502], [99.7337189464209, 15.258766730112722], [99.72653836809211, 15.259563064248693], [99.72845345756878, 15.250001122058917], [99.73498923038063, 15.241775626310904], [99.73048869690174, 15.23921153285268], [99.73163190605698, 15.208775415594141], [99.74339398814858, 15.192797420765427], [99.75988374274209, 15.175357631594657], [99.7480726969167, 15.16391124269694], [99.76287137216562, 15.148786733864325], [99.77086260600761, 15.141126067699759], [99.77068763883459, 15.140838501092016], [99.76750412118965, 15.12971715831045], [99.78937376318282, 15.099438895411623], [99.79090886045111, 15.086475197840254], [99.77293027598805, 15.058570488589071], [99.77650771006226, 15.053178052357122], [99.76982103267284, 15.038612820978473], [99.7692299232039, 15.023410913366773], [99.73852622028484, 15.00529249136338], [99.73992644407322, 15.001347372501805], [99.72551208513767, 14.989457849625786], [99.71959200476313, 14.976159733366618], [99.7311246961188, 14.963665048852638], [99.72956715027976, 14.962668779865895], [99.71832343793517, 14.960896302639906], [99.69358794624233, 14.965708994650525], [99.70221928695126, 14.975740374101377], [99.68300795722391, 14.97638522600966], [99.66554537021439, 14.988102801073055], [99.63500788594969, 14.989921235736924], [99.62754090092743, 14.988258069396823], [99.62355650367466, 14.980156008502647], [99.6299542722663, 14.970703213267027], [99.63045148628358, 14.937751432360628], [99.60264059643023, 14.947106887981844], [99.57856986948843, 14.947009758627068]]]]}}, {"type": "Feature", "properties": {"amp_code": "6107", "amp_th": "ลานสัก", "amp_en": "Lan Sak", "pro_code": "61", "pro_th": "อุทัยธานี", "pro_en": "Uthai Thani", "reg_nesdb": "LowwerNorth", "reg_royin": "Central", "perimeter": 214.62730658427, "area_sqkm": 1447.83364338075}, "geometry": {"type": "MultiPolygon", "coordinates": [[[[99.65818627424643, 15.42525427032091], [99.65234445231911, 15.4105017207291], [99.65367749192887, 15.388432368860464], [99.64550495156277, 15.380723240987763], [99.6431211325172, 15.366041635207928], [99.64603715194461, 15.342104177946673], [99.63527521264886, 15.340564285111961], [99.63228895630816, 15.332481503358244], [99.62400513446363, 15.332756810796518], [99.6236129450926, 15.325178548075904], [99.6130054325747, 15.328540481074478], [99.61137365403964, 15.336020359613986], [99.58851665047897, 15.343418212050002], [99.5633266130119, 15.381452585718904], [99.54817737710064, 15.385529284578094], [99.53602158867378, 15.385482042539522], [99.52080767304217, 15.363875998940806], [99.50477123816853, 15.362123971781601], [99.49843037302652, 15.351872547762884], [99.4839061231119, 15.355202127014321], [99.46912571466149, 15.380650522585379], [99.44887500478683, 15.362393840288595], [99.44659330132191, 15.357137845030143], [99.44127094721051, 15.35716087262384], [99.42101678565699, 15.363895850011511], [99.41147911897495, 15.361470394607766], [99.40927243784644, 15.35508601861707], [99.39304146023841, 15.351631120246322], [99.36929220086361, 15.36663537797451], [99.3483475990975, 15.36538078460841], [99.33298782207471, 15.377280526080837], [99.29774637046894, 15.38118183121521], [99.27606739510456, 15.402031989075217], [99.26202820173317, 15.398532079437794], [99.24987283258754, 15.401673075610416], [99.23510206065306, 15.396203629134446], [99.24086680933303, 15.41876911363745], [99.24876349472804, 15.419505152505758], [99.25381244213716, 15.429419508365672], [99.25612597299471, 15.444861984289187], [99.25244017286973, 15.446908306294187], [99.25290327007635, 15.455513511479754], [99.2433396666108, 15.456875818734893], [99.23645509388338, 15.465702593377161], [99.2323631096576, 15.492193111910913], [99.21965882755613, 15.508098689776837], [99.21966163610556, 15.514612577892878], [99.21250258798497, 15.519451882941693], [99.20331615905992, 15.540865719552153], [99.17855683256195, 15.541466889533273], [99.1731600351591, 15.55341632825243], [99.184019366979, 15.55928968312912], [99.1866116579175, 15.557188914591741], [99.18802401935913, 15.569722734899619], [99.19405302422892, 15.578207903616152], [99.19888532372072, 15.57813917520397], [99.1839446908944, 15.592975603912036], [99.19404420185649, 15.599855966393221], [99.18951956338806, 15.617438476949573], [99.18547376020588, 15.61912350462499], [99.18929545236678, 15.623873400404324], [99.19733537290686, 15.620053401014633], [99.19476448906605, 15.628242060782178], [99.1989246682793, 15.631078241893656], [99.19964168991068, 15.645321210392687], [99.18649414954025, 15.655540859849431], [99.19050991727363, 15.65939099872683], [99.18517421360387, 15.670511092122373], [99.18619318545292, 15.68156358033661], [99.17441154552007, 15.692050294016049], [99.18233498780964, 15.698255894128055], [99.17760385204197, 15.710637573018314], [99.18587901456586, 15.717507226291442], [99.17683920804832, 15.721563810721637], [99.17686153476816, 15.726477378773707], [99.18962684739991, 15.73938119392371], [99.18584233432475, 15.769273832110137], [99.19218536098964, 15.779679693597268], [99.20205201048113, 15.76687832792218], [99.21668073873067, 15.768141246150781], [99.22704608063917, 15.7486809967068], [99.23422897566088, 15.74890619248931], [99.23919275475532, 15.741365471231017], [99.23944146661351, 15.732045474337085], [99.24576076915993, 15.722392127856706], [99.27609730674766, 15.717822015392393], [99.28839444045106, 15.703920909966078], [99.28796140067782, 15.697109391974834], [99.29672879501001, 15.693122067664037], [99.31255090898846, 15.694084319605478], [99.31897843841234, 15.688362521309031], [99.3322869298766, 15.691805247656426], [99.35988814817124, 15.677458283405008], [99.37195177024226, 15.663725853712089], [99.36801868596388, 15.650310641267886], [99.37887034241433, 15.62520568781198], [99.39237877003563, 15.62508025274562], [99.4041284862484, 15.617450171439312], [99.42252642770693, 15.614494320293085], [99.42629619334619, 15.605374158581057], [99.45204897094852, 15.58905312287011], [99.45395849292487, 15.5817579912233], [99.46345665398707, 15.579509702565373], [99.46961127890125, 15.564846465321654], [99.49561409497834, 15.568882591443925], [99.4987980465691, 15.565299882787421], [99.51183002482061, 15.56229453565844], [99.52260686601852, 15.569384095473339], [99.54900002409794, 15.588392945635604], [99.56352179493906, 15.592131727652584], [99.56969307643965, 15.599313114416463], [99.58666694635504, 15.59117395295115], [99.6139665270119, 15.583341704055591], [99.6541717377355, 15.559026123247689], [99.67359194470795, 15.561448041307584], [99.67387343850945, 15.532041404602118], [99.66573562241821, 15.515765286483568], [99.67290120966385, 15.498904859835108], [99.66748603917844, 15.485411619580706], [99.68499295409602, 15.470300341920387], [99.70591726279609, 15.435805773630337], [99.68776857828593, 15.42277345261736], [99.66835467415466, 15.424300651347082], [99.66589110546549, 15.418560619847078], [99.65818627424643, 15.42525427032091]]]]}}, {"type": "Feature", "properties": {"amp_code": "6104", "amp_th": "หนองฉาง", "amp_en": "Nong Chang", "pro_code": "61", "pro_th": "อุทัยธานี", "pro_en": "Uthai Thani", "reg_nesdb": "LowwerNorth", "reg_royin": "Central", "perimeter": 90.01846965207, "area_sqkm": 345.08591918754}, "geometry": {"type": "MultiPolygon", "coordinates": [[[[99.75594424321444, 15.316503694996008], [99.74250633130542, 15.30971988445187], [99.73094972799613, 15.296766934612517], [99.71919751944057, 15.295678355162044], [99.70690147812263, 15.287402597182695], [99.69156961664429, 15.295091929489919], [99.66977009497646, 15.31669718406758], [99.6529764052419, 15.312800699727308], [99.62559688336077, 15.323134359885518], [99.6236129450926, 15.325178548075904], [99.62400513446363, 15.332756810796518], [99.63228895630816, 15.332481503358244], [99.63527521264886, 15.340564285111961], [99.64603715194461, 15.342104177946673], [99.6431211325172, 15.366041635207928], [99.64550495156277, 15.380723240987763], [99.65367749192887, 15.388432368860464], [99.65234445231911, 15.4105017207291], [99.65818627424643, 15.42525427032091], [99.66589110546549, 15.418560619847078], [99.66835467415466, 15.424300651347082], [99.68776857828593, 15.42277345261736], [99.70591726279609, 15.435805773630337], [99.7273603858426, 15.42532099568533], [99.74294758079014, 15.431858617164318], [99.74586596054749, 15.427468827390813], [99.74151024719953, 15.412070884507527], [99.75734300977064, 15.41951638027168], [99.76435117643456, 15.41823126670271], [99.7799129153412, 15.419060862897153], [99.79169741776437, 15.421414826837758], [99.79141651833886, 15.42568166174859], [99.79869616302221, 15.429907863444418], [99.82382727616711, 15.431166400464909], [99.83265445733369, 15.436464860075626], [99.84252058433428, 15.437981385716954], [99.84942182385707, 15.444783703325646], [99.87635862576062, 15.445299289386533], [99.88783605583816, 15.446948640827069], [99.89330001691334, 15.425546061764912], [99.88574477793088, 15.41425260638515], [99.88866654388939, 15.404585098570491], [99.88968311148145, 15.39820896461024], [99.8908540870642, 15.377892515636916], [99.89402119729911, 15.363503943736966], [99.88331022895727, 15.33352689562602], [99.87328115211903, 15.327796511200518], [99.87032361035439, 15.31287606692236], [99.85974656090876, 15.305204632792636], [99.85015766145175, 15.311701608095998], [99.82864125781552, 15.311712333936875], [99.80794865970664, 15.318438294556548], [99.78544394368245, 15.317812254504007], [99.76305070704183, 15.323358093202533], [99.75594424321444, 15.316503694996008]]]]}}, {"type": "Feature", "properties": {"amp_code": "6105", "amp_th": "หนองขาหย่าง", "amp_en": "Nong Khayang", "pro_code": "61", "pro_th": "อุทัยธานี", "pro_en": "Uthai Thani", "reg_nesdb": "LowwerNorth", "reg_royin": "Central", "perimeter": 71.67827684756, "area_sqkm": 168.03355842065}, "geometry": {"type": "MultiPolygon", "coordinates": [[[[100.01660659738027, 15.337725974030482], [100.02232346846557, 15.332386751846823], [100.03602802192015, 15.334733797455018], [100.03366114116004, 15.307061722496586], [100.04087195198879, 15.297197570736433], [100.0379773046801, 15.29141767338035], [100.02051390840774, 15.29152057958778], [100.01131944759348, 15.300373863474139], [100.00271090002074, 15.302113231185558], [99.97172116535964, 15.299699624727998], [99.96084801976313, 15.301226875951663], [99.95793319083562, 15.30681475083484], [99.92203477967222, 15.2976894724868], [99.88502389650817, 15.287866579314914], [99.87803262578367, 15.29013605646601], [99.87839389470666, 15.299306955617084], [99.87216537550879, 15.305243557767179], [99.85974656090876, 15.305204632792636], [99.87032361035439, 15.31287606692236], [99.87328115211903, 15.327796511200518], [99.88331022895727, 15.33352689562602], [99.89402119729911, 15.363503943736966], [99.8908540870642, 15.377892515636916], [99.88968311148145, 15.39820896461024], [99.88866654388939, 15.404585098570491], [99.88574477793088, 15.41425260638515], [99.89330001691334, 15.425546061764912], [99.90979787869136, 15.429869101679891], [99.91518459818738, 15.440237215656484], [99.92180948248857, 15.432870522128738], [99.93101621902152, 15.431185708661998], [99.94924542110691, 15.43569848968087], [99.94620316931065, 15.409082322086679], [99.94170015155059, 15.394367564344897], [99.92817172218886, 15.387546166073001], [99.94336598739567, 15.384079892262582], [99.94811477851401, 15.37901546165503], [99.96140458150752, 15.379643248213034], [99.98045357835362, 15.384617958845665], [99.99946925534435, 15.375475543982786], [100.00102780937983, 15.361871597189333], [100.0065107883591, 15.360116919965991], [100.00028278452749, 15.354966287803483], [100.01152583053445, 15.349238600861735], [100.01660659738027, 15.337725974030482]]]]}}, {"type": "Feature", "properties": {"amp_code": "5604", "amp_th": "เชียงม่วน", "amp_en": "Chiang Muan", "pro_code": "56", "pro_th": "พะเยา", "pro_en": "Phayao", "reg_nesdb": "UpperNorth", "reg_royin": "North", "perimeter": 137.28989036493, "area_sqkm": 695.79428325592}, "geometry": {"type": "MultiPolygon", "coordinates": [[[[100.27193878075992, 18.81874532808524], [100.23968405447961, 18.819494517528376], [100.2269587031296, 18.825429626065944], [100.19921656421525, 18.81393183031519], [100.18605060284992, 18.8224932173489], [100.1830837200211, 18.81949731346223], [100.18641261158902, 18.816860147047574], [100.18138329843067, 18.818048722062493], [100.17294830021126, 18.809473347991535], [100.17258808372654, 18.815515302132628], [100.1670595156155, 18.81595886936977], [100.15699785009286, 18.83440950830905], [100.15048116017478, 18.843410579181597], [100.14954880224231, 18.872078651717423], [100.14103370916362, 18.87842717786505], [100.1487024982304, 18.885530009447315], [100.15247250990578, 18.88371070470689], [100.15192602653835, 18.89585218033716], [100.15748852757008, 18.90194087006838], [100.15502555936632, 18.913290020162993], [100.14907227946196, 18.9395876613256], [100.1299011911355, 18.94834531919418], [100.12215605784932, 18.957863601667903], [100.12694364712142, 18.972488127239593], [100.11515123172492, 18.978320184435976], [100.11864961019855, 18.98907041900524], [100.10729032485214, 19.004862006192834], [100.10580253079596, 19.015396007463966], [100.11146512790975, 19.02453619205535], [100.1396708282552, 19.007593076754596], [100.15472935757506, 19.00736638107564], [100.22195786819202, 19.03123687071701], [100.22511843390868, 19.025351548618552], [100.23118498627571, 19.027556680577014], [100.23481368686024, 19.02304156521569], [100.24790669666972, 19.02770428463726], [100.24999466444065, 19.013345552788305], [100.2712846853558, 19.021414041890733], [100.27703529393376, 19.034286694841693], [100.28816878422035, 19.04026341126277], [100.29201922483101, 19.049154885034053], [100.308448262006, 19.053466695991638], [100.31228348328835, 19.06945310358602], [100.33618124387196, 19.064745587571984], [100.34569740391365, 19.058446313689103], [100.34687299486771, 19.04309741535768], [100.3616282266539, 19.042356694664605], [100.36671718273446, 19.035573998080466], [100.38506248368509, 19.039790223757507], [100.40020303756731, 19.034159848721497], [100.44642873477568, 19.03306047872271], [100.44488350156401, 19.017929238351645], [100.45720921274689, 19.00958092104911], [100.45959505096529, 19.003424826415642], [100.48301930157457, 19.003279147178407], [100.49747419281759, 18.996910281684976], [100.50338041637036, 18.99260904125054], [100.50075722789848, 18.986260480349205], [100.48966381160496, 18.969176242301426], [100.4809122561944, 18.96573392686849], [100.48182014273073, 18.95159538794632], [100.46209733779378, 18.94536733696554], [100.4539845498077, 18.934614560569436], [100.43837007343184, 18.945590171562856], [100.4239353238619, 18.94839190831274], [100.40957938445467, 18.945731067725315], [100.40449582581407, 18.944488843693563], [100.40711266134284, 18.935581366050258], [100.39084490496595, 18.926487669110344], [100.38633384392871, 18.891366937604975], [100.36639263727223, 18.87129477941814], [100.36405644382194, 18.849280377023597], [100.34817038332774, 18.834120917205983], [100.34798593700839, 18.82928918707314], [100.33852926225799, 18.821600001624482], [100.34511693479207, 18.813979388055557], [100.34004926319933, 18.805424960304737], [100.33849320695109, 18.813522151351574], [100.31172306217503, 18.810662660011868], [100.30336143110812, 18.818458354158285], [100.27193878075992, 18.81874532808524]]]]}}, {"type": "Feature", "properties": {"amp_code": "5605", "amp_th": "ดอกคำใต้", "amp_en": "Dok Khamtai", "pro_code": "56", "pro_th": "พะเยา", "pro_en": "Phayao", "reg_nesdb": "UpperNorth", "reg_royin": "North", "perimeter": 195.11098750062, "area_sqkm": 744.04763793681}, "geometry": {"type": "MultiPolygon", "coordinates": [[[[100.12289562576075, 19.060214647914602], [100.11951775574481, 19.037267182586234], [100.11575097256812, 19.03870867735043], [100.11124465237958, 19.033352457555036], [100.11146512790975, 19.02453619205535], [100.10580253079596, 19.015396007463966], [100.10729032485214, 19.004862006192834], [100.11864961019855, 18.98907041900524], [100.11515123172492, 18.978320184435976], [100.12694364712142, 18.972488127239593], [100.12215605784932, 18.957863601667903], [100.1299011911355, 18.94834531919418], [100.14907227946196, 18.9395876613256], [100.15502555936632, 18.913290020162993], [100.15748852757008, 18.90194087006838], [100.15192602653835, 18.89585218033716], [100.15247250990578, 18.88371070470689], [100.1487024982304, 18.885530009447315], [100.14103370916362, 18.87842717786505], [100.14954880224231, 18.872078651717423], [100.15048116017478, 18.843410579181597], [100.15699785009286, 18.83440950830905], [100.13386343490049, 18.817269447915496], [100.11773220559743, 18.81981796416312], [100.11419157561629, 18.80912973960239], [100.09854387713933, 18.815025123148004], [100.08816806240976, 18.82769196634696], [100.06709371380406, 18.817403580917247], [100.06703105873356, 18.829467838337592], [100.06214990463276, 18.83566773137981], [100.06903646513076, 18.846527635150085], [100.07058429522131, 18.86432308699262], [100.06738990274032, 18.867282842355063], [100.05934938163698, 18.880148329094116], [100.04115817150004, 18.890723371628173], [100.03279302568934, 18.902441978458736], [100.02682232598605, 18.898573495998424], [100.01637328259521, 18.924310866603882], [100.02016977637307, 18.937701535966138], [100.01105533513434, 18.946940568394115], [100.01408537796094, 18.95193483578868], [100.00816846178786, 18.96170182107847], [100.00294184752033, 18.963818774542634], [100.01176579965373, 18.977348320345563], [100.00735990055185, 18.98550303314132], [100.01723986203498, 19.00029159336996], [100.01214011827555, 19.016978496669953], [100.01877722768154, 19.03014443816284], [100.00650186900906, 19.059655078480716], [99.98274097316408, 19.093936906154944], [99.97813025231243, 19.113954835859243], [99.97761808686856, 19.11435968354023], [99.93705221849768, 19.149083778179754], [99.91919123744485, 19.141996621442534], [99.91932056380733, 19.158801863920456], [99.91927803811352, 19.159493378393442], [99.9268255575945, 19.162378799574526], [99.9249483840305, 19.16532064311405], [99.93374417592582, 19.166367302600136], [99.9328687324606, 19.171023338660888], [99.93981769587747, 19.17702433285746], [99.93971413887752, 19.186538109063317], [99.94899225812642, 19.189804508537478], [99.94991744497517, 19.194302174843422], [99.957398953769, 19.193942480117126], [99.95916961589859, 19.1998566630793], [99.96428297788381, 19.199091111876847], [99.96495926071766, 19.205679678187444], [99.97425665014917, 19.208626095227128], [99.97392584041692, 19.21362953774187], [99.9852750891251, 19.21420368328932], [99.99201547890051, 19.219110244440742], [99.99507874950379, 19.22882358760124], [100.01522377679476, 19.261467520135213], [100.0112453530113, 19.269620004983217], [100.0143837098856, 19.272331587297934], [100.01524581508792, 19.275381077406763], [100.01952119078581, 19.281309943991257], [100.0162525715274, 19.292616754556466], [100.02228061177436, 19.296886641516508], [100.02542625576777, 19.306666578610226], [100.01411982517429, 19.31465683225878], [100.01848541017146, 19.32777350453507], [100.01552724462678, 19.33197831091621], [100.01161582913386, 19.33048648136564], [100.00900351648004, 19.338245042904653], [100.01452977645215, 19.343769405096413], [100.00849506366751, 19.348842879396294], [100.00308986215897, 19.345893008543445], [100.0032216495606, 19.359080718025023], [99.99768664935188, 19.360660847385578], [100.0048547160352, 19.37718487788551], [100.00256180958394, 19.38127739007006], [100.01236804323858, 19.384905345340744], [100.01255414638496, 19.389112927315786], [100.02645010312004, 19.38756439022876], [100.01368816452796, 19.402995255620212], [100.00246477370645, 19.407225460684383], [100.0004174082264, 19.41552747397238], [100.00828074698225, 19.42114517541274], [100.00505466356205, 19.42922334265923], [100.01260521012507, 19.427846291186768], [100.01011075033459, 19.43879170094884], [100.02644029043574, 19.4364591109425], [100.04017870263559, 19.44453145767626], [100.04791984648492, 19.4434861635736], [100.05355573854918, 19.43117801621067], [100.05703882488827, 19.41442520380429], [100.05137704792517, 19.39434141477421], [100.05809650327964, 19.362924503702043], [100.05066421783967, 19.353149758463843], [100.0714172674763, 19.345251028233488], [100.0730356556994, 19.337244536045645], [100.08152374774946, 19.334790763548227], [100.0736290544206, 19.319979766769727], [100.07789655155904, 19.317401891582975], [100.07271920458415, 19.305529536916193], [100.0693737409262, 19.29709357147472], [100.08579865972227, 19.301679614336386], [100.09002144842853, 19.298019669278986], [100.09968349532771, 19.29908672575704], [100.1066388220889, 19.27929179937832], [100.09659416029747, 19.268994687664094], [100.10582952780041, 19.255283219224484], [100.10518344784113, 19.228144810517914], [100.11175949543569, 19.213335427668042], [100.11510210002957, 19.19185876750996], [100.12084455134918, 19.191030846327987], [100.1149194788487, 19.15702539223439], [100.11255797791945, 19.146688729711563], [100.11378446991485, 19.12283922556895], [100.10958016647011, 19.11697525387016], [100.1070785712302, 19.077101940612323], [100.11395415880375, 19.065530229565518], [100.12289562576075, 19.060214647914602]]]]}}, {"type": "Feature", "properties": {"amp_code": "5602", "amp_th": "จุน", "amp_en": "Chun", "pro_code": "56", "pro_th": "พะเยา", "pro_en": "Phayao", "reg_nesdb": "UpperNorth", "reg_royin": "North", "perimeter": 132.23129460267, "area_sqkm": 530.84542744203}, "geometry": {"type": "MultiPolygon", "coordinates": [[[[100.23561777898394, 19.345532994923584], [100.23730485696494, 19.341478065799112], [100.22764327097177, 19.3338743230471], [100.22991853811753, 19.32978386700883], [100.23338572392298, 19.319572650228842], [100.24570398642932, 19.313195566418646], [100.24369190356818, 19.303473297187168], [100.25029800935603, 19.29371702914766], [100.26053548378174, 19.2878615427036], [100.26437554785454, 19.262566662634097], [100.24357154296895, 19.258534801158486], [100.23667135527728, 19.265358430169584], [100.22612806352166, 19.26601902544832], [100.2127889653244, 19.22749321662946], [100.20615815586001, 19.225379684223707], [100.19126853807226, 19.23169611619256], [100.17159852117241, 19.216461836819594], [100.1431600199259, 19.202378013029495], [100.12567105758619, 19.155473378930783], [100.1149194788487, 19.15702539223439], [100.12084455134918, 19.191030846327987], [100.11510210002957, 19.19185876750996], [100.11175949543569, 19.213335427668042], [100.10518344784113, 19.228144810517914], [100.10582952780041, 19.255283219224484], [100.09659416029747, 19.268994687664094], [100.1066388220889, 19.27929179937832], [100.09968349532771, 19.29908672575704], [100.09002144842853, 19.298019669278986], [100.08579865972227, 19.301679614336386], [100.0693737409262, 19.29709357147472], [100.07271920458415, 19.305529536916193], [100.07789655155904, 19.317401891582975], [100.0736290544206, 19.319979766769727], [100.08152374774946, 19.334790763548227], [100.0730356556994, 19.337244536045645], [100.0714172674763, 19.345251028233488], [100.05066421783967, 19.353149758463843], [100.05809650327964, 19.362924503702043], [100.05137704792517, 19.39434141477421], [100.05703882488827, 19.41442520380429], [100.05355573854918, 19.43117801621067], [100.05563492212501, 19.43511018444105], [100.06678142604177, 19.431084963509264], [100.07229449189475, 19.43462849357187], [100.06497652158387, 19.4474304765524], [100.07053833709708, 19.456508308749346], [100.06590700908382, 19.471022593455178], [100.07015694562371, 19.48421269438662], [100.06722125268315, 19.49558148373503], [100.06575598795587, 19.510637288311255], [100.06790555327271, 19.539932741625268], [100.08362687141782, 19.551061728356853], [100.09901216418682, 19.553519128590505], [100.15422311080043, 19.54507639494238], [100.15757680785606, 19.5402185624318], [100.15265854102643, 19.539332878569212], [100.15326695869209, 19.535003134702816], [100.16074803267912, 19.529357604907197], [100.15648500393958, 19.528013755334143], [100.15523252627877, 19.51998898191434], [100.14689374813352, 19.519104598643043], [100.14911832704315, 19.513626093233928], [100.14357025328427, 19.51215679550003], [100.14618271375191, 19.508726992848057], [100.14247280176166, 19.504722751199175], [100.16340404609919, 19.494561961693446], [100.15969205997612, 19.486763059830178], [100.17116759674965, 19.48005245050833], [100.16384229638157, 19.474136052862104], [100.16731136728708, 19.468656132006938], [100.18285705020509, 19.467342288652876], [100.18497395694072, 19.47458188977032], [100.2091243020298, 19.455736570928657], [100.2077675872724, 19.444489405613755], [100.20467075140046, 19.434405817895207], [100.21250209608701, 19.4302062872871], [100.21357358846275, 19.4174610542545], [100.20327467583546, 19.41457940785887], [100.20708007228589, 19.40113610281757], [100.22125011655402, 19.371982597019887], [100.23561777898394, 19.345532994923584]]]]}}, {"type": "Feature", "properties": {"amp_code": "5603", "amp_th": "เชียงคำ", "amp_en": "Chiang Kham", "pro_code": "56", "pro_th": "พะเยา", "pro_en": "Phayao", "reg_nesdb": "UpperNorth", "reg_royin": "North", "perimeter": 165.79473477057, "area_sqkm": 842.5285500028}, "geometry": {"type": "MultiPolygon", "coordinates": [[[[100.56536978443168, 19.452674672948906], [100.5643880648093, 19.435582855710855], [100.54038236943273, 19.41602701140285], [100.52202585008516, 19.406927873703854], [100.48873464534213, 19.39955789527802], [100.46619358402081, 19.400129628596407], [100.44672095334126, 19.39346872031963], [100.42043141828503, 19.402026735736047], [100.38673352162081, 19.394177856242543], [100.38982004054166, 19.386221352957058], [100.38106351997166, 19.378318952575448], [100.358426181591, 19.392760690745533], [100.35382387516931, 19.363549843706206], [100.34686498347556, 19.357999519869907], [100.33305385576426, 19.371710757477295], [100.31350709365837, 19.364599658448338], [100.31037928772656, 19.33973617062259], [100.29533401981838, 19.338723321506073], [100.28496068824367, 19.34286954262402], [100.28620470832342, 19.33785731317155], [100.27615814524461, 19.3330916242715], [100.24760153234223, 19.350642328329485], [100.23561777898394, 19.345532994923584], [100.22125011655402, 19.371982597019887], [100.20708007228589, 19.40113610281757], [100.20327467583546, 19.41457940785887], [100.21357358846275, 19.4174610542545], [100.21250209608701, 19.4302062872871], [100.20467075140046, 19.434405817895207], [100.2077675872724, 19.444489405613755], [100.2091243020298, 19.455736570928657], [100.18497395694072, 19.47458188977032], [100.18285705020509, 19.467342288652876], [100.16731136728708, 19.468656132006938], [100.16384229638157, 19.474136052862104], [100.17116759674965, 19.48005245050833], [100.15969205997612, 19.486763059830178], [100.16340404609919, 19.494561961693446], [100.14247280176166, 19.504722751199175], [100.14618271375191, 19.508726992848057], [100.14357025328427, 19.51215679550003], [100.14911832704315, 19.513626093233928], [100.14689374813352, 19.519104598643043], [100.15523252627877, 19.51998898191434], [100.15648500393958, 19.528013755334143], [100.16074803267912, 19.529357604907197], [100.15326695869209, 19.535003134702816], [100.15265854102643, 19.539332878569212], [100.15757680785606, 19.5402185624318], [100.15422311080043, 19.54507639494238], [100.16276873734448, 19.542130160983795], [100.16579448861587, 19.553032565109568], [100.1633847778226, 19.557270036561736], [100.16914112156971, 19.566236906594238], [100.16306264694106, 19.56967134146301], [100.1636173021533, 19.575229228048432], [100.16975199857588, 19.576339343146767], [100.16554235539037, 19.58483753171508], [100.17050122690482, 19.58685424644993], [100.16711315410858, 19.590978397196942], [100.17428184616459, 19.597776339024804], [100.16916463984866, 19.601776254651995], [100.1839703090113, 19.61283177184769], [100.18772095345905, 19.609231245741846], [100.21527118867444, 19.608512139259993], [100.22032939422944, 19.610569664521243], [100.23078099097594, 19.6058994973918], [100.23817894844402, 19.6224469295384], [100.25281502435777, 19.636937843249505], [100.2560828877286, 19.608238977339013], [100.24993454943349, 19.602955357930163], [100.24878842849454, 19.589486946964243], [100.24880705237052, 19.573119094651894], [100.25753485862322, 19.55777501700891], [100.2756825939236, 19.55089824799718], [100.2854720542228, 19.552823389472596], [100.29406461093745, 19.55791894442213], [100.30219415185431, 19.546826086713118], [100.31327862436659, 19.549709412919473], [100.32641400269871, 19.554070060421704], [100.33552774623266, 19.571303087679265], [100.36599904991482, 19.569462194562306], [100.36777555733114, 19.5741198981626], [100.38511694696403, 19.570547482064974], [100.42776872419836, 19.58014216076726], [100.44552312227763, 19.571492128877768], [100.48974678401284, 19.570034669020366], [100.48162700691528, 19.559993863325968], [100.48243564159503, 19.548811185136508], [100.50115889484594, 19.538181308114268], [100.51224327963126, 19.523888116902135], [100.52345704014621, 19.5188710511735], [100.53355938595364, 19.524297615284084], [100.54933385300528, 19.519471665513436], [100.57561842262065, 19.499185070544552], [100.59869659874369, 19.510211340792377], [100.6026189429736, 19.47923590126673], [100.58266140175593, 19.474322685582482], [100.56536978443168, 19.452674672948906]]]]}}, {"type": "Feature", "properties": {"amp_code": "5601", "amp_th": "เมืองพะเยา", "amp_en": "Mueang Phayao", "pro_code": "56", "pro_th": "พะเยา", "pro_en": "Phayao", "reg_nesdb": "UpperNorth", "reg_royin": "North", "perimeter": 176.72319083054, "area_sqkm": 886.0752756722}, "geometry": {"type": "MultiPolygon", "coordinates": [[[[100.00446141482908, 18.90631815039274], [99.99641886359515, 18.905534600621053], [99.94549386761413, 18.942734146953136], [99.93985575728337, 18.960246725777225], [99.9257683764314, 18.979795317169845], [99.91036005477484, 18.98828498423555], [99.90610449733217, 18.983394351719767], [99.88924255902106, 18.98887562690515], [99.88219076026294, 19.000359072378195], [99.87106572858549, 18.996571113432623], [99.8395276288276, 19.001452246588748], [99.82928511724715, 19.012279521874422], [99.83446461696346, 19.02755121815974], [99.82967204334531, 19.031736561663507], [99.83294607242044, 19.040415340390798], [99.82048929093538, 19.04587744616337], [99.81986358238869, 19.06081147673498], [99.79433023939744, 19.05348122833089], [99.77353183416547, 19.064269367232445], [99.77391871828239, 19.0763388958286], [99.76528378398609, 19.083767193667317], [99.76300548288879, 19.102957628379905], [99.75733691278214, 19.124147867639095], [99.75802914853317, 19.134040481555484], [99.74260749271835, 19.144423615495388], [99.73922564712542, 19.15864109092876], [99.72623566215825, 19.169817410368392], [99.7292279346305, 19.18118759712179], [99.72050895218318, 19.201862433202155], [99.70266999467941, 19.254845232305346], [99.70547174739117, 19.273780321891827], [99.702575169796, 19.29761723658438], [99.69804860921907, 19.303578605330983], [99.70455175419897, 19.322174071819507], [99.70882693398873, 19.321048236244305], [99.71891477315623, 19.322280691862012], [99.74048324350144, 19.315940943768304], [99.77470970490357, 19.290098289733525], [99.81123011928848, 19.296310620690033], [99.82017464354443, 19.31157201934629], [99.82516643230744, 19.311104460590922], [99.82409533747376, 19.322086580497242], [99.82977957269088, 19.32850167585846], [99.84094960681381, 19.320202329301036], [99.86339351603085, 19.328903626949547], [99.86766808318917, 19.354547150841505], [99.89010766648474, 19.352010313993166], [99.89435026399065, 19.363038898908783], [99.88938844182665, 19.380020165758374], [99.89836735740661, 19.380696709254124], [99.89797473632214, 19.39386249923762], [99.91847836611258, 19.404825157205742], [99.9239506009667, 19.39687928520265], [99.927940288534, 19.313253971902064], [99.9169401769041, 19.26923627472588], [99.91311143936056, 19.252393245519634], [99.91304323363092, 19.251243685093417], [99.91644506850538, 19.24488075945578], [99.92959402165197, 19.2388006337956], [99.92942381102414, 19.230002169085303], [99.9447476015732, 19.21254879148881], [99.95154543301692, 19.208325199222426], [99.95904736542298, 19.212508407689725], [99.96380269759446, 19.209408796930482], [99.96495926071766, 19.205679678187444], [99.96428297788381, 19.199091111876847], [99.95916961589859, 19.1998566630793], [99.957398953769, 19.193942480117126], [99.94991744497517, 19.194302174843422], [99.94899225812642, 19.189804508537478], [99.93971413887752, 19.186538109063317], [99.93981769587747, 19.17702433285746], [99.9328687324606, 19.171023338660888], [99.93374417592582, 19.166367302600136], [99.9249483840305, 19.16532064311405], [99.9268255575945, 19.162378799574526], [99.91927803811352, 19.159493378393442], [99.91932056380733, 19.158801863920456], [99.91919123744485, 19.141996621442534], [99.93705221849768, 19.149083778179754], [99.97761808686856, 19.11435968354023], [99.97813025231243, 19.113954835859243], [99.98274097316408, 19.093936906154944], [100.00650186900906, 19.059655078480716], [100.01877722768154, 19.03014443816284], [100.01214011827555, 19.016978496669953], [100.01723986203498, 19.00029159336996], [100.00735990055185, 18.98550303314132], [100.01176579965373, 18.977348320345563], [100.00294184752033, 18.963818774542634], [100.00816846178786, 18.96170182107847], [100.01408537796094, 18.95193483578868], [100.01105533513434, 18.946940568394115], [100.02016977637307, 18.937701535966138], [100.01637328259521, 18.924310866603882], [100.02682232598605, 18.898573495998424], [100.01715210307836, 18.89606816550333], [100.00446141482908, 18.90631815039274]]]]}}, {"type": "Feature", "properties": {"amp_code": "5408", "amp_th": "หนองม่วงไข่", "amp_en": "Nong Muang Khai", "pro_code": "54", "pro_th": "แพร่", "pro_en": "Phrae", "reg_nesdb": "UpperNorth", "reg_royin": "North", "perimeter": 71.74956059055, "area_sqkm": 133.52383543962}, "geometry": {"type": "MultiPolygon", "coordinates": [[[[100.17600099294545, 18.245719600018145], [100.16818203031221, 18.248769968147727], [100.16575697021787, 18.239774939137668], [100.16173839176376, 18.249424810668287], [100.15057264808765, 18.259134655196988], [100.12408678336213, 18.257769311221566], [100.10810262117417, 18.278126957149034], [100.08979659428597, 18.278189236742076], [100.09082863027197, 18.28448332153045], [100.08748009677984, 18.29449627443888], [100.07593855483938, 18.309998093431624], [100.08296844875193, 18.321878232062538], [100.07190495994931, 18.334580178638724], [100.07578172438475, 18.348908062724732], [100.07901656001437, 18.35443851690314], [100.09830775237137, 18.356986297984136], [100.10293810889466, 18.346654002190803], [100.11651684736371, 18.336408371185385], [100.12749097142138, 18.34810536339704], [100.15644748868844, 18.34536765909008], [100.16037537596034, 18.317976808492617], [100.16850775127801, 18.3097804740091], [100.16224410011255, 18.30389051718342], [100.16168876265182, 18.29633567710278], [100.17986232232435, 18.28905696762611], [100.18373566184265, 18.29950782777349], [100.2054773424252, 18.317862192811024], [100.22020422391962, 18.31311922208735], [100.22862715577006, 18.30523716358379], [100.231076288467, 18.295268602264407], [100.23959529296465, 18.291690347121808], [100.24366869787066, 18.288821847493303], [100.25386659452727, 18.283076813425673], [100.25889816273617, 18.287780068841986], [100.26738734853777, 18.283490314500146], [100.27765746089801, 18.273796858623644], [100.27775720521532, 18.259797380001316], [100.27757935215877, 18.258838428268636], [100.27195582664234, 18.260703540631543], [100.26172516049235, 18.255427220077433], [100.24906278807927, 18.261746704705892], [100.24492365352211, 18.269974470166755], [100.2377829263671, 18.265579269978065], [100.22812000729597, 18.264787568673608], [100.22802160556694, 18.26819617788917], [100.21587197577537, 18.259240404275815], [100.20324267347965, 18.25813640036022], [100.19738862801168, 18.250820525396527], [100.19881977623878, 18.246601537441745], [100.18559117551679, 18.240311773117764], [100.18820638310211, 18.23468706419205], [100.17894270920405, 18.23384398588325], [100.17600099294545, 18.245719600018145]]]]}}, {"type": "Feature", "properties": {"amp_code": "5718", "amp_th": "ดอยหลวง", "amp_en": "Doi Luang", "pro_code": "57", "pro_th": "เชียงราย", "pro_en": "Chiang Rai", "reg_nesdb": "UpperNorth", "reg_royin": "North", "perimeter": 102.26167626592, "area_sqkm": 316.28990927581}, "geometry": {"type": "MultiPolygon", "coordinates": [[[[100.06673416577418, 20.148712010727532], [100.07057668683478, 20.154234134144183], [100.0715215834488, 20.160202998934576], [100.08105055322729, 20.163451660962284], [100.0786765149819, 20.168688632159874], [100.06830869310518, 20.171130427344718], [100.06792523654266, 20.175331921231674], [100.08834206497046, 20.18428498966881], [100.08097466330103, 20.196168899305704], [100.08203678999281, 20.208696531529714], [100.09564491376311, 20.207896152179025], [100.09742441632689, 20.202502311323553], [100.1043249867734, 20.202429718746586], [100.10849351264118, 20.214580657152464], [100.11856848234802, 20.21740577842937], [100.11764147875714, 20.226986690306045], [100.12389135707078, 20.22738273572144], [100.12466848078681, 20.220140611241362], [100.13403977882463, 20.215185563105983], [100.15332984900945, 20.216991203326685], [100.15769097530274, 20.209648619267615], [100.17126929193024, 20.20821916997301], [100.1712281694299, 20.198881721517946], [100.18055584821995, 20.19287878119221], [100.19240108623471, 20.192261253065507], [100.20320732686449, 20.2021644973186], [100.20715930562478, 20.198593429772078], [100.20408141650904, 20.194329707416415], [100.21159312743026, 20.19733416761584], [100.2248493408673, 20.18843775583932], [100.24310291825975, 20.19526650609745], [100.25758993801176, 20.191244596733437], [100.25891546664509, 20.18649633695937], [100.26487098158499, 20.188771030340604], [100.27000774459289, 20.182689713171218], [100.3050967005848, 20.187288981850195], [100.30204894002924, 20.179589144610553], [100.30780570848513, 20.17348865679806], [100.29408157836028, 20.160431006700783], [100.29259505713415, 20.149033259282085], [100.28234621989922, 20.145781113693776], [100.28175966212874, 20.13837908713464], [100.27397946553705, 20.132135967460215], [100.26825415041881, 20.132199850036475], [100.26846757080828, 20.137605680365343], [100.26377040722224, 20.13885688300406], [100.24295944380842, 20.13094351221473], [100.23476601132367, 20.107157820368972], [100.2259130014715, 20.103189949512863], [100.22830755476163, 20.08354924978846], [100.20724363061855, 20.07037454011041], [100.19684361728225, 20.068602130740864], [100.1962620340794, 20.07607810860758], [100.18863600173644, 20.06897828034105], [100.17309257034572, 20.064907905408997], [100.15886862493035, 20.072281871230366], [100.15658133987048, 20.082138461429633], [100.12482662272018, 20.09103776614772], [100.12021628050306, 20.088604965789653], [100.08913117392709, 20.06872061270954], [100.06964822361974, 20.072729373570166], [100.05571632988334, 20.064611239236793], [100.05131248184999, 20.053343150054086], [100.04710540148345, 20.05353752907315], [100.03421617749385, 20.066590641639646], [100.03274170273843, 20.08410779980928], [100.01722274668953, 20.096131535280232], [100.01498728657371, 20.107389096594233], [100.02069114539201, 20.11228504854146], [100.02828349832401, 20.106309162247612], [100.02314270051349, 20.125772105183568], [100.03501841422614, 20.127478245221457], [100.03607346558418, 20.138965118532496], [100.05615501122273, 20.13734601440894], [100.05704581393191, 20.153859596715016], [100.06673416577418, 20.148712010727532]]]]}}, {"type": "Feature", "properties": {"amp_code": "5716", "amp_th": "แม่ลาว", "amp_en": "Mae Lao", "pro_code": "57", "pro_th": "เชียงราย", "pro_en": "Chiang Rai", "reg_nesdb": "UpperNorth", "reg_royin": "North", "perimeter": 83.43181175898, "area_sqkm": 212.77349083215}, "geometry": {"type": "MultiPolygon", "coordinates": [[[[99.7344270039227, 19.745348464281538], [99.72599601043169, 19.736344170379112], [99.7293497765573, 19.73171520641606], [99.72341484733442, 19.72979191277142], [99.72778547985062, 19.723850848332216], [99.72241923096176, 19.725243830026063], [99.71292640577084, 19.713229472159842], [99.69484664040168, 19.712408071446813], [99.6903254883202, 19.717682503190318], [99.68294268001361, 19.71402614011521], [99.67852180755212, 19.717305095920025], [99.67875177240907, 19.71074598406607], [99.67032753178937, 19.71434934516388], [99.67037944940074, 19.708059735504662], [99.66032537803682, 19.708496888999612], [99.65823657438949, 19.694269748702055], [99.65513488784637, 19.698747412062612], [99.64567062700095, 19.698024897176076], [99.639810587975, 19.701043765160012], [99.64214677515419, 19.704713303495545], [99.63560847180493, 19.71304344871538], [99.62442103435944, 19.71399995610031], [99.62033261651182, 19.718902933655258], [99.62273175585096, 19.726241351007992], [99.61596914955847, 19.737072454447873], [99.63533328528075, 19.74903698759815], [99.62452400351084, 19.76013121068793], [99.64250186386947, 19.765186767843797], [99.64271720597088, 19.772028882913077], [99.62689229622733, 19.786516335265574], [99.61319505215515, 19.811195093026377], [99.62376578799996, 19.843136285889056], [99.61872101503427, 19.850830321345246], [99.6322414134498, 19.854765704698057], [99.63739756011516, 19.861646650050385], [99.64767089974801, 19.859013911424885], [99.64687501542893, 19.848069192816546], [99.65243365048445, 19.848030871820786], [99.66323270019213, 19.83557728980174], [99.68174503037714, 19.825562985056035], [99.69220639952908, 19.81193653238737], [99.70413782315075, 19.82307239277636], [99.71246451822277, 19.83011029433089], [99.72431089344218, 19.826744024059536], [99.7390395464216, 19.831452558704], [99.75652237743164, 19.816144149410952], [99.76686226775163, 19.82160313134915], [99.78067973544987, 19.815197549720864], [99.78896793329419, 19.795457608898765], [99.79628574411241, 19.789736846307136], [99.7995264285856, 19.77544060086016], [99.78705660632191, 19.75325308968593], [99.79018363588094, 19.748059263813044], [99.8078598516926, 19.7437152854493], [99.80762684235965, 19.732843441395122], [99.80325271670712, 19.730848007708477], [99.79089348030448, 19.734858616101825], [99.77424909616235, 19.729814478995774], [99.75519349563373, 19.73092366767254], [99.75550623000106, 19.742000929179902], [99.74664264325216, 19.74946372474724], [99.73870988911428, 19.750547101217258], [99.7344270039227, 19.745348464281538]]]]}}, {"type": "Feature", "properties": {"amp_code": "5717", "amp_th": "เวียงเชียงรุ้ง", "amp_en": "Wiang Chiang Rung", "pro_code": "57", "pro_th": "เชียงราย", "pro_en": "Chiang Rai", "reg_nesdb": "UpperNorth", "reg_royin": "North", "perimeter": 93.45599264884, "area_sqkm": 273.32889781496}, "geometry": {"type": "MultiPolygon", "coordinates": [[[[100.11599612878324, 19.994345641018345], [100.11123899758212, 19.98690550969753], [100.11861186727214, 19.982052318362285], [100.09224973912765, 19.949250727116688], [100.05127087552047, 19.943769489024945], [100.04636371173301, 19.937694915314232], [100.04038579163733, 19.937754869334093], [100.0393242920094, 19.92830078404798], [100.01258491525724, 19.914332341811544], [99.99719442175615, 19.917595364687504], [99.99663494033487, 19.923885110012108], [99.98898877810656, 19.926970596861416], [99.98470634164985, 19.950042276796214], [99.98162048611513, 19.9452162081444], [99.9794482092585, 19.952926648331427], [99.98249868110297, 19.974590995816783], [99.98651618390384, 19.975729787034783], [99.98351413720343, 19.99211235764884], [99.9797016831855, 20.000430490441264], [99.9740676098366, 20.008715654245584], [99.97552125788252, 20.015798407259723], [99.9599510193871, 20.020340354703688], [99.97503167819963, 20.05314775060501], [99.963725553852, 20.05367958833384], [99.95943025139266, 20.060434522201408], [99.96376221274734, 20.063501152013036], [99.97204019731346, 20.060169105314383], [99.97873238861855, 20.070823579241807], [99.97467971681054, 20.07627865044642], [99.98001799419552, 20.081496544274138], [99.99783221263803, 20.079546762837815], [99.99750619598026, 20.091500396641653], [100.00836508895313, 20.093735990659596], [100.01078975068397, 20.11005156547721], [100.01498728657371, 20.107389096594233], [100.01722274668953, 20.096131535280232], [100.03274170273843, 20.08410779980928], [100.03421617749385, 20.066590641639646], [100.04710540148345, 20.05353752907315], [100.05131248184999, 20.053343150054086], [100.05571632988334, 20.064611239236793], [100.06964822361974, 20.072729373570166], [100.08913117392709, 20.06872061270954], [100.12021628050306, 20.088604965789653], [100.12482662272018, 20.09103776614772], [100.15658133987048, 20.082138461429633], [100.15886862493035, 20.072281871230366], [100.17309257034572, 20.064907905408997], [100.18863600173644, 20.06897828034105], [100.1962620340794, 20.07607810860758], [100.19684361728225, 20.068602130740864], [100.20724363061855, 20.07037454011041], [100.20162178797588, 20.064915000543653], [100.20437022382134, 20.05629261287214], [100.20000702235403, 20.050691142340302], [100.18049500808178, 20.03855044367534], [100.14688328438841, 20.03068495423343], [100.13644497486541, 20.018240645209634], [100.13688743266249, 20.009473545670495], [100.11920969241382, 20.007991380932225], [100.11599612878324, 19.994345641018345]]]]}}, {"type": "Feature", "properties": {"amp_code": "5505", "amp_th": "ปัว", "amp_en": "Pua", "pro_code": "55", "pro_th": "น่าน", "pro_en": "Nan", "reg_nesdb": "UpperNorth", "reg_royin": "North", "perimeter": 182.14592974896, "area_sqkm": 813.71976525369}, "geometry": {"type": "MultiPolygon", "coordinates": [[[[101.07616596586934, 19.08404696147135], [101.0715548330316, 19.06894382342681], [101.05331103734206, 19.041664832825052], [101.06384203626617, 19.028973426351413], [101.06482262567822, 19.013832139790505], [101.07600349187413, 19.015396062213167], [101.07675317968044, 19.00421157644628], [101.06947749710456, 18.989126689266758], [101.08290865774887, 18.965031791193148], [101.0919025044849, 18.960976259477086], [101.05134884589586, 18.960659657905953], [101.03718606558547, 18.9729317125661], [101.01401808137254, 18.97449046445581], [100.99651890293744, 18.982541272345884], [100.9917414690387, 18.976906224377792], [100.97125935943887, 18.973329118130206], [100.96458297399431, 18.98248778246255], [100.93985771722471, 18.984038110545068], [100.924784920201, 18.967535108711797], [100.91348904126292, 18.967932194704144], [100.90433148668048, 18.97618406838594], [100.9020525002427, 18.981462891049002], [100.90869793758466, 18.98469406222899], [100.90500190272894, 18.989368715437784], [100.91001214129261, 18.988716324339897], [100.91456148240836, 18.99499516732523], [100.91909032653452, 18.991172159318673], [100.92024820841839, 18.99566569590925], [100.92815634339416, 18.99548858528218], [100.9307387841852, 18.99985651452476], [100.92823835472691, 19.012493560863586], [100.90946599852151, 19.032018297709097], [100.90872586747003, 19.03956682560705], [100.9077414044701, 19.042000289360477], [100.91494104225134, 19.046630027894746], [100.95506753015286, 19.051925289667153], [100.96740951134377, 19.05731353813298], [100.96883896258454, 19.06372556544046], [100.95167701509314, 19.071789696469146], [100.92282366938697, 19.07467197879517], [100.9172203326749, 19.10154662601149], [100.92444451027244, 19.114405069991555], [100.93304696507444, 19.119107188146007], [100.92136477047653, 19.12488683418839], [100.89827858898141, 19.114225170978997], [100.88368069600793, 19.136729120318908], [100.87569528262212, 19.146083902736617], [100.8627260098525, 19.14654781697701], [100.81746448904835, 19.145124242579517], [100.81142984913929, 19.149942479370768], [100.80922563757304, 19.160129698812877], [100.79409040573299, 19.174563256706566], [100.79812547355176, 19.188881074761877], [100.78544651844753, 19.22140778223423], [100.79259026810394, 19.233825244003697], [100.79946123356432, 19.221812668267496], [100.81225751478209, 19.223579107611485], [100.81270823769782, 19.223865990873932], [100.83158430034517, 19.21738159048918], [100.83582468363396, 19.22071779721789], [100.8393642193376, 19.21789083680864], [100.85397359406893, 19.220433362501076], [100.88579504931876, 19.244833514561144], [100.88828090925846, 19.246433923175093], [100.9441374609463, 19.265358679797142], [100.97233257479117, 19.26413976221617], [100.99322131624693, 19.2657243369817], [101.00413539670465, 19.28462415153886], [101.01287157674511, 19.28129650896292], [101.0225302620201, 19.284229421955764], [101.03976226392115, 19.29926275459006], [101.04634670171785, 19.310577242468327], [101.04581911889372, 19.3206006046542], [101.0265881654606, 19.3249230794602], [101.00978006447399, 19.319761596182424], [101.00944880221516, 19.33857423511542], [101.01432025113118, 19.347914742769028], [101.03595668139994, 19.359229471874265], [101.03872595199672, 19.369927250070244], [101.05128537130157, 19.372559162234342], [101.05968317021141, 19.380187285558126], [101.0871831891328, 19.382122899590676], [101.09333220633042, 19.35466536358437], [101.1115420215525, 19.34467736855666], [101.11267685757562, 19.310186957334942], [101.129480850489, 19.287778401065736], [101.12882523232874, 19.27348531033818], [101.1257111102532, 19.260284372394104], [101.12960590646126, 19.251450388577588], [101.12827038513714, 19.20874642298989], [101.10673394192726, 19.195152708369733], [101.10862108606565, 19.178025355353913], [101.08500152467415, 19.141181663844797], [101.07118534213953, 19.128237914181252], [101.07061108100513, 19.091566169769358], [101.07616596586934, 19.08404696147135]]]]}}, {"type": "Feature", "properties": {"amp_code": "5506", "amp_th": "ท่าวังผา", "amp_en": "Tha Wang Pha", "pro_code": "55", "pro_th": "น่าน", "pro_en": "Nan", "reg_nesdb": "UpperNorth", "reg_royin": "North", "perimeter": 157.3280377813, "area_sqkm": 766.59794010962}, "geometry": {"type": "MultiPolygon", "coordinates": [[[[100.90872586747003, 19.03956682560705], [100.90946599852151, 19.032018297709097], [100.92823835472691, 19.012493560863586], [100.9307387841852, 18.99985651452476], [100.92815634339416, 18.99548858528218], [100.92024820841839, 18.99566569590925], [100.91909032653452, 18.991172159318673], [100.91456148240836, 18.99499516732523], [100.91001214129261, 18.988716324339897], [100.90500190272894, 18.989368715437784], [100.90869793758466, 18.98469406222899], [100.9020525002427, 18.981462891049002], [100.90433148668048, 18.97618406838594], [100.89849750029474, 18.98267377849309], [100.89082127199518, 18.979220129020533], [100.88667493859944, 18.985739689895905], [100.8842640868128, 18.981626751392636], [100.87988579680878, 18.986122701574562], [100.83080601261602, 18.994029428240683], [100.81575861296731, 19.003394768558028], [100.78470162401747, 19.010504377619945], [100.77990537239607, 19.01566625102806], [100.77128721396546, 19.011961424715377], [100.74668154953389, 19.01648912599303], [100.73537125524862, 19.008446630298867], [100.72679079941054, 19.01500465669413], [100.72634358882021, 19.02740407461177], [100.70856561442095, 19.044249266849977], [100.68643128671752, 19.044414402610403], [100.67149790915357, 19.05119743573221], [100.66480091996641, 19.06089566028267], [100.65649265937321, 19.05816745105253], [100.63327664114291, 19.061635978622085], [100.61469282203626, 19.041907188739394], [100.56394091833609, 19.074556036000665], [100.56849860797813, 19.078845058312943], [100.56377979318896, 19.080423353768015], [100.57233262527846, 19.091890452681298], [100.56843718610735, 19.096666998147825], [100.57416004863683, 19.10499127664351], [100.58533963612207, 19.09639805911373], [100.60121969872402, 19.10471275896087], [100.61010584882058, 19.102778616334724], [100.62236333790712, 19.111448268821636], [100.62905970981481, 19.155168958038253], [100.62563345701743, 19.173397395636133], [100.61793421771144, 19.18367687287389], [100.61938248238623, 19.19594898826577], [100.61656705215584, 19.226348357990975], [100.60019213041633, 19.251970005642953], [100.60604966731965, 19.258209051044144], [100.61235275459568, 19.3124018887525], [100.61924067915848, 19.305456550384793], [100.65805796601552, 19.297306778067476], [100.66417768745575, 19.292162460167734], [100.70568017718254, 19.288594921620177], [100.72507739925113, 19.279943163798144], [100.7320931823792, 19.268791840454217], [100.74920037494432, 19.269033204941252], [100.75680839145056, 19.276275594493317], [100.77772250800274, 19.274176173432615], [100.77895879463865, 19.249279944006652], [100.79131655513837, 19.24309980986172], [100.79259026810394, 19.233825244003697], [100.78544651844753, 19.22140778223423], [100.79812547355176, 19.188881074761877], [100.79409040573299, 19.174563256706566], [100.80922563757304, 19.160129698812877], [100.81142984913929, 19.149942479370768], [100.81746448904835, 19.145124242579517], [100.8627260098525, 19.14654781697701], [100.87569528262212, 19.146083902736617], [100.88368069600793, 19.136729120318908], [100.89827858898141, 19.114225170978997], [100.92136477047653, 19.12488683418839], [100.93304696507444, 19.119107188146007], [100.92444451027244, 19.114405069991555], [100.9172203326749, 19.10154662601149], [100.92282366938697, 19.07467197879517], [100.95167701509314, 19.071789696469146], [100.96883896258454, 19.06372556544046], [100.96740951134377, 19.05731353813298], [100.95506753015286, 19.051925289667153], [100.91494104225134, 19.046630027894746], [100.9077414044701, 19.042000289360477], [100.90872586747003, 19.03956682560705]]]]}}, {"type": "Feature", "properties": {"amp_code": "5503", "amp_th": "บ้านหลวง", "amp_en": "Ban Luang", "pro_code": "55", "pro_th": "น่าน", "pro_en": "Nan", "reg_nesdb": "UpperNorth", "reg_royin": "North", "perimeter": 89.91047347153, "area_sqkm": 379.65014940197}, "geometry": {"type": "MultiPolygon", "coordinates": [[[[100.50647143025054, 18.81949555229776], [100.50854487853067, 18.794044153013783], [100.49410514023495, 18.735966124426977], [100.47815474014239, 18.728558224035122], [100.46410598388236, 18.728326368971533], [100.45110305781373, 18.746383667141522], [100.43695611623703, 18.741038683046266], [100.41836864244023, 18.74713728525644], [100.40537893742172, 18.73884558041133], [100.39180280855874, 18.740364517850374], [100.37145126678102, 18.74391337540921], [100.3584550370008, 18.751337431563766], [100.36243920555734, 18.777893188656318], [100.35697562586168, 18.784495267757606], [100.33750249415856, 18.786758037476204], [100.34004926319933, 18.805424960304737], [100.34511693479207, 18.813979388055557], [100.33852926225799, 18.821600001624482], [100.34798593700839, 18.82928918707314], [100.34817038332774, 18.834120917205983], [100.36405644382194, 18.849280377023597], [100.36639263727223, 18.87129477941814], [100.38633384392871, 18.891366937604975], [100.39084490496595, 18.926487669110344], [100.40711266134284, 18.935581366050258], [100.40449582581407, 18.944488843693563], [100.40957938445467, 18.945731067725315], [100.4239353238619, 18.94839190831274], [100.43837007343184, 18.945590171562856], [100.4539845498077, 18.934614560569436], [100.46209733779378, 18.94536733696554], [100.48182014273073, 18.95159538794632], [100.4809122561944, 18.96573392686849], [100.48966381160496, 18.969176242301426], [100.50075722789848, 18.986260480349205], [100.51095000916985, 18.97248240463945], [100.53371657778307, 18.95715458872467], [100.5389162505393, 18.946861094747266], [100.52826297396773, 18.932718751875203], [100.51836020470033, 18.930972677170086], [100.53195785719402, 18.910606218614593], [100.52651928800499, 18.899879856890475], [100.52982518771032, 18.873685448518017], [100.52873494298667, 18.835322684722133], [100.50647143025054, 18.81949555229776]]]]}}, {"type": "Feature", "properties": {"amp_code": "5504", "amp_th": "นาน้อย", "amp_en": "Na Noi", "pro_code": "55", "pro_th": "น่าน", "pro_en": "Nan", "reg_nesdb": "UpperNorth", "reg_royin": "North", "perimeter": 197.64433299049, "area_sqkm": 1078.99689402616}, "geometry": {"type": "MultiPolygon", "coordinates": [[[[100.91272372633665, 18.227624049002465], [100.92534863352839, 18.211943901374696], [100.91591680817083, 18.21125915065047], [100.89456343702895, 18.221188979525227], [100.87551183419235, 18.21670886538104], [100.8593354565412, 18.22051301383606], [100.85119698831515, 18.20634076358687], [100.82970061350461, 18.196938564456488], [100.81551385292974, 18.178757483848024], [100.81037182338605, 18.182063075467543], [100.81424279373832, 18.189919586235536], [100.81015179654395, 18.203041756183048], [100.81451165848743, 18.22067827189356], [100.80183781227475, 18.23366454415698], [100.79117483344187, 18.236251381663873], [100.76948174172928, 18.22533548326397], [100.77373551964007, 18.20933027636135], [100.76484881365526, 18.195000299502713], [100.76537110861528, 18.18314495506189], [100.75554457095161, 18.178345942723112], [100.73595231950775, 18.185853752577746], [100.71255470834248, 18.21133757913074], [100.69967198403775, 18.211190159499164], [100.6879676783652, 18.216953003797904], [100.66314897081739, 18.24612822160599], [100.63738717159325, 18.24549866177099], [100.63242987954474, 18.236779973118164], [100.60111556745883, 18.236524716008503], [100.5803862498588, 18.239591647136297], [100.55431211876918, 18.235159503882354], [100.53419221721418, 18.25175669023945], [100.52554080313624, 18.252770072885365], [100.52178766377268, 18.27449385755463], [100.5035375409397, 18.27027049524321], [100.4994529657191, 18.276480858459745], [100.49235961064439, 18.277368785422944], [100.4940632794164, 18.28026278578169], [100.48297731585178, 18.292318339768617], [100.4856647535787, 18.300340567800355], [100.48024871216742, 18.32027183684506], [100.49329439412625, 18.337943756076143], [100.48320292689003, 18.34302502392649], [100.48144698140293, 18.34973992621682], [100.49675837704207, 18.352751196592738], [100.50409036025697, 18.360291446742938], [100.51746890798604, 18.392037478095624], [100.536371808854, 18.39065911881559], [100.55045535738377, 18.41792499864613], [100.57028870172338, 18.420837544149734], [100.57718628353707, 18.44727810744215], [100.58443614125099, 18.44393668858796], [100.5904162613797, 18.428023795482286], [100.60667569882864, 18.431565431730462], [100.64062106227166, 18.418755580862076], [100.65448741800985, 18.420460418237557], [100.66708875140075, 18.43305481341795], [100.66803815567017, 18.4372049084469], [100.67720955636926, 18.439405442837824], [100.69026575982484, 18.43757970175748], [100.69999370902849, 18.430831716991683], [100.71673350368798, 18.43627259179066], [100.71569611467481, 18.422174961294573], [100.73515604686617, 18.419513545914935], [100.73510223117361, 18.42346794660449], [100.75273073175302, 18.42195872674863], [100.76410381994616, 18.426754800513], [100.78830640192581, 18.42288512738171], [100.8044625217532, 18.429295961647856], [100.83537293204787, 18.424449613831], [100.83629078449619, 18.428658730554513], [100.84580941344558, 18.42943034020977], [100.84957456747837, 18.41733832348427], [100.84832645898155, 18.39207084114685], [100.85769168881704, 18.384181708213625], [100.86145387490842, 18.372616962746868], [100.87705999817598, 18.367634806979197], [100.88304195324437, 18.344314442176238], [100.88926089090077, 18.33689326689391], [100.90579997860773, 18.350351250278607], [100.9070385031662, 18.34520963788812], [100.9103121524563, 18.350184099531415], [100.9150359273043, 18.348455176834538], [100.91277631961403, 18.353317981770214], [100.91840516323813, 18.35889874470548], [100.94005892579682, 18.35942471052455], [100.96361245237203, 18.377244603080822], [100.98633421884647, 18.378939771111284], [100.99066117246768, 18.388764086304924], [101.01973615151904, 18.383808522417127], [101.02596628649353, 18.39806638976912], [101.03450780175375, 18.401092917460478], [101.0552406790815, 18.42376096665468], [101.07962983285485, 18.404126493574967], [101.08580247184359, 18.380723148428785], [101.07423955403337, 18.357661614377633], [101.05519394611323, 18.353333210904132], [101.02257608053614, 18.32481597016184], [101.00525506837721, 18.318365716096096], [100.99765266532887, 18.30790851371861], [100.98015244843337, 18.30622531894565], [100.963442388951, 18.278057939763027], [100.9401291212691, 18.254704226614788], [100.92559983760844, 18.250231053563528], [100.91272372633665, 18.227624049002465]]]]}}, {"type": "Feature", "properties": {"amp_code": "5608", "amp_th": "ภูซาง", "amp_en": "Phu Sang", "pro_code": "56", "pro_th": "พะเยา", "pro_en": "Phayao", "reg_nesdb": "UpperNorth", "reg_royin": "North", "perimeter": 87.40504462067, "area_sqkm": 294.45393220568}, "geometry": {"type": "MultiPolygon", "coordinates": [[[[100.33552774623266, 19.571303087679265], [100.32641400269871, 19.554070060421704], [100.31327862436659, 19.549709412919473], [100.30219415185431, 19.546826086713118], [100.29406461093745, 19.55791894442213], [100.2854720542228, 19.552823389472596], [100.2756825939236, 19.55089824799718], [100.25753485862322, 19.55777501700891], [100.24880705237052, 19.573119094651894], [100.24878842849454, 19.589486946964243], [100.24993454943349, 19.602955357930163], [100.2560828877286, 19.608238977339013], [100.25281502435777, 19.636937843249505], [100.25775609955228, 19.644829651246337], [100.26265273908794, 19.648425296989476], [100.26897203278342, 19.641355842804675], [100.26898334970458, 19.646435881477963], [100.2732783003671, 19.64535291137278], [100.28003128257316, 19.651412844431444], [100.28333067264658, 19.643634784207286], [100.311137653172, 19.646361654681243], [100.31743703931826, 19.649477941717493], [100.33511235745401, 19.683529746661545], [100.34326101449855, 19.686689985329743], [100.33444364249557, 19.703192855474473], [100.34787788909732, 19.71524006479027], [100.37503573015353, 19.708664221739028], [100.38388234131881, 19.71038284858516], [100.39484305335095, 19.72758398241331], [100.40665609978726, 19.73600701358443], [100.43717717460096, 19.719563182665784], [100.44541530001591, 19.70646883227202], [100.43492000325539, 19.69293086480855], [100.42832162438333, 19.6740012935535], [100.44335690112976, 19.662535654246707], [100.44262249900859, 19.635324128326534], [100.4473877965438, 19.628191257521802], [100.45566090711773, 19.627876080099774], [100.4599250091873, 19.61931043405821], [100.48282796265345, 19.609329618554284], [100.48443058893085, 19.58727615740319], [100.49168942171535, 19.579028517373153], [100.48974678401284, 19.570034669020366], [100.44552312227763, 19.571492128877768], [100.42776872419836, 19.58014216076726], [100.38511694696403, 19.570547482064974], [100.36777555733114, 19.5741198981626], [100.36599904991482, 19.569462194562306], [100.33552774623266, 19.571303087679265]]]]}}, {"type": "Feature", "properties": {"amp_code": "5501", "amp_th": "เมืองน่าน", "amp_en": "Mueang Nan", "pro_code": "55", "pro_th": "น่าน", "pro_en": "Nan", "reg_nesdb": "UpperNorth", "reg_royin": "North", "perimeter": 178.26120811892, "area_sqkm": 993.65607629752}, "geometry": {"type": "MultiPolygon", "coordinates": [[[[100.77870251496651, 18.705209332297056], [100.77911024346304, 18.69336234555183], [100.7928183014305, 18.674960711518267], [100.77136419761892, 18.674437125886943], [100.74797721978584, 18.673951669869442], [100.73642045057032, 18.679748534327786], [100.72963889423197, 18.675254273067676], [100.71652111932977, 18.682916470117824], [100.71157666926108, 18.69983747695552], [100.70825896174782, 18.701967192485238], [100.69166720415622, 18.686895049500468], [100.68940461271448, 18.695821553526812], [100.67563994592987, 18.68844720569127], [100.63906972017054, 18.69063830140653], [100.63192948150477, 18.695456394391172], [100.6302421463316, 18.707120663642055], [100.6210389772926, 18.701146967168555], [100.61013314601426, 18.710183472859583], [100.589596695703, 18.703298902470255], [100.59711178888121, 18.715015775437166], [100.59615760664065, 18.721643302274988], [100.59290567903558, 18.737077091882714], [100.59789474027635, 18.74534803543973], [100.60574114511145, 18.747880717940824], [100.60189973915547, 18.765175248344306], [100.6079196476811, 18.77741693210158], [100.59075214522039, 18.784541273986214], [100.58679509357495, 18.798323033336235], [100.58144792272033, 18.81297147312746], [100.56878917403014, 18.827583215409142], [100.53946384775809, 18.82876623772869], [100.52873494298667, 18.835322684722133], [100.52982518771032, 18.873685448518017], [100.52651928800499, 18.899879856890475], [100.53195785719402, 18.910606218614593], [100.51836020470033, 18.930972677170086], [100.52826297396773, 18.932718751875203], [100.5389162505393, 18.946861094747266], [100.53371657778307, 18.95715458872467], [100.51095000916985, 18.97248240463945], [100.50075722789848, 18.986260480349205], [100.50338041637036, 18.99260904125054], [100.49747419281759, 18.996910281684976], [100.48301930157457, 19.003279147178407], [100.45959505096529, 19.003424826415642], [100.45720921274689, 19.00958092104911], [100.47944617955888, 19.027063828340538], [100.47975565924068, 19.036397058066377], [100.48968037504838, 19.039391513595618], [100.49440233019938, 19.052526717744723], [100.53147551686311, 19.04130838899285], [100.5373404847097, 19.046592608076516], [100.54846210811232, 19.04050489638942], [100.55636019644889, 19.044581049993507], [100.5659782854859, 19.03041190062028], [100.5824887452772, 19.03052417850031], [100.605496138567, 19.0203353429431], [100.61951214052907, 19.03402276532166], [100.61469282203626, 19.041907188739394], [100.63327664114291, 19.061635978622085], [100.65649265937321, 19.05816745105253], [100.66480091996641, 19.06089566028267], [100.67149790915357, 19.05119743573221], [100.68643128671752, 19.044414402610403], [100.70856561442095, 19.044249266849977], [100.72634358882021, 19.02740407461177], [100.72679079941054, 19.01500465669413], [100.73537125524862, 19.008446630298867], [100.74668154953389, 19.01648912599303], [100.77128721396546, 19.011961424715377], [100.77990537239607, 19.01566625102806], [100.78470162401747, 19.010504377619945], [100.81575861296731, 19.003394768558028], [100.83080601261602, 18.994029428240683], [100.83597432388906, 18.97974960539018], [100.82792227961308, 18.96561415979007], [100.82171430398382, 18.96869722351207], [100.82300999795568, 18.964779483571142], [100.81638577471944, 18.96165776113743], [100.81803291833315, 18.956210963135586], [100.81079440084822, 18.951995120820953], [100.80998993802478, 18.935832930187402], [100.81530506279178, 18.932023906687117], [100.81120620458728, 18.927179861761584], [100.80158837428826, 18.925695885836774], [100.79889352951814, 18.92908276316733], [100.79587782311022, 18.916722629011314], [100.80243603956895, 18.912726923885774], [100.79340261177852, 18.90715554893582], [100.79506189084265, 18.90236490731659], [100.78554740806088, 18.906396686436697], [100.78517833979794, 18.89134454941903], [100.7801411441685, 18.888517682680753], [100.78171384948811, 18.88264045822124], [100.79321233012728, 18.86878196973935], [100.79679231918401, 18.85657484010029], [100.78015651075077, 18.84828639769615], [100.78673270291429, 18.83043476299843], [100.78577982643105, 18.80596071717679], [100.7936964469835, 18.80199548581125], [100.79187849107194, 18.790050304778145], [100.77651929732605, 18.76821511773991], [100.76779268363704, 18.764608397448853], [100.77164256107736, 18.75431667506461], [100.7689400577529, 18.7487781296655], [100.7635053545659, 18.741065389091524], [100.75598085748301, 18.739719977897842], [100.76548175346393, 18.71885001919245], [100.76025973429621, 18.71422038419938], [100.75817305413868, 18.722919947148842], [100.75396012796053, 18.720399271339414], [100.75955599936985, 18.706109424181815], [100.77870251496651, 18.705209332297056]]]]}}, {"type": "Feature", "properties": {"amp_code": "5609", "amp_th": "ภูกามยาว", "amp_en": "Phu Kamyao", "pro_code": "56", "pro_th": "พะเยา", "pro_en": "Phayao", "reg_nesdb": "UpperNorth", "reg_royin": "North", "perimeter": 72.7526380517, "area_sqkm": 211.15327049913}, "geometry": {"type": "MultiPolygon", "coordinates": [[[[100.01524581508792, 19.275381077406763], [100.0143837098856, 19.272331587297934], [100.0112453530113, 19.269620004983217], [100.01522377679476, 19.261467520135213], [99.99507874950379, 19.22882358760124], [99.99201547890051, 19.219110244440742], [99.9852750891251, 19.21420368328932], [99.97392584041692, 19.21362953774187], [99.97425665014917, 19.208626095227128], [99.96495926071766, 19.205679678187444], [99.96380269759446, 19.209408796930482], [99.95904736542298, 19.212508407689725], [99.95154543301692, 19.208325199222426], [99.9447476015732, 19.21254879148881], [99.92942381102414, 19.230002169085303], [99.92959402165197, 19.2388006337956], [99.91644506850538, 19.24488075945578], [99.91304323363092, 19.251243685093417], [99.91311143936056, 19.252393245519634], [99.9169401769041, 19.26923627472588], [99.927940288534, 19.313253971902064], [99.9239506009667, 19.39687928520265], [99.91847836611258, 19.404825157205742], [99.9211410687057, 19.40656699985417], [99.94197774252451, 19.418905489049298], [99.94732690635423, 19.427548016145543], [99.9959342541969, 19.430615481559585], [99.99881315169773, 19.435680268501642], [100.00505466356205, 19.42922334265923], [100.00828074698225, 19.42114517541274], [100.0004174082264, 19.41552747397238], [100.00246477370645, 19.407225460684383], [100.01368816452796, 19.402995255620212], [100.02645010312004, 19.38756439022876], [100.01255414638496, 19.389112927315786], [100.01236804323858, 19.384905345340744], [100.00256180958394, 19.38127739007006], [100.0048547160352, 19.37718487788551], [99.99768664935188, 19.360660847385578], [100.0032216495606, 19.359080718025023], [100.00308986215897, 19.345893008543445], [100.00849506366751, 19.348842879396294], [100.01452977645215, 19.343769405096413], [100.00900351648004, 19.338245042904653], [100.01161582913386, 19.33048648136564], [100.01552724462678, 19.33197831091621], [100.01848541017146, 19.32777350453507], [100.01411982517429, 19.31465683225878], [100.02542625576777, 19.306666578610226], [100.02228061177436, 19.296886641516508], [100.0162525715274, 19.292616754556466], [100.01952119078581, 19.281309943991257], [100.01524581508792, 19.275381077406763]]]]}}, {"type": "Feature", "properties": {"amp_code": "5502", "amp_th": "แม่จริม", "amp_en": "Mae Charim", "pro_code": "55", "pro_th": "น่าน", "pro_en": "Nan", "reg_nesdb": "UpperNorth", "reg_royin": "North", "perimeter": 144.9425576649, "area_sqkm": 1041.28076237875}, "geometry": {"type": "MultiPolygon", "coordinates": [[[[101.2524067133543, 18.771689350509202], [101.24358644544063, 18.770275774354534], [101.23588190192329, 18.74153768374018], [101.22408859676888, 18.73265137329057], [101.23292162978098, 18.722206266392924], [101.23425571799875, 18.71245107369499], [101.2460796448563, 18.7118038712637], [101.2567531762712, 18.705730036281942], [101.2678314360959, 18.697991072624966], [101.27227835089997, 18.688522160337676], [101.25897808977071, 18.678069773166342], [101.25023181313355, 18.657425075284408], [101.24184487539185, 18.651657635719317], [101.24176514519398, 18.63945002220385], [101.22611029921318, 18.624356308030045], [101.18223080419374, 18.611779680609565], [101.17995580270362, 18.588942778241236], [101.1867361211598, 18.57898793658749], [101.18307190632477, 18.560641769159115], [101.14853596948602, 18.552568655649956], [101.14851482364364, 18.542740948150623], [101.13830356329407, 18.52828873507213], [101.12720814378096, 18.52441003332548], [101.11538546310013, 18.527527095865004], [101.10392051224109, 18.521659272993297], [101.07009335443637, 18.54731056772286], [101.03122557063278, 18.56062595393222], [101.02698654275127, 18.571116629497208], [101.02196509566312, 18.573739468513583], [101.01248961299974, 18.57072197556519], [100.99444529567705, 18.580720913808147], [100.98702285769352, 18.591934526594567], [100.98581388293125, 18.600983274951826], [100.97192226708759, 18.60196939222823], [100.94066599218843, 18.622491699447373], [100.9269123486071, 18.624153034341738], [100.91963298644097, 18.64428292686577], [100.9213014494472, 18.66069641850991], [100.91860393181945, 18.668503377023043], [100.91448911424004, 18.677364810564], [100.91964537448894, 18.683288100255567], [100.92063470391965, 18.694843684210294], [100.93292416782346, 18.69715091093463], [100.9442807885008, 18.70657096061318], [100.95362721864291, 18.714725000352733], [100.9544762854902, 18.720443559019767], [100.94847616781034, 18.727340142495404], [100.95764895051533, 18.740306134201546], [100.95564100447456, 18.74904582636781], [100.9622567839513, 18.75774714657921], [100.96843576818193, 18.787266337416344], [100.97447902876459, 18.78896973717895], [100.98554440898157, 18.81485778317501], [100.98225605982215, 18.831426449425358], [100.98481846652562, 18.845981570197054], [100.99585554018628, 18.847905180031088], [100.99877510977905, 18.857937149753916], [101.00951141943072, 18.85893265684903], [101.03097571706245, 18.87823308399096], [101.04897900312642, 18.86978034435727], [101.0635133735998, 18.868682497854124], [101.09343671588096, 18.85332510897813], [101.10877906489259, 18.851846683065983], [101.11750732866341, 18.857577241513027], [101.12865785217778, 18.875268514516083], [101.17336170771702, 18.901244199548515], [101.19068222830802, 18.888741788709453], [101.20981490477232, 18.895863196293956], [101.21715598404711, 18.89461845824737], [101.22230586633945, 18.900368153683015], [101.23614072872682, 18.894507240696882], [101.24888675656204, 18.895964536897004], [101.24564820581982, 18.8864746452143], [101.25478221470686, 18.865311006088962], [101.2542770710451, 18.848410967856825], [101.24318611066798, 18.83286025856107], [101.24594877706544, 18.826874666776497], [101.2482207714348, 18.81739493680027], [101.25835973974478, 18.809229151112184], [101.24911428890877, 18.791674726120938], [101.25171735260899, 18.78368020423083], [101.2490662687985, 18.776138516209695], [101.2524067133543, 18.771689350509202]]]]}}, {"type": "Feature", "properties": {"amp_code": "5606", "amp_th": "ปง", "amp_en": "Pong", "pro_code": "56", "pro_th": "พะเยา", "pro_en": "Phayao", "reg_nesdb": "UpperNorth", "reg_royin": "North", "perimeter": 226.32727395909, "area_sqkm": 1690.95224616458}, "geometry": {"type": "MultiPolygon", "coordinates": [[[[100.57416004863683, 19.10499127664351], [100.56843718610735, 19.096666998147825], [100.57233262527846, 19.091890452681298], [100.56377979318896, 19.080423353768015], [100.56849860797813, 19.078845058312943], [100.56394091833609, 19.074556036000665], [100.61469282203626, 19.041907188739394], [100.61951214052907, 19.03402276532166], [100.605496138567, 19.0203353429431], [100.5824887452772, 19.03052417850031], [100.5659782854859, 19.03041190062028], [100.55636019644889, 19.044581049993507], [100.54846210811232, 19.04050489638942], [100.5373404847097, 19.046592608076516], [100.53147551686311, 19.04130838899285], [100.49440233019938, 19.052526717744723], [100.48968037504838, 19.039391513595618], [100.47975565924068, 19.036397058066377], [100.47944617955888, 19.027063828340538], [100.45720921274689, 19.00958092104911], [100.44488350156401, 19.017929238351645], [100.44642873477568, 19.03306047872271], [100.40020303756731, 19.034159848721497], [100.38506248368509, 19.039790223757507], [100.36671718273446, 19.035573998080466], [100.3616282266539, 19.042356694664605], [100.34687299486771, 19.04309741535768], [100.34569740391365, 19.058446313689103], [100.33618124387196, 19.064745587571984], [100.31228348328835, 19.06945310358602], [100.308448262006, 19.053466695991638], [100.29201922483101, 19.049154885034053], [100.28816878422035, 19.04026341126277], [100.27703529393376, 19.034286694841693], [100.2712846853558, 19.021414041890733], [100.24999466444065, 19.013345552788305], [100.24790669666972, 19.02770428463726], [100.23481368686024, 19.02304156521569], [100.23118498627571, 19.027556680577014], [100.22511843390868, 19.025351548618552], [100.22195786819202, 19.03123687071701], [100.15472935757506, 19.00736638107564], [100.1396708282552, 19.007593076754596], [100.11146512790975, 19.02453619205535], [100.11124465237958, 19.033352457555036], [100.11575097256812, 19.03870867735043], [100.11951775574481, 19.037267182586234], [100.12289562576075, 19.060214647914602], [100.11395415880375, 19.065530229565518], [100.1070785712302, 19.077101940612323], [100.10958016647011, 19.11697525387016], [100.11378446991485, 19.12283922556895], [100.11255797791945, 19.146688729711563], [100.1149194788487, 19.15702539223439], [100.12567105758619, 19.155473378930783], [100.1431600199259, 19.202378013029495], [100.17159852117241, 19.216461836819594], [100.19126853807226, 19.23169611619256], [100.20615815586001, 19.225379684223707], [100.2127889653244, 19.22749321662946], [100.22612806352166, 19.26601902544832], [100.23667135527728, 19.265358430169584], [100.24357154296895, 19.258534801158486], [100.26437554785454, 19.262566662634097], [100.26053548378174, 19.2878615427036], [100.25029800935603, 19.29371702914766], [100.24369190356818, 19.303473297187168], [100.24570398642932, 19.313195566418646], [100.23338572392298, 19.319572650228842], [100.22991853811753, 19.32978386700883], [100.22764327097177, 19.3338743230471], [100.23730485696494, 19.341478065799112], [100.23561777898394, 19.345532994923584], [100.24760153234223, 19.350642328329485], [100.27615814524461, 19.3330916242715], [100.28620470832342, 19.33785731317155], [100.28496068824367, 19.34286954262402], [100.29533401981838, 19.338723321506073], [100.31037928772656, 19.33973617062259], [100.31350709365837, 19.364599658448338], [100.33305385576426, 19.371710757477295], [100.34686498347556, 19.357999519869907], [100.35382387516931, 19.363549843706206], [100.358426181591, 19.392760690745533], [100.38106351997166, 19.378318952575448], [100.38982004054166, 19.386221352957058], [100.38673352162081, 19.394177856242543], [100.42043141828503, 19.402026735736047], [100.44672095334126, 19.39346872031963], [100.46619358402081, 19.400129628596407], [100.48873464534213, 19.39955789527802], [100.48803284241866, 19.382121714950703], [100.49480265733064, 19.379583864773664], [100.49623090104758, 19.371522014117257], [100.50556724208994, 19.371609899232777], [100.51809215131863, 19.378442347764047], [100.53451471072647, 19.366245376847722], [100.52895252515263, 19.353376904533228], [100.56434979096082, 19.339887870326976], [100.55889398844839, 19.33522526524314], [100.55846135373802, 19.319779535691627], [100.56185064931101, 19.31058930271841], [100.5701159985292, 19.305097525488193], [100.60923269694257, 19.33385043403795], [100.61677663160039, 19.32160057932953], [100.61235275459568, 19.3124018887525], [100.60604966731965, 19.258209051044144], [100.60019213041633, 19.251970005642953], [100.61656705215584, 19.226348357990975], [100.61938248238623, 19.19594898826577], [100.61793421771144, 19.18367687287389], [100.62563345701743, 19.173397395636133], [100.62905970981481, 19.155168958038253], [100.62236333790712, 19.111448268821636], [100.61010584882058, 19.102778616334724], [100.60121969872402, 19.10471275896087], [100.58533963612207, 19.09639805911373], [100.57416004863683, 19.10499127664351]]]]}}, {"type": "Feature", "properties": {"amp_code": "5607", "amp_th": "แม่ใจ", "amp_en": "Mae Chai", "pro_code": "56", "pro_th": "พะเยา", "pro_en": "Phayao", "reg_nesdb": "UpperNorth", "reg_royin": "North", "perimeter": 77.61048958016, "area_sqkm": 293.78532718423}, "geometry": {"type": "MultiPolygon", "coordinates": [[[[99.82409533747376, 19.322086580497242], [99.82516643230744, 19.311104460590922], [99.82017464354443, 19.31157201934629], [99.81123011928848, 19.296310620690033], [99.77470970490357, 19.290098289733525], [99.74048324350144, 19.315940943768304], [99.71891477315623, 19.322280691862012], [99.70882693398873, 19.321048236244305], [99.70455175419897, 19.322174071819507], [99.70845686883631, 19.339536782417063], [99.69232080892314, 19.360268304515063], [99.69614306474458, 19.380037582380883], [99.69330194210788, 19.383308459850817], [99.69335667047493, 19.383723944455493], [99.68827665800993, 19.39598811093825], [99.68289018793445, 19.422280651192835], [99.69857759028888, 19.420142532451663], [99.70676579896829, 19.425200803064598], [99.71447764113755, 19.419635623044883], [99.73292261873016, 19.42474694221648], [99.75627474009916, 19.440128731159188], [99.78119339535725, 19.444146126361343], [99.7870162212007, 19.450076078994332], [99.79868216757758, 19.45049498981078], [99.84321267487725, 19.444968694351164], [99.86383764107656, 19.445754980000043], [99.87484807415433, 19.455224363929133], [99.89463536988885, 19.43742326033166], [99.89900022767233, 19.425704062698752], [99.9140037734422, 19.43234770933836], [99.9211410687057, 19.40656699985417], [99.91847836611258, 19.404825157205742], [99.89797473632214, 19.39386249923762], [99.89836735740661, 19.380696709254124], [99.88938844182665, 19.380020165758374], [99.89435026399065, 19.363038898908783], [99.89010766648474, 19.352010313993166], [99.86766808318917, 19.354547150841505], [99.86339351603085, 19.328903626949547], [99.84094960681381, 19.320202329301036], [99.82977957269088, 19.32850167585846], [99.82409533747376, 19.322086580497242]]]]}}, {"type": "Feature", "properties": {"amp_code": "6201", "amp_th": "เมืองกำแพงเพชร", "amp_en": "Mueang Kamphaeng Phet", "pro_code": "62", "pro_th": "กำแพงเพชร", "pro_en": "Kamphaeng Phet", "reg_nesdb": "LowwerNorth", "reg_royin": "Central", "perimeter": 261.75382823121, "area_sqkm": 1476.2582889261}, "geometry": {"type": "MultiPolygon", "coordinates": [[[[99.67100013705875, 16.314051055798966], [99.65335027158375, 16.308731167188245], [99.61728484141065, 16.296125217497273], [99.59941608970577, 16.297704352380524], [99.58165279210017, 16.299250054894713], [99.55332486643447, 16.29286713965955], [99.52988806767647, 16.30330266527159], [99.52846276914053, 16.286210716631683], [99.52502106270558, 16.281709516532285], [99.52092410222501, 16.287968462010486], [99.51516935562564, 16.28540844698825], [99.50011296041944, 16.258520305392224], [99.4873580906556, 16.2412057492293], [99.4905067589566, 16.223669999777204], [99.47946380478103, 16.2148733311806], [99.48349792819263, 16.205670514497744], [99.48002696397181, 16.18708535050435], [99.48906604858684, 16.16466247545625], [99.4644830733895, 16.16511301249855], [99.45243555050088, 16.152461382369896], [99.44366666436912, 16.15297137296446], [99.4395409301924, 16.145700389745596], [99.43415381999466, 16.150930953991853], [99.4296256930978, 16.138232003385586], [99.41902344287783, 16.132267406031005], [99.41248233594436, 16.151094909573622], [99.41579041201113, 16.157478709719413], [99.42721184685011, 16.17298133621152], [99.42693735829255, 16.186998525660496], [99.41753331463505, 16.194863980124865], [99.41376809872868, 16.21130053906703], [99.37610364217288, 16.2496858213978], [99.37343819408493, 16.253017278597763], [99.36999368005017, 16.247028622691303], [99.35887434121645, 16.24944335825462], [99.35793650643484, 16.26060378874852], [99.34748337724454, 16.266858845832655], [99.35418764772062, 16.284012557923898], [99.36543972173263, 16.292176920843463], [99.38079845364496, 16.286999268135858], [99.38596530916537, 16.28979909147021], [99.4185247054443, 16.347675449448534], [99.40009799429856, 16.34465684359224], [99.39501738517377, 16.3518192935675], [99.38888119116416, 16.34947353187636], [99.3855361782887, 16.35476918722125], [99.3725973368567, 16.35063858727692], [99.36754279487724, 16.352963956153616], [99.36844222817984, 16.365442076230906], [99.35787187460252, 16.38853821897941], [99.34827213223583, 16.380121165000418], [99.33896422139898, 16.38431848260201], [99.3045621095475, 16.398449757779236], [99.30322982429416, 16.413895374919175], [99.30753891064552, 16.42404891355699], [99.29705232047189, 16.426195185220028], [99.29204049568783, 16.441393891910796], [99.27970242603712, 16.455179707594105], [99.26237742199835, 16.458585318242427], [99.24323966661449, 16.485972392399855], [99.23623884082326, 16.48398032110208], [99.22836440794741, 16.49542235419686], [99.23230807482257, 16.501392291444258], [99.22936232727818, 16.506870363314324], [99.24153375482541, 16.489211803866816], [99.24502772450643, 16.501060245212575], [99.24802541953092, 16.496780817080136], [99.27695843159705, 16.50561493268285], [99.28606279890849, 16.49874702504296], [99.29647031183474, 16.504716951187472], [99.29630241377615, 16.514064451054544], [99.30669942073906, 16.525278121672812], [99.31769314385284, 16.522767810879955], [99.32742374484128, 16.532723755847673], [99.3340971166494, 16.533839774313744], [99.35027733163255, 16.52277333589056], [99.36788262305303, 16.52422108210003], [99.37901752274446, 16.52008691864448], [99.39347668454626, 16.539892394824122], [99.4056057018334, 16.537069096905164], [99.41594218504306, 16.54389073434323], [99.44207262053452, 16.554351355372727], [99.47968554506578, 16.555128119135247], [99.47495487597367, 16.56236506084232], [99.45197303754979, 16.588766927341947], [99.43506106717433, 16.622263430743118], [99.41394330829472, 16.637164463664817], [99.36596534211716, 16.634438708705797], [99.3816887233619, 16.656980318503056], [99.37847926637463, 16.657000890933507], [99.37403733904951, 16.672167413228475], [99.3844893201002, 16.680563104279454], [99.38101253954994, 16.691420540693723], [99.39020115871054, 16.6916215061125], [99.40107596845185, 16.685194988052647], [99.41377326206252, 16.674244444280212], [99.40941265347175, 16.66449590992442], [99.4149230894554, 16.65619330990661], [99.44905893853543, 16.653843081751408], [99.457845923976, 16.64856054038283], [99.48067182829834, 16.64910439513918], [99.50360022701405, 16.640396852174966], [99.51758047868077, 16.633693505943484], [99.54150201467841, 16.590874163779965], [99.55783015866581, 16.591270585215568], [99.59639447349042, 16.564804351847595], [99.61069598592147, 16.556504191051335], [99.63246274086075, 16.55014327937743], [99.640884234075, 16.54022044879064], [99.67511112807344, 16.556192557948386], [99.6888959066293, 16.55068878665413], [99.68532044338933, 16.522972092463327], [99.7061545213043, 16.519907252725226], [99.74707794736767, 16.530872392537397], [99.7372494749913, 16.474592722062372], [99.7330715019524, 16.44662359323993], [99.70368774177584, 16.450042870408602], [99.7051743775273, 16.427218814471022], [99.7185998167018, 16.408650254706522], [99.7180916146857, 16.386895038790797], [99.75793831300383, 16.368102354292688], [99.77117901366988, 16.347081645424446], [99.73849217658633, 16.34540432386177], [99.70644494204834, 16.325394291831145], [99.67100013705875, 16.314051055798966]]]]}}, {"type": "Feature", "properties": {"amp_code": "6202", "amp_th": "ไทรงาม", "amp_en": "Sai Ngam", "pro_code": "62", "pro_th": "กำแพงเพชร", "pro_en": "Kamphaeng Phet", "reg_nesdb": "LowwerNorth", "reg_royin": "Central", "perimeter": 109.9325868349, "area_sqkm": 542.6564632921}, "geometry": {"type": "MultiPolygon", "coordinates": [[[[99.99708379698792, 16.41945047228449], [99.99396764188477, 16.387413136636965], [99.98340055876959, 16.375115537317896], [99.9953996282178, 16.355559811852483], [99.99000766968439, 16.34360288420866], [99.98315815776213, 16.339200158615686], [99.96784400060038, 16.341789493384464], [99.95301163587551, 16.3574347741318], [99.92716707800275, 16.36849081446637], [99.89475573185116, 16.36800618299943], [99.87693002756676, 16.37013984814036], [99.83978952062812, 16.354404652899923], [99.8316092572775, 16.355127468372306], [99.81245919507342, 16.35094688005144], [99.79825715430103, 16.35410956293178], [99.77117901366988, 16.347081645424446], [99.75793831300383, 16.368102354292688], [99.7180916146857, 16.386895038790797], [99.7185998167018, 16.408650254706522], [99.7051743775273, 16.427218814471022], [99.70368774177584, 16.450042870408602], [99.7330715019524, 16.44662359323993], [99.7372494749913, 16.474592722062372], [99.74707794736767, 16.530872392537397], [99.75715710000624, 16.52668691293972], [99.76981874922141, 16.531617661174124], [99.76664852500352, 16.54422454314676], [99.81603172401155, 16.536243925759234], [99.83226096805602, 16.534271438589347], [99.83711131397112, 16.5251726532448], [99.85588742173832, 16.533300570556715], [99.86439092747383, 16.528709380587525], [99.87098727372779, 16.533841422157803], [99.87743209804049, 16.529346482315358], [99.88466090143991, 16.53841356852102], [99.9053399942736, 16.535454660050185], [99.91326171095783, 16.535081353192588], [99.91935901378595, 16.518048463973894], [99.93542597609405, 16.515959460271056], [99.95419128263823, 16.5218717295278], [99.95732628811734, 16.51372262426959], [99.9687572773754, 16.505493837672827], [99.97139917231573, 16.498092282980767], [100.03473981432168, 16.50221318598439], [100.00337559896292, 16.45824256461048], [99.99996239217899, 16.449993943136636], [100.00295112540252, 16.437948899670502], [99.99708379698792, 16.41945047228449]]]]}}, {"type": "Feature", "properties": {"amp_code": "6209", "amp_th": "ปางศิลาทอง", "amp_en": "Pang Sila Thong", "pro_code": "62", "pro_th": "กำแพงเพชร", "pro_en": "Kamphaeng Phet", "reg_nesdb": "LowwerNorth", "reg_royin": "Central", "perimeter": 215.78876629693, "area_sqkm": 751.72933199417}, "geometry": {"type": "MultiPolygon", "coordinates": [[[[99.17180528375447, 16.106623356977263], [99.18424818790308, 16.094113619358463], [99.21610084158195, 16.059463879198344], [99.21971698059525, 16.060010530730924], [99.22869930328622, 16.042590567824828], [99.24445495548923, 16.041122209144678], [99.24622647539877, 16.03302907767249], [99.25187573882293, 16.030344317514743], [99.25728085061178, 16.03693735070727], [99.26915322510037, 16.03575318821649], [99.27550028242531, 16.04359664788258], [99.27969140763715, 16.04113790644902], [99.29915171306574, 16.045776435807895], [99.3042767214382, 16.055165475117448], [99.31306107194281, 16.05203392319675], [99.31145749629164, 16.058266144384557], [99.31997454918314, 16.06885330799567], [99.33641173353749, 16.05977090556452], [99.34561626937764, 16.062620881560694], [99.35045425864693, 16.056109690492605], [99.3709712911393, 16.058018798499543], [99.37087877787049, 16.06264868646587], [99.38657447029807, 16.068982981050777], [99.38896339528176, 16.07414739078138], [99.39619816894096, 16.064578629734726], [99.40004758615595, 16.075301056183935], [99.40569580440341, 16.073436055613577], [99.414097414083, 16.0842828667348], [99.42260134057149, 16.085592879891763], [99.42395462530035, 16.089367857688675], [99.42695923040378, 16.086437390346298], [99.43845314752647, 16.099214973613893], [99.45542388567557, 16.10585109081307], [99.45477014849843, 16.1110991360027], [99.41902344287783, 16.132267406031005], [99.4296256930978, 16.138232003385586], [99.43415381999466, 16.150930953991853], [99.4395409301924, 16.145700389745596], [99.44366666436912, 16.15297137296446], [99.45243555050088, 16.152461382369896], [99.4644830733895, 16.16511301249855], [99.48906604858684, 16.16466247545625], [99.49379316557807, 16.15588839678583], [99.5142293687358, 16.149960662833504], [99.53959367561896, 16.15538635103686], [99.54764303651943, 16.14990454750257], [99.55574191438917, 16.15017738247789], [99.56509454541789, 16.15759604994087], [99.57096777664195, 16.154060467740027], [99.57855710850494, 16.1563576067514], [99.5830801765717, 16.161972620433232], [99.6293393319683, 16.160463515490974], [99.64714966388297, 16.160453089331078], [99.66580374476385, 16.154047406541558], [99.65182685635064, 16.140225795946453], [99.65127358954095, 16.127793197222918], [99.64079532833753, 16.120000923383408], [99.59299246469756, 16.119253141565494], [99.58954165681536, 16.116078380726982], [99.57938009729722, 16.123553980845823], [99.55960725449627, 16.102944732280992], [99.55233908219535, 16.100789522532946], [99.5503478428858, 16.090362491953208], [99.53626808501902, 16.08325437940189], [99.53552682982767, 16.074644468792105], [99.52788109789158, 16.070872290161038], [99.52270483795215, 16.056946335956763], [99.51246690646383, 16.054082762389072], [99.50811806869932, 16.05342754272548], [99.50585713283415, 16.04544031256159], [99.48439971764469, 16.04231226534804], [99.44382354979051, 16.036503639655233], [99.42542166144923, 16.017624294278008], [99.41546884842077, 16.016010893206104], [99.4333489086533, 15.978173853921167], [99.41878229944254, 15.969667561993967], [99.40121030872682, 15.973196224185465], [99.3887705202976, 15.965496383247366], [99.38317345415587, 15.971265084878217], [99.3745422536466, 15.966933019106166], [99.36982960594129, 15.970159514621535], [99.36191051209727, 15.966380561381923], [99.35395401178161, 15.969069723073485], [99.34030937602363, 15.964347806745367], [99.33431341630076, 15.951593358887287], [99.3506916382066, 15.92381571206537], [99.3300669409636, 15.911491162515023], [99.32739082635726, 15.920792143837858], [99.31940114737841, 15.927527900118797], [99.3194430618395, 15.917471536588497], [99.31016636834468, 15.917433080081594], [99.3090850771054, 15.904136193878305], [99.29719570477, 15.908964635279704], [99.2942985840125, 15.903040346150883], [99.2896120280996, 15.904806170642164], [99.28986211270936, 15.891887061695288], [99.27384356860236, 15.904199550779861], [99.27056021056778, 15.912332167539384], [99.2667016964264, 15.907386197794771], [99.23391237416908, 15.928609346912017], [99.22240509356634, 15.944801638002065], [99.21843875568847, 15.936859149937913], [99.21327275101449, 15.939458926483418], [99.21678427078776, 15.944119160381161], [99.20823142351463, 15.948691881889182], [99.20446782738114, 15.936340589948637], [99.19425087348289, 15.945076327024527], [99.19501957936563, 15.938598152127483], [99.18643020265858, 15.928567449589044], [99.17219091352186, 15.937195975270813], [99.17339485476055, 15.928440450455199], [99.15341393413075, 15.920140600559824], [99.1482012584308, 15.90944143320945], [99.13813792040834, 15.905760709399171], [99.12868573815345, 15.91273225105851], [99.09524443324085, 15.883340781972601], [99.08672969091691, 15.886771854633812], [99.08578913851171, 15.912261972577372], [99.09689403883219, 15.930923644850928], [99.08629751761032, 15.948009009865412], [99.07499620622967, 15.952305205441808], [99.07505034163412, 15.96202595479605], [99.08879595161696, 15.979928743899377], [99.08144175410128, 16.007169371355857], [99.08349782963732, 16.026268731024917], [99.08806007213252, 16.043443675420484], [99.10549284938489, 16.04959796312886], [99.1148186544491, 16.061371656455904], [99.11631333985704, 16.07536308131151], [99.10823731908148, 16.085255212708496], [99.12525852328345, 16.095114593263464], [99.1304236212132, 16.089065774049047], [99.13744770694592, 16.094534172984147], [99.14508789643558, 16.087929675734884], [99.14638603240286, 16.096114818533717], [99.16367249862279, 16.108884172117122], [99.17180528375447, 16.106623356977263]]]]}}, {"type": "Feature", "properties": {"amp_code": "6207", "amp_th": "ลานกระบือ", "amp_en": "Lan Krabue", "pro_code": "62", "pro_th": "กำแพงเพชร", "pro_en": "Kamphaeng Phet", "reg_nesdb": "LowwerNorth", "reg_royin": "Central", "perimeter": 118.08863158519, "area_sqkm": 410.24978492333}, "geometry": {"type": "MultiPolygon", "coordinates": [[[[100.01230158788384, 16.539632810554547], [100.0105704965262, 16.52188216683307], [100.02504427695627, 16.52007037170387], [100.03473981432168, 16.50221318598439], [99.97139917231573, 16.498092282980767], [99.9687572773754, 16.505493837672827], [99.95732628811734, 16.51372262426959], [99.95419128263823, 16.5218717295278], [99.93542597609405, 16.515959460271056], [99.91935901378595, 16.518048463973894], [99.91326171095783, 16.535081353192588], [99.9053399942736, 16.535454660050185], [99.88466090143991, 16.53841356852102], [99.87743209804049, 16.529346482315358], [99.87098727372779, 16.533841422157803], [99.86439092747383, 16.528709380587525], [99.85588742173832, 16.533300570556715], [99.83711131397112, 16.5251726532448], [99.83226096805602, 16.534271438589347], [99.81603172401155, 16.536243925759234], [99.76664852500352, 16.54422454314676], [99.76981874922141, 16.531617661174124], [99.75715710000624, 16.52668691293972], [99.74707794736767, 16.530872392537397], [99.75319499481252, 16.54861820606163], [99.75393529187406, 16.573296904648014], [99.72150279081497, 16.585235705604312], [99.72570016200905, 16.593049415063], [99.74561784489161, 16.606439746095926], [99.74107241583663, 16.62089251711825], [99.73299718606076, 16.629278964644406], [99.74047360462254, 16.64839402491664], [99.75923372070885, 16.67250363145184], [99.75601894588505, 16.683177414409418], [99.76442027529643, 16.684162238543962], [99.79283742192679, 16.686485197783295], [99.80438166673108, 16.698512474189073], [99.80973223962683, 16.69889158572067], [99.807144276793, 16.70661824079809], [99.80444280618568, 16.712137509313425], [99.814884391895, 16.72033683908288], [99.82813594043495, 16.724105378733107], [99.83290005875614, 16.714540618098148], [99.84452860659762, 16.714938083764824], [99.8533977420216, 16.73560277401676], [99.85677270543366, 16.729302872378184], [99.86044300177113, 16.731753842276884], [99.87117081337853, 16.721942030664948], [99.87282775477561, 16.714313719202526], [99.8872072622919, 16.71416231143934], [99.89517510243685, 16.7062924999573], [99.88597599246398, 16.69388285230494], [99.89167227176902, 16.686699446298217], [99.88827461289236, 16.67435211121549], [99.89527401039561, 16.66759966779142], [99.89423980406477, 16.661810361697544], [99.89786982054716, 16.633296854045316], [99.90965069005397, 16.621907990841333], [99.91635710035345, 16.600729025440888], [99.92547964964068, 16.58148596987823], [99.93355620924066, 16.57662178359533], [99.98002267848271, 16.580469714576406], [99.9937130886658, 16.577542906870953], [100.00394169765798, 16.57934435795542], [100.00695346120573, 16.586464766111167], [100.0153641263742, 16.581358499745647], [100.01263218565914, 16.57507750103449], [100.01138484266919, 16.554270392739777], [100.01230158788384, 16.539632810554547]]]]}}, {"type": "Feature", "properties": {"amp_code": "6208", "amp_th": "ทรายทองวัฒนา", "amp_en": "Sai Thong Watthana", "pro_code": "62", "pro_th": "กำแพงเพชร", "pro_en": "Kamphaeng Phet", "reg_nesdb": "LowwerNorth", "reg_royin": "Central", "perimeter": 67.81336978722, "area_sqkm": 207.35307046816}, "geometry": {"type": "MultiPolygon", "coordinates": [[[[99.93761879739257, 16.288887706049092], [99.92582985228222, 16.25556913595905], [99.91691239923975, 16.25373452909371], [99.89577046551035, 16.236575714294112], [99.87856221817455, 16.258937545510438], [99.86204162848287, 16.258268705231387], [99.85798540740535, 16.266169752], [99.84418752044604, 16.26415292519056], [99.84010197720607, 16.26728211112721], [99.83222995932769, 16.267428447127326], [99.82552713479885, 16.27765453400399], [99.81222400160175, 16.28016360284347], [99.80430995019891, 16.28779261464651], [99.79036758110354, 16.276562778988392], [99.77892096485427, 16.274579235623886], [99.75858402562372, 16.288324255351327], [99.76315839520635, 16.294816250913623], [99.76153019668496, 16.30415654595364], [99.77564225599988, 16.31081816607641], [99.78246216600458, 16.326487773653838], [99.77117901366988, 16.347081645424446], [99.79825715430103, 16.35410956293178], [99.81245919507342, 16.35094688005144], [99.8316092572775, 16.355127468372306], [99.83978952062812, 16.354404652899923], [99.87693002756676, 16.37013984814036], [99.89475573185116, 16.36800618299943], [99.92716707800275, 16.36849081446637], [99.95301163587551, 16.3574347741318], [99.96784400060038, 16.341789493384464], [99.98315815776213, 16.339200158615686], [99.99000766968439, 16.34360288420866], [99.93761879739257, 16.288887706049092]]]]}}, {"type": "Feature", "properties": {"amp_code": "6205", "amp_th": "คลองขลุง", "amp_en": "Khlong Khlung", "pro_code": "62", "pro_th": "กำแพงเพชร", "pro_en": "Kamphaeng Phet", "reg_nesdb": "LowwerNorth", "reg_royin": "Central", "perimeter": 134.07414657607, "area_sqkm": 712.21017213047}, "geometry": {"type": "MultiPolygon", "coordinates": [[[[99.82552713479885, 16.27765453400399], [99.83222995932769, 16.267428447127326], [99.84010197720607, 16.26728211112721], [99.84418752044604, 16.26415292519056], [99.85798540740535, 16.266169752], [99.86204162848287, 16.258268705231387], [99.87856221817455, 16.258937545510438], [99.89577046551035, 16.236575714294112], [99.88569847421005, 16.22478552791864], [99.87650434333547, 16.198339487693225], [99.87771621830764, 16.163892161678962], [99.83945895453567, 16.150081527282214], [99.83070915453118, 16.136269537743644], [99.81570018523348, 16.13483933040238], [99.80523351430509, 16.14005651041717], [99.79559528070256, 16.129056481863575], [99.78839511932568, 16.128653825941008], [99.786290517299, 16.13417236141532], [99.7828817015028, 16.137747635320444], [99.75468967692187, 16.131993818969246], [99.73511567863896, 16.130526543901293], [99.7191881018747, 16.13427355461939], [99.70296857340895, 16.125694656103317], [99.6968661110378, 16.13327530207194], [99.68596256401767, 16.13462140956414], [99.67544869254118, 16.1226738362579], [99.66915643986975, 16.12119530564815], [99.65127358954095, 16.127793197222918], [99.65182685635064, 16.140225795946453], [99.66580374476385, 16.154047406541558], [99.64714966388297, 16.160453089331078], [99.6293393319683, 16.160463515490974], [99.5830801765717, 16.161972620433232], [99.57855710850494, 16.1563576067514], [99.57096777664195, 16.154060467740027], [99.56509454541789, 16.15759604994087], [99.55574191438917, 16.15017738247789], [99.54764303651943, 16.14990454750257], [99.53959367561896, 16.15538635103686], [99.5142293687358, 16.149960662833504], [99.49379316557807, 16.15588839678583], [99.48906604858684, 16.16466247545625], [99.48002696397181, 16.18708535050435], [99.48349792819263, 16.205670514497744], [99.47946380478103, 16.2148733311806], [99.4905067589566, 16.223669999777204], [99.4873580906556, 16.2412057492293], [99.50011296041944, 16.258520305392224], [99.51516935562564, 16.28540844698825], [99.52092410222501, 16.287968462010486], [99.52502106270558, 16.281709516532285], [99.52846276914053, 16.286210716631683], [99.52988806767647, 16.30330266527159], [99.55332486643447, 16.29286713965955], [99.58165279210017, 16.299250054894713], [99.59941608970577, 16.297704352380524], [99.61728484141065, 16.296125217497273], [99.65335027158375, 16.308731167188245], [99.67100013705875, 16.314051055798966], [99.70644494204834, 16.325394291831145], [99.73849217658633, 16.34540432386177], [99.77117901366988, 16.347081645424446], [99.78246216600458, 16.326487773653838], [99.77564225599988, 16.31081816607641], [99.76153019668496, 16.30415654595364], [99.76315839520635, 16.294816250913623], [99.75858402562372, 16.288324255351327], [99.77892096485427, 16.274579235623886], [99.79036758110354, 16.276562778988392], [99.80430995019891, 16.28779261464651], [99.81222400160175, 16.28016360284347], [99.82552713479885, 16.27765453400399]]]]}}, {"type": "Feature", "properties": {"amp_code": "6206", "amp_th": "พรานกระต่าย", "amp_en": "Phran Kratai", "pro_code": "62", "pro_th": "กำแพงเพชร", "pro_en": "Kamphaeng Phet", "reg_nesdb": "LowwerNorth", "reg_royin": "Central", "perimeter": 183.30432989647, "area_sqkm": 994.43887505083}, "geometry": {"type": "MultiPolygon", "coordinates": [[[[99.74561784489161, 16.606439746095926], [99.72570016200905, 16.593049415063], [99.72150279081497, 16.585235705604312], [99.75393529187406, 16.573296904648014], [99.75319499481252, 16.54861820606163], [99.74707794736767, 16.530872392537397], [99.7061545213043, 16.519907252725226], [99.68532044338933, 16.522972092463327], [99.6888959066293, 16.55068878665413], [99.67511112807344, 16.556192557948386], [99.640884234075, 16.54022044879064], [99.63246274086075, 16.55014327937743], [99.61069598592147, 16.556504191051335], [99.59639447349042, 16.564804351847595], [99.55783015866581, 16.591270585215568], [99.54150201467841, 16.590874163779965], [99.51758047868077, 16.633693505943484], [99.50360022701405, 16.640396852174966], [99.48067182829834, 16.64910439513918], [99.457845923976, 16.64856054038283], [99.44905893853543, 16.653843081751408], [99.4149230894554, 16.65619330990661], [99.40941265347175, 16.66449590992442], [99.41377326206252, 16.674244444280212], [99.40107596845185, 16.685194988052647], [99.39020115871054, 16.6916215061125], [99.38101253954994, 16.691420540693723], [99.36360173003006, 16.733298781457783], [99.34202464515062, 16.74256401525932], [99.3326984843619, 16.77057170331324], [99.30596174025754, 16.769242481717807], [99.29404883841866, 16.776261048111632], [99.29150130067947, 16.783632000825627], [99.29939237880492, 16.792116833635763], [99.30907294407926, 16.794692389117962], [99.31699513686952, 16.796796748865265], [99.32483353760716, 16.815049093241637], [99.3450096854533, 16.813669333553552], [99.36801697906625, 16.80532433032492], [99.37652634475886, 16.812258112903315], [99.38662731336353, 16.8111523654655], [99.38209291376042, 16.82248176903275], [99.38700103315591, 16.827088412767317], [99.38226988509928, 16.835552641870052], [99.41433552523952, 16.84716839892546], [99.41666202282389, 16.865525180994055], [99.42988161835682, 16.864909203696016], [99.43780199086261, 16.871287877598917], [99.45808934737101, 16.863861716441807], [99.46868636633664, 16.866746216978683], [99.46245332187857, 16.88165397534491], [99.47014228882327, 16.900975184225707], [99.48876463665901, 16.913503094793352], [99.49219612468981, 16.906714205868415], [99.51515538282874, 16.890320191029367], [99.51311977415867, 16.869691787653167], [99.53141223805112, 16.824961256849882], [99.54321358672895, 16.843691644487226], [99.54277692328354, 16.85926198005829], [99.54840931959899, 16.862915849895554], [99.56832854396727, 16.853111583576457], [99.56088147889557, 16.860206483925644], [99.57130103859956, 16.859277191696528], [99.57674517381434, 16.8281135560089], [99.58182732981358, 16.820150260301393], [99.57866022684047, 16.811989884535947], [99.58183584623322, 16.803322352727925], [99.6009905325163, 16.791092441802725], [99.62288701448838, 16.75750163159739], [99.6430298275746, 16.743095552617735], [99.65306636059805, 16.746729484196052], [99.65991000533803, 16.74017456120636], [99.67624109639996, 16.728020376751825], [99.68267839602663, 16.729604805899655], [99.69362959085986, 16.731307251844125], [99.6949232669287, 16.71859935383957], [99.70384810489399, 16.71735676437262], [99.70541396366987, 16.72276819564887], [99.71654906651632, 16.72134462285922], [99.7459062086038, 16.743423998736834], [99.74169411819949, 16.728912095511166], [99.76468289835596, 16.71693389327827], [99.7611150756768, 16.69891392981781], [99.76442027529643, 16.684162238543962], [99.75601894588505, 16.683177414409418], [99.75923372070885, 16.67250363145184], [99.74047360462254, 16.64839402491664], [99.73299718606076, 16.629278964644406], [99.74107241583663, 16.62089251711825], [99.74561784489161, 16.606439746095926]]]]}}, {"type": "Feature", "properties": {"amp_code": "6203", "amp_th": "คลองลาน", "amp_en": "Khlong Lan", "pro_code": "62", "pro_th": "กำแพงเพชร", "pro_en": "Kamphaeng Phet", "reg_nesdb": "LowwerNorth", "reg_royin": "Central", "perimeter": 203.63815101271, "area_sqkm": 1452.80172962232}, "geometry": {"type": "MultiPolygon", "coordinates": [[[[99.41579041201113, 16.157478709719413], [99.41248233594436, 16.151094909573622], [99.41902344287783, 16.132267406031005], [99.45477014849843, 16.1110991360027], [99.45542388567557, 16.10585109081307], [99.43845314752647, 16.099214973613893], [99.42695923040378, 16.086437390346298], [99.42395462530035, 16.089367857688675], [99.42260134057149, 16.085592879891763], [99.414097414083, 16.0842828667348], [99.40569580440341, 16.073436055613577], [99.40004758615595, 16.075301056183935], [99.39619816894096, 16.064578629734726], [99.38896339528176, 16.07414739078138], [99.38657447029807, 16.068982981050777], [99.37087877787049, 16.06264868646587], [99.3709712911393, 16.058018798499543], [99.35045425864693, 16.056109690492605], [99.34561626937764, 16.062620881560694], [99.33641173353749, 16.05977090556452], [99.31997454918314, 16.06885330799567], [99.31145749629164, 16.058266144384557], [99.31306107194281, 16.05203392319675], [99.3042767214382, 16.055165475117448], [99.29915171306574, 16.045776435807895], [99.27969140763715, 16.04113790644902], [99.27550028242531, 16.04359664788258], [99.26915322510037, 16.03575318821649], [99.25728085061178, 16.03693735070727], [99.25187573882293, 16.030344317514743], [99.24622647539877, 16.03302907767249], [99.24445495548923, 16.041122209144678], [99.22869930328622, 16.042590567824828], [99.21971698059525, 16.060010530730924], [99.21610084158195, 16.059463879198344], [99.18424818790308, 16.094113619358463], [99.17180528375447, 16.106623356977263], [99.16367249862279, 16.108884172117122], [99.14638603240286, 16.096114818533717], [99.14508789643558, 16.087929675734884], [99.13744770694592, 16.094534172984147], [99.1304236212132, 16.089065774049047], [99.12525852328345, 16.095114593263464], [99.10823731908148, 16.085255212708496], [99.10855463256787, 16.09920544381022], [99.0938113682465, 16.103015019595507], [99.07838619000393, 16.12654080474945], [99.05055803408811, 16.137327542666355], [99.05059837908917, 16.16037581402562], [99.06765133475949, 16.16532403438152], [99.07366302650408, 16.196350552598094], [99.08083289725873, 16.20175289663718], [99.08045766834155, 16.215892002943676], [99.04887327543292, 16.259400985986495], [99.04221307097453, 16.29221045742495], [99.05351319725021, 16.30917519427739], [99.05214855271242, 16.330267376365665], [99.0423312475018, 16.338508546516575], [99.04500707803565, 16.353475084094256], [99.04118543186569, 16.3757959467771], [99.03613079822466, 16.38384709982413], [99.02676279088381, 16.38281340641362], [99.01610627104117, 16.387600102186628], [99.01999485993338, 16.417609506833635], [99.02977529673085, 16.42152722436517], [99.04027861519069, 16.41734443389519], [99.04501440058242, 16.419787685102303], [99.07303861414988, 16.39483594340097], [99.10194976980296, 16.38924278596427], [99.11319916776326, 16.40564931486518], [99.12096041148324, 16.408536686996147], [99.12646852985193, 16.420537527946287], [99.1265560498579, 16.426874559453477], [99.11547621532497, 16.430974963770325], [99.11465229422302, 16.443572730248484], [99.13790604596085, 16.44500965798141], [99.1547189245685, 16.453730599527653], [99.1641666551114, 16.443102510639974], [99.16886811393559, 16.44973189934344], [99.17785544342196, 16.44248001890642], [99.17964808375423, 16.448156756726103], [99.20067055725184, 16.462043484612842], [99.20611810880953, 16.473822959291944], [99.21189835095187, 16.468630497062836], [99.2184893422621, 16.47920954519992], [99.23623884082326, 16.48398032110208], [99.24323966661449, 16.485972392399855], [99.26237742199835, 16.458585318242427], [99.27970242603712, 16.455179707594105], [99.29204049568783, 16.441393891910796], [99.29705232047189, 16.426195185220028], [99.30753891064552, 16.42404891355699], [99.30322982429416, 16.413895374919175], [99.3045621095475, 16.398449757779236], [99.33896422139898, 16.38431848260201], [99.34827213223583, 16.380121165000418], [99.35787187460252, 16.38853821897941], [99.36844222817984, 16.365442076230906], [99.36754279487724, 16.352963956153616], [99.3725973368567, 16.35063858727692], [99.3855361782887, 16.35476918722125], [99.38888119116416, 16.34947353187636], [99.39501738517377, 16.3518192935675], [99.40009799429856, 16.34465684359224], [99.4185247054443, 16.347675449448534], [99.38596530916537, 16.28979909147021], [99.38079845364496, 16.286999268135858], [99.36543972173263, 16.292176920843463], [99.35418764772062, 16.284012557923898], [99.34748337724454, 16.266858845832655], [99.35793650643484, 16.26060378874852], [99.35887434121645, 16.24944335825462], [99.36999368005017, 16.247028622691303], [99.37343819408493, 16.253017278597763], [99.37610364217288, 16.2496858213978], [99.41376809872868, 16.21130053906703], [99.41753331463505, 16.194863980124865], [99.42693735829255, 16.186998525660496], [99.42721184685011, 16.17298133621152], [99.41579041201113, 16.157478709719413]]]]}}, {"type": "Feature", "properties": {"amp_code": "6204", "amp_th": "ขาณุวรลักษบุรี", "amp_en": "Khanu Woralaksaburi", "pro_code": "62", "pro_th": "กำแพงเพชร", "pro_en": "Kamphaeng Phet", "reg_nesdb": "LowwerNorth", "reg_royin": "Central", "perimeter": 196.94811896688, "area_sqkm": 1158.08240922569}, "geometry": {"type": "MultiPolygon", "coordinates": [[[[99.80727018986039, 15.943773322633463], [99.80471291590287, 15.920429851259806], [99.78696681357376, 15.926677353587936], [99.76964542737512, 15.919179155325871], [99.77216333712141, 15.89920007832874], [99.75106907445526, 15.880121185458124], [99.73975806173098, 15.858232727967476], [99.72766118994942, 15.872043776246635], [99.71581255071878, 15.873624593592263], [99.70918246116301, 15.879691888189745], [99.68803901852685, 15.872901064815217], [99.68244266996058, 15.867214539355565], [99.6469657683193, 15.9078104197302], [99.62795569638646, 15.915112117743798], [99.59404458737619, 15.911272235043471], [99.58111028439774, 15.903253802282613], [99.57252385829449, 15.904194296709127], [99.55635289488286, 15.905953039083126], [99.55361364128242, 15.916065841100435], [99.54038194379945, 15.926304577155296], [99.52839626069675, 15.920929359479864], [99.52464342567605, 15.925185138860156], [99.51222692083402, 15.92335494468585], [99.50176030380763, 15.928577650506364], [99.47767083503607, 15.92124418747188], [99.48116821213033, 15.910825452517347], [99.47644281068169, 15.902633027225827], [99.4510094894977, 15.904857273993168], [99.44625619742408, 15.902469205908787], [99.43652300832719, 15.91049766015918], [99.43146690086066, 15.909019559448138], [99.4249619617739, 15.921291103939982], [99.41322531491093, 15.910492634952321], [99.40886638404373, 15.91414530884739], [99.40471500527381, 15.911007095826232], [99.38573117777453, 15.916930483736783], [99.3734866211237, 15.915669411082543], [99.35700558560234, 15.926411243637666], [99.3506916382066, 15.92381571206537], [99.33431341630076, 15.951593358887287], [99.34030937602363, 15.964347806745367], [99.35395401178161, 15.969069723073485], [99.36191051209727, 15.966380561381923], [99.36982960594129, 15.970159514621535], [99.3745422536466, 15.966933019106166], [99.38317345415587, 15.971265084878217], [99.3887705202976, 15.965496383247366], [99.40121030872682, 15.973196224185465], [99.41878229944254, 15.969667561993967], [99.4333489086533, 15.978173853921167], [99.41546884842077, 16.016010893206104], [99.42542166144923, 16.017624294278008], [99.44382354979051, 16.036503639655233], [99.48439971764469, 16.04231226534804], [99.50585713283415, 16.04544031256159], [99.50811806869932, 16.05342754272548], [99.51246690646383, 16.054082762389072], [99.52270483795215, 16.056946335956763], [99.52788109789158, 16.070872290161038], [99.53552682982767, 16.074644468792105], [99.53626808501902, 16.08325437940189], [99.5503478428858, 16.090362491953208], [99.55233908219535, 16.100789522532946], [99.55960725449627, 16.102944732280992], [99.57938009729722, 16.123553980845823], [99.58954165681536, 16.116078380726982], [99.59299246469756, 16.119253141565494], [99.64079532833753, 16.120000923383408], [99.65127358954095, 16.127793197222918], [99.66915643986975, 16.12119530564815], [99.67544869254118, 16.1226738362579], [99.68596256401767, 16.13462140956414], [99.6968661110378, 16.13327530207194], [99.70296857340895, 16.125694656103317], [99.7191881018747, 16.13427355461939], [99.73511567863896, 16.130526543901293], [99.75468967692187, 16.131993818969246], [99.7828817015028, 16.137747635320444], [99.786290517299, 16.13417236141532], [99.78839511932568, 16.128653825941008], [99.79559528070256, 16.129056481863575], [99.80523351430509, 16.14005651041717], [99.81570018523348, 16.13483933040238], [99.83070915453118, 16.136269537743644], [99.83945895453567, 16.150081527282214], [99.87771621830764, 16.163892161678962], [99.88690570022044, 16.166225796777105], [99.88998741093509, 16.152060659066123], [99.88227582224128, 16.13722063959573], [99.8941707679641, 16.127788211476023], [99.90339374169507, 16.12856403764885], [99.91383008338101, 16.136212085940357], [99.91588745135338, 16.13302141142728], [99.92170983094114, 16.12613999671019], [99.93239226092724, 16.141673972818097], [99.94772637918967, 16.14256905029199], [99.97381640180059, 16.135153447503168], [99.98487346625969, 16.117725949982827], [99.95056857613753, 16.080914098493988], [99.93862294807631, 16.068664292074832], [99.931781493092, 16.053856049460943], [99.91698632894486, 16.04935497635197], [99.89437370954067, 16.05390585996017], [99.87170963007766, 16.04286032977408], [99.84509676510453, 16.01732046917345], [99.84574415277548, 16.00111670736987], [99.84622548376902, 15.981405076527171], [99.8277575223895, 15.962594206544715], [99.82521721487785, 15.95005914216565], [99.80727018986039, 15.943773322633463]]]]}}, {"type": "Feature", "properties": {"amp_code": "5514", "amp_th": "ภูเพียง", "amp_en": "Phu Phiang", "pro_code": "55", "pro_th": "น่าน", "pro_en": "Nan", "reg_nesdb": "UpperNorth", "reg_royin": "North", "perimeter": 105.39915576078, "area_sqkm": 451.18627553886}, "geometry": {"type": "MultiPolygon", "coordinates": [[[[100.9442807885008, 18.70657096061318], [100.93292416782346, 18.69715091093463], [100.92063470391965, 18.694843684210294], [100.91964537448894, 18.683288100255567], [100.91448911424004, 18.677364810564], [100.91860393181945, 18.668503377023043], [100.87700266329482, 18.67756054315425], [100.8573427723768, 18.67133394352583], [100.84872523365298, 18.675364720170858], [100.84813363398263, 18.684785368434433], [100.83769954150638, 18.690000143941493], [100.82926571408312, 18.680814497173845], [100.81727883206919, 18.68102470128002], [100.7928183014305, 18.674960711518267], [100.77911024346304, 18.69336234555183], [100.77870251496651, 18.705209332297056], [100.75955599936985, 18.706109424181815], [100.75396012796053, 18.720399271339414], [100.75817305413868, 18.722919947148842], [100.76025973429621, 18.71422038419938], [100.76548175346393, 18.71885001919245], [100.75598085748301, 18.739719977897842], [100.7635053545659, 18.741065389091524], [100.7689400577529, 18.7487781296655], [100.77164256107736, 18.75431667506461], [100.76779268363704, 18.764608397448853], [100.77651929732605, 18.76821511773991], [100.79187849107194, 18.790050304778145], [100.7936964469835, 18.80199548581125], [100.78577982643105, 18.80596071717679], [100.78673270291429, 18.83043476299843], [100.78015651075077, 18.84828639769615], [100.79679231918401, 18.85657484010029], [100.79321233012728, 18.86878196973935], [100.78171384948811, 18.88264045822124], [100.7801411441685, 18.888517682680753], [100.78517833979794, 18.89134454941903], [100.78554740806088, 18.906396686436697], [100.79506189084265, 18.90236490731659], [100.79340261177852, 18.90715554893582], [100.80243603956895, 18.912726923885774], [100.79587782311022, 18.916722629011314], [100.79889352951814, 18.92908276316733], [100.80158837428826, 18.925695885836774], [100.81120620458728, 18.927179861761584], [100.81951468434869, 18.922581503060016], [100.82824469232145, 18.93070772945445], [100.85539496303387, 18.912409700875067], [100.87006052929543, 18.899707623265673], [100.87878536439051, 18.857606055128215], [100.88161135603615, 18.861436140576334], [100.89735607636517, 18.863090975548005], [100.92547987758664, 18.857892251351718], [100.93587490270885, 18.862227897620915], [100.96404434082983, 18.860292006422352], [100.98481846652562, 18.845981570197054], [100.98225605982215, 18.831426449425358], [100.98554440898157, 18.81485778317501], [100.97447902876459, 18.78896973717895], [100.96843576818193, 18.787266337416344], [100.9622567839513, 18.75774714657921], [100.95564100447456, 18.74904582636781], [100.95764895051533, 18.740306134201546], [100.94847616781034, 18.727340142495404], [100.9544762854902, 18.720443559019767], [100.95362721864291, 18.714725000352733], [100.9442807885008, 18.70657096061318]]]]}}, {"type": "Feature", "properties": {"amp_code": "5515", "amp_th": "เฉลิมพระเกียรติ", "amp_en": "Chaloem Phra Kiat", "pro_code": "55", "pro_th": "น่าน", "pro_en": "Nan", "reg_nesdb": "UpperNorth", "reg_royin": "North", "perimeter": 136.84132112381, "area_sqkm": 565.84752222327}, "geometry": {"type": "MultiPolygon", "coordinates": [[[[101.21681005837375, 19.602419838992002], [101.22556355106234, 19.60512981750731], [101.2438069672301, 19.60342226400653], [101.24651341339296, 19.59452843942308], [101.25584991409914, 19.590954928809996], [101.26158329158824, 19.593436761613614], [101.2805879895253, 19.582368424844237], [101.28774685406063, 19.568678523067927], [101.27406558456522, 19.55152441264985], [101.28528867482855, 19.52750776972611], [101.26749655848245, 19.50405315000907], [101.26979234395958, 19.485218168310425], [101.26598734940139, 19.47055545397144], [101.23888739950078, 19.47307135187351], [101.2363862839324, 19.47799976849064], [101.22844129355603, 19.477278067027886], [101.22471320881715, 19.472236684224725], [101.21392768402663, 19.475891291351513], [101.21039835657155, 19.47322706647265], [101.21142992290572, 19.464331532182765], [101.20505709022969, 19.458570003787514], [101.21499857199126, 19.431858651775748], [101.19896825252017, 19.406687050097112], [101.19503891344021, 19.406307806338273], [101.19627988745785, 19.399611311599408], [101.1910302619469, 19.40258303049552], [101.18686298795652, 19.399083604276058], [101.19043287887631, 19.37768185787064], [101.19886072030319, 19.369627391720808], [101.20429726515938, 19.352949326618226], [101.19660219815225, 19.356040992333106], [101.17479154767156, 19.351637692697704], [101.16673148344393, 19.35596088596245], [101.16067362513964, 19.353783837093783], [101.15859254010493, 19.36408503588776], [101.1487646707509, 19.35900547356823], [101.12127777111039, 19.355886480560148], [101.1115420215525, 19.34467736855666], [101.09333220633042, 19.35466536358437], [101.0871831891328, 19.382122899590676], [101.08365651983058, 19.392300212605385], [101.092458917462, 19.41075879522434], [101.09325496462498, 19.43244808931192], [101.08588094118228, 19.438185140981833], [101.07836635333037, 19.46936159065086], [101.06497666713716, 19.468013021740738], [101.05587273477374, 19.47587562636061], [101.04076824702206, 19.476949717280377], [101.03375848398557, 19.49295559596863], [101.01609680611105, 19.487331527609697], [101.01030594340807, 19.501514289104854], [101.00365930047484, 19.502610993539893], [100.99974615727722, 19.51061001357141], [101.00464101376679, 19.513767010363413], [100.99976202693436, 19.518192949988414], [101.00490193141707, 19.516433330430896], [101.00430552568827, 19.521277043301364], [101.00977299490673, 19.51749932571668], [101.00933839592105, 19.52511206881655], [101.01231913113482, 19.520399901380156], [101.01546495182205, 19.52258015530467], [101.00242723840579, 19.532555071619033], [101.0014743171423, 19.55755502756839], [100.98068863755266, 19.572559934396708], [100.9639368611879, 19.573639627840176], [100.96125260077429, 19.579070569571215], [100.9628846058217, 19.596558734423517], [100.97481469199731, 19.602941120553087], [100.97277553550978, 19.610221418408933], [100.97785516097841, 19.61691101852289], [100.974772406192, 19.619821839444583], [100.98193856618745, 19.627545225649285], [101.01433572449974, 19.620311593417185], [101.02383537440463, 19.6301997105974], [101.03483671936188, 19.62922430707062], [101.03842005718207, 19.624938415919814], [101.06169321620413, 19.61983639187371], [101.06675451640054, 19.605222458227065], [101.08681290927723, 19.599980443620936], [101.09628630940162, 19.584865391997553], [101.11600462121461, 19.584558248293792], [101.12261546481373, 19.572835651553866], [101.14343593340803, 19.578001970562656], [101.16660490135999, 19.581173080731464], [101.1696894252273, 19.585703957242004], [101.17960041789449, 19.5784084504157], [101.19739651799247, 19.577025082044027], [101.2046056589775, 19.588561152926093], [101.20643977824363, 19.60522285951537], [101.21681005837375, 19.602419838992002]]]]}}, {"type": "Feature", "properties": {"amp_code": "5512", "amp_th": "บ่อเกลือ", "amp_en": "Bo Kluea", "pro_code": "55", "pro_th": "น่าน", "pro_en": "Nan", "reg_nesdb": "UpperNorth", "reg_royin": "North", "perimeter": 154.11380236795, "area_sqkm": 923.95986268638}, "geometry": {"type": "MultiPolygon", "coordinates": [[[[101.30478102047144, 18.988138199894216], [101.29112984184589, 18.977171307344243], [101.29582158823591, 18.941284429313487], [101.2910510967434, 18.93539697920715], [101.28124171550783, 18.9359311160119], [101.27430402166007, 18.93046157608673], [101.27462889620648, 18.918395199538466], [101.25376613538448, 18.90592781108184], [101.24888675656204, 18.895964536897004], [101.23614072872682, 18.894507240696882], [101.22230586633945, 18.900368153683015], [101.21715598404711, 18.89461845824737], [101.20981490477232, 18.895863196293956], [101.19068222830802, 18.888741788709453], [101.17336170771702, 18.901244199548515], [101.1619125581515, 18.9263599220229], [101.14801700068973, 18.926801322427654], [101.1492307401518, 18.93982825283255], [101.14051107391124, 18.955722867145983], [101.12074120483476, 18.93555628904697], [101.11657115665588, 18.94417611178277], [101.10677098001179, 18.943190234756628], [101.09722768277442, 18.948228159859124], [101.09367997396645, 18.9580069220274], [101.0919025044849, 18.960976259477086], [101.08290865774887, 18.965031791193148], [101.06947749710456, 18.989126689266758], [101.07675317968044, 19.00421157644628], [101.07600349187413, 19.015396062213167], [101.06482262567822, 19.013832139790505], [101.06384203626617, 19.028973426351413], [101.05331103734206, 19.041664832825052], [101.0715548330316, 19.06894382342681], [101.07616596586934, 19.08404696147135], [101.07061108100513, 19.091566169769358], [101.07118534213953, 19.128237914181252], [101.08500152467415, 19.141181663844797], [101.10862108606565, 19.178025355353913], [101.10673394192726, 19.195152708369733], [101.12827038513714, 19.20874642298989], [101.12960590646126, 19.251450388577588], [101.1257111102532, 19.260284372394104], [101.12882523232874, 19.27348531033818], [101.129480850489, 19.287778401065736], [101.11267685757562, 19.310186957334942], [101.1115420215525, 19.34467736855666], [101.12127777111039, 19.355886480560148], [101.1487646707509, 19.35900547356823], [101.15859254010493, 19.36408503588776], [101.16067362513964, 19.353783837093783], [101.16673148344393, 19.35596088596245], [101.17479154767156, 19.351637692697704], [101.19660219815225, 19.356040992333106], [101.20429726515938, 19.352949326618226], [101.21916492924609, 19.343998620001134], [101.2285207712875, 19.346706892905868], [101.24149474326057, 19.326474196855287], [101.23182345147481, 19.318895346438477], [101.22724980048814, 19.306527714442634], [101.23984366929692, 19.284274538828647], [101.24149094660434, 19.271733734952793], [101.24999466001589, 19.24295725297747], [101.25962897042018, 19.23076959282649], [101.25049970422982, 19.206213430681416], [101.25228564220012, 19.192273175562573], [101.24502240021826, 19.180417367934563], [101.25303007589869, 19.17039075513245], [101.25378829274652, 19.159917849023763], [101.25852826399654, 19.139510487658537], [101.25418075715616, 19.131699209640256], [101.25682729414011, 19.12457207584492], [101.29353362867877, 19.103809814061364], [101.29775231796705, 19.093977956687894], [101.31591339950027, 19.07987313059958], [101.32536390444633, 19.079844428433223], [101.33283889553734, 19.068101307248], [101.34098909518244, 19.069045670030825], [101.35042451157877, 19.05203873575708], [101.35702935069635, 19.04995848829112], [101.34061461803948, 19.021695037153158], [101.33577068732762, 19.004469600171053], [101.31000743936477, 19.002264367069582], [101.30478102047144, 18.988138199894216]]]]}}, {"type": "Feature", "properties": {"amp_code": "5513", "amp_th": "สองแคว", "amp_en": "Song Khwae", "pro_code": "55", "pro_th": "น่าน", "pro_en": "Nan", "reg_nesdb": "UpperNorth", "reg_royin": "North", "perimeter": 119.81224625566, "area_sqkm": 597.62484976785}, "geometry": {"type": "MultiPolygon", "coordinates": [[[[100.7838315460956, 19.377966298803372], [100.78408691069053, 19.363385339959276], [100.79102593926595, 19.355331244994535], [100.78878609691866, 19.340856108842424], [100.79806057928222, 19.321463935854407], [100.78954210457327, 19.30141787271829], [100.77717604334975, 19.297093976264375], [100.77772250800274, 19.274176173432615], [100.75680839145056, 19.276275594493317], [100.74920037494432, 19.269033204941252], [100.7320931823792, 19.268791840454217], [100.72507739925113, 19.279943163798144], [100.70568017718254, 19.288594921620177], [100.66417768745575, 19.292162460167734], [100.65805796601552, 19.297306778067476], [100.61924067915848, 19.305456550384793], [100.61235275459568, 19.3124018887525], [100.61677663160039, 19.32160057932953], [100.60923269694257, 19.33385043403795], [100.5701159985292, 19.305097525488193], [100.56185064931101, 19.31058930271841], [100.55846135373802, 19.319779535691627], [100.55889398844839, 19.33522526524314], [100.56434979096082, 19.339887870326976], [100.52895252515263, 19.353376904533228], [100.53451471072647, 19.366245376847722], [100.51809215131863, 19.378442347764047], [100.50556724208994, 19.371609899232777], [100.49623090104758, 19.371522014117257], [100.49480265733064, 19.379583864773664], [100.48803284241866, 19.382121714950703], [100.48873464534213, 19.39955789527802], [100.52202585008516, 19.406927873703854], [100.54038236943273, 19.41602701140285], [100.5643880648093, 19.435582855710855], [100.56536978443168, 19.452674672948906], [100.58266140175593, 19.474322685582482], [100.6026189429736, 19.47923590126673], [100.59869659874369, 19.510211340792377], [100.6028598690647, 19.530045714975127], [100.61094391184591, 19.53460847972186], [100.60860778574622, 19.548104077840208], [100.62964496011493, 19.555156459389867], [100.65139701104323, 19.556785972178897], [100.66021729087066, 19.547707012779515], [100.67217897072331, 19.549511891439735], [100.69609827226756, 19.534944959551755], [100.70785797504088, 19.535904723516122], [100.71117195328875, 19.530791729127497], [100.73040192002514, 19.525563157292293], [100.75200460519919, 19.510765334776963], [100.75786363651493, 19.51162994247717], [100.75621393647906, 19.504267545791283], [100.76432993351212, 19.50106286791978], [100.7671480019518, 19.48828408596034], [100.74943215924336, 19.477904509249324], [100.74398307696629, 19.469724861569194], [100.74248978054915, 19.45961666204376], [100.75128362763212, 19.444756891863786], [100.74723943057458, 19.441220697028765], [100.75614152325159, 19.42968647221854], [100.75203164397958, 19.412109936831], [100.77182873391737, 19.404672709865046], [100.7838315460956, 19.377966298803372]]]]}}, {"type": "Feature", "properties": {"amp_code": "5510", "amp_th": "นาหมื่น", "amp_en": "Na Muen", "pro_code": "55", "pro_th": "น่าน", "pro_en": "Nan", "reg_nesdb": "UpperNorth", "reg_royin": "North", "perimeter": 183.73823158175, "area_sqkm": 977.69199453131}, "geometry": {"type": "MultiPolygon", "coordinates": [[[[100.55240327016445, 18.034913590995128], [100.55055138269479, 18.03598903908498], [100.54015046327875, 18.04191163999767], [100.53412566903307, 18.038822918940514], [100.52069057428427, 18.042812271873228], [100.50305895529878, 18.053883810320293], [100.49728205029957, 18.050839439489295], [100.48132519626586, 18.05525457310096], [100.47296185127092, 18.044959647990733], [100.45611981359863, 18.041419647402975], [100.44109293131618, 18.023275499243486], [100.42350749313871, 18.013367365699125], [100.41359858856372, 18.021980495712096], [100.41533761784254, 18.036451991148763], [100.40314584973494, 18.06516026588199], [100.40957090268729, 18.075327972891046], [100.39545349705753, 18.086408641661713], [100.39791881831906, 18.105017049368954], [100.3915407472781, 18.11770623839483], [100.39698128141224, 18.135144321664306], [100.41018989530494, 18.141929164498528], [100.4135889948571, 18.151863349880124], [100.41834391128317, 18.155885632806488], [100.4389091366724, 18.152881936940794], [100.4461872834224, 18.158425263836445], [100.45233336536835, 18.17361502230231], [100.45161176679586, 18.184733801005443], [100.45967801238581, 18.19473549645976], [100.45374724369702, 18.214748054879454], [100.46754191371069, 18.23723875899015], [100.47635956050321, 18.265031248943142], [100.49235961064439, 18.277368785422944], [100.4994529657191, 18.276480858459745], [100.5035375409397, 18.27027049524321], [100.52178766377268, 18.27449385755463], [100.52554080313624, 18.252770072885365], [100.53419221721418, 18.25175669023945], [100.55431211876918, 18.235159503882354], [100.5803862498588, 18.239591647136297], [100.60111556745883, 18.236524716008503], [100.63242987954474, 18.236779973118164], [100.63738717159325, 18.24549866177099], [100.66314897081739, 18.24612822160599], [100.6879676783652, 18.216953003797904], [100.69967198403775, 18.211190159499164], [100.71255470834248, 18.21133757913074], [100.73595231950775, 18.185853752577746], [100.75554457095161, 18.178345942723112], [100.76537110861528, 18.18314495506189], [100.76484881365526, 18.195000299502713], [100.77373551964007, 18.20933027636135], [100.76948174172928, 18.22533548326397], [100.79117483344187, 18.236251381663873], [100.80183781227475, 18.23366454415698], [100.81451165848743, 18.22067827189356], [100.81015179654395, 18.203041756183048], [100.81424279373832, 18.189919586235536], [100.81037182338605, 18.182063075467543], [100.81551385292974, 18.178757483848024], [100.82970061350461, 18.196938564456488], [100.85119698831515, 18.20634076358687], [100.8593354565412, 18.22051301383606], [100.87551183419235, 18.21670886538104], [100.89456343702895, 18.221188979525227], [100.91591680817083, 18.21125915065047], [100.92534863352839, 18.211943901374696], [100.90791181002413, 18.193366122701992], [100.90642318061109, 18.175437400297547], [100.91377915631185, 18.159327039407486], [100.88898675021206, 18.147336097730488], [100.88368970422424, 18.151162229437745], [100.87566946494944, 18.14230540105075], [100.8716855011309, 18.12589779662334], [100.87544179583425, 18.118614356039984], [100.85662841744657, 18.10290004900324], [100.84992454562469, 18.082788779802357], [100.84197404060724, 18.07973767372423], [100.8190968371881, 18.08288988498317], [100.81043632682096, 18.07740582739213], [100.80093466837383, 18.05410318282142], [100.77703727158931, 18.032474219355414], [100.77602043183467, 18.04719607714205], [100.76418752319793, 18.05719564923146], [100.76314415359214, 18.063387458746018], [100.75324090982117, 18.064725592208294], [100.72601369073762, 18.04774509735738], [100.7183388629348, 18.053280971809222], [100.71711983731093, 18.067687308120952], [100.71226398237795, 18.05625104967046], [100.71277679033902, 18.03818374365769], [100.70584588312704, 18.02646627175894], [100.68063383444164, 18.028088539160244], [100.68189268933406, 18.03223052497769], [100.66996794835624, 18.04177368603755], [100.65739914595233, 18.03885605854121], [100.62337213300988, 18.04333048798252], [100.6102248017156, 18.049771084205936], [100.59162372309912, 18.04093794464914], [100.57698941236463, 18.044014831587884], [100.57290474252584, 18.035512613589724], [100.55240327016445, 18.034913590995128]]]]}}, {"type": "Feature", "properties": {"amp_code": "5511", "amp_th": "สันติสุข", "amp_en": "Santi Suk", "pro_code": "55", "pro_th": "น่าน", "pro_en": "Nan", "reg_nesdb": "UpperNorth", "reg_royin": "North", "perimeter": 106.63061470454, "area_sqkm": 391.59751165272}, "geometry": {"type": "MultiPolygon", "coordinates": [[[[100.92547987758664, 18.857892251351718], [100.89735607636517, 18.863090975548005], [100.88161135603615, 18.861436140576334], [100.87878536439051, 18.857606055128215], [100.87006052929543, 18.899707623265673], [100.85539496303387, 18.912409700875067], [100.82824469232145, 18.93070772945445], [100.81951468434869, 18.922581503060016], [100.81120620458728, 18.927179861761584], [100.81530506279178, 18.932023906687117], [100.80998993802478, 18.935832930187402], [100.81079440084822, 18.951995120820953], [100.81803291833315, 18.956210963135586], [100.81638577471944, 18.96165776113743], [100.82300999795568, 18.964779483571142], [100.82171430398382, 18.96869722351207], [100.82792227961308, 18.96561415979007], [100.83597432388906, 18.97974960539018], [100.83080601261602, 18.994029428240683], [100.87988579680878, 18.986122701574562], [100.8842640868128, 18.981626751392636], [100.88667493859944, 18.985739689895905], [100.89082127199518, 18.979220129020533], [100.89849750029474, 18.98267377849309], [100.90433148668048, 18.97618406838594], [100.91348904126292, 18.967932194704144], [100.924784920201, 18.967535108711797], [100.93985771722471, 18.984038110545068], [100.96458297399431, 18.98248778246255], [100.97125935943887, 18.973329118130206], [100.9917414690387, 18.976906224377792], [100.99651890293744, 18.982541272345884], [101.01401808137254, 18.97449046445581], [101.03718606558547, 18.9729317125661], [101.05134884589586, 18.960659657905953], [101.0919025044849, 18.960976259477086], [101.09367997396645, 18.9580069220274], [101.09722768277442, 18.948228159859124], [101.10677098001179, 18.943190234756628], [101.11657115665588, 18.94417611178277], [101.12074120483476, 18.93555628904697], [101.14051107391124, 18.955722867145983], [101.1492307401518, 18.93982825283255], [101.14801700068973, 18.926801322427654], [101.1619125581515, 18.9263599220229], [101.17336170771702, 18.901244199548515], [101.12865785217778, 18.875268514516083], [101.11750732866341, 18.857577241513027], [101.10877906489259, 18.851846683065983], [101.09343671588096, 18.85332510897813], [101.0635133735998, 18.868682497854124], [101.04897900312642, 18.86978034435727], [101.03097571706245, 18.87823308399096], [101.00951141943072, 18.85893265684903], [100.99877510977905, 18.857937149753916], [100.99585554018628, 18.847905180031088], [100.98481846652562, 18.845981570197054], [100.96404434082983, 18.860292006422352], [100.93587490270885, 18.862227897620915], [100.92547987758664, 18.857892251351718]]]]}}, {"type": "Feature", "properties": {"amp_code": "5509", "amp_th": "เชียงกลาง", "amp_en": "Chiang Klang", "pro_code": "55", "pro_th": "น่าน", "pro_en": "Nan", "reg_nesdb": "UpperNorth", "reg_royin": "North", "perimeter": 87.91765608368, "area_sqkm": 313.29988238667}, "geometry": {"type": "MultiPolygon", "coordinates": [[[[100.88828090925846, 19.246433923175093], [100.88579504931876, 19.244833514561144], [100.85397359406893, 19.220433362501076], [100.8393642193376, 19.21789083680864], [100.83582468363396, 19.22071779721789], [100.83158430034517, 19.21738159048918], [100.81270823769782, 19.223865990873932], [100.81225751478209, 19.223579107611485], [100.79946123356432, 19.221812668267496], [100.79259026810394, 19.233825244003697], [100.79131655513837, 19.24309980986172], [100.77895879463865, 19.249279944006652], [100.77772250800274, 19.274176173432615], [100.77717604334975, 19.297093976264375], [100.78954210457327, 19.30141787271829], [100.79806057928222, 19.321463935854407], [100.78878609691866, 19.340856108842424], [100.79102593926595, 19.355331244994535], [100.78408691069053, 19.363385339959276], [100.7838315460956, 19.377966298803372], [100.83507266171128, 19.361058186167007], [100.85251757618286, 19.36201296046823], [100.86434714394576, 19.356815310243846], [100.88348057845658, 19.363901658894974], [100.91061049675434, 19.3590028317538], [100.92108557217423, 19.35603353764959], [100.93479018377823, 19.36315345802679], [100.9504726967303, 19.355669161008237], [100.96740214482588, 19.363307482636184], [100.98171962322978, 19.38214649818785], [100.98478721536061, 19.377596508828205], [100.97890123502147, 19.354730086774225], [100.99304551671453, 19.350529002885047], [100.99980896248816, 19.33822638100359], [101.00944880221516, 19.33857423511542], [101.00978006447399, 19.319761596182424], [101.0265881654606, 19.3249230794602], [101.04581911889372, 19.3206006046542], [101.04634670171785, 19.310577242468327], [101.03976226392115, 19.29926275459006], [101.0225302620201, 19.284229421955764], [101.01287157674511, 19.28129650896292], [101.00413539670465, 19.28462415153886], [100.99322131624693, 19.2657243369817], [100.97233257479117, 19.26413976221617], [100.9441374609463, 19.265358679797142], [100.88828090925846, 19.246433923175093]]]]}}, {"type": "Feature", "properties": {"amp_code": "5507", "amp_th": "เวียงสา", "amp_en": "Wiang Sa", "pro_code": "55", "pro_th": "น่าน", "pro_en": "Nan", "reg_nesdb": "UpperNorth", "reg_royin": "North", "perimeter": 269.28552057103, "area_sqkm": 2162.6623266204}, "geometry": {"type": "MultiPolygon", "coordinates": [[[[101.09152798206335, 18.499251862030707], [101.0933837548435, 18.479818672825083], [101.08249736934526, 18.47581834236588], [101.05415256943387, 18.442652914172886], [101.0552406790815, 18.42376096665468], [101.03450780175375, 18.401092917460478], [101.02596628649353, 18.39806638976912], [101.01973615151904, 18.383808522417127], [100.99066117246768, 18.388764086304924], [100.98633421884647, 18.378939771111284], [100.96361245237203, 18.377244603080822], [100.94005892579682, 18.35942471052455], [100.91840516323813, 18.35889874470548], [100.91277631961403, 18.353317981770214], [100.9150359273043, 18.348455176834538], [100.9103121524563, 18.350184099531415], [100.9070385031662, 18.34520963788812], [100.90579997860773, 18.350351250278607], [100.88926089090077, 18.33689326689391], [100.88304195324437, 18.344314442176238], [100.87705999817598, 18.367634806979197], [100.86145387490842, 18.372616962746868], [100.85769168881704, 18.384181708213625], [100.84832645898155, 18.39207084114685], [100.84957456747837, 18.41733832348427], [100.84580941344558, 18.42943034020977], [100.83629078449619, 18.428658730554513], [100.83537293204787, 18.424449613831], [100.8044625217532, 18.429295961647856], [100.78830640192581, 18.42288512738171], [100.76410381994616, 18.426754800513], [100.75273073175302, 18.42195872674863], [100.73510223117361, 18.42346794660449], [100.73515604686617, 18.419513545914935], [100.71569611467481, 18.422174961294573], [100.71673350368798, 18.43627259179066], [100.69999370902849, 18.430831716991683], [100.69026575982484, 18.43757970175748], [100.67720955636926, 18.439405442837824], [100.66803815567017, 18.4372049084469], [100.66708875140075, 18.43305481341795], [100.65448741800985, 18.420460418237557], [100.64062106227166, 18.418755580862076], [100.60667569882864, 18.431565431730462], [100.5904162613797, 18.428023795482286], [100.58443614125099, 18.44393668858796], [100.57718628353707, 18.44727810744215], [100.57028870172338, 18.420837544149734], [100.55045535738377, 18.41792499864613], [100.54966685670732, 18.456026598881277], [100.54328411743147, 18.46972126204204], [100.54130201512987, 18.489635996032206], [100.52506018657841, 18.48339063467967], [100.52050539628914, 18.47575260646579], [100.51236069361941, 18.477109903986754], [100.506093166168, 18.473112973852963], [100.49336373401842, 18.47497344503479], [100.48180106702542, 18.482824840172846], [100.47545471723862, 18.49556967419692], [100.46046366063136, 18.49133518787526], [100.44699143473774, 18.49640385786429], [100.44392317068062, 18.490215117654742], [100.43516944380565, 18.500853697554234], [100.42193134748692, 18.49539652631365], [100.41547692798058, 18.48233369475873], [100.39976444231579, 18.485911277503973], [100.39609727484414, 18.50346713177944], [100.3868643632612, 18.51166861109248], [100.39597089142119, 18.527076922619504], [100.3875822690954, 18.543347068020985], [100.38764936011806, 18.558173541911962], [100.37057347558724, 18.56592701011075], [100.37802412404375, 18.586042260377678], [100.37521674764145, 18.591409827189885], [100.38093270933703, 18.61969131653449], [100.38379147138667, 18.624603952118655], [100.39679507382891, 18.628143694076115], [100.39241182796046, 18.63851667267878], [100.37604667598258, 18.636732814806663], [100.36189935043771, 18.644484786275083], [100.35241093025908, 18.680320105630464], [100.36387774674382, 18.7075550750176], [100.37155572144461, 18.710867189403942], [100.38156076003537, 18.725841830168076], [100.38866083682541, 18.726620618895897], [100.39180280855874, 18.740364517850374], [100.40537893742172, 18.73884558041133], [100.41836864244023, 18.74713728525644], [100.43695611623703, 18.741038683046266], [100.45110305781373, 18.746383667141522], [100.46410598388236, 18.728326368971533], [100.47815474014239, 18.728558224035122], [100.49410514023495, 18.735966124426977], [100.50854487853067, 18.794044153013783], [100.50647143025054, 18.81949555229776], [100.52873494298667, 18.835322684722133], [100.53946384775809, 18.82876623772869], [100.56878917403014, 18.827583215409142], [100.58144792272033, 18.81297147312746], [100.58679509357495, 18.798323033336235], [100.59075214522039, 18.784541273986214], [100.6079196476811, 18.77741693210158], [100.60189973915547, 18.765175248344306], [100.60574114511145, 18.747880717940824], [100.59789474027635, 18.74534803543973], [100.59290567903558, 18.737077091882714], [100.59615760664065, 18.721643302274988], [100.59711178888121, 18.715015775437166], [100.589596695703, 18.703298902470255], [100.61013314601426, 18.710183472859583], [100.6210389772926, 18.701146967168555], [100.6302421463316, 18.707120663642055], [100.63192948150477, 18.695456394391172], [100.63906972017054, 18.69063830140653], [100.67563994592987, 18.68844720569127], [100.68940461271448, 18.695821553526812], [100.69166720415622, 18.686895049500468], [100.70825896174782, 18.701967192485238], [100.71157666926108, 18.69983747695552], [100.71652111932977, 18.682916470117824], [100.72963889423197, 18.675254273067676], [100.73642045057032, 18.679748534327786], [100.74797721978584, 18.673951669869442], [100.77136419761892, 18.674437125886943], [100.7928183014305, 18.674960711518267], [100.81727883206919, 18.68102470128002], [100.82926571408312, 18.680814497173845], [100.83769954150638, 18.690000143941493], [100.84813363398263, 18.684785368434433], [100.84872523365298, 18.675364720170858], [100.8573427723768, 18.67133394352583], [100.87700266329482, 18.67756054315425], [100.91860393181945, 18.668503377023043], [100.9213014494472, 18.66069641850991], [100.91963298644097, 18.64428292686577], [100.9269123486071, 18.624153034341738], [100.94066599218843, 18.622491699447373], [100.97192226708759, 18.60196939222823], [100.98581388293125, 18.600983274951826], [100.98702285769352, 18.591934526594567], [100.99444529567705, 18.580720913808147], [101.01248961299974, 18.57072197556519], [101.02196509566312, 18.573739468513583], [101.02698654275127, 18.571116629497208], [101.03122557063278, 18.56062595393222], [101.07009335443637, 18.54731056772286], [101.10392051224109, 18.521659272993297], [101.09841955681344, 18.50303503597818], [101.09152798206335, 18.499251862030707]]]]}}, {"type": "Feature", "properties": {"amp_code": "5508", "amp_th": "ทุ่งช้าง", "amp_en": "Thung Chang", "pro_code": "55", "pro_th": "น่าน", "pro_en": "Nan", "reg_nesdb": "UpperNorth", "reg_royin": "North", "perimeter": 130.30136644233, "area_sqkm": 707.3422815892}, "geometry": {"type": "MultiPolygon", "coordinates": [[[[101.09325496462498, 19.43244808931192], [101.092458917462, 19.41075879522434], [101.08365651983058, 19.392300212605385], [101.0871831891328, 19.382122899590676], [101.05968317021141, 19.380187285558126], [101.05128537130157, 19.372559162234342], [101.03872595199672, 19.369927250070244], [101.03595668139994, 19.359229471874265], [101.01432025113118, 19.347914742769028], [101.00944880221516, 19.33857423511542], [100.99980896248816, 19.33822638100359], [100.99304551671453, 19.350529002885047], [100.97890123502147, 19.354730086774225], [100.98478721536061, 19.377596508828205], [100.98171962322978, 19.38214649818785], [100.96740214482588, 19.363307482636184], [100.9504726967303, 19.355669161008237], [100.93479018377823, 19.36315345802679], [100.92108557217423, 19.35603353764959], [100.91061049675434, 19.3590028317538], [100.88348057845658, 19.363901658894974], [100.86434714394576, 19.356815310243846], [100.85251757618286, 19.36201296046823], [100.83507266171128, 19.361058186167007], [100.7838315460956, 19.377966298803372], [100.77182873391737, 19.404672709865046], [100.75203164397958, 19.412109936831], [100.75614152325159, 19.42968647221854], [100.74723943057458, 19.441220697028765], [100.75128362763212, 19.444756891863786], [100.74248978054915, 19.45961666204376], [100.74398307696629, 19.469724861569194], [100.74943215924336, 19.477904509249324], [100.7671480019518, 19.48828408596034], [100.77901094204759, 19.492621576271127], [100.79188062663764, 19.510523743107402], [100.81624852633502, 19.524888091250862], [100.82676504925027, 19.54349744724012], [100.83864561940624, 19.552798862502506], [100.84812502782734, 19.56864842086662], [100.85408830411828, 19.570450385423506], [100.86045435411891, 19.573860454448585], [100.85858898919318, 19.581668751256764], [100.86603694130991, 19.58545585937393], [100.87318986698075, 19.60052609089485], [100.88287835256358, 19.60593993119276], [100.89309907722314, 19.634156539182047], [100.91332333047185, 19.626763497123505], [100.91682009962544, 19.62182580689412], [100.94323805744162, 19.6257135529678], [100.974772406192, 19.619821839444583], [100.97785516097841, 19.61691101852289], [100.97277553550978, 19.610221418408933], [100.97481469199731, 19.602941120553087], [100.9628846058217, 19.596558734423517], [100.96125260077429, 19.579070569571215], [100.9639368611879, 19.573639627840176], [100.98068863755266, 19.572559934396708], [101.0014743171423, 19.55755502756839], [101.00242723840579, 19.532555071619033], [101.01546495182205, 19.52258015530467], [101.01231913113482, 19.520399901380156], [101.00933839592105, 19.52511206881655], [101.00977299490673, 19.51749932571668], [101.00430552568827, 19.521277043301364], [101.00490193141707, 19.516433330430896], [100.99976202693436, 19.518192949988414], [101.00464101376679, 19.513767010363413], [100.99974615727722, 19.51061001357141], [101.00365930047484, 19.502610993539893], [101.01030594340807, 19.501514289104854], [101.01609680611105, 19.487331527609697], [101.03375848398557, 19.49295559596863], [101.04076824702206, 19.476949717280377], [101.05587273477374, 19.47587562636061], [101.06497666713716, 19.468013021740738], [101.07836635333037, 19.46936159065086], [101.08588094118228, 19.438185140981833], [101.09325496462498, 19.43244808931192]]]]}}, {"type": "Feature", "properties": {"amp_code": "6409", "amp_th": "ทุ่งเสลี่ยม", "amp_en": "Thung Saliam", "pro_code": "64", "pro_th": "สุโขทัย", "pro_en": "Sukhothai", "reg_nesdb": "LowwerNorth", "reg_royin": "Central", "perimeter": 140.57671628008, "area_sqkm": 583.39246299173}, "geometry": {"type": "MultiPolygon", "coordinates": [[[[99.68768275028265, 17.285682582116454], [99.68155818523675, 17.2744343553468], [99.68799179572426, 17.262004413639673], [99.66691388617366, 17.255896294398276], [99.6654260441377, 17.248744720382998], [99.66728209235687, 17.22664422182695], [99.67312174115042, 17.21315574827006], [99.6812843085905, 17.21404801405903], [99.68411035145593, 17.20777677237579], [99.66708211390456, 17.2044804352614], [99.64997907527679, 17.21108161497027], [99.63005855551624, 17.22948939131881], [99.60401892363825, 17.235357529649104], [99.59405072522974, 17.232020189365283], [99.58383848967122, 17.234725609240677], [99.5793901886864, 17.247039382488804], [99.58852341633069, 17.24979008307499], [99.59972050265515, 17.26052915326517], [99.59455987928654, 17.282505693528872], [99.57702222140072, 17.260713110177626], [99.54003626659485, 17.259696188995402], [99.51810071056997, 17.252609700394448], [99.50163084392723, 17.24048940095531], [99.49629537641809, 17.238424774854295], [99.49206394207903, 17.243851837907926], [99.46773643307499, 17.24686001665314], [99.45981753434656, 17.24326037176294], [99.46045986918399, 17.250032586884373], [99.45570616601734, 17.254494049684094], [99.45143744154113, 17.290643126610746], [99.45473260284703, 17.308685581307838], [99.4617426306524, 17.31063781401417], [99.4763508832599, 17.325810674816694], [99.47639921314428, 17.34112943500667], [99.46949014582836, 17.368270687301887], [99.45574881540226, 17.368717153663244], [99.44218304808362, 17.38915432440668], [99.42946015940548, 17.392309592734993], [99.42726277429676, 17.40889071758691], [99.43033010538844, 17.418088078926615], [99.43991244908698, 17.42136639496476], [99.44279612334627, 17.434342227679192], [99.43316500173138, 17.434645868198306], [99.41453696142986, 17.44979415841596], [99.4175396869311, 17.457977188308508], [99.4061267210575, 17.471292613360184], [99.41922905319875, 17.487581847242748], [99.42655690432987, 17.487210344339157], [99.44707701642467, 17.50017334642764], [99.46011658580454, 17.500254287349165], [99.46323614912133, 17.506233031837837], [99.46937683210543, 17.507131533364337], [99.4688312928184, 17.511356233366946], [99.48453186989623, 17.514827854531415], [99.4955871913912, 17.50887559562152], [99.50163934198959, 17.513473584473576], [99.52100804235901, 17.507799280033094], [99.52621268655547, 17.509854306520737], [99.53314633895087, 17.499889736330875], [99.52480055098424, 17.48103326041016], [99.54154242396478, 17.47170774958155], [99.54241885182421, 17.457968610114758], [99.54869018262771, 17.452017428762755], [99.56158332288837, 17.46175354988582], [99.57280603587824, 17.457724151554125], [99.58186660682456, 17.437619326892], [99.60577996877933, 17.410967256204245], [99.62004294065079, 17.373883616269417], [99.63111421096782, 17.364001194718007], [99.64538085951952, 17.3554614594354], [99.67094999587653, 17.36256199065451], [99.70682582710407, 17.37845491326444], [99.71899292798399, 17.382209987020612], [99.7253135248211, 17.376857729851938], [99.71036589037467, 17.344889662924093], [99.68768275028265, 17.285682582116454]]]]}}, {"type": "Feature", "properties": {"amp_code": "5024", "amp_th": "ดอยหล่อ", "amp_en": "Doi Lo", "pro_code": "50", "pro_th": "เชียงใหม่", "pro_en": "Chiang Mai", "reg_nesdb": "UpperNorth", "reg_royin": "North", "perimeter": 80.66561262677, "area_sqkm": 222.72785492}, "geometry": {"type": "MultiPolygon", "coordinates": [[[[98.8581333993595, 18.529194293785952], [98.85770047800196, 18.50918915563867], [98.84682667838294, 18.5071809722578], [98.8464500262663, 18.499627025117515], [98.83906595053944, 18.48661157797122], [98.82562839121012, 18.479493419693878], [98.8153847054141, 18.471362913592777], [98.8142078217299, 18.462040007621727], [98.80541280727753, 18.46322987488012], [98.79849843253854, 18.453158633765096], [98.77771676629456, 18.449998040121645], [98.76444227951988, 18.43467472924749], [98.75422655488278, 18.437009447226586], [98.74343871261, 18.431235593625004], [98.73964068266345, 18.435886214639144], [98.74798795801665, 18.445806709921467], [98.7467468387883, 18.47481753971568], [98.73963235377235, 18.49184929366069], [98.72627046375433, 18.498918587099443], [98.69296258104502, 18.511082454130563], [98.68296954979526, 18.524566576096234], [98.6895325287323, 18.53550221604771], [98.66779520825604, 18.558585642248016], [98.66678242397478, 18.566822000879984], [98.6595995780727, 18.566820477162548], [98.64474534789629, 18.580500320715622], [98.6347782664735, 18.583111327406147], [98.62319850326774, 18.600390558104987], [98.63158732900433, 18.61337094037202], [98.65133775056286, 18.60997299880663], [98.67742117147566, 18.621048060700343], [98.69175017141545, 18.62192051251781], [98.71414989898345, 18.599639930096682], [98.71161154006073, 18.582828751864284], [98.71795270310983, 18.570069868931697], [98.74434269723996, 18.551422418218415], [98.76058584654237, 18.55544306017486], [98.79749948481738, 18.584830640438593], [98.82729074401044, 18.564158549971253], [98.83956184128384, 18.56020730357414], [98.84764543538813, 18.54676641986263], [98.85349233484816, 18.54536109892022], [98.85738399106135, 18.541337592191777], [98.8581333993595, 18.529194293785952]]]]}}, {"type": "Feature", "properties": {"amp_code": "5025", "amp_th": "กัลยาณิวัฒนา", "amp_en": "Galyani Vadhana", "pro_code": "50", "pro_th": "เชียงใหม่", "pro_en": "Chiang Mai", "reg_nesdb": "UpperNorth", "reg_royin": "North", "perimeter": 123.54647550717, "area_sqkm": 522.72353111238}, "geometry": {"type": "MultiPolygon", "coordinates": [[[[98.40110410990164, 19.00305876172955], [98.40164030106752, 18.987111887210588], [98.41198714343267, 18.97888716801895], [98.40960236546304, 18.970732410443365], [98.41744836638065, 18.96330029092772], [98.42764793723659, 18.961042224755825], [98.4306089730649, 18.951554174516453], [98.44896163177971, 18.960705783606773], [98.47380973246055, 18.96073393553997], [98.45991027703205, 18.943740859055268], [98.45940841642614, 18.937459503360163], [98.47881755167771, 18.931491564022856], [98.47681640353046, 18.92222477850716], [98.47457120250223, 18.909928587363783], [98.46185718422379, 18.90539378687719], [98.46512886641355, 18.887776732793704], [98.39414742010166, 18.878367959713273], [98.37800645253768, 18.882666199852327], [98.35017192688271, 18.90807894007592], [98.35024288565533, 18.925660173831158], [98.34116837667133, 18.937770927134277], [98.3289873611049, 18.940888058149756], [98.32579594443096, 18.933051340796915], [98.30244442980968, 18.932088420109785], [98.28856025424692, 18.92609373947371], [98.27082904143333, 18.934753733198097], [98.26572954797558, 18.932569218897047], [98.26053990285327, 18.952175072414143], [98.2466138185984, 18.95947748969706], [98.23300733743919, 18.96050161819113], [98.22191340724527, 18.947039818163585], [98.20662230131423, 18.957677174264056], [98.19744559663357, 18.958249928953336], [98.1735526673748, 18.98863798530773], [98.1660477510433, 18.98358655376718], [98.16929717377101, 18.99920799209386], [98.18605264455196, 19.015436055146353], [98.18510969040243, 19.031872386854705], [98.19111499901786, 19.03269628907004], [98.19113235207197, 19.041071363613767], [98.20500180896539, 19.04853512978908], [98.20890645860729, 19.063257309845845], [98.22506575556677, 19.08027023140874], [98.22554544879638, 19.088452963370706], [98.23469549788915, 19.093420860390967], [98.23811918724283, 19.102293546549884], [98.24862693136565, 19.106654136441776], [98.25200077112945, 19.113752870398102], [98.24067280774796, 19.126963712047413], [98.2444513899563, 19.13124923132977], [98.24045244871328, 19.139939857382842], [98.24323711479789, 19.153466081174663], [98.25251901333476, 19.160742663488623], [98.26484078879464, 19.152537122264498], [98.27046095477408, 19.155946125960643], [98.28509183111534, 19.152659947104695], [98.32410514578217, 19.155740105573493], [98.33053075807473, 19.15026231439866], [98.34272424888793, 19.153134934968655], [98.33948346029258, 19.14241662776492], [98.34959765064463, 19.13177985865301], [98.34324048594782, 19.122760825338755], [98.3529703428551, 19.103236668247554], [98.35109013644448, 19.096524488934364], [98.35634417875569, 19.090051978391365], [98.3706577940938, 19.085612195073164], [98.37488953522288, 19.075093738205993], [98.37273202629679, 19.065346560683942], [98.38168190179114, 19.059360241104578], [98.38562552720882, 19.061700501488833], [98.40120214436652, 19.035631750202295], [98.42141447585706, 19.028147751544772], [98.4197568134991, 19.013111235517307], [98.40838805343887, 19.002903712410376], [98.40393085746562, 19.00575197366376], [98.40110410990164, 19.00305876172955]]]]}}, {"type": "Feature", "properties": {"amp_code": "6301", "amp_th": "เมืองตาก", "amp_en": "Mueang Tak", "pro_code": "63", "pro_th": "ตาก", "pro_en": "Tak", "reg_nesdb": "LowwerNorth", "reg_royin": "West", "perimeter": 306.38592736098, "area_sqkm": 1922.84101138391}, "geometry": {"type": "MultiPolygon", "coordinates": [[[[98.92840520401408, 16.97070082977799], [98.9270070571168, 16.960876549277778], [98.93680372039817, 16.942370077430567], [98.9350906332514, 16.935396599466408], [98.98051549891787, 16.91279218226436], [98.99428161096269, 16.918658633881904], [99.01229593773746, 16.938231422941456], [99.0228956583888, 16.9413650009969], [99.0260901617491, 16.950754526224166], [99.04825305042714, 16.963807080546147], [99.06097747568548, 16.965557357918016], [99.07817945123156, 16.978779807165708], [99.09761189003753, 16.971264053683498], [99.11795361419408, 16.971308673757125], [99.1383110288691, 16.971136563289846], [99.15600419780696, 16.990458298840704], [99.16520586786062, 16.984480420460127], [99.17109495961928, 16.985772739098266], [99.17652250319072, 16.995381670640636], [99.19414250039645, 17.008924937790525], [99.20772485171312, 17.024606383470502], [99.21577398814456, 17.068193162565375], [99.20111959063645, 17.090496127478612], [99.17706833154152, 17.094316262049166], [99.17710553790285, 17.094524137312874], [99.18416810193199, 17.11792773807456], [99.19753050113981, 17.132482165412988], [99.19826827240689, 17.1486088724229], [99.2201458569154, 17.162140782054475], [99.23099753090027, 17.18160057678474], [99.24037334611043, 17.178172752386175], [99.25427986128562, 17.185798472069802], [99.26649565423432, 17.175569389798074], [99.272955240846, 17.180405839606504], [99.27485477927021, 17.192363415591338], [99.27870025879729, 17.18942826983067], [99.28505333453221, 17.19558307137189], [99.29901295196979, 17.19627921899113], [99.31831307253003, 17.214422010404668], [99.31194798100029, 17.189144570086597], [99.31881562349136, 17.157349377921783], [99.3143585002119, 17.14456797287772], [99.3298748013234, 17.137446251752625], [99.32059308954899, 17.127093054628613], [99.32227754655545, 17.11203534189314], [99.33917474543934, 17.09342057842721], [99.35470396404281, 17.095554402956655], [99.36422164728744, 17.09237036413284], [99.37030558721307, 17.09759424591066], [99.38512854149177, 17.082473205939273], [99.39347238848782, 17.082848140391093], [99.38719908028948, 17.070466155613754], [99.39363939954633, 17.054638307084176], [99.39259160933267, 17.030444225086473], [99.39729710646404, 17.02257874423295], [99.41611529128217, 17.018282456384977], [99.43258117736656, 16.980080545482615], [99.44526065371906, 16.96116434818569], [99.44503015053061, 16.94628262612232], [99.45310640214595, 16.93888420679178], [99.44646106442512, 16.9155895847876], [99.44803019530193, 16.89014919550393], [99.46245332187857, 16.88165397534491], [99.46868636633664, 16.866746216978683], [99.45808934737101, 16.863861716441807], [99.43780199086261, 16.871287877598917], [99.42988161835682, 16.864909203696016], [99.41666202282389, 16.865525180994055], [99.41433552523952, 16.84716839892546], [99.38226988509928, 16.835552641870052], [99.38700103315591, 16.827088412767317], [99.38209291376042, 16.82248176903275], [99.38662731336353, 16.8111523654655], [99.37652634475886, 16.812258112903315], [99.36801697906625, 16.80532433032492], [99.3450096854533, 16.813669333553552], [99.32483353760716, 16.815049093241637], [99.31699513686952, 16.796796748865265], [99.30907294407926, 16.794692389117962], [99.29939237880492, 16.792116833635763], [99.29150130067947, 16.783632000825627], [99.29404883841866, 16.776261048111632], [99.30596174025754, 16.769242481717807], [99.3030388899768, 16.739232778672804], [99.2970603800565, 16.73127974399723], [99.2953449805234, 16.718467273511216], [99.28172891319316, 16.706506367405666], [99.28253042141473, 16.68902239678918], [99.27167111431275, 16.68414528817043], [99.26494153500965, 16.701932966457914], [99.24100805009981, 16.72481362071029], [99.2270722247911, 16.733011513516704], [99.2176697024528, 16.749837831413597], [99.17455072801539, 16.793262793538048], [99.16138048986055, 16.801534716708126], [99.14859751623989, 16.790328297249474], [99.14450699581272, 16.766480963994873], [99.13182402957959, 16.744064048383585], [99.11536359702257, 16.742245606996168], [99.1065381107221, 16.753331997204032], [99.08775073547326, 16.75253065275109], [99.07156407068166, 16.730955512794406], [99.05065172372329, 16.726557051103246], [99.04891946391243, 16.71981263462429], [99.03632590745005, 16.708854441554955], [99.00333421979153, 16.70083926981264], [99.00074327926374, 16.695501268696955], [99.01052588473901, 16.687925609783186], [99.01183127404317, 16.672075277578948], [99.02318077312314, 16.662236682091773], [99.01332213806623, 16.654664392361695], [99.01709817264752, 16.63532101456763], [99.03245550291227, 16.61935810206011], [99.0452185635607, 16.60684334524929], [99.03911773188285, 16.60346139159548], [99.03816350020719, 16.585588494934917], [99.02408855204949, 16.57656760596031], [98.99289072302334, 16.57607846031708], [98.9807370283243, 16.559943629351444], [98.96871466679175, 16.56286998950502], [98.96397749704266, 16.573210932404262], [98.95657964880449, 16.572806114206294], [98.95837021091238, 16.58151081754457], [98.9503714372303, 16.59288695489131], [98.9562042585033, 16.60323672159761], [98.9455835686701, 16.610703446484795], [98.94594071623303, 16.619091447758997], [98.95162329079126, 16.62083190083047], [98.95412016693831, 16.62858983513154], [98.94675516994387, 16.634273042343015], [98.94809665766944, 16.637417005236088], [98.94004407694806, 16.636179760531398], [98.9323973526167, 16.641039741729873], [98.92928756470195, 16.64618691976176], [98.94110162023765, 16.64764490105901], [98.95542355967777, 16.665051365295103], [98.95674457269273, 16.69567076657375], [98.94303584373823, 16.703604423957724], [98.95348006683321, 16.716570151589686], [98.95358399785033, 16.72319297402591], [98.9303513126097, 16.745658274679407], [98.91779449782783, 16.78387834949805], [98.91103950242262, 16.79264410452731], [98.89526218406306, 16.792157576591013], [98.8687947750571, 16.820114718442362], [98.8736898686066, 16.82746594160055], [98.86923468134401, 16.836011326405604], [98.84479369501462, 16.844836260613516], [98.82526855166458, 16.87254183979466], [98.84176173261905, 16.883228804388455], [98.84092187186886, 16.895657666067798], [98.83461232638658, 16.90284143602683], [98.83702755643135, 16.913103349589832], [98.85074704461402, 16.904310346972494], [98.87372028840511, 16.911079548993502], [98.89666767568615, 16.910713889068536], [98.8891819322121, 16.92016317144964], [98.89124447003545, 16.924589178361867], [98.88147230728842, 16.926005228436892], [98.88086153569667, 16.934036577542567], [98.87466578217456, 16.938123297639333], [98.89487915571354, 16.956651206584457], [98.90279270076347, 16.95657716217614], [98.91219724863078, 16.975578136656804], [98.92302097039683, 16.975377988677316], [98.92840520401408, 16.97070082977799]]]]}}, {"type": "Feature", "properties": {"amp_code": "5022", "amp_th": "แม่วาง", "amp_en": "Mae Wang", "pro_code": "50", "pro_th": "เชียงใหม่", "pro_en": "Chiang Mai", "reg_nesdb": "UpperNorth", "reg_royin": "North", "perimeter": 140.89970638307, "area_sqkm": 618.96494092241}, "geometry": {"type": "MultiPolygon", "coordinates": [[[[98.83671999463036, 18.5839208182043], [98.83423411667476, 18.57657633667667], [98.85781848091166, 18.55052743174338], [98.85349233484816, 18.54536109892022], [98.84764543538813, 18.54676641986263], [98.83956184128384, 18.56020730357414], [98.82729074401044, 18.564158549971253], [98.79749948481738, 18.584830640438593], [98.76058584654237, 18.55544306017486], [98.74434269723996, 18.551422418218415], [98.71795270310983, 18.570069868931697], [98.71161154006073, 18.582828751864284], [98.71414989898345, 18.599639930096682], [98.69175017141545, 18.62192051251781], [98.67742117147566, 18.621048060700343], [98.65133775056286, 18.60997299880663], [98.63158732900433, 18.61337094037202], [98.62319850326774, 18.600390558104987], [98.60915744418037, 18.593992472245578], [98.60073000451747, 18.584099739614075], [98.58477020724204, 18.581243175366023], [98.54424758086067, 18.58466306415366], [98.5084514129762, 18.594822041021704], [98.498306718734, 18.59078477168996], [98.48755785978129, 18.592245963317016], [98.48965389642606, 18.603215642240773], [98.48782356229962, 18.62976143696659], [98.49880480018393, 18.659769306129604], [98.49572285065832, 18.669015716908028], [98.49970502552179, 18.692280472790237], [98.49749047244335, 18.71170677660594], [98.49184790627677, 18.716687153093517], [98.49713832609748, 18.72124286829835], [98.49389400492119, 18.732521077065652], [98.48873766821318, 18.733762177617727], [98.49719826014137, 18.748979685536153], [98.49609413785089, 18.76888442358131], [98.49945890156339, 18.776480570830874], [98.51117043551719, 18.773820607619594], [98.52742706273868, 18.78071071630187], [98.53010080441474, 18.788185966255867], [98.54019657183, 18.789374691918454], [98.55957614350623, 18.802662741643918], [98.5640069192057, 18.794870224976016], [98.56383153569949, 18.773142037263685], [98.57211831013012, 18.771026028283497], [98.5777748226663, 18.75930225639166], [98.58557825810871, 18.759666533527188], [98.58779648434086, 18.748704115842973], [98.60120325454072, 18.72835296293002], [98.61283934774275, 18.731330479533305], [98.63319519318078, 18.728344915225584], [98.65172273527119, 18.737590963665934], [98.66134190412181, 18.74009514449397], [98.66928274608834, 18.750254309100672], [98.6831479139173, 18.74873622078031], [98.69305321565429, 18.745275418500846], [98.70380689056414, 18.72598334444924], [98.73031577983993, 18.727171196900223], [98.73815158526219, 18.732590364099813], [98.75487799138392, 18.72679824491933], [98.77013376340342, 18.72923296979712], [98.78189826524739, 18.746186338438093], [98.79662918569669, 18.73563986656351], [98.80802303603953, 18.727045529415115], [98.81544390695181, 18.731963974142673], [98.82326904658561, 18.71884391645591], [98.82289794275907, 18.707724628168297], [98.8082335023053, 18.695741689896266], [98.81257938927214, 18.69160330514978], [98.80661467541688, 18.685570057333585], [98.82783307948145, 18.666842547172404], [98.82229809223108, 18.659053415608795], [98.82360766819515, 18.644548644329618], [98.81778463602026, 18.64045112944687], [98.82929410978889, 18.63142503196352], [98.8334807454916, 18.62067012947353], [98.83218725344962, 18.605640963515572], [98.83671999463036, 18.5839208182043]]]]}}, {"type": "Feature", "properties": {"amp_code": "5023", "amp_th": "แม่ออน", "amp_en": "Mae On", "pro_code": "50", "pro_th": "เชียงใหม่", "pro_en": "Chiang Mai", "reg_nesdb": "UpperNorth", "reg_royin": "North", "perimeter": 127.20686489925, "area_sqkm": 469.1583571463}, "geometry": {"type": "MultiPolygon", "coordinates": [[[[99.32833253717986, 18.628539612126275], [99.327747520525, 18.61853787779934], [99.34775033451892, 18.617112404545512], [99.35945828808315, 18.606980348350596], [99.34912007581245, 18.59325418931652], [99.3535314262836, 18.58023242088071], [99.34323206640504, 18.575097537234704], [99.33221066097582, 18.57575670994755], [99.32699908709304, 18.54329675015437], [99.31888931035878, 18.5353740862064], [99.3171156474859, 18.532141450203426], [99.29628416063206, 18.5371631353394], [99.26378599754568, 18.571567228254814], [99.25187714381926, 18.573837367419824], [99.24538307400627, 18.582284074830152], [99.22571073188816, 18.58920129342854], [99.21875547911527, 18.59239427660016], [99.22336510339676, 18.607537752143653], [99.2353815533276, 18.617116976887942], [99.23175025188591, 18.62937024803263], [99.23359699697852, 18.651803656293495], [99.24660708621857, 18.656415609551377], [99.24890448737483, 18.66117558983898], [99.25831312346985, 18.6690089663622], [99.26470824930313, 18.668840767521157], [99.26246701844714, 18.675907069726346], [99.26998156681249, 18.68371648922785], [99.26858232342376, 18.717635541103405], [99.2559829634384, 18.74009653398844], [99.22925388885966, 18.743893201058146], [99.2165643038029, 18.75375058553655], [99.2146702368783, 18.760418212902742], [99.22462350145435, 18.766100388544057], [99.22826862726319, 18.777968346520094], [99.22587571050846, 18.793543484207994], [99.21467155933254, 18.80267250315521], [99.20900299009212, 18.81415812794786], [99.21945460066885, 18.818959902406224], [99.21859905348903, 18.829378129782363], [99.23520420208112, 18.83472073070044], [99.23791491664934, 18.8504520960128], [99.23477688308405, 18.867439200750397], [99.24848646610211, 18.87398169034025], [99.25690875018779, 18.88287243734289], [99.25595259780248, 18.88822749005382], [99.26284810164566, 18.8908207402468], [99.27939967076193, 18.90302802942682], [99.30186337075912, 18.906335715822305], [99.31704707569392, 18.91920041888554], [99.34849498061952, 18.90926477455071], [99.35610739485709, 18.91386067103536], [99.36978265101182, 18.91338771514209], [99.37788516872861, 18.920750632450638], [99.38738383484245, 18.896398367695205], [99.3862261263652, 18.889200031486475], [99.3915081642141, 18.884847524720723], [99.38606942562267, 18.877786927092796], [99.38575387490195, 18.86772752872405], [99.36107488301094, 18.851444789628303], [99.35272639425276, 18.84620309416543], [99.35252041061635, 18.82339564214936], [99.3587481285882, 18.80202644083565], [99.37114906444354, 18.78091597900359], [99.36695679150544, 18.774868950293744], [99.37121751436045, 18.753387892001378], [99.34834172280054, 18.73583411622901], [99.3484291274198, 18.724385276368764], [99.34036906107724, 18.715942926042093], [99.34097826033712, 18.706365077817548], [99.33317098484862, 18.700766595955237], [99.33602169245259, 18.693301872574526], [99.32744553927571, 18.685391938593416], [99.33317228811207, 18.668683213969533], [99.34718579114832, 18.657119822542768], [99.34217105833011, 18.64971115327533], [99.33259947710921, 18.649972356445062], [99.3273758436381, 18.63917441890916], [99.32833253717986, 18.628539612126275]]]]}}, {"type": "Feature", "properties": {"amp_code": "5020", "amp_th": "เวียงแหง", "amp_en": "Wiang Haeng", "pro_code": "50", "pro_th": "เชียงใหม่", "pro_en": "Chiang Mai", "reg_nesdb": "UpperNorth", "reg_royin": "North", "perimeter": 143.8361025917, "area_sqkm": 789.31379935843}, "geometry": {"type": "MultiPolygon", "coordinates": [[[[98.51833877280963, 19.715834061554414], [98.5391871055732, 19.688534507043904], [98.54977838754176, 19.686302175155905], [98.55972074638753, 19.675184425774546], [98.56809226550195, 19.672941018983668], [98.57261843290239, 19.703722233375554], [98.57769902773799, 19.704570167333568], [98.59154479534294, 19.715073636105103], [98.60886685508989, 19.708585394013387], [98.615315559119, 19.71070944013641], [98.61717529522176, 19.71702339099652], [98.62420689965779, 19.713003312839962], [98.62824330994974, 19.71534323010713], [98.62657943755215, 19.727878387200843], [98.65418578893194, 19.739297604523873], [98.66096320824677, 19.733800338476257], [98.66685010004757, 19.749081394489956], [98.68006405366157, 19.749067079873758], [98.68503274359693, 19.753872196129475], [98.70429217030322, 19.757664370966232], [98.72609997975691, 19.712986771767046], [98.73118898917564, 19.714849297430554], [98.74666828550927, 19.69896230686811], [98.75342729213384, 19.70174606129395], [98.74929614573922, 19.68764947772898], [98.75509482029506, 19.678548221894086], [98.74866937350471, 19.668942086506867], [98.75028678533496, 19.663101935312383], [98.78054051422541, 19.645670629849853], [98.78011794437107, 19.633330064407186], [98.8080087841186, 19.612890805645762], [98.80762848483644, 19.606645791412568], [98.79156968678637, 19.596257901752747], [98.79560070490055, 19.59120401682232], [98.7922409238257, 19.58497815032197], [98.803697847081, 19.570673972563778], [98.81101528305639, 19.546649840063054], [98.80287069909582, 19.512315821981023], [98.8092312694021, 19.49452619746939], [98.7900412741067, 19.50115179610032], [98.7791008285856, 19.49891337486211], [98.79076415743688, 19.487642065437292], [98.78616409490166, 19.477966911655944], [98.78840848547534, 19.466431313927078], [98.78391196582946, 19.46140132925725], [98.76491550300979, 19.45868912965912], [98.75960315479799, 19.452516540474736], [98.71539099428374, 19.441619240875518], [98.70733115411076, 19.430705320005057], [98.6839719776838, 19.432814749064658], [98.65877471572828, 19.429163311750333], [98.6518371030342, 19.436648713973874], [98.64018558568881, 19.440335733417918], [98.58980874580223, 19.4241383092109], [98.58453658272805, 19.444211256579244], [98.5922345537571, 19.45581425786387], [98.59098724487912, 19.462991401687923], [98.59476918571116, 19.461895112358775], [98.59889169429404, 19.46999697630187], [98.59257803992821, 19.483138586698967], [98.5950264392535, 19.489576195697797], [98.5880683660145, 19.49838064726561], [98.5874307951802, 19.514930498014845], [98.57488734954157, 19.52534596328324], [98.56820498252901, 19.52019486117846], [98.56480750855181, 19.527969819275043], [98.56590942331991, 19.560121466647647], [98.54230958007626, 19.571858620473943], [98.54111507831308, 19.592818939876935], [98.53674545071323, 19.6002473794349], [98.53953525730383, 19.623377621010267], [98.52678096083316, 19.62703836236038], [98.52177511632335, 19.638813682185877], [98.51354454692539, 19.63898591013559], [98.49695430022203, 19.652156604102966], [98.47235137319372, 19.657887696933596], [98.46691230445731, 19.692608842775083], [98.48564702322469, 19.704485795075854], [98.50708208819104, 19.70974208618124], [98.50944749246345, 19.71712480740258], [98.51833877280963, 19.715834061554414]]]]}}, {"type": "Feature", "properties": {"amp_code": "5021", "amp_th": "ไชยปราการ", "amp_en": "Chai Prakan", "pro_code": "50", "pro_th": "เชียงใหม่", "pro_en": "Chiang Mai", "reg_nesdb": "UpperNorth", "reg_royin": "North", "perimeter": 120.35710693145, "area_sqkm": 497.82444541499}, "geometry": {"type": "MultiPolygon", "coordinates": [[[[99.29280463441486, 19.67863241994727], [99.26533437993773, 19.663980994192436], [99.26366411893449, 19.653622558704136], [99.25836950782282, 19.65035207654862], [99.25980109406842, 19.633039648690378], [99.25893460581997, 19.629480316413684], [99.26629552016024, 19.62459185308347], [99.26788463470253, 19.610536936721612], [99.28450039831554, 19.603582331827734], [99.29225973111583, 19.59432956183586], [99.28939951897799, 19.58089610868686], [99.29540967035781, 19.56995154659707], [99.26463931917799, 19.567532171495788], [99.2454933840703, 19.58011398076752], [99.2363147837149, 19.581147426791286], [99.22471154494812, 19.572084508895724], [99.20961520980005, 19.571090521402894], [99.20845231071974, 19.57848194785277], [99.19660855417085, 19.58143455773392], [99.1673866044812, 19.57083414769245], [99.15966404073879, 19.582745273086502], [99.13470213006075, 19.570664945731256], [99.10888696403951, 19.601392732804555], [99.10107145394414, 19.60588420366086], [99.08883289523628, 19.60430690135376], [99.09087214426246, 19.63029653795915], [99.076909947341, 19.634873543296365], [99.07704576700623, 19.64342028951729], [99.06355459172723, 19.68074403259722], [99.05159896098172, 19.67991419925552], [99.03492038946268, 19.696162259618184], [99.03035878063449, 19.695471757161535], [99.02767697290663, 19.7022115414283], [99.02421051522872, 19.73162970990088], [99.02940621745545, 19.736802600430014], [99.02914900394647, 19.74434851050341], [99.01679981250714, 19.75995014074503], [99.029453133913, 19.784427306031244], [99.01304432571614, 19.79324025195614], [99.01688918109001, 19.795621156831192], [99.03423274910058, 19.800851046925438], [99.04857905634616, 19.762845197575125], [99.11861143267039, 19.765636531553742], [99.15929252028242, 19.760528458502527], [99.16323677529161, 19.768072989398366], [99.16970029608332, 19.76026812024789], [99.16556400802405, 19.750860037119775], [99.16979886791417, 19.743757562485264], [99.18380685375053, 19.742810674434985], [99.19263406154138, 19.750683855785766], [99.20109687129502, 19.751765760460803], [99.21206723064289, 19.76624603732313], [99.23161761222913, 19.768234769000948], [99.2407997185574, 19.759244505953358], [99.29753480468834, 19.754017231326326], [99.32138891583676, 19.73621181088932], [99.34089728487344, 19.712652812450102], [99.31339589820098, 19.707734936938103], [99.31396149644722, 19.702652952408897], [99.30480974160503, 19.697348249165344], [99.29280463441486, 19.67863241994727]]]]}}, {"type": "Feature", "properties": {"amp_code": "6308", "amp_th": "อุ้มผาง", "amp_en": "Umphang", "pro_code": "63", "pro_th": "ตาก", "pro_en": "Tak", "reg_nesdb": "LowwerNorth", "reg_royin": "West", "perimeter": 401.31741931574, "area_sqkm": 4823.95171316862}, "geometry": {"type": "MultiPolygon", "coordinates": [[[[99.10549284938489, 16.04959796312886], [99.08806007213252, 16.043443675420484], [99.08349782963732, 16.026268731024917], [99.08144175410128, 16.007169371355857], [99.08879595161696, 15.979928743899377], [99.07505034163412, 15.96202595479605], [99.07499620622967, 15.952305205441808], [99.08629751761032, 15.948009009865412], [99.09689403883219, 15.930923644850928], [99.08578913851171, 15.912261972577372], [99.08672969091691, 15.886771854633812], [99.09733105245842, 15.871262828603873], [99.09407088668262, 15.86117954163364], [99.09875836924462, 15.853784544453392], [99.096188426695, 15.831504099407702], [99.1036601955606, 15.82726401944177], [99.1032846921566, 15.821103045196484], [99.12392637571794, 15.814379614173165], [99.13375477005383, 15.79821373854917], [99.13617363219899, 15.789384096545348], [99.12761389723543, 15.767133566271488], [99.13887276820029, 15.731325780466822], [99.13078548599283, 15.724777436075199], [99.13006556581631, 15.706324746791891], [99.11164038054066, 15.66820469681072], [99.11553775709872, 15.663190733945926], [99.11179011785636, 15.649693760617364], [99.11666174724759, 15.64550762776598], [99.11574326804548, 15.633520109007677], [99.10683624017017, 15.61598671510974], [99.09756808452991, 15.611367811554507], [99.09188486519133, 15.592417427826318], [99.09419897669562, 15.582653539956414], [99.05249771811481, 15.564223085485981], [99.04830450062008, 15.555350492888815], [99.05517131899146, 15.525062125474623], [99.07286820189358, 15.511956820699504], [99.07838970414103, 15.499819853565727], [99.07573698195569, 15.488272213470713], [99.064452737643, 15.473319928442761], [99.06516400958155, 15.463513756280072], [99.05884400030908, 15.459662976623777], [99.05586207431608, 15.444148442293026], [99.06770298150863, 15.419994616030053], [99.06843846072027, 15.395252757348363], [99.05883822110174, 15.394664451582429], [99.05466675388473, 15.382236474599084], [99.04348858695714, 15.376238003947355], [99.04641765666905, 15.364171118081757], [99.04295886390646, 15.346158798093319], [99.03094784026428, 15.335439305722902], [99.03095413155768, 15.302988874827237], [99.03775576513846, 15.297930509243447], [99.03907766220858, 15.288932201358387], [99.02396485020212, 15.278602686519166], [99.01660027628833, 15.264907301007275], [99.01932945468782, 15.246863391242279], [99.00619746552674, 15.239228955530713], [99.00844424836063, 15.208437210739788], [99.00220490198082, 15.185179113784876], [98.98922350428276, 15.186778014173882], [98.98435792121893, 15.180293031677571], [98.97204706713012, 15.190754441295478], [98.96403883954116, 15.205986271703415], [98.95535790763022, 15.247428476789826], [98.94326230679555, 15.252722680455832], [98.92272330080075, 15.246506512506736], [98.91161860587319, 15.268388173814834], [98.88648624794904, 15.275419424739711], [98.89136510607507, 15.29008458661887], [98.87097967556986, 15.324869171383265], [98.83955738730715, 15.348577948602761], [98.83138904712709, 15.3456754303626], [98.82950791071089, 15.355735443986713], [98.79258796124947, 15.402580132656242], [98.78316092058493, 15.408726850055231], [98.7786616001159, 15.42385570120249], [98.75447245550475, 15.441088117102488], [98.75922269572341, 15.451426996840624], [98.75491159214297, 15.458544183334848], [98.75920828947419, 15.472472883403892], [98.74706333965898, 15.482679972160119], [98.7373669243702, 15.47948180082972], [98.72928892463345, 15.48855692910536], [98.70261704922828, 15.501519910820935], [98.70337847355094, 15.509829382620392], [98.7125294090969, 15.504813685862949], [98.71878834501487, 15.506312331600093], [98.71800996044776, 15.512847806881593], [98.72368445835885, 15.51756746970156], [98.70649372818824, 15.535491157646561], [98.66776526860527, 15.59487642319894], [98.66105699991701, 15.598831638812836], [98.64791807456788, 15.633221838471325], [98.64064918714502, 15.638056943378851], [98.62583118801966, 15.626314442736641], [98.62247910174511, 15.630596200215336], [98.6269618403682, 15.638518896903678], [98.61256697167937, 15.64449122996708], [98.60701364956047, 15.641229007113399], [98.59022602612416, 15.644854054969903], [98.58312915168746, 15.660355353180497], [98.55855490722443, 15.651111898069304], [98.54660501935523, 15.68209860768206], [98.57297957633256, 15.784611615897626], [98.61046120009664, 15.876487287216197], [98.60143870560023, 15.872925907297992], [98.59594401557707, 15.875344185712677], [98.5973527882296, 15.885287809128213], [98.58923749111364, 15.8941964926488], [98.58473908376382, 15.916913002437209], [98.59591450489042, 15.960370599198999], [98.60621278385469, 15.965141475967117], [98.6090310816622, 15.972075992663115], [98.60717645493693, 15.985358437264736], [98.59674930828506, 16.008511573713502], [98.56477438620173, 16.029942257317824], [98.56120389407533, 16.037534393183048], [98.56684114079995, 16.055891774712787], [98.57874573005375, 16.06095089451647], [98.58666916681707, 16.075384296435015], [98.60060877831735, 16.073423051164305], [98.60853212638919, 16.06088197174288], [98.6036574382226, 16.05347472487983], [98.60733777466287, 16.04402994981719], [98.61383681123067, 16.039868557707845], [98.63127457336266, 16.047772174077508], [98.62697455850558, 16.061862978338308], [98.64022014819093, 16.061052805014075], [98.64264670162501, 16.06654542225813], [98.66097420955023, 16.073028832994257], [98.66069320445627, 16.079359947636068], [98.65984953460541, 16.08320636011107], [98.67496332875477, 16.09548842716203], [98.66634677910254, 16.110008445094845], [98.68242450694783, 16.111631944056153], [98.67835174238388, 16.125847247316205], [98.68616328737944, 16.128246625315207], [98.68666952337291, 16.13305902507765], [98.70890072972448, 16.134714368921134], [98.71863515641355, 16.122935565991778], [98.74310606140624, 16.11888135000252], [98.76786885042365, 16.120092854607634], [98.77987364804453, 16.126266522308086], [98.78495897706996, 16.123049975386422], [98.78866112558946, 16.110797298248336], [98.80447194032656, 16.103592540092365], [98.82471491737799, 16.113328443151502], [98.82850540729905, 16.121733357739878], [98.84092437908774, 16.129654371447852], [98.84757769000971, 16.127594647786477], [98.85446545095803, 16.15647868722235], [98.8508500588829, 16.160942086819468], [98.86222182442688, 16.170009237029266], [98.8609099479804, 16.187422201589914], [98.85420238554877, 16.192734510736724], [98.86166852422126, 16.198447289155705], [98.85262702102625, 16.214548665222306], [98.85575946850899, 16.223736821645943], [98.87229746663279, 16.238632149955954], [98.87822419972893, 16.23043049931601], [98.88797699410665, 16.24833438752588], [98.90362734484151, 16.25385887393529], [98.91070150635602, 16.26864949837744], [98.90700625361296, 16.27516024329208], [98.91104520036026, 16.298421257181197], [98.91605116149731, 16.305736808614892], [98.92798516688364, 16.306533357366927], [98.92525405251469, 16.312846969804035], [98.932023483743, 16.328742995522788], [98.92443698637572, 16.34181247348539], [98.92647847285426, 16.345352411642793], [98.91184538399753, 16.344485729288582], [98.90912725170395, 16.347662183714707], [98.9172610894458, 16.357850373510264], [98.9188478953439, 16.38473517420218], [98.93428417131256, 16.38980528086517], [98.94309686559035, 16.38373854583058], [98.98495699302873, 16.373730379474406], [98.99230948088558, 16.377253034590993], [99.00332443471908, 16.369260548269676], [99.00747257020117, 16.382109846072787], [99.02047501178355, 16.379656850554525], [99.02676279088381, 16.38281340641362], [99.03613079822466, 16.38384709982413], [99.04118543186569, 16.3757959467771], [99.04500707803565, 16.353475084094256], [99.0423312475018, 16.338508546516575], [99.05214855271242, 16.330267376365665], [99.05351319725021, 16.30917519427739], [99.04221307097453, 16.29221045742495], [99.04887327543292, 16.259400985986495], [99.08045766834155, 16.215892002943676], [99.08083289725873, 16.20175289663718], [99.07366302650408, 16.196350552598094], [99.06765133475949, 16.16532403438152], [99.05059837908917, 16.16037581402562], [99.05055803408811, 16.137327542666355], [99.07838619000393, 16.12654080474945], [99.0938113682465, 16.103015019595507], [99.10855463256787, 16.09920544381022], [99.10823731908148, 16.085255212708496], [99.11631333985704, 16.07536308131151], [99.1148186544491, 16.061371656455904], [99.10549284938489, 16.04959796312886]]]]}}, {"type": "Feature", "properties": {"amp_code": "6309", "amp_th": "วังเจ้า", "amp_en": "Wang Chao", "pro_code": "63", "pro_th": "ตาก", "pro_en": "Tak", "reg_nesdb": "LowwerNorth", "reg_royin": "West", "perimeter": 141.65084011938, "area_sqkm": 718.94175763841}, "geometry": {"type": "MultiPolygon", "coordinates": [[[[99.26494153500965, 16.701932966457914], [99.27167111431275, 16.68414528817043], [99.2753868156457, 16.677480330081103], [99.27212049732978, 16.66864713286444], [99.26588931354196, 16.67127223848928], [99.24672037624842, 16.662116031788774], [99.2477353459084, 16.64417757687581], [99.24307313381698, 16.639507242366843], [99.24280380288653, 16.623870907959596], [99.25537226482443, 16.603735412298327], [99.250638384024, 16.59015765467659], [99.25722848318799, 16.58253465947337], [99.25675228414588, 16.568042070175476], [99.24517978253958, 16.554736858047676], [99.24761558310212, 16.548808326240806], [99.24054855234101, 16.533547054061717], [99.22984383285811, 16.534691365927372], [99.21933239608637, 16.52738146137206], [99.19965893976506, 16.531582172122846], [99.19125699881545, 16.538796002730173], [99.19143011352367, 16.531094943191466], [99.1802914841444, 16.532248413023286], [99.18010399846108, 16.526822343823856], [99.17114592272354, 16.521366351839067], [99.16749606577756, 16.51211464301591], [99.17279264360332, 16.50985824853517], [99.1640340626165, 16.502631063269952], [99.1622482996785, 16.50703605668562], [99.1540461958949, 16.50005322402856], [99.15050104903852, 16.503469530871495], [99.13946559782282, 16.50006571632555], [99.13427757453911, 16.490500273823013], [99.12600295088384, 16.48601705664545], [99.12240512488846, 16.47494291426838], [99.11957095765554, 16.47916398059454], [99.10710020825947, 16.48066685429401], [99.09935406299788, 16.473582165956433], [99.09400465199023, 16.475316930822988], [99.06730431721942, 16.461492567956785], [99.0477796950071, 16.43126006198524], [99.04501440058242, 16.419787685102303], [99.04027861519069, 16.41734443389519], [99.02977529673085, 16.42152722436517], [99.0396540560582, 16.42338332811936], [99.03095420244301, 16.43571206335456], [99.03633386838406, 16.489205673383204], [99.01646535638743, 16.49876122183064], [98.99972083307843, 16.534577221760483], [98.99355088718295, 16.53530145150754], [98.99512843619063, 16.5415210019356], [98.98501982058562, 16.546498157790143], [98.98031621248548, 16.55612307544742], [98.96990735509145, 16.557577267059116], [98.96871466679175, 16.56286998950502], [98.9807370283243, 16.559943629351444], [98.99289072302334, 16.57607846031708], [99.02408855204949, 16.57656760596031], [99.03816350020719, 16.585588494934917], [99.03911773188285, 16.60346139159548], [99.0452185635607, 16.60684334524929], [99.03245550291227, 16.61935810206011], [99.01709817264752, 16.63532101456763], [99.01332213806623, 16.654664392361695], [99.02318077312314, 16.662236682091773], [99.01183127404317, 16.672075277578948], [99.01052588473901, 16.687925609783186], [99.00074327926374, 16.695501268696955], [99.00333421979153, 16.70083926981264], [99.03632590745005, 16.708854441554955], [99.04891946391243, 16.71981263462429], [99.05065172372329, 16.726557051103246], [99.07156407068166, 16.730955512794406], [99.08775073547326, 16.75253065275109], [99.1065381107221, 16.753331997204032], [99.11536359702257, 16.742245606996168], [99.13182402957959, 16.744064048383585], [99.14450699581272, 16.766480963994873], [99.14859751623989, 16.790328297249474], [99.16138048986055, 16.801534716708126], [99.17455072801539, 16.793262793538048], [99.2176697024528, 16.749837831413597], [99.2270722247911, 16.733011513516704], [99.24100805009981, 16.72481362071029], [99.26494153500965, 16.701932966457914]]]]}}, {"type": "Feature", "properties": {"amp_code": "6306", "amp_th": "แม่สอด", "amp_en": "Mae Sot", "pro_code": "63", "pro_th": "ตาก", "pro_en": "Tak", "reg_nesdb": "LowwerNorth", "reg_royin": "West", "perimeter": 208.51910022003, "area_sqkm": 1591.44532825806}, "geometry": {"type": "MultiPolygon", "coordinates": [[[[98.78024761264727, 16.61021926600227], [98.75651654496978, 16.594840888869093], [98.7506407635402, 16.569955073788492], [98.73711077882308, 16.55930076363211], [98.73023007840199, 16.560595974809424], [98.71627771885335, 16.551780524136454], [98.70710669749359, 16.552114749816027], [98.6881096436328, 16.53402216272423], [98.67684563197632, 16.54021993386312], [98.65684547764519, 16.53705230600042], [98.65061344268614, 16.541143792951804], [98.6407182341914, 16.535014932666893], [98.62245230947151, 16.544407829376727], [98.5977775958148, 16.54149723190873], [98.59719079134786, 16.547226196380148], [98.59030156815054, 16.54334149194261], [98.58293679713559, 16.547592542429133], [98.5853410969349, 16.55909705249788], [98.57847121988647, 16.557417698855865], [98.57864325039822, 16.566536898931105], [98.57264409010648, 16.568800438008783], [98.57706728544827, 16.573692056175584], [98.58044140163969, 16.566420751210337], [98.58737940758326, 16.56652500282083], [98.57978810510188, 16.575381215188827], [98.58722496452073, 16.58607993831124], [98.58402993189945, 16.59939023593949], [98.57711898752814, 16.598029381701053], [98.57706769682031, 16.604335611944784], [98.57112760308046, 16.60610991961369], [98.5688786674804, 16.615863628132153], [98.57382892476656, 16.62013944763928], [98.57121323762748, 16.631808828983555], [98.56160807703587, 16.629853151338718], [98.55922144455607, 16.635532924630112], [98.54188258041613, 16.637219701495685], [98.53390791069248, 16.635711538542413], [98.5243466415868, 16.64290460866333], [98.52336680678155, 16.65023575529655], [98.51235021184075, 16.6441479618066], [98.51564898793133, 16.658897033804656], [98.51794660473911, 16.692557922397167], [98.51177963319802, 16.69594573593177], [98.51743255723385, 16.70117595866927], [98.50302661634457, 16.69876558102354], [98.5009297437814, 16.691636234270305], [98.4961834772008, 16.690666542744925], [98.49905165888055, 16.695984243316957], [98.49630632436812, 16.703178708739237], [98.5022182841918, 16.714235955670286], [98.49428140350658, 16.715670927490372], [98.49084801442956, 16.7087721187427], [98.48562103728543, 16.716634868542585], [98.47050192745552, 16.714388794948608], [98.47801300457947, 16.718660985767826], [98.46848170057834, 16.72834172230143], [98.46345708941769, 16.72810952585193], [98.46896926726791, 16.73848640822871], [98.46196619928513, 16.748967620038144], [98.46689363820585, 16.75249563126244], [98.47482271198808, 16.745868559849093], [98.47983119027943, 16.74757840621122], [98.47676573624986, 16.7635355009426], [98.48934754396458, 16.772581663968815], [98.4832685282391, 16.781772078067448], [98.4871981613114, 16.791186326655325], [98.492315515243, 16.788608071133503], [98.49532579547764, 16.79190583596944], [98.50382628910178, 16.785485868010582], [98.51068613256469, 16.79785699306283], [98.51515788622496, 16.79158739201572], [98.52108723718833, 16.79062952233643], [98.52604118419704, 16.798298569789896], [98.5163384067209, 16.797888431215522], [98.5148563170003, 16.804558339616175], [98.53598784639249, 16.810359588411647], [98.54782176038319, 16.814597222482355], [98.53653521164898, 16.829629619831554], [98.54566104985811, 16.832831898120745], [98.54772116660953, 16.838455614026305], [98.55527761832921, 16.833278925202286], [98.5645417943171, 16.836624176320935], [98.56256164819203, 16.847058326798717], [98.577278004617, 16.866848364103124], [98.5810063650105, 16.880601682987272], [98.57741324990565, 16.897447264921304], [98.58157766306475, 16.92341712725649], [98.59875421533644, 16.929752052696294], [98.60920872537352, 16.926931654399375], [98.61063591791535, 16.93931504884755], [98.62343829068824, 16.947438402570548], [98.66597546817206, 16.945332753474005], [98.67427419408845, 16.93894279580944], [98.68869007214853, 16.954018315353796], [98.67937265843621, 16.965070495814793], [98.67951607457752, 16.97171587315516], [98.68821642930284, 16.968916946172754], [98.69833133869231, 16.975309517534132], [98.71164324733721, 16.96471187378145], [98.72928401667856, 16.963204970009397], [98.73389096989492, 16.96773192249318], [98.73233510711803, 16.977363753357565], [98.74910014038913, 16.977595238903927], [98.7571026089205, 16.984612819377215], [98.76725329951292, 16.97959303360098], [98.7729987909032, 16.967285397679852], [98.79974962375175, 16.94780263065555], [98.81025001104577, 16.945109821126504], [98.81754374571729, 16.929561586663134], [98.82519802048954, 16.928413465969598], [98.83702755643135, 16.913103349589832], [98.83461232638658, 16.90284143602683], [98.84092187186886, 16.895657666067798], [98.84176173261905, 16.883228804388455], [98.82526855166458, 16.87254183979466], [98.84479369501462, 16.844836260613516], [98.86923468134401, 16.836011326405604], [98.8736898686066, 16.82746594160055], [98.8687947750571, 16.820114718442362], [98.89526218406306, 16.792157576591013], [98.91103950242262, 16.79264410452731], [98.91779449782783, 16.78387834949805], [98.9303513126097, 16.745658274679407], [98.95358399785033, 16.72319297402591], [98.95348006683321, 16.716570151589686], [98.94303584373823, 16.703604423957724], [98.95674457269273, 16.69567076657375], [98.95542355967777, 16.665051365295103], [98.94110162023765, 16.64764490105901], [98.92928756470195, 16.64618691976176], [98.9323973526167, 16.641039741729873], [98.92642618853593, 16.630398890067305], [98.90943310547101, 16.616457170984216], [98.88061465324166, 16.615149908868453], [98.87487174776638, 16.615988370852236], [98.87533702681752, 16.619613647727174], [98.84967162161634, 16.610371458392567], [98.82094945231721, 16.60907973161117], [98.8150776761492, 16.614092853537674], [98.80185599644756, 16.60771772896759], [98.78925892893757, 16.61343661848406], [98.78024761264727, 16.61021926600227]]]]}}, {"type": "Feature", "properties": {"amp_code": "6307", "amp_th": "พบพระ", "amp_en": "Phop Phra", "pro_code": "63", "pro_th": "ตาก", "pro_en": "Tak", "reg_nesdb": "LowwerNorth", "reg_royin": "West", "perimeter": 179.48869445096, "area_sqkm": 983.6385036185}, "geometry": {"type": "MultiPolygon", "coordinates": [[[[98.80608017405676, 16.37957529623738], [98.78240437157898, 16.365837235790963], [98.78296731591192, 16.355025879810295], [98.77633871819569, 16.349907912822744], [98.77682750910176, 16.345127353192485], [98.77204489151346, 16.34791449480714], [98.76552590072286, 16.342840378215094], [98.74737984868435, 16.346578965025092], [98.74273949200557, 16.33824631589737], [98.72830777921439, 16.332652759230385], [98.72737292050495, 16.315621172712504], [98.71885521098312, 16.31015092544659], [98.7198204096648, 16.296473416293296], [98.70722168171373, 16.294460746336465], [98.70410893133482, 16.27291159651456], [98.6986234415466, 16.268748800053736], [98.68201664182426, 16.282027006412523], [98.68109434141316, 16.274108762202435], [98.67624578340265, 16.27116450372765], [98.67496089528788, 16.28292255436713], [98.66907292491028, 16.283694263315056], [98.66668599751922, 16.29211925029225], [98.67167641195688, 16.300558047363715], [98.66762395961713, 16.309009815209265], [98.67182937207869, 16.31743606610175], [98.66366981649418, 16.319473058823142], [98.66900300328936, 16.326381296166858], [98.66663812095929, 16.345809112435848], [98.6529977510653, 16.352160310748086], [98.66281912220093, 16.360582325959317], [98.66359404886724, 16.36718163472534], [98.65359209807632, 16.37052264833318], [98.65827222745473, 16.377775845031692], [98.6491282249955, 16.39355476065967], [98.65611221256624, 16.39985472228216], [98.6436539886923, 16.40343752752801], [98.63624236506195, 16.41150315003396], [98.64041284849907, 16.41672637340983], [98.63970477507712, 16.431217297796994], [98.65722220992163, 16.452170681287026], [98.65108083218658, 16.471772628099586], [98.64423482972326, 16.47279617867638], [98.64301622200341, 16.478917498255647], [98.63395431390921, 16.478133460770557], [98.6273254065894, 16.495911090287365], [98.61316260096258, 16.506954660123174], [98.60614763259004, 16.526797526059973], [98.59559133762713, 16.537532448043127], [98.5977775958148, 16.54149723190873], [98.62245230947151, 16.544407829376727], [98.6407182341914, 16.535014932666893], [98.65061344268614, 16.541143792951804], [98.65684547764519, 16.53705230600042], [98.67684563197632, 16.54021993386312], [98.6881096436328, 16.53402216272423], [98.70710669749359, 16.552114749816027], [98.71627771885335, 16.551780524136454], [98.73023007840199, 16.560595974809424], [98.73711077882308, 16.55930076363211], [98.7506407635402, 16.569955073788492], [98.75651654496978, 16.594840888869093], [98.78024761264727, 16.61021926600227], [98.78925892893757, 16.61343661848406], [98.80185599644756, 16.60771772896759], [98.8150776761492, 16.614092853537674], [98.82094945231721, 16.60907973161117], [98.84967162161634, 16.610371458392567], [98.87533702681752, 16.619613647727174], [98.87487174776638, 16.615988370852236], [98.88061465324166, 16.615149908868453], [98.90943310547101, 16.616457170984216], [98.92642618853593, 16.630398890067305], [98.9323973526167, 16.641039741729873], [98.94004407694806, 16.636179760531398], [98.94809665766944, 16.637417005236088], [98.94675516994387, 16.634273042343015], [98.95412016693831, 16.62858983513154], [98.95162329079126, 16.62083190083047], [98.94594071623303, 16.619091447758997], [98.9455835686701, 16.610703446484795], [98.9562042585033, 16.60323672159761], [98.9503714372303, 16.59288695489131], [98.95837021091238, 16.58151081754457], [98.95657964880449, 16.572806114206294], [98.96397749704266, 16.573210932404262], [98.96871466679175, 16.56286998950502], [98.96990735509145, 16.557577267059116], [98.98031621248548, 16.55612307544742], [98.98501982058562, 16.546498157790143], [98.99512843619063, 16.5415210019356], [98.99355088718295, 16.53530145150754], [98.99972083307843, 16.534577221760483], [99.01646535638743, 16.49876122183064], [99.03633386838406, 16.489205673383204], [99.03095420244301, 16.43571206335456], [99.0396540560582, 16.42338332811936], [99.02977529673085, 16.42152722436517], [99.01999485993338, 16.417609506833635], [99.01610627104117, 16.387600102186628], [99.02676279088381, 16.38281340641362], [99.02047501178355, 16.379656850554525], [99.00747257020117, 16.382109846072787], [99.00332443471908, 16.369260548269676], [98.99230948088558, 16.377253034590993], [98.98495699302873, 16.373730379474406], [98.94309686559035, 16.38373854583058], [98.93428417131256, 16.38980528086517], [98.9188478953439, 16.38473517420218], [98.89645573481386, 16.407519939960224], [98.89189059318501, 16.40736735016082], [98.88908309482703, 16.416863617992153], [98.87918161738617, 16.425753581416522], [98.8712951012603, 16.42324140854944], [98.8583123751291, 16.429924950274582], [98.84673038909905, 16.419345600914834], [98.82891004783399, 16.422083405614163], [98.8272757028742, 16.41268606411029], [98.81330553249535, 16.393875314010756], [98.81693547179724, 16.38531642701722], [98.80608017405676, 16.37957529623738]]]]}}, {"type": "Feature", "properties": {"amp_code": "6304", "amp_th": "แม่ระมาด", "amp_en": "Mae Ramat", "pro_code": "63", "pro_th": "ตาก", "pro_en": "Tak", "reg_nesdb": "LowwerNorth", "reg_royin": "West", "perimeter": 275.73001455973, "area_sqkm": 1523.07450626143}, "geometry": {"type": "MultiPolygon", "coordinates": [[[[98.62343829068824, 16.947438402570548], [98.61063591791535, 16.93931504884755], [98.60920872537352, 16.926931654399375], [98.59875421533644, 16.929752052696294], [98.58157766306475, 16.92341712725649], [98.57741324990565, 16.897447264921304], [98.5810063650105, 16.880601682987272], [98.577278004617, 16.866848364103124], [98.56256164819203, 16.847058326798717], [98.5645417943171, 16.836624176320935], [98.55527761832921, 16.833278925202286], [98.54772116660953, 16.838455614026305], [98.54566104985811, 16.832831898120745], [98.53653521164898, 16.829629619831554], [98.52604707184314, 16.826980861423696], [98.52295261123521, 16.834854983698342], [98.51533020940973, 16.837463102033702], [98.50259274905915, 16.832245146417282], [98.49210490221562, 16.84150975506193], [98.50123114480587, 16.864056096544005], [98.50763661208792, 16.866607127855428], [98.51146957962466, 16.856058247088004], [98.51561161318497, 16.856906473454803], [98.50838856556683, 16.879519468711383], [98.52019153025522, 16.87780509195218], [98.5358437155994, 16.860019869683985], [98.53992226041993, 16.860883284699774], [98.52651160988786, 16.88371349218004], [98.52875096400034, 16.89086318554276], [98.53564119056011, 16.89344159859496], [98.53570664168146, 16.898951272893747], [98.51264771599861, 16.902599316111367], [98.52135812799719, 16.91058357468752], [98.52174032014607, 16.9176250218602], [98.50998714820891, 16.9166017431007], [98.50748655196287, 16.91066929896274], [98.50124903919823, 16.91755800598122], [98.50554430539655, 16.927874437285453], [98.48955269047863, 16.92327365776904], [98.49108197467686, 16.933508873249124], [98.4834768334072, 16.936565425584607], [98.48399990583316, 16.941051381772322], [98.49734991759742, 16.950314953030162], [98.50489091598197, 16.944425036416785], [98.5083206693449, 16.947798217703358], [98.50001864703526, 16.95732698432691], [98.48883174979267, 16.957800959088726], [98.4875980831518, 16.971242703075394], [98.46971950780923, 16.970711147046472], [98.48074786818415, 16.97982287277134], [98.47337273429548, 16.986193591818193], [98.47342479979042, 16.99362400350714], [98.46930292266418, 16.996212094747204], [98.45834983024862, 16.991227501945737], [98.44864018596142, 16.996704092982572], [98.45539618853485, 17.02216429970775], [98.43028710484121, 17.022184797073095], [98.43664464432072, 17.02746217951006], [98.43761701562731, 17.036333439357843], [98.42400674211873, 17.037860238647124], [98.42426340120198, 17.043607611263827], [98.41633250113821, 17.043032469657398], [98.41061526535276, 17.05430019741873], [98.40396111004213, 17.056122499827705], [98.39711029212592, 17.04735015708832], [98.39072488106902, 17.052638194064222], [98.39018785085028, 17.060581950078586], [98.37066357778156, 17.056277399032723], [98.36080419751335, 17.048975812891864], [98.34493212361892, 17.04812078106682], [98.32218271352215, 17.06659982998463], [98.34257889020937, 17.07731148632445], [98.35080116309292, 17.074722298511954], [98.34870435403082, 17.08856674071176], [98.381430039091, 17.109250010128033], [98.39491092703021, 17.106364338649446], [98.40759580696577, 17.122201000397638], [98.42135684005825, 17.127518502415732], [98.41931778333644, 17.137449990329387], [98.43331893985682, 17.143801245416327], [98.43285083590062, 17.149346536133667], [98.44202295063316, 17.149620639369083], [98.45563838573837, 17.15956349059076], [98.4672331311708, 17.156927864756735], [98.47026165860434, 17.17034195510453], [98.46987348406256, 17.179651206923896], [98.46089596503775, 17.187964844899327], [98.44551522775431, 17.194575896511793], [98.44440921399917, 17.198764709615922], [98.4359577524068, 17.198936711727672], [98.4220040701027, 17.21059931884498], [98.41639036903543, 17.210278071393866], [98.40965175140546, 17.228721688545352], [98.40111511851632, 17.230460200048842], [98.39260721990374, 17.24233560427451], [98.43015194302804, 17.257185781136467], [98.4360388982141, 17.266155491566497], [98.44974318019403, 17.271346843977717], [98.45398854686484, 17.26924669463003], [98.46074527529169, 17.275682634467344], [98.47812810693054, 17.276747708250113], [98.48973258216682, 17.270261517330717], [98.49606682872592, 17.27284911424706], [98.50328288043906, 17.279864441399976], [98.51963780778593, 17.281105300473662], [98.53244992448319, 17.274350589311315], [98.54408810493302, 17.28300402566856], [98.5743294979146, 17.28465227123546], [98.57888656342972, 17.298761767764205], [98.59354535299367, 17.274146816506654], [98.61215982392666, 17.264660867235097], [98.61918104684999, 17.255187680109348], [98.62714695042857, 17.255663610310503], [98.63976720184762, 17.247665459315634], [98.65163509010128, 17.232732104205525], [98.65992966146896, 17.22918596024509], [98.66425618482023, 17.211912437291556], [98.67728696417129, 17.19774998052506], [98.68363463260926, 17.18117632965997], [98.70466595337629, 17.169113596760475], [98.70372575292701, 17.165343950452623], [98.72746280188859, 17.15888147763523], [98.74113845195194, 17.155357164763785], [98.75521323760145, 17.140134319772514], [98.76566314480584, 17.136407782033206], [98.76602209073693, 17.14749726403268], [98.75650741434349, 17.157959269051283], [98.77861459147783, 17.17058558840855], [98.78148108474782, 17.1818833958842], [98.80526398062689, 17.190725650998335], [98.81947096239753, 17.16842855233908], [98.84463899322836, 17.15110851511303], [98.8501947382517, 17.12079672588654], [98.84617665737797, 17.116337267198265], [98.84642727081369, 17.103043815133955], [98.82595359804084, 17.08909181135837], [98.82496074804567, 17.071849299725773], [98.83074733593493, 17.068697170659963], [98.83891225124808, 17.050865506092165], [98.86641685702193, 17.023814345714417], [98.87335679750464, 17.021760029966536], [98.89042732908425, 17.005815133697286], [98.89311103248187, 16.99499507479858], [98.90665371273667, 16.993214154125656], [98.91219724863078, 16.975578136656804], [98.90279270076347, 16.95657716217614], [98.89487915571354, 16.956651206584457], [98.87466578217456, 16.938123297639333], [98.88086153569667, 16.934036577542567], [98.88147230728842, 16.926005228436892], [98.89124447003545, 16.924589178361867], [98.8891819322121, 16.92016317144964], [98.89666767568615, 16.910713889068536], [98.87372028840511, 16.911079548993502], [98.85074704461402, 16.904310346972494], [98.83702755643135, 16.913103349589832], [98.82519802048954, 16.928413465969598], [98.81754374571729, 16.929561586663134], [98.81025001104577, 16.945109821126504], [98.79974962375175, 16.94780263065555], [98.7729987909032, 16.967285397679852], [98.76725329951292, 16.97959303360098], [98.7571026089205, 16.984612819377215], [98.74910014038913, 16.977595238903927], [98.73233510711803, 16.977363753357565], [98.73389096989492, 16.96773192249318], [98.72928401667856, 16.963204970009397], [98.71164324733721, 16.96471187378145], [98.69833133869231, 16.975309517534132], [98.68821642930284, 16.968916946172754], [98.67951607457752, 16.97171587315516], [98.67937265843621, 16.965070495814793], [98.68869007214853, 16.954018315353796], [98.67427419408845, 16.93894279580944], [98.66597546817206, 16.945332753474005], [98.62343829068824, 16.947438402570548]]]]}}, {"type": "Feature", "properties": {"amp_code": "6305", "amp_th": "ท่าสองยาง", "amp_en": "Tha Song Yang", "pro_code": "63", "pro_th": "ตาก", "pro_en": "Tak", "reg_nesdb": "LowwerNorth", "reg_royin": "West", "perimeter": 328.95660929075, "area_sqkm": 1948.60945760162}, "geometry": {"type": "MultiPolygon", "coordinates": [[[[98.39260721990374, 17.24233560427451], [98.40111511851632, 17.230460200048842], [98.40965175140546, 17.228721688545352], [98.41639036903543, 17.210278071393866], [98.4220040701027, 17.21059931884498], [98.4359577524068, 17.198936711727672], [98.44440921399917, 17.198764709615922], [98.44551522775431, 17.194575896511793], [98.46089596503775, 17.187964844899327], [98.46987348406256, 17.179651206923896], [98.47026165860434, 17.17034195510453], [98.4672331311708, 17.156927864756735], [98.45563838573837, 17.15956349059076], [98.44202295063316, 17.149620639369083], [98.43285083590062, 17.149346536133667], [98.43331893985682, 17.143801245416327], [98.41931778333644, 17.137449990329387], [98.42135684005825, 17.127518502415732], [98.40759580696577, 17.122201000397638], [98.39491092703021, 17.106364338649446], [98.381430039091, 17.109250010128033], [98.34870435403082, 17.08856674071176], [98.35080116309292, 17.074722298511954], [98.34257889020937, 17.07731148632445], [98.32218271352215, 17.06659982998463], [98.31222183249456, 17.078902254107874], [98.31260434104458, 17.088887080620115], [98.29962481721292, 17.091113690170747], [98.30868511602932, 17.100678614163108], [98.31565963459597, 17.09487668592831], [98.32258901211698, 17.11103224382553], [98.30845887977077, 17.11183640443132], [98.30125717474691, 17.10775546846878], [98.29814639720558, 17.127454048496904], [98.29333502464324, 17.12280938927958], [98.29321803669859, 17.113959900520594], [98.28601854641055, 17.111680568780802], [98.28021237167971, 17.115529784989597], [98.28649227026943, 17.130424364703103], [98.28468836117926, 17.14375145319476], [98.29648804538348, 17.14167775953642], [98.29802289917089, 17.145716696009682], [98.28747522768738, 17.15623831174986], [98.27153113994959, 17.151771634556475], [98.26721078083939, 17.160980131947564], [98.2800737147485, 17.168846108096865], [98.27913358249859, 17.17352938677586], [98.27001466406479, 17.175929186123753], [98.25867171106991, 17.175595213604947], [98.26245107152535, 17.187554950983753], [98.24877713268367, 17.183143287658147], [98.25156340375935, 17.196903863484764], [98.24444156964788, 17.19672025323746], [98.2468805368165, 17.21085693584433], [98.22843619881817, 17.204799003708576], [98.22971626145602, 17.212562502945154], [98.24481350879823, 17.222893306071068], [98.24248107580006, 17.229515573999056], [98.22718676046634, 17.221462712725966], [98.21225662372782, 17.229263980344232], [98.2048543864034, 17.25017175263375], [98.19018112200243, 17.255694528945114], [98.16673578179874, 17.263197872612587], [98.16730088943049, 17.273194584439675], [98.16166023344677, 17.27902469376601], [98.14648800552204, 17.292031555253203], [98.13513779670221, 17.292598698515665], [98.13819984937993, 17.29976468691619], [98.12902651302561, 17.307687926125563], [98.12644504078665, 17.319721523982913], [98.11977360672226, 17.323141608712678], [98.11190397413394, 17.320302716736926], [98.10521626822644, 17.353788332270256], [98.11970310589082, 17.373373223854703], [98.10999589626053, 17.37620667624755], [98.10989496982556, 17.385829788788243], [98.0946088085811, 17.390667734552704], [98.08791345712825, 17.396076042648158], [98.08074402226588, 17.389836126666662], [98.06114518374659, 17.419958531186772], [98.04569125613412, 17.42992767664726], [98.05667208948378, 17.436882869610496], [98.05625564832316, 17.44187787331084], [98.04855045263838, 17.442837665264754], [98.0368094729032, 17.452268984163258], [97.99162168416895, 17.510780795559633], [97.98574177658524, 17.51043676258673], [97.97076555782819, 17.508303533924742], [97.96230060358408, 17.527840037903587], [97.9236165428637, 17.539250752718353], [97.9191824866406, 17.557946070180538], [97.91037729033984, 17.56312838928389], [97.9044832216326, 17.585596330438747], [97.85050495663249, 17.62458732553354], [97.8216980614362, 17.652869497531174], [97.81832412235956, 17.662244801866166], [97.79351674379099, 17.679470922278277], [97.7911842320973, 17.69199247759271], [97.76270244839601, 17.725135531947906], [97.76266593214808, 17.74535034508112], [97.77444311937137, 17.751119975724297], [97.75885115972466, 17.769961517106882], [97.74579485235856, 17.770007151660653], [97.74258889410638, 17.78482549958855], [97.76231132950359, 17.776299241962064], [97.78581039651819, 17.784806868531728], [97.79556214513748, 17.777071361753872], [97.8134215581585, 17.784670019101732], [97.84731947220475, 17.778529422507372], [97.86294779164145, 17.790047450946002], [97.86747077430465, 17.788619778435017], [97.8708460032314, 17.7942345695105], [97.89479076487109, 17.803892240563663], [97.9054036855884, 17.81335429612682], [97.90600313968034, 17.820018277808263], [97.89896683676598, 17.830426072350658], [97.90738104201246, 17.840032700090152], [97.91123784361362, 17.85419449582593], [97.91865917645883, 17.858452877650944], [97.95312245905485, 17.86047321992755], [97.9619870355759, 17.865697993327757], [97.96941410773117, 17.868244185143567], [97.97330254558304, 17.86501116046367], [97.96717153870453, 17.856677759867708], [97.97069099280914, 17.847310802885364], [97.97476189537052, 17.848021345208103], [97.98252716061573, 17.836683583440912], [97.97521391601067, 17.823030142862514], [97.98016818903444, 17.822930662008176], [97.97990055083699, 17.81378993211536], [97.99136481262892, 17.810128140066617], [97.98566087525097, 17.80708569996], [97.99489635788936, 17.7882874892925], [97.98944557878697, 17.786205607544847], [97.99610773098024, 17.785964231846485], [97.9994884936427, 17.78041316236234], [97.99637183329328, 17.776151739702975], [98.00592043594156, 17.775010837326796], [98.01013676309016, 17.76928190722214], [98.0079826657093, 17.762788672592446], [98.01469414676615, 17.75542509360559], [98.01184696218237, 17.749006360185483], [98.02163146301089, 17.738776019970658], [98.02075577106015, 17.735965407489626], [98.01404813211585, 17.73968703543369], [98.01543532749714, 17.732960829685243], [98.02106592159714, 17.73263651504069], [98.02198069716746, 17.724709245609994], [98.02755399152281, 17.72091617147138], [98.023309006413, 17.710486894459446], [98.03154994048865, 17.71002269059805], [98.03158192214063, 17.70131259424046], [98.03916043041421, 17.694399633505412], [98.04340764551573, 17.68053131728938], [98.04067176432243, 17.675347178299383], [98.04788185239249, 17.66902286286235], [98.04673881525149, 17.664589869292413], [98.05280729583266, 17.667044709837107], [98.05822086886029, 17.662619473414953], [98.0625470084604, 17.648706921021226], [98.0730480996773, 17.647895714550973], [98.08982501000327, 17.63662548506039], [98.0981126587624, 17.622108849796994], [98.10232735544504, 17.6223924285007], [98.09971795397895, 17.614976080754122], [98.10725061713909, 17.611622120094534], [98.10349315974692, 17.60037862537965], [98.10997204464472, 17.59196177516202], [98.10839720915443, 17.582505297597404], [98.12689364787076, 17.567751634426703], [98.12582969802918, 17.558810416206217], [98.13671356038991, 17.54120424219506], [98.16761859709099, 17.547421505182754], [98.17880308101067, 17.537468412142065], [98.1974309694971, 17.54239040702205], [98.20813621008624, 17.539793142131277], [98.2181695324895, 17.547034317070498], [98.22661830879102, 17.545133262265498], [98.2386419885866, 17.549749885195855], [98.24090379093043, 17.555275393722916], [98.24935960655237, 17.55792877279015], [98.25572498223437, 17.572776969365258], [98.26865715931517, 17.579500088660282], [98.29807804068078, 17.576369776417426], [98.30283315073214, 17.5662657214476], [98.29887489487903, 17.553044211599044], [98.30627909946637, 17.54891256002767], [98.3100000977643, 17.529871165251038], [98.31473502419922, 17.52697490838041], [98.31690146977336, 17.503138604959982], [98.32738089024305, 17.489039120224323], [98.32954854775559, 17.46923489265299], [98.31977514393469, 17.444241504401187], [98.31971334466571, 17.435351776911954], [98.32754169387441, 17.42933261458444], [98.32282288175355, 17.41671898343947], [98.29166663441433, 17.407990143172405], [98.31918688432394, 17.379501094167782], [98.31761024631041, 17.365337704060675], [98.33416377085953, 17.348796118585128], [98.33020944527492, 17.340424331600946], [98.33196190817115, 17.328988239736134], [98.31724392306728, 17.321156240693348], [98.33079868673406, 17.30155391240576], [98.3609788282291, 17.288473706663634], [98.35811518212378, 17.275023794587334], [98.36115616891004, 17.270805561161797], [98.37071091641906, 17.267021313460244], [98.37686745477956, 17.25569894469969], [98.39260721990374, 17.24233560427451]]]]}}, {"type": "Feature", "properties": {"amp_code": "6302", "amp_th": "บ้านตาก", "amp_en": "Ban Tak", "pro_code": "63", "pro_th": "ตาก", "pro_en": "Tak", "reg_nesdb": "LowwerNorth", "reg_royin": "West", "perimeter": 207.9432829224, "area_sqkm": 1028.87553770667}, "geometry": {"type": "MultiPolygon", "coordinates": [[[[99.17710553790285, 17.094524137312874], [99.17706833154152, 17.094316262049166], [99.20111959063645, 17.090496127478612], [99.21577398814456, 17.068193162565375], [99.20772485171312, 17.024606383470502], [99.19414250039645, 17.008924937790525], [99.17652250319072, 16.995381670640636], [99.17109495961928, 16.985772739098266], [99.16520586786062, 16.984480420460127], [99.15600419780696, 16.990458298840704], [99.1383110288691, 16.971136563289846], [99.11795361419408, 16.971308673757125], [99.09761189003753, 16.971264053683498], [99.07817945123156, 16.978779807165708], [99.06097747568548, 16.965557357918016], [99.04825305042714, 16.963807080546147], [99.0260901617491, 16.950754526224166], [99.0228956583888, 16.9413650009969], [99.01229593773746, 16.938231422941456], [98.99428161096269, 16.918658633881904], [98.98051549891787, 16.91279218226436], [98.9350906332514, 16.935396599466408], [98.93680372039817, 16.942370077430567], [98.9270070571168, 16.960876549277778], [98.92840520401408, 16.97070082977799], [98.92302097039683, 16.975377988677316], [98.91219724863078, 16.975578136656804], [98.90665371273667, 16.993214154125656], [98.89311103248187, 16.99499507479858], [98.89042732908425, 17.005815133697286], [98.87335679750464, 17.021760029966536], [98.86641685702193, 17.023814345714417], [98.83891225124808, 17.050865506092165], [98.83074733593493, 17.068697170659963], [98.82496074804567, 17.071849299725773], [98.82595359804084, 17.08909181135837], [98.84642727081369, 17.103043815133955], [98.84617665737797, 17.116337267198265], [98.8501947382517, 17.12079672588654], [98.84463899322836, 17.15110851511303], [98.8456282860096, 17.156796193242577], [98.8674168995154, 17.16217316758773], [98.87206309270343, 17.16813200386572], [98.88361849002897, 17.16318313707269], [98.88632006077381, 17.15737571965106], [98.89816632082047, 17.163490426004124], [98.9118183531278, 17.158051725189175], [98.90726851623816, 17.16485637254176], [98.90965453434505, 17.167854021368804], [98.92803189750741, 17.149896673705754], [98.94691086719769, 17.159465106394613], [98.9551428757118, 17.147427702608482], [98.9662252760903, 17.15075637195619], [98.96998334683407, 17.164713850904693], [98.98311343666742, 17.167576354080875], [98.99817759745524, 17.15756475296751], [99.01979723766502, 17.15877733528168], [99.02648290789882, 17.146951854198186], [99.04419060295153, 17.13737146577305], [99.05837394580499, 17.121943167152278], [99.06304147270164, 17.128133796927898], [99.0745818476395, 17.12646435271497], [99.08205190759178, 17.131296439236202], [99.09559192186764, 17.13960226348172], [99.08905083213861, 17.154673988808952], [99.09441987305665, 17.16561942151222], [99.10774491074932, 17.16633251562748], [99.11176578463456, 17.173533609579994], [99.13081741296227, 17.177413624840757], [99.14754156509535, 17.175049589934464], [99.14870176047629, 17.183580793467055], [99.1589683765694, 17.191077910056666], [99.16829851114663, 17.187755150198583], [99.17036328347956, 17.200276333589052], [99.18267709674629, 17.199183088074165], [99.18798036527772, 17.20551254096864], [99.19634773451544, 17.22545551355947], [99.20744868009719, 17.229787776792552], [99.20960971854775, 17.237316418483804], [99.225427618601, 17.246659515445156], [99.2130748018567, 17.32956417627907], [99.21740961922252, 17.361073599686588], [99.20900190647907, 17.37355439543311], [99.20608019651995, 17.380396705734665], [99.21298963756485, 17.39105229753802], [99.22837078250188, 17.405584952949816], [99.23805860425958, 17.402591840437058], [99.26113991571354, 17.40544984339785], [99.27002676002867, 17.400352373127014], [99.27541042661365, 17.38118091358225], [99.27081278692873, 17.352246060862704], [99.27404544276465, 17.34517754165443], [99.27790147370719, 17.345599325531424], [99.27683624954481, 17.33114827514053], [99.28736331479278, 17.31143704504217], [99.29723267451257, 17.30395062620711], [99.30325103011516, 17.273503199929426], [99.31620513903805, 17.269362470383935], [99.32107781617069, 17.24378841523436], [99.31916921240698, 17.226560384774956], [99.31367764573271, 17.21909354410029], [99.31831307253003, 17.214422010404668], [99.29901295196979, 17.19627921899113], [99.28505333453221, 17.19558307137189], [99.27870025879729, 17.18942826983067], [99.27485477927021, 17.192363415591338], [99.272955240846, 17.180405839606504], [99.26649565423432, 17.175569389798074], [99.25427986128562, 17.185798472069802], [99.24037334611043, 17.178172752386175], [99.23099753090027, 17.18160057678474], [99.2201458569154, 17.162140782054475], [99.19826827240689, 17.1486088724229], [99.19753050113981, 17.132482165412988], [99.18416810193199, 17.11792773807456], [99.17710553790285, 17.094524137312874]]]]}}, {"type": "Feature", "properties": {"amp_code": "6303", "amp_th": "สามเงา", "amp_en": "Sam Ngao", "pro_code": "63", "pro_th": "ตาก", "pro_en": "Tak", "reg_nesdb": "LowwerNorth", "reg_royin": "West", "perimeter": 351.49580564875, "area_sqkm": 2777.47921569366}, "geometry": {"type": "MultiPolygon", "coordinates": [[[[99.08205190759178, 17.131296439236202], [99.0745818476395, 17.12646435271497], [99.06304147270164, 17.128133796927898], [99.05837394580499, 17.121943167152278], [99.04419060295153, 17.13737146577305], [99.02648290789882, 17.146951854198186], [99.01979723766502, 17.15877733528168], [98.99817759745524, 17.15756475296751], [98.98311343666742, 17.167576354080875], [98.96998334683407, 17.164713850904693], [98.9662252760903, 17.15075637195619], [98.9551428757118, 17.147427702608482], [98.94691086719769, 17.159465106394613], [98.92803189750741, 17.149896673705754], [98.90965453434505, 17.167854021368804], [98.90726851623816, 17.16485637254176], [98.9118183531278, 17.158051725189175], [98.89816632082047, 17.163490426004124], [98.88632006077381, 17.15737571965106], [98.88361849002897, 17.16318313707269], [98.87206309270343, 17.16813200386572], [98.8674168995154, 17.16217316758773], [98.8456282860096, 17.156796193242577], [98.84463899322836, 17.15110851511303], [98.81947096239753, 17.16842855233908], [98.80526398062689, 17.190725650998335], [98.78148108474782, 17.1818833958842], [98.77861459147783, 17.17058558840855], [98.75650741434349, 17.157959269051283], [98.76602209073693, 17.14749726403268], [98.76566314480584, 17.136407782033206], [98.75521323760145, 17.140134319772514], [98.74113845195194, 17.155357164763785], [98.72746280188859, 17.15888147763523], [98.70372575292701, 17.165343950452623], [98.70466595337629, 17.169113596760475], [98.68363463260926, 17.18117632965997], [98.67728696417129, 17.19774998052506], [98.66425618482023, 17.211912437291556], [98.65992966146896, 17.22918596024509], [98.65163509010128, 17.232732104205525], [98.63976720184762, 17.247665459315634], [98.62714695042857, 17.255663610310503], [98.61918104684999, 17.255187680109348], [98.61215982392666, 17.264660867235097], [98.59354535299367, 17.274146816506654], [98.57888656342972, 17.298761767764205], [98.55761913044728, 17.29378065113382], [98.55625686224272, 17.312782306578566], [98.56098043306764, 17.31801277174221], [98.55579896963664, 17.337386740550688], [98.5618580653241, 17.35132022565591], [98.55490859308141, 17.356580290691547], [98.54804316383807, 17.353910811410028], [98.53749740806973, 17.362183388250248], [98.55611546057668, 17.3963760978869], [98.55743096660044, 17.42040464225015], [98.54631280368233, 17.433257906421847], [98.54704555647014, 17.44587907334689], [98.52943312619122, 17.45206717396674], [98.5184425722823, 17.47770004737138], [98.52450806218216, 17.495297530138735], [98.51936698534993, 17.511672608438847], [98.52594407256274, 17.517950095718064], [98.52738842738233, 17.536468489058564], [98.5364099219614, 17.540655571982], [98.53882104070865, 17.551016319910904], [98.52282647926258, 17.572829758227055], [98.53310455378941, 17.619866153898467], [98.52911699912636, 17.635215790527848], [98.53174675191987, 17.64777009163476], [98.52256062672991, 17.678822038733873], [98.52634075699355, 17.707727876897643], [98.51744562511632, 17.73782982467498], [98.49447600311063, 17.780792342909297], [98.49393058966137, 17.81374779495551], [98.50934043416461, 17.8126199654214], [98.51886494766593, 17.824925920412], [98.53121653686821, 17.814833855803933], [98.54447386499683, 17.811548024600867], [98.55938926193042, 17.796532887041305], [98.57145137725867, 17.80985664019676], [98.58196155939767, 17.801374022090528], [98.58980199243702, 17.801457277317844], [98.59068015561674, 17.805823657376678], [98.59855841692071, 17.802531833239073], [98.61468930921914, 17.779920089629055], [98.62403980599318, 17.77733624317335], [98.63157060922674, 17.785164520274204], [98.631913550318, 17.801112826689877], [98.63915614923552, 17.814494548195302], [98.64779426673189, 17.8165440045496], [98.65500728436842, 17.82707564696097], [98.670824979832, 17.834029965381824], [98.67186497978413, 17.819783329539717], [98.68518019463254, 17.791079006529266], [98.68717162200606, 17.77970805884208], [98.70440103047274, 17.761952155102428], [98.70352673580192, 17.743284595724695], [98.72376920573019, 17.727218254024677], [98.72463417347016, 17.716664368870422], [98.74046716830851, 17.70697706224699], [98.74585563747935, 17.69273093797298], [98.73777803328846, 17.683158335218074], [98.72284869031579, 17.675576857633196], [98.68394419719671, 17.665793563666707], [98.68909504491614, 17.655365258165652], [98.6845380866462, 17.644709091534015], [98.69218462084513, 17.631337969437787], [98.68239189674219, 17.597058213780517], [98.69363444734796, 17.58617952648398], [98.70189249006697, 17.55601106358231], [98.70167007025374, 17.525109821760253], [98.6965398840894, 17.514499289445183], [98.70564493950471, 17.500812110493627], [98.70510084547192, 17.485895769690057], [98.70006896468259, 17.478507863327668], [98.68807554453821, 17.47316428378514], [98.6825717347573, 17.45931680246651], [98.68147364388851, 17.445949678220362], [98.69046333466254, 17.43400064607575], [98.69059984355978, 17.424063518447035], [98.70051527585423, 17.435393339661843], [98.70289402572469, 17.447283288716342], [98.71337591499098, 17.452791023676102], [98.71760070805945, 17.464535426782867], [98.74997063811297, 17.46833787418804], [98.76190878083544, 17.483200347070472], [98.79643487841693, 17.50010338247465], [98.8157351297547, 17.500548196492055], [98.81594293634463, 17.507587574495336], [98.82314506621759, 17.512206312937387], [98.84047521065371, 17.514901088101357], [98.85871196294825, 17.511241650913533], [98.87026503719994, 17.501444374955874], [98.87169824689107, 17.492798268192757], [98.88003248241598, 17.491149318338], [98.88301514974428, 17.510623596453197], [98.88845696497218, 17.512614201670807], [98.89635535180454, 17.528118270631097], [98.91085555344816, 17.5354390705961], [98.9261900489625, 17.524214301867183], [98.92207264115216, 17.512513870527705], [98.92827371208432, 17.506744736466203], [98.92700805598322, 17.4900004346201], [98.93248304313775, 17.483912255455255], [98.93202891171302, 17.474261689715576], [98.94590492029458, 17.46864585944422], [98.95540071199534, 17.474847940651998], [98.95912510500357, 17.46356336161122], [98.96271720871208, 17.46667014648503], [98.98116260581855, 17.464738369329684], [99.01353350114323, 17.423028653151256], [99.0120761086776, 17.414699125845946], [99.03219697446161, 17.41077161839377], [99.04715629571649, 17.386389879984964], [99.05720640701922, 17.387826750778217], [99.07635039864326, 17.37235649033298], [99.08803156794116, 17.3764950442658], [99.1093121773432, 17.358766510589913], [99.11333044234837, 17.372463231000047], [99.12128611042898, 17.3645684454006], [99.14174072521368, 17.359984531320904], [99.15183536401938, 17.344926799224172], [99.15707009309763, 17.346140796347864], [99.172595443836, 17.336448117480494], [99.17643506059385, 17.34841836375738], [99.18959518967938, 17.353921381326746], [99.20900190647907, 17.37355439543311], [99.21740961922252, 17.361073599686588], [99.2130748018567, 17.32956417627907], [99.225427618601, 17.246659515445156], [99.20960971854775, 17.237316418483804], [99.20744868009719, 17.229787776792552], [99.19634773451544, 17.22545551355947], [99.18798036527772, 17.20551254096864], [99.18267709674629, 17.199183088074165], [99.17036328347956, 17.200276333589052], [99.16829851114663, 17.187755150198583], [99.1589683765694, 17.191077910056666], [99.14870176047629, 17.183580793467055], [99.14754156509535, 17.175049589934464], [99.13081741296227, 17.177413624840757], [99.11176578463456, 17.173533609579994], [99.10774491074932, 17.16633251562748], [99.09441987305665, 17.16561942151222], [99.08905083213861, 17.154673988808952], [99.09559192186764, 17.13960226348172], [99.08205190759178, 17.131296439236202]]]]}}, {"type": "Feature", "properties": {"amp_code": "5002", "amp_th": "จอมทอง", "amp_en": "Chom Thong", "pro_code": "50", "pro_th": "เชียงใหม่", "pro_en": "Chiang Mai", "reg_nesdb": "UpperNorth", "reg_royin": "North", "perimeter": 183.44265256127, "area_sqkm": 1108.02940320537}, "geometry": {"type": "MultiPolygon", "coordinates": [[[[98.69671433364563, 18.41124772977241], [98.70950942327909, 18.415220790746012], [98.69802895827456, 18.39562506780098], [98.69011403996821, 18.392219628136043], [98.68687543300204, 18.381522147304285], [98.68126394109038, 18.36741211546041], [98.6963638477704, 18.35116573082972], [98.70410673086398, 18.334544153560646], [98.69930160429132, 18.330614038737266], [98.68875310282476, 18.334628176024534], [98.67177028494835, 18.327127349329924], [98.67326606393893, 18.311094943300223], [98.70579293657956, 18.290183532056226], [98.72076030989177, 18.28624155885809], [98.73618782684142, 18.26615319650703], [98.76999234113778, 18.25607950482992], [98.77370482874917, 18.251237104386444], [98.77740665018769, 18.2376578917826], [98.77292807133286, 18.22974291957365], [98.78517830843012, 18.22082371163495], [98.78438885891819, 18.200647958297427], [98.77997793003301, 18.19629999041786], [98.78274419854057, 18.179920980340448], [98.76222516638501, 18.170710242417453], [98.74644044121482, 18.153504606349202], [98.73796489557331, 18.15529076842623], [98.72183593006801, 18.149291456271737], [98.69233817687415, 18.163992717613095], [98.67235881403657, 18.162725970127283], [98.65741152849918, 18.1762710364201], [98.6349232561714, 18.18299144083874], [98.62814847780317, 18.197324535165848], [98.61276337195945, 18.203635620035083], [98.60728968560132, 18.198303196863144], [98.60445665089664, 18.20571330434426], [98.59520558718756, 18.210056114387726], [98.59046486457986, 18.208014699934537], [98.58955870278383, 18.213459456151437], [98.55502857111777, 18.233138910206463], [98.53207562752883, 18.235953870536765], [98.47804787524741, 18.22205148780113], [98.46258065622193, 18.22248665194129], [98.45438265618075, 18.228791311823887], [98.44701475491136, 18.226546822797413], [98.43729754512617, 18.23224191971449], [98.42030448796783, 18.246788874632777], [98.42603614030703, 18.2590199431051], [98.45577183878284, 18.265918126928902], [98.46307322975477, 18.27690534286507], [98.46296842468873, 18.307772305077645], [98.45536366701717, 18.311338870503704], [98.4519567829325, 18.324600338946006], [98.46867462072437, 18.35143747203182], [98.46718069423079, 18.365986756109915], [98.47094421357544, 18.38954687510959], [98.4811318970286, 18.398408440849188], [98.4872038302431, 18.410978677799218], [98.48463449172377, 18.417119812070894], [98.48925252681138, 18.42069550536665], [98.48332102642227, 18.43010832212317], [98.48332240661317, 18.444600684229354], [98.47452354129177, 18.44940842747952], [98.4754903624184, 18.46452251556908], [98.4813643410745, 18.46939091142148], [98.49572090621533, 18.47875905722489], [98.49886180484464, 18.486771606972983], [98.50619097573971, 18.48646097380032], [98.51008354375834, 18.491334622630244], [98.5034222438179, 18.501005920067733], [98.50753356623623, 18.50586663537981], [98.50255271158278, 18.506672667031676], [98.50745227857333, 18.516689321310924], [98.50540348795775, 18.52484632743477], [98.49764659744714, 18.52516818453209], [98.49328864900843, 18.536735203172213], [98.48260427053746, 18.55005515629675], [98.47889254755984, 18.582696355531226], [98.48755785978129, 18.592245963317016], [98.498306718734, 18.59078477168996], [98.5084514129762, 18.594822041021704], [98.54424758086067, 18.58466306415366], [98.58477020724204, 18.581243175366023], [98.60073000451747, 18.584099739614075], [98.60915744418037, 18.593992472245578], [98.62319850326774, 18.600390558104987], [98.6347782664735, 18.583111327406147], [98.64474534789629, 18.580500320715622], [98.6595995780727, 18.566820477162548], [98.66678242397478, 18.566822000879984], [98.66779520825604, 18.558585642248016], [98.6895325287323, 18.53550221604771], [98.68296954979526, 18.524566576096234], [98.69296258104502, 18.511082454130563], [98.72627046375433, 18.498918587099443], [98.73963235377235, 18.49184929366069], [98.7467468387883, 18.47481753971568], [98.74798795801665, 18.445806709921467], [98.73964068266345, 18.435886214639144], [98.72504031555394, 18.44623805003084], [98.71957642912899, 18.434470278765268], [98.71515290848919, 18.43413267007767], [98.70859862762131, 18.442299994170952], [98.70141188015275, 18.429726920994185], [98.69335676434032, 18.419026463013314], [98.69671433364563, 18.41124772977241]]]]}}, {"type": "Feature", "properties": {"amp_code": "5003", "amp_th": "แม่แจ่ม", "amp_en": "Mae Chaem", "pro_code": "50", "pro_th": "เชียงใหม่", "pro_en": "Chiang Mai", "reg_nesdb": "UpperNorth", "reg_royin": "North", "perimeter": 326.23105429982, "area_sqkm": 2811.05855002709}, "geometry": {"type": "MultiPolygon", "coordinates": [[[[98.4813643410745, 18.46939091142148], [98.4754903624184, 18.46452251556908], [98.47452354129177, 18.44940842747952], [98.48332240661317, 18.444600684229354], [98.48332102642227, 18.43010832212317], [98.48925252681138, 18.42069550536665], [98.48463449172377, 18.417119812070894], [98.4872038302431, 18.410978677799218], [98.4811318970286, 18.398408440849188], [98.47094421357544, 18.38954687510959], [98.46718069423079, 18.365986756109915], [98.46867462072437, 18.35143747203182], [98.4519567829325, 18.324600338946006], [98.45536366701717, 18.311338870503704], [98.46296842468873, 18.307772305077645], [98.46307322975477, 18.27690534286507], [98.45577183878284, 18.265918126928902], [98.42603614030703, 18.2590199431051], [98.42030448796783, 18.246788874632777], [98.41519528935459, 18.25309658583689], [98.40032869965901, 18.256442117409012], [98.39712613797414, 18.26729348955171], [98.3891647140668, 18.269100691911667], [98.38454086322162, 18.277028001012557], [98.36962560692965, 18.28265751639105], [98.36171948302193, 18.278784511362733], [98.35771679531192, 18.285989032004352], [98.34876647105116, 18.288316518691627], [98.3460186249899, 18.282309348089836], [98.33802123302115, 18.282304420886], [98.33706570893902, 18.275759922630282], [98.32673183050507, 18.279216971157272], [98.32370692268391, 18.275057904725564], [98.31621307660274, 18.282597094830933], [98.30825845927836, 18.283144644610385], [98.30758071345359, 18.276541159863132], [98.30319450658351, 18.27604057398078], [98.29909178721908, 18.26340307845139], [98.30255447542675, 18.256415894365833], [98.30401621299892, 18.243729760249746], [98.29680792590263, 18.23295512546599], [98.27308489712173, 18.228749865840555], [98.25927085850883, 18.230898822849227], [98.25120507191171, 18.215260281261113], [98.23927407136789, 18.218929001575777], [98.22547433348647, 18.209925218543574], [98.21523467147595, 18.220885965303342], [98.21026101055284, 18.251918108503574], [98.20042683668945, 18.249731966521765], [98.19891333977495, 18.254714457004617], [98.19325421119606, 18.250209122663748], [98.1881543964187, 18.257843621764454], [98.18757525736831, 18.24271771663351], [98.16932485237521, 18.2337542816785], [98.15878033936802, 18.221962715437172], [98.15250275557369, 18.225260926320352], [98.13941545913981, 18.23979385847285], [98.14269599526574, 18.2510660442177], [98.13578783934803, 18.267012312766944], [98.1393703646693, 18.280632279266676], [98.15158344775853, 18.285753561899654], [98.16658188133383, 18.28163286156041], [98.19269003323767, 18.28465388288529], [98.2020115959256, 18.291107515167525], [98.20818199408527, 18.305891717792857], [98.19804578527813, 18.332043914414786], [98.19492382966075, 18.33036896866464], [98.18159555033772, 18.34247686507846], [98.17048484122958, 18.345972705905336], [98.16332773839572, 18.355169899376705], [98.1446826545554, 18.36297234433679], [98.13552669060135, 18.385207267011612], [98.12831987532087, 18.390531338226197], [98.12268124209152, 18.395307685110748], [98.12591873331414, 18.405767609217484], [98.11332480702711, 18.408226199689164], [98.09457748384263, 18.420495280805216], [98.08094900154205, 18.417644076373602], [98.07396616896538, 18.429374488318736], [98.08271871492087, 18.44663193048252], [98.10537471284204, 18.458429922316427], [98.12050472360377, 18.500673506620444], [98.12944344089829, 18.501845633622715], [98.14640063336275, 18.514168523637036], [98.1540455628618, 18.512112976275333], [98.16399134700495, 18.52523882960185], [98.1751301911521, 18.523090540503354], [98.16997737985241, 18.52854578358784], [98.1749219910512, 18.541863711899087], [98.17436377815075, 18.546873637079614], [98.18451286508791, 18.548664214523534], [98.19347046895192, 18.54065598514038], [98.20045344730944, 18.54185037012431], [98.20857920274983, 18.536988545868997], [98.23191364082628, 18.55759995385295], [98.2310588109553, 18.56419722114959], [98.23710426384308, 18.57199738227688], [98.2261917257947, 18.587611447748824], [98.21227296682494, 18.590962033005383], [98.21469596331627, 18.60059134509293], [98.21074702774804, 18.607492973818523], [98.1829664980801, 18.609484722063346], [98.1828836595758, 18.62478570951504], [98.17362480000678, 18.628435891401374], [98.16312291917502, 18.62619453829928], [98.14574276593747, 18.637977837307993], [98.11751382703686, 18.634778232064306], [98.10569929899025, 18.64870519320574], [98.11245938074195, 18.669592759881755], [98.10507516463299, 18.677275433083775], [98.10710729158718, 18.68898932976689], [98.10032284142228, 18.704771860835763], [98.10751915509795, 18.713764291523077], [98.10316966608178, 18.718393114216994], [98.10214155242278, 18.735782318190733], [98.09396791999096, 18.737649761778055], [98.12020571368339, 18.758320753200024], [98.11775835758779, 18.766832322065024], [98.12164835460644, 18.774455341108066], [98.1072186029462, 18.780197790533972], [98.09927574715958, 18.77523109860824], [98.0932955597089, 18.77712141830246], [98.09018175519212, 18.788675913425376], [98.0854325103487, 18.795986234485593], [98.08832763969943, 18.804710919801693], [98.07832377174067, 18.821449060076095], [98.08115802752374, 18.835861160578787], [98.09247070941589, 18.86918384791091], [98.10239117186869, 18.88420843566685], [98.10996485182454, 18.8876269150223], [98.12928751480207, 18.91182565619745], [98.14368165192477, 18.911758149611078], [98.14977540439752, 18.918961519327556], [98.15643877252988, 18.919615463773205], [98.15668456197113, 18.93746126142061], [98.16605962685261, 18.939459019817498], [98.17254956118808, 18.951038509352227], [98.17311239357606, 18.961861698682], [98.16352196539985, 18.980516148847467], [98.1660477510433, 18.98358655376718], [98.1735526673748, 18.98863798530773], [98.19744559663357, 18.958249928953336], [98.20662230131423, 18.957677174264056], [98.22191340724527, 18.947039818163585], [98.23300733743919, 18.96050161819113], [98.2466138185984, 18.95947748969706], [98.26053990285327, 18.952175072414143], [98.26572954797558, 18.932569218897047], [98.27082904143333, 18.934753733198097], [98.28856025424692, 18.92609373947371], [98.30244442980968, 18.932088420109785], [98.32579594443096, 18.933051340796915], [98.3289873611049, 18.940888058149756], [98.34116837667133, 18.937770927134277], [98.35024288565533, 18.925660173831158], [98.35017192688271, 18.90807894007592], [98.37800645253768, 18.882666199852327], [98.39414742010166, 18.878367959713273], [98.46512886641355, 18.887776732793704], [98.46185718422379, 18.90539378687719], [98.47457120250223, 18.909928587363783], [98.47681640353046, 18.92222477850716], [98.48307907754831, 18.91507106989605], [98.49152120203375, 18.916908654036135], [98.50580622046563, 18.908919637893607], [98.49601944618595, 18.888164648854545], [98.52591673534718, 18.87469030295171], [98.51667869532362, 18.859956745235763], [98.52408290378675, 18.85661383372734], [98.53057623681482, 18.83754061791936], [98.53966434245119, 18.832529324639882], [98.54611048279573, 18.81543459782468], [98.55957614350623, 18.802662741643918], [98.54019657183, 18.789374691918454], [98.53010080441474, 18.788185966255867], [98.52742706273868, 18.78071071630187], [98.51117043551719, 18.773820607619594], [98.49945890156339, 18.776480570830874], [98.49609413785089, 18.76888442358131], [98.49719826014137, 18.748979685536153], [98.48873766821318, 18.733762177617727], [98.49389400492119, 18.732521077065652], [98.49713832609748, 18.72124286829835], [98.49184790627677, 18.716687153093517], [98.49749047244335, 18.71170677660594], [98.49970502552179, 18.692280472790237], [98.49572285065832, 18.669015716908028], [98.49880480018393, 18.659769306129604], [98.48782356229962, 18.62976143696659], [98.48965389642606, 18.603215642240773], [98.48755785978129, 18.592245963317016], [98.47889254755984, 18.582696355531226], [98.48260427053746, 18.55005515629675], [98.49328864900843, 18.536735203172213], [98.49764659744714, 18.52516818453209], [98.50540348795775, 18.52484632743477], [98.50745227857333, 18.516689321310924], [98.50255271158278, 18.506672667031676], [98.50753356623623, 18.50586663537981], [98.5034222438179, 18.501005920067733], [98.51008354375834, 18.491334622630244], [98.50619097573971, 18.48646097380032], [98.49886180484464, 18.486771606972983], [98.49572090621533, 18.47875905722489], [98.4813643410745, 18.46939091142148]]]]}}, {"type": "Feature", "properties": {"amp_code": "5001", "amp_th": "เมืองเชียงใหม่", "amp_en": "Mueang Chiang Mai", "pro_code": "50", "pro_th": "เชียงใหม่", "pro_en": "Chiang Mai", "reg_nesdb": "UpperNorth", "reg_royin": "North", "perimeter": 70.10869526998, "area_sqkm": 173.69166754546}, "geometry": {"type": "MultiPolygon", "coordinates": [[[[99.04553530379904, 18.780047623233894], [99.04857041393886, 18.769257838923206], [99.03425684930613, 18.75751395364309], [99.02924171952768, 18.751966637319523], [99.02165231246492, 18.748074573095444], [99.00831657540203, 18.74943359353348], [98.99851604420697, 18.755271155711682], [98.98833683415248, 18.752147058032293], [98.9860693148726, 18.716765534150998], [98.98291724775686, 18.71073806811351], [98.98587813893, 18.69517262838903], [98.9796750309466, 18.699512558052977], [98.97608264305869, 18.705162011227728], [98.9812481242195, 18.727492060919722], [98.97816779142772, 18.735108473345395], [98.97140313362274, 18.73705298367405], [98.96182038751033, 18.731701931050154], [98.95356268774225, 18.735082523347046], [98.94470790872106, 18.732973143413357], [98.93017898561824, 18.74437531832889], [98.91017232050514, 18.751383617848788], [98.8988900982025, 18.74516766728699], [98.89037815655148, 18.768364368858364], [98.89058904738384, 18.78019511998201], [98.86267017951785, 18.80119090888389], [98.86737292652295, 18.837673380694323], [98.87110599931704, 18.834518401915233], [98.88702512916127, 18.831710048813036], [98.89550441774863, 18.842847369753457], [98.9236476738341, 18.837660871140663], [98.95019471995346, 18.840123634509748], [98.95546496772772, 18.835594740670068], [98.9820123076661, 18.842268005591702], [98.98485674209766, 18.845530925017695], [98.99506252848676, 18.849843661523607], [99.00392840550761, 18.84801239015193], [99.01016140435264, 18.846320946048372], [99.00834333786341, 18.829332112100523], [99.00912142182887, 18.825159967397106], [99.01607915178924, 18.828042579045224], [99.01675556295079, 18.823485171192683], [99.01894381284174, 18.809538376526067], [99.02353362180817, 18.807264824033346], [99.03042378856419, 18.793386134274584], [99.04514130018255, 18.80037849262867], [99.04944325773, 18.79848961150306], [99.0421512567856, 18.793962280865923], [99.04553530379904, 18.780047623233894]]]]}}, {"type": "Feature", "properties": {"amp_code": "5008", "amp_th": "สะเมิง", "amp_en": "Samoeng", "pro_code": "50", "pro_th": "เชียงใหม่", "pro_en": "Chiang Mai", "reg_nesdb": "UpperNorth", "reg_royin": "North", "perimeter": 163.13979823738, "area_sqkm": 1056.52438412778}, "geometry": {"type": "MultiPolygon", "coordinates": [[[[98.78304760269147, 18.87508645718049], [98.78927336164037, 18.863450686639386], [98.78955859333229, 18.848116125829154], [98.78346248687956, 18.842862693377928], [98.78074256398816, 18.82097669882413], [98.78540610642712, 18.816168347755223], [98.77688824382751, 18.801003031508387], [98.78223858865691, 18.78501121599123], [98.79154295245102, 18.7791777162577], [98.79956323006797, 18.764681817413916], [98.79518196317932, 18.756758746736374], [98.79662918569669, 18.73563986656351], [98.78189826524739, 18.746186338438093], [98.77013376340342, 18.72923296979712], [98.75487799138392, 18.72679824491933], [98.73815158526219, 18.732590364099813], [98.73031577983993, 18.727171196900223], [98.70380689056414, 18.72598334444924], [98.69305321565429, 18.745275418500846], [98.6831479139173, 18.74873622078031], [98.66928274608834, 18.750254309100672], [98.66134190412181, 18.74009514449397], [98.65172273527119, 18.737590963665934], [98.63319519318078, 18.728344915225584], [98.61283934774275, 18.731330479533305], [98.60120325454072, 18.72835296293002], [98.58779648434086, 18.748704115842973], [98.58557825810871, 18.759666533527188], [98.5777748226663, 18.75930225639166], [98.57211831013012, 18.771026028283497], [98.56383153569949, 18.773142037263685], [98.5640069192057, 18.794870224976016], [98.55957614350623, 18.802662741643918], [98.54611048279573, 18.81543459782468], [98.53966434245119, 18.832529324639882], [98.53057623681482, 18.83754061791936], [98.52408290378675, 18.85661383372734], [98.51667869532362, 18.859956745235763], [98.52591673534718, 18.87469030295171], [98.49601944618595, 18.888164648854545], [98.50580622046563, 18.908919637893607], [98.49152120203375, 18.916908654036135], [98.48307907754831, 18.91507106989605], [98.47681640353046, 18.92222477850716], [98.47881755167771, 18.931491564022856], [98.45940841642614, 18.937459503360163], [98.45991027703205, 18.943740859055268], [98.47380973246055, 18.96073393553997], [98.44896163177971, 18.960705783606773], [98.4306089730649, 18.951554174516453], [98.42764793723659, 18.961042224755825], [98.41744836638065, 18.96330029092772], [98.40960236546304, 18.970732410443365], [98.41198714343267, 18.97888716801895], [98.40164030106752, 18.987111887210588], [98.40110410990164, 19.00305876172955], [98.40393085746562, 19.00575197366376], [98.40838805343887, 19.002903712410376], [98.4197568134991, 19.013111235517307], [98.42141447585706, 19.028147751544772], [98.42840261320025, 19.04177969694832], [98.4382309096059, 19.04799363937748], [98.47875272933105, 19.04316905331403], [98.51328600926033, 19.03345997176663], [98.52853383124284, 19.024654124286272], [98.54137734155357, 19.025459143224023], [98.55313963444438, 19.031653765056816], [98.55535331280079, 19.037856541573483], [98.56386489954103, 19.037729976307585], [98.56697055057307, 19.045326490820383], [98.5801032627612, 19.04830077723141], [98.59492235612707, 19.04362987661965], [98.60276081598045, 19.0530571878003], [98.63256445407504, 19.062330394200018], [98.64031283575721, 19.069058265039548], [98.64617904781957, 19.069971102208324], [98.66572213561939, 19.075113750053347], [98.69035190450322, 19.067029752791285], [98.71368188419532, 19.05345235882685], [98.72562903000112, 19.056635913487685], [98.72691823277118, 19.069773922174846], [98.73823308653589, 19.073988273953475], [98.75397611155903, 19.07151783838153], [98.77033953609015, 19.07504777919695], [98.76972436291825, 19.0657947908252], [98.76126636045655, 19.061527339157756], [98.7574784858487, 19.049247096680258], [98.75057765863167, 19.04551667453904], [98.74777369879891, 19.023720947268433], [98.76309406516712, 18.987457358821334], [98.77421966793149, 18.976668989986788], [98.78167869485354, 18.970839591463243], [98.78640252888135, 18.961122803991366], [98.78453961653496, 18.952975423154196], [98.79903862753521, 18.93375831480652], [98.79988847704321, 18.92367990289378], [98.78903645149882, 18.90411360639249], [98.78304760269147, 18.87508645718049]]]]}}, {"type": "Feature", "properties": {"amp_code": "5009", "amp_th": "ฝาง", "amp_en": "Fang", "pro_code": "50", "pro_th": "เชียงใหม่", "pro_en": "Chiang Mai", "reg_nesdb": "UpperNorth", "reg_royin": "North", "perimeter": 148.90901657751, "area_sqkm": 841.48015212438}, "geometry": {"type": "MultiPolygon", "coordinates": [[[[99.2923556173674, 19.882727846607462], [99.30352834393078, 19.87318895951391], [99.31852808416409, 19.84420905717163], [99.3259382592387, 19.839989062987723], [99.33997666634981, 19.81887785543559], [99.34171867204823, 19.809356552635283], [99.36260924120265, 19.776557060842887], [99.36607014850989, 19.767063637447198], [99.36529495611873, 19.752561147642645], [99.3598211336604, 19.749154053042627], [99.36104544944028, 19.728285546281292], [99.34959742708266, 19.72464379517412], [99.34580275062285, 19.712123803190156], [99.34089728487344, 19.712652812450102], [99.32138891583676, 19.73621181088932], [99.29753480468834, 19.754017231326326], [99.2407997185574, 19.759244505953358], [99.23161761222913, 19.768234769000948], [99.21206723064289, 19.76624603732313], [99.20109687129502, 19.751765760460803], [99.19263406154138, 19.750683855785766], [99.18380685375053, 19.742810674434985], [99.16979886791417, 19.743757562485264], [99.16556400802405, 19.750860037119775], [99.16970029608332, 19.76026812024789], [99.16323677529161, 19.768072989398366], [99.15929252028242, 19.760528458502527], [99.11861143267039, 19.765636531553742], [99.04857905634616, 19.762845197575125], [99.03423274910058, 19.800851046925438], [99.01688918109001, 19.795621156831192], [99.03384893290242, 19.84965028104608], [99.02459879042587, 19.86347365900683], [99.02743570216674, 19.891799185359094], [99.02285567273991, 19.90331724452128], [99.02696029737942, 19.913946202965423], [99.02322712553193, 19.928150296254593], [99.0299983532742, 19.92659043841444], [99.04350926783262, 19.931880936076393], [99.04331667455924, 19.950546416858945], [99.03744988594272, 19.96650890369561], [99.03058298343724, 19.971367464572122], [99.03788936839744, 19.992028519948764], [99.05452807532262, 20.00294504096785], [99.0463625720832, 20.008667594101105], [99.04361962008355, 20.017176333940657], [99.04464872129078, 20.038762432667923], [99.05361796889765, 20.05017775743744], [99.05686890974816, 20.06314206631618], [99.06691765220354, 20.067620717768012], [99.0674437681495, 20.087433309287178], [99.07298892127376, 20.097351036430403], [99.07967633468563, 20.101730893831107], [99.09237004291433, 20.099235125676177], [99.09477952603646, 20.105369693099643], [99.10058330314439, 20.097599531111918], [99.13171832234818, 20.105800073769704], [99.13774519871443, 20.09474599164279], [99.1359258749694, 20.082514111308768], [99.1423464500829, 20.074836977521088], [99.14329928051922, 20.04914961588795], [99.1502831841634, 20.023520416061636], [99.16485833936346, 20.008666990605075], [99.17300220123431, 20.004305811392157], [99.18081489557662, 20.00621378400003], [99.18358516141659, 20.00048168954883], [99.20620523803531, 19.987096103533432], [99.21385416475749, 19.985754134113325], [99.22547933374703, 19.966925376371677], [99.24456370419392, 19.962280101761156], [99.24668586240396, 19.95639428608312], [99.25088785267967, 19.931729516340273], [99.24854572645427, 19.922298477568994], [99.24344365633877, 19.922111247720427], [99.24419801086844, 19.912065891849842], [99.24640390740853, 19.901666086026125], [99.25859180566943, 19.900356539323486], [99.27440236381427, 19.887066939947168], [99.28728348193376, 19.890514468653343], [99.2923556173674, 19.882727846607462]]]]}}, {"type": "Feature", "properties": {"amp_code": "5006", "amp_th": "แม่แตง", "amp_en": "Mae Taeng", "pro_code": "50", "pro_th": "เชียงใหม่", "pro_en": "Chiang Mai", "reg_nesdb": "UpperNorth", "reg_royin": "North", "perimeter": 209.81029601962, "area_sqkm": 1417.6423102309}, "geometry": {"type": "MultiPolygon", "coordinates": [[[[98.97619252226728, 19.104378495728877], [98.97288413620906, 19.10554614854543], [98.97185254696564, 19.098846869371357], [98.96101756881023, 19.0994752685565], [98.95919677802856, 19.105234086334924], [98.94564537641058, 19.09997522009218], [98.93862170521152, 19.090704946589085], [98.9406997808304, 19.081410437738562], [98.95050139251362, 19.074759377648274], [98.94299743149178, 19.075595450682837], [98.94105370065225, 19.07097661067273], [98.94846377120533, 19.065743780166486], [98.94571319943871, 19.05593262954398], [98.95312090150273, 19.055170978402455], [98.95872807476437, 19.04115265331457], [98.93346312578787, 19.044258752721305], [98.9193564143899, 19.036697647921294], [98.91174646940611, 19.04153835413998], [98.89601467389329, 19.038875355234374], [98.88854492066805, 19.029184888090267], [98.87944109254504, 19.02766084574857], [98.85874737673836, 19.02725078920379], [98.84213859307076, 19.034243784869403], [98.83634180699002, 19.03199288611151], [98.83473032962443, 19.035721738599406], [98.82137394731126, 19.03175082072359], [98.81049974134493, 19.034738222734777], [98.77561283533804, 19.058590051058296], [98.77034993619864, 19.07504553276102], [98.77033953609015, 19.07504777919695], [98.75397611155903, 19.07151783838153], [98.73823308653589, 19.073988273953475], [98.72691823277118, 19.069773922174846], [98.72562903000112, 19.056635913487685], [98.71368188419532, 19.05345235882685], [98.69035190450322, 19.067029752791285], [98.66572213561939, 19.075113750053347], [98.64617904781957, 19.069971102208324], [98.64031283575721, 19.069058265039548], [98.65169338633476, 19.094310528308174], [98.64349701898631, 19.105422234868325], [98.63896935881296, 19.135352212448183], [98.63221103122997, 19.142313451519456], [98.63342070193464, 19.15580420574424], [98.62179637774585, 19.157847952129874], [98.62073582445636, 19.16871548466067], [98.60774351729226, 19.172540372312696], [98.60515005511411, 19.180758813681038], [98.58217081353655, 19.18882346702448], [98.57680283932336, 19.201752605029736], [98.56885745474361, 19.20667524190437], [98.56936732573757, 19.215679846973995], [98.58207950839481, 19.216744048145962], [98.59832245505099, 19.22910726327316], [98.58730425276444, 19.255263774749686], [98.59134164479472, 19.267111658325877], [98.60221148165478, 19.277908049041848], [98.59385156481888, 19.289319521462986], [98.59962116891609, 19.29843050195042], [98.60147376319827, 19.314588605185783], [98.588744116328, 19.332537616040774], [98.59356670379375, 19.340207453006528], [98.58999237629457, 19.353176840533017], [98.59478182296567, 19.35344285785276], [98.62306389007396, 19.34391509767292], [98.63024808035516, 19.35058120574436], [98.64036990794828, 19.34993949060977], [98.66029945174192, 19.334993991726158], [98.68159585558008, 19.333421537209535], [98.68599136943963, 19.337859680452944], [98.6947095312221, 19.334618812619475], [98.69493816297643, 19.32893248836991], [98.70340085099056, 19.323149028328068], [98.70463830489136, 19.3109484239877], [98.70030228467529, 19.3084154282267], [98.70085939697681, 19.304997981829413], [98.7047859578495, 19.306908987052545], [98.70460381835767, 19.298178648151296], [98.71430157951077, 19.311426969367922], [98.73065369890546, 19.31487697927658], [98.74590743090145, 19.325382149499283], [98.76266745095803, 19.320980957234976], [98.78581551358253, 19.304715267014732], [98.81093807679201, 19.28820687760934], [98.82593717013168, 19.295978120366954], [98.86574118714124, 19.294850415668805], [98.88646603048548, 19.286082376742797], [98.89421673094846, 19.268296866987818], [98.89941760923436, 19.266218933381083], [98.93693127034602, 19.27831876810098], [98.97219836381011, 19.265340738145753], [98.98187466891338, 19.268882371124988], [98.97858675818078, 19.27744950516774], [98.98149894559086, 19.28315018144748], [98.99409281423151, 19.268542011472405], [99.00283325242157, 19.271303022449022], [99.00597242778566, 19.266840710848754], [99.01498964588968, 19.2673621060692], [99.03641208845333, 19.258678628831326], [99.05623786189321, 19.268409193149495], [99.06766677087764, 19.26139678612842], [99.07652417809466, 19.26254104984305], [99.08073318962008, 19.25618139866644], [99.08497815836743, 19.25964533654944], [99.1035264300024, 19.25581745969395], [99.12286299720853, 19.23355303885399], [99.12282814543634, 19.22586669968407], [99.13034028172451, 19.2173866223187], [99.15462493422443, 19.20143693365943], [99.15355781082826, 19.18998733348491], [99.14072425957966, 19.18120865563188], [99.13980555655382, 19.169993805939704], [99.12823876387718, 19.16146404580115], [99.13413725819849, 19.14670831797972], [99.10851715645849, 19.130568335282554], [99.13616870340145, 19.098053091821814], [99.13422888150605, 19.088293913617804], [99.12399258764638, 19.079681467518334], [99.11591861866421, 19.07920546731657], [99.11373056419372, 19.07142770030141], [99.10291096094929, 19.060460113809693], [99.09697902999325, 19.044369542003565], [99.07832237592979, 19.040065175524933], [99.05868201447794, 19.05804835375444], [99.03648346957155, 19.057342362670862], [99.02873206644082, 19.061322555735583], [98.99718789582951, 19.08694420113055], [98.9839859772324, 19.08934301490881], [98.98038348836182, 19.098563290463765], [98.97619252226728, 19.104378495728877]]]]}}, {"type": "Feature", "properties": {"amp_code": "5007", "amp_th": "แม่ริม", "amp_en": "Mae Rim", "pro_code": "50", "pro_th": "เชียงใหม่", "pro_en": "Chiang Mai", "reg_nesdb": "UpperNorth", "reg_royin": "North", "perimeter": 103.75289003292, "area_sqkm": 460.43261780107}, "geometry": {"type": "MultiPolygon", "coordinates": [[[[98.99936264023088, 18.875950654362878], [99.00368841305361, 18.861251712085526], [99.00392840550761, 18.84801239015193], [98.99506252848676, 18.849843661523607], [98.98485674209766, 18.845530925017695], [98.9820123076661, 18.842268005591702], [98.95546496772772, 18.835594740670068], [98.95019471995346, 18.840123634509748], [98.9236476738341, 18.837660871140663], [98.89550441774863, 18.842847369753457], [98.88702512916127, 18.831710048813036], [98.87110599931704, 18.834518401915233], [98.86737292652295, 18.837673380694323], [98.86230731284179, 18.84693349156821], [98.86509423924612, 18.85662069557692], [98.85240262291335, 18.860624990650546], [98.8458018064291, 18.858996222744562], [98.83269833427386, 18.844186609857747], [98.82045952498257, 18.8507547506677], [98.80221421461407, 18.844131889846317], [98.79622869081287, 18.849042008759575], [98.78955859333229, 18.848116125829154], [98.78927336164037, 18.863450686639386], [98.78304760269147, 18.87508645718049], [98.78903645149882, 18.90411360639249], [98.79988847704321, 18.92367990289378], [98.79903862753521, 18.93375831480652], [98.78453961653496, 18.952975423154196], [98.78640252888135, 18.961122803991366], [98.78167869485354, 18.970839591463243], [98.77421966793149, 18.976668989986788], [98.76309406516712, 18.987457358821334], [98.74777369879891, 19.023720947268433], [98.75057765863167, 19.04551667453904], [98.7574784858487, 19.049247096680258], [98.76126636045655, 19.061527339157756], [98.76972436291825, 19.0657947908252], [98.77033953609015, 19.07504777919695], [98.77034993619864, 19.07504553276102], [98.77561283533804, 19.058590051058296], [98.81049974134493, 19.034738222734777], [98.82137394731126, 19.03175082072359], [98.83473032962443, 19.035721738599406], [98.83634180699002, 19.03199288611151], [98.84213859307076, 19.034243784869403], [98.85874737673836, 19.02725078920379], [98.87944109254504, 19.02766084574857], [98.88854492066805, 19.029184888090267], [98.89601467389329, 19.038875355234374], [98.91174646940611, 19.04153835413998], [98.9193564143899, 19.036697647921294], [98.93346312578787, 19.044258752721305], [98.95872807476437, 19.04115265331457], [98.9559980359622, 19.0349273303535], [98.960946154559, 19.032727770156445], [98.9577619252586, 19.028440952203717], [98.96083806883921, 19.025070576074825], [98.95558239592438, 19.017692379960444], [98.96892923897396, 18.99805844861054], [98.96083975644014, 18.988675770556732], [98.9643476425512, 18.971475431488518], [98.97255271475771, 18.965484809776854], [98.97554906468008, 18.9517241326511], [98.97730273745688, 18.93623928366285], [98.99409704862259, 18.906035178643183], [98.99193584802111, 18.893507572789954], [98.99984268219923, 18.885233628644766], [98.99936264023088, 18.875950654362878]]]]}}, {"type": "Feature", "properties": {"amp_code": "5004", "amp_th": "เชียงดาว", "amp_en": "Chiang Dao", "pro_code": "50", "pro_th": "เชียงใหม่", "pro_en": "Chiang Mai", "reg_nesdb": "UpperNorth", "reg_royin": "North", "perimeter": 271.6525768519, "area_sqkm": 2071.86032286431}, "geometry": {"type": "MultiPolygon", "coordinates": [[[[99.08516944865706, 19.325927864782575], [99.08338031639668, 19.311288130052656], [99.09181161266254, 19.28639507820203], [99.09190571483047, 19.28073760783029], [99.07652417809466, 19.26254104984305], [99.06766677087764, 19.26139678612842], [99.05623786189321, 19.268409193149495], [99.03641208845333, 19.258678628831326], [99.01498964588968, 19.2673621060692], [99.00597242778566, 19.266840710848754], [99.00283325242157, 19.271303022449022], [98.99409281423151, 19.268542011472405], [98.98149894559086, 19.28315018144748], [98.97858675818078, 19.27744950516774], [98.98187466891338, 19.268882371124988], [98.97219836381011, 19.265340738145753], [98.93693127034602, 19.27831876810098], [98.89941760923436, 19.266218933381083], [98.89421673094846, 19.268296866987818], [98.88646603048548, 19.286082376742797], [98.86574118714124, 19.294850415668805], [98.82593717013168, 19.295978120366954], [98.81093807679201, 19.28820687760934], [98.78581551358253, 19.304715267014732], [98.76266745095803, 19.320980957234976], [98.74590743090145, 19.325382149499283], [98.73065369890546, 19.31487697927658], [98.71430157951077, 19.311426969367922], [98.70460381835767, 19.298178648151296], [98.7047859578495, 19.306908987052545], [98.70085939697681, 19.304997981829413], [98.70030228467529, 19.3084154282267], [98.70463830489136, 19.3109484239877], [98.70340085099056, 19.323149028328068], [98.69493816297643, 19.32893248836991], [98.6947095312221, 19.334618812619475], [98.68599136943963, 19.337859680452944], [98.68159585558008, 19.333421537209535], [98.66029945174192, 19.334993991726158], [98.64036990794828, 19.34993949060977], [98.63024808035516, 19.35058120574436], [98.62306389007396, 19.34391509767292], [98.59478182296567, 19.35344285785276], [98.58131523978051, 19.36563968232791], [98.57569758442776, 19.378619830118648], [98.57339539658923, 19.38801532259794], [98.57714446837183, 19.39751757650296], [98.58704139253734, 19.397578732230535], [98.59611584065769, 19.4069932156828], [98.58613880351314, 19.415309766786805], [98.58980874580223, 19.4241383092109], [98.64018558568881, 19.440335733417918], [98.6518371030342, 19.436648713973874], [98.65877471572828, 19.429163311750333], [98.6839719776838, 19.432814749064658], [98.70733115411076, 19.430705320005057], [98.71539099428374, 19.441619240875518], [98.75960315479799, 19.452516540474736], [98.76491550300979, 19.45868912965912], [98.78391196582946, 19.46140132925725], [98.78840848547534, 19.466431313927078], [98.78616409490166, 19.477966911655944], [98.79076415743688, 19.487642065437292], [98.7791008285856, 19.49891337486211], [98.7900412741067, 19.50115179610032], [98.8092312694021, 19.49452619746939], [98.80287069909582, 19.512315821981023], [98.81101528305639, 19.546649840063054], [98.803697847081, 19.570673972563778], [98.7922409238257, 19.58497815032197], [98.79560070490055, 19.59120401682232], [98.79156968678637, 19.596257901752747], [98.80762848483644, 19.606645791412568], [98.8080087841186, 19.612890805645762], [98.78011794437107, 19.633330064407186], [98.78054051422541, 19.645670629849853], [98.75028678533496, 19.663101935312383], [98.74866937350471, 19.668942086506867], [98.75509482029506, 19.678548221894086], [98.74929614573922, 19.68764947772898], [98.75342729213384, 19.70174606129395], [98.74666828550927, 19.69896230686811], [98.73118898917564, 19.714849297430554], [98.72609997975691, 19.712986771767046], [98.70429217030322, 19.757664370966232], [98.71179888182876, 19.767933444567202], [98.73968179246135, 19.75340647369966], [98.751918857675, 19.759659296878823], [98.77818792485103, 19.7518226318457], [98.79680463153403, 19.775078596907132], [98.81342099552312, 19.780514315340568], [98.82868557591848, 19.79343200706381], [98.83209102684087, 19.808194718613606], [98.83890842785046, 19.812970204426016], [98.84984632800226, 19.806848214368145], [98.85306306510857, 19.797199497745183], [98.86858254796434, 19.7922412899871], [98.87474063660578, 19.782589777931207], [98.88533985557743, 19.77928259948382], [98.89658795425304, 19.7664705790037], [98.90891082403424, 19.760885670063203], [98.91692471228058, 19.743208777115708], [98.92919083095866, 19.757865205107436], [98.92760932096782, 19.771042688867905], [98.93398684055786, 19.77352805229568], [98.96539211044401, 19.74125915668082], [98.98095608308705, 19.73413131710035], [98.98775244228007, 19.750488819613633], [98.99189899525915, 19.781492546485673], [99.0036506422226, 19.781461063513024], [99.01304432571614, 19.79324025195614], [99.029453133913, 19.784427306031244], [99.01679981250714, 19.75995014074503], [99.02914900394647, 19.74434851050341], [99.02940621745545, 19.736802600430014], [99.02421051522872, 19.73162970990088], [99.02767697290663, 19.7022115414283], [99.03035878063449, 19.695471757161535], [99.03492038946268, 19.696162259618184], [99.05159896098172, 19.67991419925552], [99.06355459172723, 19.68074403259722], [99.07704576700623, 19.64342028951729], [99.076909947341, 19.634873543296365], [99.09087214426246, 19.63029653795915], [99.08883289523628, 19.60430690135376], [99.10107145394414, 19.60588420366086], [99.10888696403951, 19.601392732804555], [99.13470213006075, 19.570664945731256], [99.13601282272676, 19.56467686875855], [99.1140477491157, 19.5455310845264], [99.1169048675941, 19.52937533712262], [99.12136266307976, 19.52128413350218], [99.13047646077332, 19.525882224763464], [99.15487883414922, 19.513222234813956], [99.1581697245717, 19.493701337598104], [99.15523584363879, 19.47376103313815], [99.14395202412734, 19.477791907959862], [99.12653650692899, 19.455930300400592], [99.12333460579427, 19.429805813171974], [99.13273486448117, 19.41215617306279], [99.12606309888332, 19.41386219191761], [99.11104721839747, 19.40681612882317], [99.09832105401388, 19.38282263548864], [99.10603179845286, 19.372138451123025], [99.10321946125441, 19.35668622603389], [99.08516944865706, 19.325927864782575]]]]}}, {"type": "Feature", "properties": {"amp_code": "5005", "amp_th": "ดอยสะเก็ด", "amp_en": "Doi Saket", "pro_code": "50", "pro_th": "เชียงใหม่", "pro_en": "Chiang Mai", "reg_nesdb": "UpperNorth", "reg_royin": "North", "perimeter": 154.78397897791, "area_sqkm": 651.33490537021}, "geometry": {"type": "MultiPolygon", "coordinates": [[[[99.1181082086521, 18.797625056334905], [99.11362050040495, 18.784025808929858], [99.09958917082675, 18.769352856769654], [99.09264577723839, 18.78165589843888], [99.08326155885308, 18.781675002619632], [99.08189841898015, 18.77737920697745], [99.07362894507845, 18.77850899858604], [99.05960106336082, 18.779404233080562], [99.05800113344415, 18.78927526653118], [99.04948211379399, 18.79851219590596], [99.05313085489098, 18.801953502659806], [99.0490504577346, 18.81329943128296], [99.05212418331149, 18.820774054669602], [99.07192039844107, 18.836478674597693], [99.07563658851471, 18.84328496830525], [99.09681314584101, 18.855175747685955], [99.10061174485642, 18.86646085457402], [99.11243845539586, 18.878455176370696], [99.12294712833565, 18.886091120931162], [99.11502476744336, 18.895401732747505], [99.1272389295736, 18.914587759918525], [99.12759572351719, 18.923697584711697], [99.11884790162442, 18.937117682952266], [99.08454103594731, 18.95207588991738], [99.07859990779052, 18.963235593941977], [99.0672114987212, 18.964361882605523], [99.06116160444829, 18.972239232232333], [99.07024927167294, 18.976669013274467], [99.06511873046723, 18.993456185849148], [99.0776968560732, 18.995168496327313], [99.08638686828613, 19.002496476913688], [99.07865476072584, 19.01242105198317], [99.08317544144334, 19.01689272740194], [99.07604082742459, 19.030018505117454], [99.08222164663715, 19.03557854205338], [99.07832237592979, 19.040065175524933], [99.09697902999325, 19.044369542003565], [99.10291096094929, 19.060460113809693], [99.11373056419372, 19.07142770030141], [99.1230222681603, 19.065402681253083], [99.12736666367616, 19.04990697335957], [99.135584636052, 19.046923218788923], [99.13451260115036, 19.04043497483837], [99.14261819535723, 19.039048394190274], [99.14560346301009, 19.029515863997567], [99.15208172807316, 19.025904622342708], [99.15305388877356, 19.011540715517715], [99.158913994314, 19.0073106623259], [99.18124611699496, 19.009868120433715], [99.18979702054416, 19.004310419735276], [99.20984642604986, 18.996676795891492], [99.22839640232203, 19.00053424197275], [99.25110510753441, 18.99834933930567], [99.25269234657728, 19.02899375642719], [99.28288301331791, 19.034099169453462], [99.29282007895685, 19.04755644733736], [99.301745155285, 19.0520472983992], [99.30406601129562, 19.066108172457817], [99.31731136394338, 19.070959352590933], [99.32119614602142, 19.079054764767424], [99.33176966152266, 19.081306715361578], [99.34089637895075, 19.097584660627277], [99.3450121925837, 19.085841823292863], [99.35166743933607, 19.08719390586357], [99.36493416862776, 19.079269358142348], [99.36567754736521, 19.069051006283196], [99.3835389108902, 19.06401926493465], [99.38319545310078, 19.043019103630733], [99.40156588528143, 19.00007223971366], [99.39287286934677, 18.997474535914442], [99.37338065403902, 18.982060660223457], [99.37751286127971, 18.96847671622452], [99.37503925346486, 18.95987343841859], [99.38662762476763, 18.944091462014644], [99.37788516872861, 18.920750632450638], [99.36978265101182, 18.91338771514209], [99.35610739485709, 18.91386067103536], [99.34849498061952, 18.90926477455071], [99.31704707569392, 18.91920041888554], [99.30186337075912, 18.906335715822305], [99.27939967076193, 18.90302802942682], [99.26284810164566, 18.8908207402468], [99.25595259780248, 18.88822749005382], [99.25690875018779, 18.88287243734289], [99.24848646610211, 18.87398169034025], [99.23477688308405, 18.867439200750397], [99.23791491664934, 18.8504520960128], [99.23520420208112, 18.83472073070044], [99.21859905348903, 18.829378129782363], [99.21945460066885, 18.818959902406224], [99.20900299009212, 18.81415812794786], [99.18244686310341, 18.803157543637273], [99.16658205770138, 18.80580804268509], [99.15250157286644, 18.789077411028945], [99.12903142160026, 18.800962973787367], [99.1181082086521, 18.797625056334905]]]]}}, {"type": "Feature", "properties": {"amp_code": "5013", "amp_th": "สันกำแพง", "amp_en": "San Kamphaeng", "pro_code": "50", "pro_th": "เชียงใหม่", "pro_en": "Chiang Mai", "reg_nesdb": "UpperNorth", "reg_royin": "North", "perimeter": 87.56916771444, "area_sqkm": 245.12788881199}, "geometry": {"type": "MultiPolygon", "coordinates": [[[[99.22925388885966, 18.743893201058146], [99.2559829634384, 18.74009653398844], [99.26858232342376, 18.717635541103405], [99.26998156681249, 18.68371648922785], [99.26246701844714, 18.675907069726346], [99.26470824930313, 18.668840767521157], [99.25831312346985, 18.6690089663622], [99.24890448737483, 18.66117558983898], [99.24660708621857, 18.656415609551377], [99.23359699697852, 18.651803656293495], [99.21794947029667, 18.654433301185623], [99.21308924882163, 18.66042541246357], [99.20662961279285, 18.659972819715833], [99.20545405430647, 18.668522913536954], [99.18830897179825, 18.679232820969684], [99.1892481905157, 18.707063158822777], [99.17622687805083, 18.706495161221255], [99.15558430006749, 18.70999869231366], [99.13812122610605, 18.70169405039323], [99.12635715177461, 18.683540510993137], [99.1075357797125, 18.679242240890883], [99.10210391066288, 18.67762521152584], [99.09949424069386, 18.669426876274322], [99.0765271190939, 18.672363698169512], [99.07577923725142, 18.681204307957977], [99.0804039395069, 18.68081261967921], [99.08112570427932, 18.686102932427303], [99.07600272948685, 18.70654337146045], [99.06665738178599, 18.726358171712896], [99.07088827265426, 18.73256682915298], [99.05618455524596, 18.75088949043486], [99.05056909154644, 18.760055564504924], [99.04857041393886, 18.769257838923206], [99.04553530379904, 18.780047623233894], [99.0421512567856, 18.793962280865923], [99.04944325773, 18.79848961150306], [99.04948211379399, 18.79851219590596], [99.05800113344415, 18.78927526653118], [99.05960106336082, 18.779404233080562], [99.07362894507845, 18.77850899858604], [99.08189841898015, 18.77737920697745], [99.08326155885308, 18.781675002619632], [99.09264577723839, 18.78165589843888], [99.09958917082675, 18.769352856769654], [99.11362050040495, 18.784025808929858], [99.1181082086521, 18.797625056334905], [99.12903142160026, 18.800962973787367], [99.15250157286644, 18.789077411028945], [99.16658205770138, 18.80580804268509], [99.18244686310341, 18.803157543637273], [99.20900299009212, 18.81415812794786], [99.21467155933254, 18.80267250315521], [99.22587571050846, 18.793543484207994], [99.22826862726319, 18.777968346520094], [99.22462350145435, 18.766100388544057], [99.2146702368783, 18.760418212902742], [99.2165643038029, 18.75375058553655], [99.22925388885966, 18.743893201058146]]]]}}, {"type": "Feature", "properties": {"amp_code": "5014", "amp_th": "สันทราย", "amp_en": "San Sai", "pro_code": "50", "pro_th": "เชียงใหม่", "pro_en": "Chiang Mai", "reg_nesdb": "UpperNorth", "reg_royin": "North", "perimeter": 100.80215072606, "area_sqkm": 342.31658438601}, "geometry": {"type": "MultiPolygon", "coordinates": [[[[99.04948211379399, 18.79851219590596], [99.04944325773, 18.79848961150306], [99.04514130018255, 18.80037849262867], [99.03042378856419, 18.793386134274584], [99.02353362180817, 18.807264824033346], [99.01894381284174, 18.809538376526067], [99.01675556295079, 18.823485171192683], [99.01607915178924, 18.828042579045224], [99.00912142182887, 18.825159967397106], [99.00834333786341, 18.829332112100523], [99.01016140435264, 18.846320946048372], [99.00392840550761, 18.84801239015193], [99.00368841305361, 18.861251712085526], [98.99936264023088, 18.875950654362878], [98.99984268219923, 18.885233628644766], [98.99193584802111, 18.893507572789954], [98.99409704862259, 18.906035178643183], [98.97730273745688, 18.93623928366285], [98.97554906468008, 18.9517241326511], [98.97255271475771, 18.965484809776854], [98.9643476425512, 18.971475431488518], [98.96083975644014, 18.988675770556732], [98.96892923897396, 18.99805844861054], [98.95558239592438, 19.017692379960444], [98.96083806883921, 19.025070576074825], [98.9577619252586, 19.028440952203717], [98.960946154559, 19.032727770156445], [98.9559980359622, 19.0349273303535], [98.95872807476437, 19.04115265331457], [98.95312090150273, 19.055170978402455], [98.94571319943871, 19.05593262954398], [98.94846377120533, 19.065743780166486], [98.94105370065225, 19.07097661067273], [98.94299743149178, 19.075595450682837], [98.95050139251362, 19.074759377648274], [98.9406997808304, 19.081410437738562], [98.93862170521152, 19.090704946589085], [98.94564537641058, 19.09997522009218], [98.95919677802856, 19.105234086334924], [98.96101756881023, 19.0994752685565], [98.97185254696564, 19.098846869371357], [98.97288413620906, 19.10554614854543], [98.97619252226728, 19.104378495728877], [98.98038348836182, 19.098563290463765], [98.9839859772324, 19.08934301490881], [98.99718789582951, 19.08694420113055], [99.02873206644082, 19.061322555735583], [99.03648346957155, 19.057342362670862], [99.05868201447794, 19.05804835375444], [99.07832237592979, 19.040065175524933], [99.08222164663715, 19.03557854205338], [99.07604082742459, 19.030018505117454], [99.08317544144334, 19.01689272740194], [99.07865476072584, 19.01242105198317], [99.08638686828613, 19.002496476913688], [99.0776968560732, 18.995168496327313], [99.06511873046723, 18.993456185849148], [99.07024927167294, 18.976669013274467], [99.06116160444829, 18.972239232232333], [99.0672114987212, 18.964361882605523], [99.07859990779052, 18.963235593941977], [99.08454103594731, 18.95207588991738], [99.11884790162442, 18.937117682952266], [99.12759572351719, 18.923697584711697], [99.1272389295736, 18.914587759918525], [99.11502476744336, 18.895401732747505], [99.12294712833565, 18.886091120931162], [99.11243845539586, 18.878455176370696], [99.10061174485642, 18.86646085457402], [99.09681314584101, 18.855175747685955], [99.07563658851471, 18.84328496830525], [99.07192039844107, 18.836478674597693], [99.05212418331149, 18.820774054669602], [99.0490504577346, 18.81329943128296], [99.05313085489098, 18.801953502659806], [99.04948211379399, 18.79851219590596]]]]}}, {"type": "Feature", "properties": {"amp_code": "5011", "amp_th": "พร้าว", "amp_en": "Phrao", "pro_code": "50", "pro_th": "เชียงใหม่", "pro_en": "Chiang Mai", "reg_nesdb": "UpperNorth", "reg_royin": "North", "perimeter": 195.51421057491, "area_sqkm": 1280.91744762048}, "geometry": {"type": "MultiPolygon", "coordinates": [[[[99.3206940788189, 19.12590148368703], [99.34089637895075, 19.097584660627277], [99.33176966152266, 19.081306715361578], [99.32119614602142, 19.079054764767424], [99.31731136394338, 19.070959352590933], [99.30406601129562, 19.066108172457817], [99.301745155285, 19.0520472983992], [99.29282007895685, 19.04755644733736], [99.28288301331791, 19.034099169453462], [99.25269234657728, 19.02899375642719], [99.25110510753441, 18.99834933930567], [99.22839640232203, 19.00053424197275], [99.20984642604986, 18.996676795891492], [99.18979702054416, 19.004310419735276], [99.18124611699496, 19.009868120433715], [99.158913994314, 19.0073106623259], [99.15305388877356, 19.011540715517715], [99.15208172807316, 19.025904622342708], [99.14560346301009, 19.029515863997567], [99.14261819535723, 19.039048394190274], [99.13451260115036, 19.04043497483837], [99.135584636052, 19.046923218788923], [99.12736666367616, 19.04990697335957], [99.1230222681603, 19.065402681253083], [99.11373056419372, 19.07142770030141], [99.11591861866421, 19.07920546731657], [99.12399258764638, 19.079681467518334], [99.13422888150605, 19.088293913617804], [99.13616870340145, 19.098053091821814], [99.10851715645849, 19.130568335282554], [99.13413725819849, 19.14670831797972], [99.12823876387718, 19.16146404580115], [99.13980555655382, 19.169993805939704], [99.14072425957966, 19.18120865563188], [99.15355781082826, 19.18998733348491], [99.15462493422443, 19.20143693365943], [99.13034028172451, 19.2173866223187], [99.12282814543634, 19.22586669968407], [99.12286299720853, 19.23355303885399], [99.1035264300024, 19.25581745969395], [99.08497815836743, 19.25964533654944], [99.08073318962008, 19.25618139866644], [99.07652417809466, 19.26254104984305], [99.09190571483047, 19.28073760783029], [99.09181161266254, 19.28639507820203], [99.08338031639668, 19.311288130052656], [99.08516944865706, 19.325927864782575], [99.10321946125441, 19.35668622603389], [99.10603179845286, 19.372138451123025], [99.09832105401388, 19.38282263548864], [99.11104721839747, 19.40681612882317], [99.12606309888332, 19.41386219191761], [99.13273486448117, 19.41215617306279], [99.12333460579427, 19.429805813171974], [99.12653650692899, 19.455930300400592], [99.14395202412734, 19.477791907959862], [99.15523584363879, 19.47376103313815], [99.1581697245717, 19.493701337598104], [99.15487883414922, 19.513222234813956], [99.13047646077332, 19.525882224763464], [99.12136266307976, 19.52128413350218], [99.1169048675941, 19.52937533712262], [99.1140477491157, 19.5455310845264], [99.13601282272676, 19.56467686875855], [99.13470213006075, 19.570664945731256], [99.15966404073879, 19.582745273086502], [99.1673866044812, 19.57083414769245], [99.19660855417085, 19.58143455773392], [99.20845231071974, 19.57848194785277], [99.20961520980005, 19.571090521402894], [99.22471154494812, 19.572084508895724], [99.2363147837149, 19.581147426791286], [99.2454933840703, 19.58011398076752], [99.26463931917799, 19.567532171495788], [99.29540967035781, 19.56995154659707], [99.30693313300016, 19.555037003246927], [99.31684143853177, 19.554312742104585], [99.32589527135396, 19.539353868955292], [99.30877904317514, 19.52654902101224], [99.29843079151021, 19.505433141986337], [99.29497587432402, 19.49250443135083], [99.2993966238284, 19.48648522939568], [99.30795356180283, 19.488251195205883], [99.30600409895735, 19.473273198662522], [99.31068819271502, 19.471245429182826], [99.31735835552415, 19.454612314205136], [99.30945639871852, 19.431533755689568], [99.31229881060132, 19.42567279776255], [99.32036905177696, 19.40636887042309], [99.32953543258266, 19.399118210648595], [99.32377101046524, 19.39610788431032], [99.33180762113422, 19.37743156874789], [99.33282430373576, 19.36166202033134], [99.31897537750902, 19.355855525396375], [99.3164180407541, 19.350498638482556], [99.32902739467131, 19.325992120265063], [99.3289515776169, 19.31397042425446], [99.33827852922536, 19.298070352832287], [99.33693845013785, 19.289735927969765], [99.34241492780507, 19.268955762197947], [99.3356312042514, 19.261230133319234], [99.33721247111376, 19.254740682219058], [99.32211339795634, 19.243419240206254], [99.3182306553743, 19.228900729849716], [99.31091281759437, 19.224665731375453], [99.31089469911612, 19.213764415912728], [99.31476535320266, 19.208723983214785], [99.30375649761172, 19.19355293211337], [99.30875170914513, 19.17480550065364], [99.31957700133474, 19.16488421516267], [99.32410711206279, 19.13542776729141], [99.3206940788189, 19.12590148368703]]]]}}, {"type": "Feature", "properties": {"amp_code": "5012", "amp_th": "สันป่าตอง", "amp_en": "San Pa Tong", "pro_code": "50", "pro_th": "เชียงใหม่", "pro_en": "Chiang Mai", "reg_nesdb": "UpperNorth", "reg_royin": "North", "perimeter": 72.31162881906, "area_sqkm": 177.3796884442}, "geometry": {"type": "MultiPolygon", "coordinates": [[[[98.88366176792513, 18.515905308947445], [98.87770904700652, 18.51131807740293], [98.87304557672317, 18.51686895293701], [98.86492770637967, 18.51494046270792], [98.85977971568754, 18.501501491246678], [98.8464500262663, 18.499627025117515], [98.84682667838294, 18.5071809722578], [98.85770047800196, 18.50918915563867], [98.8581333993595, 18.529194293785952], [98.85738399106135, 18.541337592191777], [98.85349233484816, 18.54536109892022], [98.85781848091166, 18.55052743174338], [98.83423411667476, 18.57657633667667], [98.83671999463036, 18.5839208182043], [98.83218725344962, 18.605640963515572], [98.8334807454916, 18.62067012947353], [98.82929410978889, 18.63142503196352], [98.81778463602026, 18.64045112944687], [98.82360766819515, 18.644548644329618], [98.82229809223108, 18.659053415608795], [98.82783307948145, 18.666842547172404], [98.80661467541688, 18.685570057333585], [98.81257938927214, 18.69160330514978], [98.8082335023053, 18.695741689896266], [98.82289794275907, 18.707724628168297], [98.82326904658561, 18.71884391645591], [98.83468048316662, 18.714322929073695], [98.83422721206286, 18.704341233938106], [98.8545730629038, 18.689790028728357], [98.87385246898685, 18.680039557667204], [98.88366246612895, 18.680623196127083], [98.88568930345424, 18.66545753223422], [98.89328148174806, 18.66636919007415], [98.89429808257053, 18.655041732798537], [98.91834455446424, 18.64217451366475], [98.91987822914022, 18.634371946235294], [98.92459557779323, 18.628078889611686], [98.92472337127147, 18.616394980807584], [98.93314365397339, 18.59683071132579], [98.9443590109194, 18.592037387181172], [98.9533097019492, 18.596886496111324], [98.96172507088323, 18.596318993921326], [98.94775871667377, 18.570854163244192], [98.9327632626253, 18.5546756915215], [98.93514175096297, 18.543070423625437], [98.92232431854889, 18.53616157539517], [98.91496324548216, 18.536708602680974], [98.9026865957046, 18.52715613477766], [98.88366176792513, 18.515905308947445]]]]}}, {"type": "Feature", "properties": {"amp_code": "5010", "amp_th": "แม่อาย", "amp_en": "Mae Ai", "pro_code": "50", "pro_th": "เชียงใหม่", "pro_en": "Chiang Mai", "reg_nesdb": "UpperNorth", "reg_royin": "North", "perimeter": 165.0546385518, "area_sqkm": 755.8706888325}, "geometry": {"type": "MultiPolygon", "coordinates": [[[[99.40039242921547, 19.911753514600665], [99.3834471734075, 19.890373991811465], [99.38657057113694, 19.869022627329805], [99.40331799827358, 19.84952954818395], [99.41417037972505, 19.844920820714755], [99.40869916733655, 19.83157946911949], [99.42017331555986, 19.821086075262738], [99.41862268423513, 19.81327974650612], [99.39179931850505, 19.81369077259384], [99.39094340122631, 19.807771327384586], [99.3779826660644, 19.796216359347053], [99.376778018348, 19.782311317551773], [99.36260924120265, 19.776557060842887], [99.34171867204823, 19.809356552635283], [99.33997666634981, 19.81887785543559], [99.3259382592387, 19.839989062987723], [99.31852808416409, 19.84420905717163], [99.30352834393078, 19.87318895951391], [99.2923556173674, 19.882727846607462], [99.28728348193376, 19.890514468653343], [99.27440236381427, 19.887066939947168], [99.25859180566943, 19.900356539323486], [99.24640390740853, 19.901666086026125], [99.24419801086844, 19.912065891849842], [99.24344365633877, 19.922111247720427], [99.24854572645427, 19.922298477568994], [99.25088785267967, 19.931729516340273], [99.24668586240396, 19.95639428608312], [99.24456370419392, 19.962280101761156], [99.22547933374703, 19.966925376371677], [99.21385416475749, 19.985754134113325], [99.20620523803531, 19.987096103533432], [99.18358516141659, 20.00048168954883], [99.18081489557662, 20.00621378400003], [99.17300220123431, 20.004305811392157], [99.16485833936346, 20.008666990605075], [99.1502831841634, 20.023520416061636], [99.14329928051922, 20.04914961588795], [99.1423464500829, 20.074836977521088], [99.1359258749694, 20.082514111308768], [99.13774519871443, 20.09474599164279], [99.13171832234818, 20.105800073769704], [99.12652452451135, 20.118107168858515], [99.14458109255271, 20.12259123840795], [99.15030889251071, 20.128591237854636], [99.16015539706744, 20.133010473640738], [99.18123664923588, 20.126874581657244], [99.21232420771027, 20.130669109777383], [99.22555175890777, 20.1194089869857], [99.23162574222083, 20.125209339070288], [99.24255357685436, 20.11369793106432], [99.25878067768187, 20.112836734685487], [99.26275211572127, 20.105393808153405], [99.2949420220487, 20.08181410793838], [99.31574645272582, 20.070267872714332], [99.3251771000925, 20.070286916412506], [99.34798755359031, 20.074608100490156], [99.3812967558566, 20.089320755199818], [99.39984913819183, 20.0862028083614], [99.42055902069879, 20.092812288765856], [99.42767996441084, 20.088943408294273], [99.4390658937709, 20.090252851446262], [99.44329782902986, 20.09811975980785], [99.45394720899048, 20.09812206009876], [99.469570062483, 20.107361537421685], [99.4986862600465, 20.115746425069528], [99.49512957869031, 20.131407351417387], [99.51282018808675, 20.14710701170501], [99.52018155992609, 20.137981382562405], [99.54410816728034, 20.12965676787387], [99.55724972712204, 20.129570532427497], [99.57052246238823, 20.122468518815772], [99.57031603927193, 20.108076711420974], [99.55946402568152, 20.099653510600245], [99.5498381725354, 20.103930812458476], [99.4951408637896, 20.08043108265325], [99.49104160025168, 20.071492000361655], [99.49680999833062, 20.05105365547867], [99.48097072149096, 20.038475831327972], [99.4675946477066, 20.03334058510322], [99.46844510423242, 20.022474271441997], [99.47872100335, 20.012913338630433], [99.46724480567386, 20.00695732642267], [99.45253200051, 19.981218918293568], [99.43802886769635, 19.97234079792795], [99.43391440839378, 19.963682609442472], [99.42171551383977, 19.96274510136124], [99.4146867306708, 19.932563685976106], [99.42006072723025, 19.918404278874675], [99.40039242921547, 19.911753514600665]]]]}}, {"type": "Feature", "properties": {"amp_code": "5019", "amp_th": "สารภี", "amp_en": "Saraphi", "pro_code": "50", "pro_th": "เชียงใหม่", "pro_en": "Chiang Mai", "reg_nesdb": "UpperNorth", "reg_royin": "North", "perimeter": 53.63269967729, "area_sqkm": 106.68922355362}, "geometry": {"type": "MultiPolygon", "coordinates": [[[[99.06665738178599, 18.726358171712896], [99.07600272948685, 18.70654337146045], [99.08112570427932, 18.686102932427303], [99.0804039395069, 18.68081261967921], [99.07577923725142, 18.681204307957977], [99.0765271190939, 18.672363698169512], [99.06762641054071, 18.663626215908135], [99.06417486528234, 18.666831407006875], [99.027839838004, 18.671383045061475], [99.02092976199371, 18.67292266602509], [99.01050574024504, 18.672845585846325], [99.0043211830263, 18.66243176116506], [99.00539689312943, 18.645758805641904], [98.99846340903687, 18.641313285410437], [98.99112304559146, 18.63989749651298], [98.97862379119671, 18.635343570431466], [98.96547846450906, 18.614599250278893], [98.95424732966875, 18.620776639387493], [98.95341665511552, 18.63489502207159], [98.95461846607695, 18.639989389840775], [98.96288752825076, 18.65572757153176], [98.96443389914035, 18.6603112851073], [98.97402769525584, 18.67626384409843], [98.98306087249354, 18.679272277449552], [98.98611078654741, 18.68802019447482], [98.98587813893, 18.69517262838903], [98.98291724775686, 18.71073806811351], [98.9860693148726, 18.716765534150998], [98.98833683415248, 18.752147058032293], [98.99851604420697, 18.755271155711682], [99.00831657540203, 18.74943359353348], [99.02165231246492, 18.748074573095444], [99.02924171952768, 18.751966637319523], [99.03425684930613, 18.75751395364309], [99.04857041393886, 18.769257838923206], [99.05056909154644, 18.760055564504924], [99.05618455524596, 18.75088949043486], [99.07088827265426, 18.73256682915298], [99.06665738178599, 18.726358171712896]]]]}}, {"type": "Feature", "properties": {"amp_code": "5017", "amp_th": "ดอยเต่า", "amp_en": "Doi Tao", "pro_code": "50", "pro_th": "เชียงใหม่", "pro_en": "Chiang Mai", "reg_nesdb": "UpperNorth", "reg_royin": "North", "perimeter": 170.84476336128, "area_sqkm": 851.1196890532}, "geometry": {"type": "MultiPolygon", "coordinates": [[[[98.72688712712817, 17.793761753081657], [98.71574780391731, 17.798327414336075], [98.68518019463254, 17.791079006529266], [98.67186497978413, 17.819783329539717], [98.670824979832, 17.834029965381824], [98.65500728436842, 17.82707564696097], [98.64779426673189, 17.8165440045496], [98.63915614923552, 17.814494548195302], [98.631913550318, 17.801112826689877], [98.63157060922674, 17.785164520274204], [98.62403980599318, 17.77733624317335], [98.61468930921914, 17.779920089629055], [98.59855841692071, 17.802531833239073], [98.59068015561674, 17.805823657376678], [98.58980199243702, 17.801457277317844], [98.58196155939767, 17.801374022090528], [98.57145137725867, 17.80985664019676], [98.55938926193042, 17.796532887041305], [98.54447386499683, 17.811548024600867], [98.53121653686821, 17.814833855803933], [98.51886494766593, 17.824925920412], [98.50934043416461, 17.8126199654214], [98.49393058966137, 17.81374779495551], [98.48072085533687, 17.841075019355266], [98.47300813553397, 17.844459610300046], [98.45815516918381, 17.840029643484275], [98.45251584729986, 17.847901110383354], [98.4389598111867, 17.852637180648394], [98.43143882357654, 17.86416088082001], [98.43536267625234, 17.88058944447365], [98.43049153150129, 17.89457801791521], [98.43535756093942, 17.891819655269778], [98.44158409675795, 17.8983622064589], [98.45016002252346, 17.89142024702905], [98.46896706426331, 17.906508999171567], [98.48245580252735, 17.909664724957043], [98.49069659906968, 17.899992715270173], [98.51081174724455, 17.91286198585149], [98.51912048615527, 17.930004958753642], [98.57397519648632, 17.928217850556823], [98.59267666028794, 17.938161902701953], [98.59666325345322, 17.947026850176123], [98.57304601623665, 17.979255100784332], [98.58972847980198, 17.988036970720437], [98.59553992369975, 17.996903507480315], [98.60735726322652, 17.99398803829836], [98.6103922838713, 17.99923648952103], [98.60776917141693, 18.010216348481414], [98.58333789310767, 18.018655831548347], [98.59561704209027, 18.02922635717496], [98.6112747105696, 18.018847254565515], [98.61479847516111, 18.030790732153527], [98.60296917581724, 18.036410206291833], [98.59153324161294, 18.050371116949364], [98.59936220059792, 18.061665202066855], [98.61552502376743, 18.060431529236116], [98.61997445935667, 18.06619781849551], [98.6347800410454, 18.075564223894013], [98.6609491894145, 18.06509795126783], [98.68044754397057, 18.033853452151206], [98.68086063829311, 18.02252321639257], [98.69193515174919, 18.02750444156726], [98.69689428022593, 18.021963740536652], [98.72922380785378, 18.021401559381285], [98.73347476799272, 18.017883547636703], [98.77898243027343, 18.005537628319864], [98.77829530328638, 18.002620763779376], [98.78943770055145, 18.002971010751804], [98.80928249079832, 18.008370666575907], [98.83409358148691, 17.98870284326666], [98.83039726919105, 17.974932654937824], [98.84177775562046, 17.964968105059132], [98.8427244347673, 17.941729301026616], [98.85739986817562, 17.908587765788358], [98.8552802108092, 17.89740077314255], [98.86106750053712, 17.89537240177741], [98.8705591417875, 17.849816797514766], [98.86020070531318, 17.85655710113458], [98.85277250289525, 17.847617937771243], [98.85338707415534, 17.825741136520406], [98.85628784830305, 17.814597311889155], [98.82213346640266, 17.79730736265051], [98.80885644254738, 17.799655103978655], [98.80041006288975, 17.795724958512746], [98.79321535080746, 17.810266564239324], [98.79774507464327, 17.813856311953437], [98.7930374241756, 17.81982376340924], [98.79482284822666, 17.823834345541865], [98.78840396322028, 17.824630821961083], [98.79002137144275, 17.830536015559215], [98.78381456625955, 17.832553930718614], [98.77793102925821, 17.830861602204838], [98.7628624643379, 17.801410266042318], [98.74336914634783, 17.80543051927663], [98.72688712712817, 17.793761753081657]]]]}}, {"type": "Feature", "properties": {"amp_code": "5018", "amp_th": "อมก๋อย", "amp_en": "Omkoi", "pro_code": "50", "pro_th": "เชียงใหม่", "pro_en": "Chiang Mai", "reg_nesdb": "UpperNorth", "reg_royin": "North", "perimeter": 314.64973836561, "area_sqkm": 2815.74537411868}, "geometry": {"type": "MultiPolygon", "coordinates": [[[[98.52282647926258, 17.572829758227055], [98.53882104070865, 17.551016319910904], [98.5364099219614, 17.540655571982], [98.52738842738233, 17.536468489058564], [98.52594407256274, 17.517950095718064], [98.51936698534993, 17.511672608438847], [98.52450806218216, 17.495297530138735], [98.5184425722823, 17.47770004737138], [98.52943312619122, 17.45206717396674], [98.54704555647014, 17.44587907334689], [98.54631280368233, 17.433257906421847], [98.55743096660044, 17.42040464225015], [98.55611546057668, 17.3963760978869], [98.53749740806973, 17.362183388250248], [98.54804316383807, 17.353910811410028], [98.55490859308141, 17.356580290691547], [98.5618580653241, 17.35132022565591], [98.55579896963664, 17.337386740550688], [98.56098043306764, 17.31801277174221], [98.55625686224272, 17.312782306578566], [98.55761913044728, 17.29378065113382], [98.57888656342972, 17.298761767764205], [98.5743294979146, 17.28465227123546], [98.54408810493302, 17.28300402566856], [98.53244992448319, 17.274350589311315], [98.51963780778593, 17.281105300473662], [98.50328288043906, 17.279864441399976], [98.49606682872592, 17.27284911424706], [98.48973258216682, 17.270261517330717], [98.47812810693054, 17.276747708250113], [98.46074527529169, 17.275682634467344], [98.45398854686484, 17.26924669463003], [98.44974318019403, 17.271346843977717], [98.4360388982141, 17.266155491566497], [98.43015194302804, 17.257185781136467], [98.39260721990374, 17.24233560427451], [98.37686745477956, 17.25569894469969], [98.37071091641906, 17.267021313460244], [98.36115616891004, 17.270805561161797], [98.35811518212378, 17.275023794587334], [98.3609788282291, 17.288473706663634], [98.33079868673406, 17.30155391240576], [98.31724392306728, 17.321156240693348], [98.33196190817115, 17.328988239736134], [98.33020944527492, 17.340424331600946], [98.33416377085953, 17.348796118585128], [98.31761024631041, 17.365337704060675], [98.31918688432394, 17.379501094167782], [98.29166663441433, 17.407990143172405], [98.32282288175355, 17.41671898343947], [98.32754169387441, 17.42933261458444], [98.31971334466571, 17.435351776911954], [98.31977514393469, 17.444241504401187], [98.32954854775559, 17.46923489265299], [98.32738089024305, 17.489039120224323], [98.31690146977336, 17.503138604959982], [98.31473502419922, 17.52697490838041], [98.3100000977643, 17.529871165251038], [98.30627909946637, 17.54891256002767], [98.29887489487903, 17.553044211599044], [98.30283315073214, 17.5662657214476], [98.29807804068078, 17.576369776417426], [98.26865715931517, 17.579500088660282], [98.25572498223437, 17.572776969365258], [98.24935960655237, 17.55792877279015], [98.24090379093043, 17.555275393722916], [98.2386419885866, 17.549749885195855], [98.22661830879102, 17.545133262265498], [98.2181695324895, 17.547034317070498], [98.20813621008624, 17.539793142131277], [98.1974309694971, 17.54239040702205], [98.17880308101067, 17.537468412142065], [98.16761859709099, 17.547421505182754], [98.13671356038991, 17.54120424219506], [98.12582969802918, 17.558810416206217], [98.12689364787076, 17.567751634426703], [98.10839720915443, 17.582505297597404], [98.10997204464472, 17.59196177516202], [98.10349315974692, 17.60037862537965], [98.10725061713909, 17.611622120094534], [98.09971795397895, 17.614976080754122], [98.10232735544504, 17.6223924285007], [98.0981126587624, 17.622108849796994], [98.08982501000327, 17.63662548506039], [98.12622506552214, 17.66026437859012], [98.14469489576736, 17.682336361463403], [98.15283518607995, 17.7294138861245], [98.14856593755968, 17.745801808243932], [98.14008389932317, 17.748841141811216], [98.13555847702122, 17.759785532065795], [98.14070911546617, 17.761491513524454], [98.14812011787075, 17.776536076508325], [98.13180571309196, 17.7963604990585], [98.11463668270464, 17.79813635683819], [98.10920887624404, 17.79426268195145], [98.10412303770445, 17.797356429524505], [98.08808903387445, 17.80994786339462], [98.07295380466189, 17.83003000374247], [98.06910329120423, 17.85299829791578], [98.05813010429134, 17.85941106055761], [98.05457879183356, 17.868128900626505], [98.05748998137848, 17.887013872780578], [98.04694345123188, 17.891549221963746], [98.04503326609439, 17.898641267661727], [98.04937851337972, 17.90550861677392], [98.049263671825, 17.924558452935432], [98.05994123649637, 17.93313407494628], [98.04745634381244, 17.9441862827781], [98.0553354307546, 17.952050278105663], [98.0625742425923, 17.951519365650487], [98.08881696690166, 17.96347582671724], [98.0993487427959, 17.9621726994142], [98.12227170635576, 17.946210677522842], [98.13338040575621, 17.94580300707624], [98.14368840200899, 17.935668655747385], [98.14957064140955, 17.94013774310487], [98.15271222204429, 17.96052967819258], [98.16033216994728, 17.96263472436803], [98.16183928364322, 17.970770833930835], [98.16981455401897, 17.969458468329414], [98.16734776474354, 17.972585185081307], [98.17154276240741, 17.97522074881674], [98.17971742105951, 17.972558792178678], [98.1844097712174, 17.98113750059816], [98.18914883918053, 17.978482139046307], [98.20595943967542, 17.98541602314723], [98.20848148403337, 17.982831304925256], [98.22757179076946, 17.990335261458025], [98.24615249970297, 17.988674230787417], [98.24155711760733, 18.01052040420323], [98.2253342308346, 18.015473403380746], [98.22085496911737, 18.024318285177884], [98.23404759255546, 18.0337083044844], [98.23070369598356, 18.036999542821686], [98.23753720343976, 18.03960355227365], [98.23569237198902, 18.045455133896596], [98.24324172464019, 18.05805438937397], [98.26950630250336, 18.0467811191702], [98.2779378616517, 18.035416952100025], [98.28764125958787, 18.03220939270467], [98.29509054152516, 18.037241509806872], [98.30518643916949, 18.03696283544842], [98.3156772203129, 18.0275508913203], [98.32956762184489, 18.033912645468643], [98.3340908420278, 18.041623106530473], [98.33110868861498, 18.045256307586055], [98.33976603898658, 18.048048340778653], [98.35467837456592, 18.037771468111636], [98.3876820738371, 18.03932261417711], [98.41338740231285, 18.017411091015862], [98.42083077068824, 18.01644380916249], [98.42682658281454, 18.00719063097379], [98.42578558949363, 17.98689092501696], [98.43390565293932, 17.9729404251898], [98.46428548459758, 17.942944692878104], [98.46821048179623, 17.93088468492219], [98.47917154887516, 17.923275756494697], [98.48245580252735, 17.909664724957043], [98.46896706426331, 17.906508999171567], [98.45016002252346, 17.89142024702905], [98.44158409675795, 17.8983622064589], [98.43535756093942, 17.891819655269778], [98.43049153150129, 17.89457801791521], [98.43536267625234, 17.88058944447365], [98.43143882357654, 17.86416088082001], [98.4389598111867, 17.852637180648394], [98.45251584729986, 17.847901110383354], [98.45815516918381, 17.840029643484275], [98.47300813553397, 17.844459610300046], [98.48072085533687, 17.841075019355266], [98.49393058966137, 17.81374779495551], [98.49447600311063, 17.780792342909297], [98.51744562511632, 17.73782982467498], [98.52634075699355, 17.707727876897643], [98.52256062672991, 17.678822038733873], [98.53174675191987, 17.64777009163476], [98.52911699912636, 17.635215790527848], [98.53310455378941, 17.619866153898467], [98.52282647926258, 17.572829758227055]]]]}}, {"type": "Feature", "properties": {"amp_code": "5015", "amp_th": "หางดง", "amp_en": "Hang Dong", "pro_code": "50", "pro_th": "เชียงใหม่", "pro_en": "Chiang Mai", "reg_nesdb": "UpperNorth", "reg_royin": "North", "perimeter": 93.22251122973, "area_sqkm": 271.90339472207}, "geometry": {"type": "MultiPolygon", "coordinates": [[[[98.96547846450906, 18.614599250278893], [98.96980877104407, 18.603383731996356], [98.96172507088323, 18.596318993921326], [98.9533097019492, 18.596886496111324], [98.9443590109194, 18.592037387181172], [98.93314365397339, 18.59683071132579], [98.92472337127147, 18.616394980807584], [98.92459557779323, 18.628078889611686], [98.91987822914022, 18.634371946235294], [98.91834455446424, 18.64217451366475], [98.89429808257053, 18.655041732798537], [98.89328148174806, 18.66636919007415], [98.88568930345424, 18.66545753223422], [98.88366246612895, 18.680623196127083], [98.87385246898685, 18.680039557667204], [98.8545730629038, 18.689790028728357], [98.83422721206286, 18.704341233938106], [98.83468048316662, 18.714322929073695], [98.82326904658561, 18.71884391645591], [98.81544390695181, 18.731963974142673], [98.80802303603953, 18.727045529415115], [98.79662918569669, 18.73563986656351], [98.79518196317932, 18.756758746736374], [98.79956323006797, 18.764681817413916], [98.79154295245102, 18.7791777162577], [98.78223858865691, 18.78501121599123], [98.77688824382751, 18.801003031508387], [98.78540610642712, 18.816168347755223], [98.78074256398816, 18.82097669882413], [98.78346248687956, 18.842862693377928], [98.78955859333229, 18.848116125829154], [98.79622869081287, 18.849042008759575], [98.80221421461407, 18.844131889846317], [98.82045952498257, 18.8507547506677], [98.83269833427386, 18.844186609857747], [98.8458018064291, 18.858996222744562], [98.85240262291335, 18.860624990650546], [98.86509423924612, 18.85662069557692], [98.86230731284179, 18.84693349156821], [98.86737292652295, 18.837673380694323], [98.86267017951785, 18.80119090888389], [98.89058904738384, 18.78019511998201], [98.89037815655148, 18.768364368858364], [98.8988900982025, 18.74516766728699], [98.91017232050514, 18.751383617848788], [98.93017898561824, 18.74437531832889], [98.94470790872106, 18.732973143413357], [98.95356268774225, 18.735082523347046], [98.96182038751033, 18.731701931050154], [98.97140313362274, 18.73705298367405], [98.97816779142772, 18.735108473345395], [98.9812481242195, 18.727492060919722], [98.97608264305869, 18.705162011227728], [98.9796750309466, 18.699512558052977], [98.98587813893, 18.69517262838903], [98.98611078654741, 18.68802019447482], [98.98306087249354, 18.679272277449552], [98.97402769525584, 18.67626384409843], [98.96443389914035, 18.6603112851073], [98.96288752825076, 18.65572757153176], [98.95461846607695, 18.639989389840775], [98.95341665511552, 18.63489502207159], [98.95424732966875, 18.620776639387493], [98.96547846450906, 18.614599250278893]]]]}}, {"type": "Feature", "properties": {"amp_code": "5016", "amp_th": "ฮอด", "amp_en": "Hot", "pro_code": "50", "pro_th": "เชียงใหม่", "pro_en": "Chiang Mai", "reg_nesdb": "UpperNorth", "reg_royin": "North", "perimeter": 245.28715549255, "area_sqkm": 1497.05009663455}, "geometry": {"type": "MultiPolygon", "coordinates": [[[[98.6349232561714, 18.18299144083874], [98.65741152849918, 18.1762710364201], [98.67235881403657, 18.162725970127283], [98.69233817687415, 18.163992717613095], [98.72183593006801, 18.149291456271737], [98.73796489557331, 18.15529076842623], [98.74644044121482, 18.153504606349202], [98.76222516638501, 18.170710242417453], [98.78274419854057, 18.179920980340448], [98.7930521432408, 18.160420594115745], [98.80449052199832, 18.156807006168307], [98.8071355613229, 18.13756674628538], [98.80595184489863, 18.121444263158512], [98.8100041948385, 18.11285493625351], [98.80177231024415, 18.104351569707045], [98.80195215517597, 18.091755437320884], [98.7976158824598, 18.087375157514963], [98.81366248019145, 18.07931650795386], [98.8066807118219, 18.07227878080367], [98.80729386846201, 18.063805745712003], [98.79754810255744, 18.057611143659987], [98.79737829881857, 18.048085445222135], [98.79110871354658, 18.036618991201724], [98.79408673720073, 18.03044770105284], [98.77880571639263, 18.01278412330319], [98.77898243027343, 18.005537628319864], [98.73347476799272, 18.017883547636703], [98.72922380785378, 18.021401559381285], [98.69689428022593, 18.021963740536652], [98.69193515174919, 18.02750444156726], [98.68086063829311, 18.02252321639257], [98.68044754397057, 18.033853452151206], [98.6609491894145, 18.06509795126783], [98.6347800410454, 18.075564223894013], [98.61997445935667, 18.06619781849551], [98.61552502376743, 18.060431529236116], [98.59936220059792, 18.061665202066855], [98.59153324161294, 18.050371116949364], [98.60296917581724, 18.036410206291833], [98.61479847516111, 18.030790732153527], [98.6112747105696, 18.018847254565515], [98.59561704209027, 18.02922635717496], [98.58333789310767, 18.018655831548347], [98.60776917141693, 18.010216348481414], [98.6103922838713, 17.99923648952103], [98.60735726322652, 17.99398803829836], [98.59553992369975, 17.996903507480315], [98.58972847980198, 17.988036970720437], [98.57304601623665, 17.979255100784332], [98.59666325345322, 17.947026850176123], [98.59267666028794, 17.938161902701953], [98.57397519648632, 17.928217850556823], [98.51912048615527, 17.930004958753642], [98.51081174724455, 17.91286198585149], [98.49069659906968, 17.899992715270173], [98.48245580252735, 17.909664724957043], [98.47917154887516, 17.923275756494697], [98.46821048179623, 17.93088468492219], [98.46428548459758, 17.942944692878104], [98.43390565293932, 17.9729404251898], [98.42578558949363, 17.98689092501696], [98.42682658281454, 18.00719063097379], [98.42083077068824, 18.01644380916249], [98.41338740231285, 18.017411091015862], [98.3876820738371, 18.03932261417711], [98.35467837456592, 18.037771468111636], [98.33976603898658, 18.048048340778653], [98.33110868861498, 18.045256307586055], [98.3340908420278, 18.041623106530473], [98.32956762184489, 18.033912645468643], [98.3156772203129, 18.0275508913203], [98.30518643916949, 18.03696283544842], [98.29509054152516, 18.037241509806872], [98.28764125958787, 18.03220939270467], [98.2779378616517, 18.035416952100025], [98.26950630250336, 18.0467811191702], [98.24324172464019, 18.05805438937397], [98.25210025463399, 18.06479731797127], [98.25183381914695, 18.072768907739214], [98.24998071308235, 18.07731911164278], [98.24200085922466, 18.078599577809722], [98.2421590351623, 18.087911538824844], [98.22886610665542, 18.088651951144108], [98.2329966388013, 18.09187348705477], [98.23088627592179, 18.098232294178416], [98.225857859915, 18.091908238799057], [98.21298004854351, 18.08736882495528], [98.19255082629708, 18.097127767703842], [98.18141094621886, 18.15335013038713], [98.16007323269528, 18.156623568967042], [98.15667351779315, 18.16589833588797], [98.16715375224595, 18.168420362068066], [98.16722973711713, 18.182612177155526], [98.17665401023679, 18.19153463266801], [98.16652157239761, 18.204295081554324], [98.17212817838087, 18.218458832645418], [98.15878033936802, 18.221962715437172], [98.16932485237521, 18.2337542816785], [98.18757525736831, 18.24271771663351], [98.1881543964187, 18.257843621764454], [98.19325421119606, 18.250209122663748], [98.19891333977495, 18.254714457004617], [98.20042683668945, 18.249731966521765], [98.21026101055284, 18.251918108503574], [98.21523467147595, 18.220885965303342], [98.22547433348647, 18.209925218543574], [98.23927407136789, 18.218929001575777], [98.25120507191171, 18.215260281261113], [98.25927085850883, 18.230898822849227], [98.27308489712173, 18.228749865840555], [98.29680792590263, 18.23295512546599], [98.30401621299892, 18.243729760249746], [98.30255447542675, 18.256415894365833], [98.29909178721908, 18.26340307845139], [98.30319450658351, 18.27604057398078], [98.30758071345359, 18.276541159863132], [98.30825845927836, 18.283144644610385], [98.31621307660274, 18.282597094830933], [98.32370692268391, 18.275057904725564], [98.32673183050507, 18.279216971157272], [98.33706570893902, 18.275759922630282], [98.33802123302115, 18.282304420886], [98.3460186249899, 18.282309348089836], [98.34876647105116, 18.288316518691627], [98.35771679531192, 18.285989032004352], [98.36171948302193, 18.278784511362733], [98.36962560692965, 18.28265751639105], [98.38454086322162, 18.277028001012557], [98.3891647140668, 18.269100691911667], [98.39712613797414, 18.26729348955171], [98.40032869965901, 18.256442117409012], [98.41519528935459, 18.25309658583689], [98.42030448796783, 18.246788874632777], [98.43729754512617, 18.23224191971449], [98.44701475491136, 18.226546822797413], [98.45438265618075, 18.228791311823887], [98.46258065622193, 18.22248665194129], [98.47804787524741, 18.22205148780113], [98.53207562752883, 18.235953870536765], [98.55502857111777, 18.233138910206463], [98.58955870278383, 18.213459456151437], [98.59046486457986, 18.208014699934537], [98.59520558718756, 18.210056114387726], [98.60445665089664, 18.20571330434426], [98.60728968560132, 18.198303196863144], [98.61276337195945, 18.203635620035083], [98.62814847780317, 18.197324535165848], [98.6349232561714, 18.18299144083874]]]]}}, {"type": "Feature", "properties": {"amp_code": "5101", "amp_th": "เมืองลำพูน", "amp_en": "Mueang Lamphun", "pro_code": "51", "pro_th": "ลำพูน", "pro_en": "Lamphun", "reg_nesdb": "UpperNorth", "reg_royin": "North", "perimeter": 107.746754957, "area_sqkm": 479.29213291835}, "geometry": {"type": "MultiPolygon", "coordinates": [[[[99.0104882693069, 18.464697599947673], [99.00137882124034, 18.453934484878914], [98.99650133376122, 18.456343146294692], [98.99426315050958, 18.45919691337379], [98.9787183130768, 18.453543522137718], [98.97607377355283, 18.43739864826352], [98.96432213684143, 18.429503020697325], [98.94641191044859, 18.43145446262572], [98.95142737295596, 18.43718041335187], [98.94770288058159, 18.449529050407847], [98.95247895051426, 18.455005216083926], [98.95069092612881, 18.461623001791814], [98.9564811263085, 18.477829940993683], [98.94492080325169, 18.494402991469997], [98.94565972972345, 18.50743287919183], [98.94138841814062, 18.532235723781653], [98.94179227545581, 18.540157788553902], [98.93514175096297, 18.543070423625437], [98.9327632626253, 18.5546756915215], [98.94775871667377, 18.570854163244192], [98.96172507088323, 18.596318993921326], [98.96980877104407, 18.603383731996356], [98.96547846450906, 18.614599250278893], [98.97862379119671, 18.635343570431466], [98.99112304559146, 18.63989749651298], [98.99846340903687, 18.641313285410437], [99.00539689312943, 18.645758805641904], [99.0043211830263, 18.66243176116506], [99.01050574024504, 18.672845585846325], [99.02092976199371, 18.67292266602509], [99.027839838004, 18.671383045061475], [99.06417486528234, 18.666831407006875], [99.06762641054071, 18.663626215908135], [99.06407625291966, 18.644107559126404], [99.05521430121846, 18.63232587850926], [99.06029558660815, 18.630608216358333], [99.06486792463843, 18.637053089627965], [99.08970964910857, 18.640685214625673], [99.12260957281293, 18.628456244651048], [99.13217831051102, 18.629727520142144], [99.14150716930126, 18.610530690377697], [99.13979930356726, 18.60605586524723], [99.15782955434189, 18.608086480490712], [99.17127798621783, 18.590104802408614], [99.177883068916, 18.591197940393542], [99.18388238123606, 18.586650553583663], [99.20167384542034, 18.59448530321482], [99.21875547911527, 18.59239427660016], [99.22571073188816, 18.58920129342854], [99.21378716811954, 18.57300317193681], [99.21514655280531, 18.564492280943693], [99.20676819310239, 18.547774403544917], [99.20242030675581, 18.53399261413545], [99.19469073771225, 18.531942304455672], [99.19281153857607, 18.52358622755325], [99.18275722664148, 18.517687534270223], [99.17198396959874, 18.502390405656687], [99.16480582244002, 18.49280843311991], [99.15395089961937, 18.48992196640319], [99.14930355948265, 18.496310025697465], [99.13597344743827, 18.491758050532084], [99.12488047826746, 18.49623733015963], [99.10520468799395, 18.479833676485253], [99.09318523502424, 18.47679070715516], [99.08463649646775, 18.481088994267857], [99.06664985183481, 18.456436536774902], [99.05527907647965, 18.445066705117817], [99.04629273310128, 18.45188620030905], [99.03449027060061, 18.45350994643007], [99.02710402385553, 18.44996250903365], [99.0104882693069, 18.464697599947673]]]]}}, {"type": "Feature", "properties": {"amp_code": "5102", "amp_th": "แม่ทา", "amp_en": "Mae Tha", "pro_code": "51", "pro_th": "ลำพูน", "pro_en": "Lamphun", "reg_nesdb": "UpperNorth", "reg_royin": "North", "perimeter": 171.2299371079, "area_sqkm": 763.35622107768}, "geometry": {"type": "MultiPolygon", "coordinates": [[[[99.02944091261712, 18.265147627813576], [99.01854615634471, 18.25266693743128], [99.02988463314367, 18.2234250264616], [99.02907645374525, 18.215740203967368], [99.0370587863598, 18.200150864112523], [99.02976094563604, 18.191275218671606], [99.03490349582424, 18.17494067232735], [99.02309329564534, 18.16246028016828], [98.98847852697233, 18.171407183363762], [98.97457206682111, 18.18719044663425], [98.96408208777562, 18.18882134715056], [98.94070365935929, 18.218496749731365], [98.9396602103037, 18.238562899727956], [98.9287351329884, 18.24340939590971], [98.92783066560278, 18.255396264438946], [98.91499286138843, 18.26954627118909], [98.90323673387216, 18.270665967608334], [98.90443143651578, 18.27501177719813], [98.92312017088359, 18.2810058782335], [98.93149565425381, 18.273856301759984], [98.9629804904748, 18.28072061299947], [98.95921558891135, 18.287844360310913], [98.93788438018612, 18.295634224591787], [98.93201608740625, 18.308540153596983], [98.92168815451552, 18.335843320102125], [98.93235225766553, 18.35280444409512], [98.92858382015393, 18.362390466340972], [98.94201088712578, 18.374185505379454], [98.93973584978671, 18.38737619674428], [98.93310893185011, 18.391827599831615], [98.9425815878153, 18.39903872796381], [98.9388718997547, 18.421975573873514], [98.94641191044859, 18.43145446262572], [98.96432213684143, 18.429503020697325], [98.97607377355283, 18.43739864826352], [98.9787183130768, 18.453543522137718], [98.99426315050958, 18.45919691337379], [98.99650133376122, 18.456343146294692], [99.00137882124034, 18.453934484878914], [99.0104882693069, 18.464697599947673], [99.02710402385553, 18.44996250903365], [99.03449027060061, 18.45350994643007], [99.04629273310128, 18.45188620030905], [99.05527907647965, 18.445066705117817], [99.06664985183481, 18.456436536774902], [99.08463649646775, 18.481088994267857], [99.09318523502424, 18.47679070715516], [99.10520468799395, 18.479833676485253], [99.12488047826746, 18.49623733015963], [99.13597344743827, 18.491758050532084], [99.14930355948265, 18.496310025697465], [99.15395089961937, 18.48992196640319], [99.16480582244002, 18.49280843311991], [99.17198396959874, 18.502390405656687], [99.18275722664148, 18.517687534270223], [99.19281153857607, 18.52358622755325], [99.19469073771225, 18.531942304455672], [99.20242030675581, 18.53399261413545], [99.20676819310239, 18.547774403544917], [99.21514655280531, 18.564492280943693], [99.21378716811954, 18.57300317193681], [99.22571073188816, 18.58920129342854], [99.24538307400627, 18.582284074830152], [99.25187714381926, 18.573837367419824], [99.26378599754568, 18.571567228254814], [99.29628416063206, 18.5371631353394], [99.3171156474859, 18.532141450203426], [99.32028826226785, 18.50143042128601], [99.30326801784331, 18.492139057490313], [99.30283133050645, 18.491266450694336], [99.28626465540815, 18.492632120134516], [99.2829903752239, 18.49969128382213], [99.25712112658549, 18.495088249051722], [99.24214266137858, 18.47909242003063], [99.23763388232717, 18.448933264592686], [99.22209911079742, 18.43048141010398], [99.20892775643212, 18.42510054792128], [99.19876648391913, 18.420710969942526], [99.1948540548378, 18.40703679259677], [99.18845757971089, 18.39492747502839], [99.18957427907236, 18.388279859390696], [99.1713006693183, 18.374825288372445], [99.16690469177729, 18.374175406505664], [99.16947075572456, 18.347587007895232], [99.15314420268898, 18.329259816793435], [99.15231970149893, 18.31612664962006], [99.13256721600328, 18.314435399961468], [99.12277743496715, 18.31166039409424], [99.12479685951587, 18.30418323521763], [99.11961288904745, 18.298206545113423], [99.11342553574583, 18.294219878340133], [99.11683606191559, 18.27399331782517], [99.11272432859346, 18.267012495990187], [99.10659528539473, 18.265425249850914], [99.09125467544678, 18.280390597140773], [99.08385627915494, 18.279226902703474], [99.08042741078009, 18.268824049344218], [99.06521608588758, 18.272620319496088], [99.05011236752043, 18.265292465021368], [99.02944091261712, 18.265147627813576]]]]}}, {"type": "Feature", "properties": {"amp_code": "5107", "amp_th": "บ้านธิ", "amp_en": "Ban Thi", "pro_code": "51", "pro_th": "ลำพูน", "pro_en": "Lamphun", "reg_nesdb": "UpperNorth", "reg_royin": "North", "perimeter": 57.34254481873, "area_sqkm": 134.47688802164}, "geometry": {"type": "MultiPolygon", "coordinates": [[[[99.21794947029667, 18.654433301185623], [99.23359699697852, 18.651803656293495], [99.23175025188591, 18.62937024803263], [99.2353815533276, 18.617116976887942], [99.22336510339676, 18.607537752143653], [99.21875547911527, 18.59239427660016], [99.20167384542034, 18.59448530321482], [99.18388238123606, 18.586650553583663], [99.177883068916, 18.591197940393542], [99.17127798621783, 18.590104802408614], [99.15782955434189, 18.608086480490712], [99.13979930356726, 18.60605586524723], [99.14150716930126, 18.610530690377697], [99.13217831051102, 18.629727520142144], [99.12260957281293, 18.628456244651048], [99.08970964910857, 18.640685214625673], [99.06486792463843, 18.637053089627965], [99.06029558660815, 18.630608216358333], [99.05521430121846, 18.63232587850926], [99.06407625291966, 18.644107559126404], [99.06762641054071, 18.663626215908135], [99.0765271190939, 18.672363698169512], [99.09949424069386, 18.669426876274322], [99.10210391066288, 18.67762521152584], [99.1075357797125, 18.679242240890883], [99.12635715177461, 18.683540510993137], [99.13812122610605, 18.70169405039323], [99.15558430006749, 18.70999869231366], [99.17622687805083, 18.706495161221255], [99.1892481905157, 18.707063158822777], [99.18830897179825, 18.679232820969684], [99.20545405430647, 18.668522913536954], [99.20662961279285, 18.659972819715833], [99.21308924882163, 18.66042541246357], [99.21794947029667, 18.654433301185623]]]]}}, {"type": "Feature", "properties": {"amp_code": "5108", "amp_th": "เวียงหนองล่อง", "amp_en": "Wiang Nong Long", "pro_code": "51", "pro_th": "ลำพูน", "pro_en": "Lamphun", "reg_nesdb": "UpperNorth", "reg_royin": "North", "perimeter": 46.75814056451, "area_sqkm": 53.79925914489}, "geometry": {"type": "MultiPolygon", "coordinates": [[[[98.77637207313717, 18.398158954675143], [98.75318280272116, 18.39778907895482], [98.75053172428959, 18.40611207436142], [98.72362055045453, 18.387370291892807], [98.71300098398999, 18.385006895484945], [98.68687543300204, 18.381522147304285], [98.69011403996821, 18.392219628136043], [98.69802895827456, 18.39562506780098], [98.70950942327909, 18.415220790746012], [98.69671433364563, 18.41124772977241], [98.69335676434032, 18.419026463013314], [98.70141188015275, 18.429726920994185], [98.70859862762131, 18.442299994170952], [98.71515290848919, 18.43413267007767], [98.71957642912899, 18.434470278765268], [98.72504031555394, 18.44623805003084], [98.73964068266345, 18.435886214639144], [98.74343871261, 18.431235593625004], [98.75422655488278, 18.437009447226586], [98.76444227951988, 18.43467472924749], [98.77771676629456, 18.449998040121645], [98.78721555149583, 18.436144342716663], [98.7999332313504, 18.42963823278837], [98.80000859400859, 18.418199317720756], [98.81153715422336, 18.415701865088245], [98.81020264584473, 18.410865082122484], [98.82360517592241, 18.38870716411127], [98.79238457867525, 18.408982318484586], [98.78661136012025, 18.39861811208732], [98.78582996586968, 18.398630790934686], [98.77637207313717, 18.398158954675143]]]]}}, {"type": "Feature", "properties": {"amp_code": "5105", "amp_th": "ทุ่งหัวช้าง", "amp_en": "Thung Hua Chang", "pro_code": "51", "pro_th": "ลำพูน", "pro_en": "Lamphun", "reg_nesdb": "UpperNorth", "reg_royin": "North", "perimeter": 133.44696102176, "area_sqkm": 457.43317294979}, "geometry": {"type": "MultiPolygon", "coordinates": [[[[99.10661847606248, 17.913646505680386], [99.14682200708413, 17.910670312954505], [99.14627668437302, 17.898696669349714], [99.16225280199832, 17.88655403302539], [99.16343067831971, 17.876788945454187], [99.18295690321372, 17.860637433221257], [99.18261497888786, 17.84959125853438], [99.16050161635842, 17.845431389470463], [99.16449400767445, 17.830458711579883], [99.17365805307267, 17.82154192315504], [99.16962254569118, 17.817052053392477], [99.17453022718595, 17.815342790836194], [99.17326658389108, 17.809797479103242], [99.15885346834746, 17.808450505588578], [99.15033822188516, 17.816447545318876], [99.14609656830478, 17.81397073758842], [99.13495594244883, 17.82087196793059], [99.12812740633811, 17.816079213250525], [99.12179014485397, 17.81900506066228], [99.10451433501538, 17.812955660351925], [99.09589138863163, 17.80869149194785], [99.0730108564577, 17.820140009855127], [99.06564783633416, 17.813607548434398], [99.05864323668428, 17.814000704133996], [99.05262319735084, 17.825321289098767], [99.04174962174392, 17.828641161836877], [99.04308556467994, 17.843342502389977], [99.02518192477866, 17.83574625155418], [99.00335190495203, 17.844729035381203], [99.02002911291967, 17.875995479631676], [99.01599797945148, 17.887976745716905], [99.0149405966585, 17.897714966500704], [99.00245274663725, 17.916925126147444], [99.01293127114423, 17.931505318957164], [99.01132074273872, 17.936517392668488], [99.00993115073862, 17.952088914128915], [98.98556138203472, 17.98543349550944], [98.99017823262423, 18.01581724725403], [98.99105820277907, 18.035013099362853], [98.99621084740569, 18.040170936265355], [98.99086876746149, 18.05563922306726], [98.98200806533075, 18.05576514150522], [98.98252073731024, 18.061201910896177], [98.97614156672414, 18.06685148485638], [98.9797694087511, 18.08999746575722], [98.97406632289284, 18.10591709488598], [98.97895577209025, 18.10948453293998], [98.97401522049341, 18.11395688683152], [98.9793476026547, 18.14086866390113], [98.96151921281265, 18.166841492897667], [98.95824011194946, 18.171532920983253], [98.97645287786845, 18.16367929462295], [98.98847852697233, 18.171407183363762], [99.02309329564534, 18.16246028016828], [99.03490349582424, 18.17494067232735], [99.02976094563604, 18.191275218671606], [99.0370587863598, 18.200150864112523], [99.04404756035969, 18.19578832342069], [99.0567370631558, 18.174972750864733], [99.05184065789533, 18.161345202624236], [99.06486212795573, 18.140681462328203], [99.06579195824273, 18.110146697451956], [99.07023189361296, 18.10669692241201], [99.0669969632666, 18.098896665126574], [99.07264390037582, 18.09162083370025], [99.07036740809048, 18.062827004946598], [99.07495477731459, 18.054921022784832], [99.0831875602992, 18.0428081775796], [99.0834317338424, 18.03150640735834], [99.0920997061242, 18.024915576549127], [99.09289417653991, 18.014760290526176], [99.1009693683103, 18.001401652525644], [99.09525849369868, 17.996452491042227], [99.10161013119645, 17.982647229708526], [99.09529527211163, 17.976427309657673], [99.09558886998182, 17.953768311592224], [99.10313869564392, 17.94686566271605], [99.11534551759608, 17.946500641051262], [99.1149441752945, 17.928672030656287], [99.10661847606248, 17.913646505680386]]]]}}, {"type": "Feature", "properties": {"amp_code": "5106", "amp_th": "ป่าซาง", "amp_en": "Pa Sang", "pro_code": "51", "pro_th": "ลำพูน", "pro_en": "Lamphun", "reg_nesdb": "UpperNorth", "reg_royin": "North", "perimeter": 90.76554416039, "area_sqkm": 292.59175965128}, "geometry": {"type": "MultiPolygon", "coordinates": [[[[98.94492080325169, 18.494402991469997], [98.9564811263085, 18.477829940993683], [98.95069092612881, 18.461623001791814], [98.95247895051426, 18.455005216083926], [98.94770288058159, 18.449529050407847], [98.95142737295596, 18.43718041335187], [98.94641191044859, 18.43145446262572], [98.9388718997547, 18.421975573873514], [98.9425815878153, 18.39903872796381], [98.93310893185011, 18.391827599831615], [98.93973584978671, 18.38737619674428], [98.94201088712578, 18.374185505379454], [98.92858382015393, 18.362390466340972], [98.93235225766553, 18.35280444409512], [98.92168815451552, 18.335843320102125], [98.93201608740625, 18.308540153596983], [98.93788438018612, 18.295634224591787], [98.95921558891135, 18.287844360310913], [98.9629804904748, 18.28072061299947], [98.93149565425381, 18.273856301759984], [98.92312017088359, 18.2810058782335], [98.90443143651578, 18.27501177719813], [98.90687353479733, 18.29222319841158], [98.89972707255774, 18.30207479726795], [98.88854284869927, 18.30468407595544], [98.88157916038745, 18.301357157421673], [98.87170514618917, 18.30696134253426], [98.86837388606992, 18.335632081829008], [98.87160812716648, 18.33947331540737], [98.86666282169494, 18.345792226360967], [98.84836694527816, 18.35469597154433], [98.83911411483308, 18.359065180363284], [98.83318610256767, 18.37991818052372], [98.82360517592241, 18.38870716411127], [98.81020264584473, 18.410865082122484], [98.81153715422336, 18.415701865088245], [98.80000859400859, 18.418199317720756], [98.7999332313504, 18.42963823278837], [98.78721555149583, 18.436144342716663], [98.77771676629456, 18.449998040121645], [98.79849843253854, 18.453158633765096], [98.80541280727753, 18.46322987488012], [98.8142078217299, 18.462040007621727], [98.8153847054141, 18.471362913592777], [98.82562839121012, 18.479493419693878], [98.83906595053944, 18.48661157797122], [98.8464500262663, 18.499627025117515], [98.85977971568754, 18.501501491246678], [98.86492770637967, 18.51494046270792], [98.87304557672317, 18.51686895293701], [98.87770904700652, 18.51131807740293], [98.88366176792513, 18.515905308947445], [98.9026865957046, 18.52715613477766], [98.91496324548216, 18.536708602680974], [98.92232431854889, 18.53616157539517], [98.93514175096297, 18.543070423625437], [98.94179227545581, 18.540157788553902], [98.94138841814062, 18.532235723781653], [98.94565972972345, 18.50743287919183], [98.94492080325169, 18.494402991469997]]]]}}, {"type": "Feature", "properties": {"amp_code": "5103", "amp_th": "บ้านโฮ่ง", "amp_en": "Ban Hong", "pro_code": "51", "pro_th": "ลำพูน", "pro_en": "Lamphun", "reg_nesdb": "UpperNorth", "reg_royin": "North", "perimeter": 113.25761751991, "area_sqkm": 506.08060770059}, "geometry": {"type": "MultiPolygon", "coordinates": [[[[98.90443143651578, 18.27501177719813], [98.90323673387216, 18.270665967608334], [98.91499286138843, 18.26954627118909], [98.92783066560278, 18.255396264438946], [98.9287351329884, 18.24340939590971], [98.9396602103037, 18.238562899727956], [98.94070365935929, 18.218496749731365], [98.96408208777562, 18.18882134715056], [98.97457206682111, 18.18719044663425], [98.98847852697233, 18.171407183363762], [98.97645287786845, 18.16367929462295], [98.95824011194946, 18.171532920983253], [98.96151921281265, 18.166841492897667], [98.9513588334291, 18.153764986317597], [98.92415363790916, 18.141457019920246], [98.89928843008349, 18.148644793640525], [98.88710357997553, 18.14159250979016], [98.88056325696671, 18.143877566312057], [98.82871454684096, 18.132321096803683], [98.8071355613229, 18.13756674628538], [98.80449052199832, 18.156807006168307], [98.7930521432408, 18.160420594115745], [98.78274419854057, 18.179920980340448], [98.77997793003301, 18.19629999041786], [98.78438885891819, 18.200647958297427], [98.78517830843012, 18.22082371163495], [98.77292807133286, 18.22974291957365], [98.77740665018769, 18.2376578917826], [98.77370482874917, 18.251237104386444], [98.76999234113778, 18.25607950482992], [98.73618782684142, 18.26615319650703], [98.72076030989177, 18.28624155885809], [98.70579293657956, 18.290183532056226], [98.67326606393893, 18.311094943300223], [98.67177028494835, 18.327127349329924], [98.68875310282476, 18.334628176024534], [98.69930160429132, 18.330614038737266], [98.70410673086398, 18.334544153560646], [98.6963638477704, 18.35116573082972], [98.68126394109038, 18.36741211546041], [98.68687543300204, 18.381522147304285], [98.71300098398999, 18.385006895484945], [98.72362055045453, 18.387370291892807], [98.75053172428959, 18.40611207436142], [98.75318280272116, 18.39778907895482], [98.77637207313717, 18.398158954675143], [98.78582996586968, 18.398630790934686], [98.78661136012025, 18.39861811208732], [98.79238457867525, 18.408982318484586], [98.82360517592241, 18.38870716411127], [98.83318610256767, 18.37991818052372], [98.83911411483308, 18.359065180363284], [98.84836694527816, 18.35469597154433], [98.86666282169494, 18.345792226360967], [98.87160812716648, 18.33947331540737], [98.86837388606992, 18.335632081829008], [98.87170514618917, 18.30696134253426], [98.88157916038745, 18.301357157421673], [98.88854284869927, 18.30468407595544], [98.89972707255774, 18.30207479726795], [98.90687353479733, 18.29222319841158], [98.90443143651578, 18.27501177719813]]]]}}, {"type": "Feature", "properties": {"amp_code": "5104", "amp_th": "ลี้", "amp_en": "Li", "pro_code": "51", "pro_th": "ลำพูน", "pro_en": "Lamphun", "reg_nesdb": "UpperNorth", "reg_royin": "North", "perimeter": 292.18850844106, "area_sqkm": 1794.15811664942}, "geometry": {"type": "MultiPolygon", "coordinates": [[[[99.11012591734139, 17.793119121892214], [99.11670573018593, 17.790680471300504], [99.12549115022213, 17.771849374240507], [99.1123445896329, 17.767969512320576], [99.11093006312976, 17.754061754893783], [99.10506977133322, 17.74968451460791], [99.10378260804265, 17.740729922368093], [99.092505971607, 17.742359173125482], [99.08570408314009, 17.738458588516167], [99.08312767994222, 17.709296778373158], [99.08719231664536, 17.704256945240076], [99.06452488487206, 17.692609981517283], [99.06186001166654, 17.682253332122166], [99.06580823276775, 17.673935081058872], [99.05976085798002, 17.664666420133095], [99.06181787247765, 17.635643871072908], [99.04997314568382, 17.61237742990742], [99.04719969869974, 17.611665158851817], [99.01910198496518, 17.614885507789285], [98.9999127387683, 17.635411764071332], [98.99082928394246, 17.633537088472075], [98.9822671937378, 17.64019937694622], [98.96116698498028, 17.639544413028386], [98.94762552172011, 17.645966874049865], [98.93968601894368, 17.639758208867832], [98.9292081520141, 17.643651660428926], [98.91812071433836, 17.642013570714195], [98.90781587835653, 17.64861877819091], [98.90366283888552, 17.639434316226104], [98.89979434268669, 17.6406549114987], [98.88186306241128, 17.62611255316792], [98.88499033542753, 17.620974601407788], [98.87996769939895, 17.610576757149374], [98.88045874502637, 17.60517059736045], [98.88699886805368, 17.60180515396247], [98.88929302868459, 17.588768790098698], [98.91090951921039, 17.581636613144035], [98.90474743223092, 17.562696934438808], [98.90586421170714, 17.54478542931421], [98.91085555344816, 17.5354390705961], [98.89635535180454, 17.528118270631097], [98.88845696497218, 17.512614201670807], [98.88301514974428, 17.510623596453197], [98.88003248241598, 17.491149318338], [98.87169824689107, 17.492798268192757], [98.87026503719994, 17.501444374955874], [98.85871196294825, 17.511241650913533], [98.84047521065371, 17.514901088101357], [98.82314506621759, 17.512206312937387], [98.81594293634463, 17.507587574495336], [98.8157351297547, 17.500548196492055], [98.79643487841693, 17.50010338247465], [98.76190878083544, 17.483200347070472], [98.74997063811297, 17.46833787418804], [98.71760070805945, 17.464535426782867], [98.71337591499098, 17.452791023676102], [98.70289402572469, 17.447283288716342], [98.70051527585423, 17.435393339661843], [98.69059984355978, 17.424063518447035], [98.69046333466254, 17.43400064607575], [98.68147364388851, 17.445949678220362], [98.6825717347573, 17.45931680246651], [98.68807554453821, 17.47316428378514], [98.70006896468259, 17.478507863327668], [98.70510084547192, 17.485895769690057], [98.70564493950471, 17.500812110493627], [98.6965398840894, 17.514499289445183], [98.70167007025374, 17.525109821760253], [98.70189249006697, 17.55601106358231], [98.69363444734796, 17.58617952648398], [98.68239189674219, 17.597058213780517], [98.69218462084513, 17.631337969437787], [98.6845380866462, 17.644709091534015], [98.68909504491614, 17.655365258165652], [98.68394419719671, 17.665793563666707], [98.72284869031579, 17.675576857633196], [98.73777803328846, 17.683158335218074], [98.74585563747935, 17.69273093797298], [98.74046716830851, 17.70697706224699], [98.72463417347016, 17.716664368870422], [98.72376920573019, 17.727218254024677], [98.70352673580192, 17.743284595724695], [98.70440103047274, 17.761952155102428], [98.68717162200606, 17.77970805884208], [98.68518019463254, 17.791079006529266], [98.71574780391731, 17.798327414336075], [98.72688712712817, 17.793761753081657], [98.74336914634783, 17.80543051927663], [98.7628624643379, 17.801410266042318], [98.77793102925821, 17.830861602204838], [98.78381456625955, 17.832553930718614], [98.79002137144275, 17.830536015559215], [98.78840396322028, 17.824630821961083], [98.79482284822666, 17.823834345541865], [98.7930374241756, 17.81982376340924], [98.79774507464327, 17.813856311953437], [98.79321535080746, 17.810266564239324], [98.80041006288975, 17.795724958512746], [98.80885644254738, 17.799655103978655], [98.82213346640266, 17.79730736265051], [98.85628784830305, 17.814597311889155], [98.85338707415534, 17.825741136520406], [98.85277250289525, 17.847617937771243], [98.86020070531318, 17.85655710113458], [98.8705591417875, 17.849816797514766], [98.86106750053712, 17.89537240177741], [98.8552802108092, 17.89740077314255], [98.85739986817562, 17.908587765788358], [98.8427244347673, 17.941729301026616], [98.84177775562046, 17.964968105059132], [98.83039726919105, 17.974932654937824], [98.83409358148691, 17.98870284326666], [98.80928249079832, 18.008370666575907], [98.78943770055145, 18.002971010751804], [98.77829530328638, 18.002620763779376], [98.77898243027343, 18.005537628319864], [98.77880571639263, 18.01278412330319], [98.79408673720073, 18.03044770105284], [98.79110871354658, 18.036618991201724], [98.79737829881857, 18.048085445222135], [98.79754810255744, 18.057611143659987], [98.80729386846201, 18.063805745712003], [98.8066807118219, 18.07227878080367], [98.81366248019145, 18.07931650795386], [98.7976158824598, 18.087375157514963], [98.80195215517597, 18.091755437320884], [98.80177231024415, 18.104351569707045], [98.8100041948385, 18.11285493625351], [98.80595184489863, 18.121444263158512], [98.8071355613229, 18.13756674628538], [98.82871454684096, 18.132321096803683], [98.88056325696671, 18.143877566312057], [98.88710357997553, 18.14159250979016], [98.89928843008349, 18.148644793640525], [98.92415363790916, 18.141457019920246], [98.9513588334291, 18.153764986317597], [98.96151921281265, 18.166841492897667], [98.9793476026547, 18.14086866390113], [98.97401522049341, 18.11395688683152], [98.97895577209025, 18.10948453293998], [98.97406632289284, 18.10591709488598], [98.9797694087511, 18.08999746575722], [98.97614156672414, 18.06685148485638], [98.98252073731024, 18.061201910896177], [98.98200806533075, 18.05576514150522], [98.99086876746149, 18.05563922306726], [98.99621084740569, 18.040170936265355], [98.99105820277907, 18.035013099362853], [98.99017823262423, 18.01581724725403], [98.98556138203472, 17.98543349550944], [99.00993115073862, 17.952088914128915], [99.01132074273872, 17.936517392668488], [99.01293127114423, 17.931505318957164], [99.00245274663725, 17.916925126147444], [99.0149405966585, 17.897714966500704], [99.01599797945148, 17.887976745716905], [99.02002911291967, 17.875995479631676], [99.00335190495203, 17.844729035381203], [99.02518192477866, 17.83574625155418], [99.04308556467994, 17.843342502389977], [99.04174962174392, 17.828641161836877], [99.05262319735084, 17.825321289098767], [99.05864323668428, 17.814000704133996], [99.06564783633416, 17.813607548434398], [99.0730108564577, 17.820140009855127], [99.09589138863163, 17.80869149194785], [99.10451433501538, 17.812955660351925], [99.11012591734139, 17.793119121892214]]]]}}, {"type": "Feature", "properties": {"amp_code": "5201", "amp_th": "เมืองลำปาง", "amp_en": "Mueang Lampang", "pro_code": "52", "pro_th": "ลำปาง", "pro_en": "Lampang", "reg_nesdb": "UpperNorth", "reg_royin": "North", "perimeter": 187.27451443768, "area_sqkm": 1193.56137741245}, "geometry": {"type": "MultiPolygon", "coordinates": [[[[99.53684267311726, 18.1950202146398], [99.5291200117058, 18.182550899176363], [99.5153549245931, 18.184372233510498], [99.51183623675038, 18.194315744644204], [99.48645601162583, 18.18793069821271], [99.4795910423684, 18.207850125558934], [99.47199328908316, 18.216132153810577], [99.44011539283383, 18.225555751252813], [99.43241540531083, 18.220566085820685], [99.4214710454538, 18.22430743524552], [99.41192026362269, 18.23137577594104], [99.4053969156826, 18.263259674119226], [99.42554629108739, 18.305610706379117], [99.41090891864003, 18.313578283480243], [99.41717074312295, 18.32557078026739], [99.43093061560441, 18.31788036704058], [99.43412042275837, 18.321260186138606], [99.42403355408833, 18.34084707094465], [99.42172217983043, 18.375816193166692], [99.41908023288433, 18.381095764589293], [99.3967300172142, 18.389277978800337], [99.38096935295331, 18.401746657085223], [99.36263142202965, 18.438699846525896], [99.35212675356362, 18.443190099932146], [99.33142224629098, 18.46290448955956], [99.32851831366997, 18.476355975554373], [99.31643238038288, 18.490320065130426], [99.30326801784331, 18.492139057490313], [99.32028826226785, 18.50143042128601], [99.3171156474859, 18.532141450203426], [99.31888931035878, 18.5353740862064], [99.32699908709304, 18.54329675015437], [99.33221066097582, 18.57575670994755], [99.34323206640504, 18.575097537234704], [99.3535314262836, 18.58023242088071], [99.36710121670217, 18.582585736157295], [99.40220523002932, 18.57194425595084], [99.41224271204317, 18.566066005481353], [99.41354128591932, 18.5506828421581], [99.43056112242333, 18.5473708080748], [99.4389408357965, 18.553034115474144], [99.43987320821276, 18.54755044256295], [99.44675678992881, 18.545309824738464], [99.46104864267008, 18.52844461381344], [99.48581297832447, 18.526182989089463], [99.49364894906523, 18.532376240408322], [99.49994296648781, 18.52864173516261], [99.50484714330506, 18.521546389195564], [99.50277441779194, 18.51477236285636], [99.50829407319932, 18.49651009283052], [99.52877172293175, 18.48951968181043], [99.54052763904669, 18.502576715128168], [99.57618769022638, 18.50555113912104], [99.5846500630293, 18.516839378756615], [99.59330866177777, 18.51292616553294], [99.61022440797298, 18.513952363112786], [99.61296911846385, 18.533321556847174], [99.63168999688055, 18.543988799920438], [99.63880383011616, 18.55585395657278], [99.63516168479812, 18.564058909229058], [99.64167291836283, 18.580317105435427], [99.65505158552114, 18.585842807727037], [99.65495131627786, 18.593860663783715], [99.66397892907516, 18.5991736891456], [99.67243548055525, 18.597259357345518], [99.684776910178, 18.61067524335164], [99.71575910026793, 18.60473873252854], [99.71178877051759, 18.578489550224255], [99.71547421851079, 18.569560057506816], [99.7203184018462, 18.56389315410375], [99.73272619506238, 18.560817809873093], [99.73434026041991, 18.552966952545393], [99.74265815627116, 18.55080381954974], [99.74369385030823, 18.54626855020946], [99.7671054678565, 18.539027378281904], [99.77239684371875, 18.51866240095611], [99.76923294749433, 18.507067729770917], [99.75505691939414, 18.501467324566313], [99.74162018085036, 18.469469756690106], [99.72894342607593, 18.45268068681379], [99.72356697291826, 18.447212025267387], [99.7069889620941, 18.442737604559582], [99.71204924394108, 18.428649262270902], [99.70628902056858, 18.419890640012756], [99.69773042386039, 18.418611797491973], [99.68720018619452, 18.402717753834448], [99.67933710910384, 18.40005162600639], [99.65538430537657, 18.339887214744753], [99.64815062763026, 18.34030960725455], [99.64369300660655, 18.326069697796203], [99.6362157905374, 18.323311101077472], [99.6305307828812, 18.311710591695462], [99.62767159296384, 18.310144022914184], [99.6353190232001, 18.293921632608413], [99.62455101278047, 18.277030160327577], [99.62898149276369, 18.258955516671953], [99.59828520232608, 18.244048540512367], [99.57886184942456, 18.213826157474692], [99.55690465537347, 18.199792820743603], [99.53684267311726, 18.1950202146398]]]]}}, {"type": "Feature", "properties": {"amp_code": "5208", "amp_th": "เถิน", "amp_en": "Thoen", "pro_code": "52", "pro_th": "ลำปาง", "pro_en": "Lampang", "reg_nesdb": "UpperNorth", "reg_royin": "North", "perimeter": 257.01795584883, "area_sqkm": 1779.42427146635}, "geometry": {"type": "MultiPolygon", "coordinates": [[[[99.43877335757008, 17.527346964420786], [99.4210583819993, 17.518615374460484], [99.41922905319875, 17.487581847242748], [99.4061267210575, 17.471292613360184], [99.4175396869311, 17.457977188308508], [99.41453696142986, 17.44979415841596], [99.43316500173138, 17.434645868198306], [99.44279612334627, 17.434342227679192], [99.43991244908698, 17.42136639496476], [99.43033010538844, 17.418088078926615], [99.42726277429676, 17.40889071758691], [99.42946015940548, 17.392309592734993], [99.44218304808362, 17.38915432440668], [99.45574881540226, 17.368717153663244], [99.46949014582836, 17.368270687301887], [99.47639921314428, 17.34112943500667], [99.4763508832599, 17.325810674816694], [99.4617426306524, 17.31063781401417], [99.45473260284703, 17.308685581307838], [99.45143744154113, 17.290643126610746], [99.45570616601734, 17.254494049684094], [99.44954924365676, 17.25041770939382], [99.44116573405475, 17.252123204545057], [99.4454690977357, 17.242887027585653], [99.43856271691432, 17.22963499847128], [99.42741448645397, 17.23204305719962], [99.41881502281525, 17.226609385513818], [99.41938931397085, 17.218764445505276], [99.40090447262625, 17.22061670677655], [99.39312194009551, 17.20642919316422], [99.37288361976962, 17.21279624497881], [99.35860078432381, 17.248541789704372], [99.34656859583023, 17.25610610768289], [99.34026202816949, 17.267296123371302], [99.31620513903805, 17.269362470383935], [99.30325103011516, 17.273503199929426], [99.29723267451257, 17.30395062620711], [99.28736331479278, 17.31143704504217], [99.27683624954481, 17.33114827514053], [99.27790147370719, 17.345599325531424], [99.27404544276465, 17.34517754165443], [99.27081278692873, 17.352246060862704], [99.27541042661365, 17.38118091358225], [99.27002676002867, 17.400352373127014], [99.26113991571354, 17.40544984339785], [99.23805860425958, 17.402591840437058], [99.22837078250188, 17.405584952949816], [99.21298963756485, 17.39105229753802], [99.20633314453156, 17.42336863888051], [99.19136421120949, 17.43037761267902], [99.1887574127265, 17.44333092990266], [99.16935132761982, 17.449262236761616], [99.17605893280418, 17.46894137682273], [99.16953916066356, 17.475430348109033], [99.17250484697817, 17.484134719544816], [99.16935639845103, 17.491994668134424], [99.1776431381385, 17.503358607392784], [99.16204641207347, 17.510495881560402], [99.17272664847349, 17.512659643005875], [99.16964015976427, 17.51958510897312], [99.18087748860428, 17.53099943005227], [99.17808190460393, 17.53701406395439], [99.16081001784787, 17.559664873967662], [99.14321473630946, 17.569011194636023], [99.13804611198543, 17.57045320462379], [99.12321274998732, 17.574463901870075], [99.11037605024138, 17.586252735387063], [99.08259170950977, 17.600352493696718], [99.07519682379757, 17.595569281048867], [99.0710364304952, 17.60573181611547], [99.04997314568382, 17.61237742990742], [99.06181787247765, 17.635643871072908], [99.05976085798002, 17.664666420133095], [99.06580823276775, 17.673935081058872], [99.06186001166654, 17.682253332122166], [99.06452488487206, 17.692609981517283], [99.08719231664536, 17.704256945240076], [99.08312767994222, 17.709296778373158], [99.08570408314009, 17.738458588516167], [99.092505971607, 17.742359173125482], [99.10378260804265, 17.740729922368093], [99.10506977133322, 17.74968451460791], [99.11093006312976, 17.754061754893783], [99.1123445896329, 17.767969512320576], [99.12549115022213, 17.771849374240507], [99.11670573018593, 17.790680471300504], [99.11012591734139, 17.793119121892214], [99.10451433501538, 17.812955660351925], [99.12179014485397, 17.81900506066228], [99.12812740633811, 17.816079213250525], [99.13495594244883, 17.82087196793059], [99.14609656830478, 17.81397073758842], [99.15033822188516, 17.816447545318876], [99.15885346834746, 17.808450505588578], [99.17326658389108, 17.809797479103242], [99.17453022718595, 17.815342790836194], [99.16962254569118, 17.817052053392477], [99.17365805307267, 17.82154192315504], [99.16449400767445, 17.830458711579883], [99.16050161635842, 17.845431389470463], [99.18261497888786, 17.84959125853438], [99.18295690321372, 17.860637433221257], [99.18246162921142, 17.8675457634266], [99.19133896045608, 17.881409460620457], [99.20847889072998, 17.88169241730364], [99.2106311929803, 17.885950730858667], [99.2166335828993, 17.88955398682059], [99.22346996009121, 17.88139221548858], [99.23088761213445, 17.847323377123857], [99.2499672291896, 17.836308771360066], [99.27242167968419, 17.814398209032124], [99.28382970309393, 17.797310038144236], [99.31139538672628, 17.78548949801595], [99.31011958264858, 17.77708886724327], [99.32429686421904, 17.76522965670712], [99.34833238551128, 17.77479433570941], [99.35904914844177, 17.768654637255295], [99.36734175384599, 17.773974374728724], [99.38110998276329, 17.751292524695288], [99.38024645885042, 17.73908738613744], [99.37414883971752, 17.733010378670937], [99.37699342768953, 17.725239516362123], [99.38623977370055, 17.722706516127094], [99.38062210029652, 17.710930936782987], [99.38619634528831, 17.685587766159532], [99.4222904597287, 17.709995045783455], [99.4421275378919, 17.70645004813346], [99.45025888599271, 17.709713769689117], [99.45599992836573, 17.71535988601886], [99.45540329846754, 17.72535353957285], [99.4600241421133, 17.731824630176497], [99.47134399551825, 17.737874016575883], [99.47797594023982, 17.724524831440288], [99.47381688021356, 17.71629616312541], [99.47531279129743, 17.697233363241352], [99.47022028263433, 17.690773899129276], [99.47636442198606, 17.676951372297612], [99.46553629499431, 17.661312038096582], [99.45088414243381, 17.65483256929492], [99.44734579486884, 17.644344371625788], [99.44991436485081, 17.630901265602], [99.44680128402658, 17.622785863908927], [99.45514288407813, 17.608703586258542], [99.45357290221148, 17.599948603782092], [99.44701003026479, 17.599648331366012], [99.44042536324994, 17.609547055328846], [99.42564510319505, 17.609076677744383], [99.41894172250534, 17.599834118028724], [99.42243362917404, 17.591953858454506], [99.41328066880799, 17.574617474687386], [99.41508568868959, 17.570136069112788], [99.4283838147535, 17.569329257206892], [99.43502322406842, 17.56342709243587], [99.43020877329407, 17.54927710428634], [99.43877335757008, 17.527346964420786]]]]}}, {"type": "Feature", "properties": {"amp_code": "5209", "amp_th": "แม่พริก", "amp_en": "Mae Phrik", "pro_code": "52", "pro_th": "ลำปาง", "pro_en": "Lampang", "reg_nesdb": "UpperNorth", "reg_royin": "North", "perimeter": 125.49348073662, "area_sqkm": 660.12457900236}, "geometry": {"type": "MultiPolygon", "coordinates": [[[[99.16204641207347, 17.510495881560402], [99.1776431381385, 17.503358607392784], [99.16935639845103, 17.491994668134424], [99.17250484697817, 17.484134719544816], [99.16953916066356, 17.475430348109033], [99.17605893280418, 17.46894137682273], [99.16935132761982, 17.449262236761616], [99.1887574127265, 17.44333092990266], [99.19136421120949, 17.43037761267902], [99.20633314453156, 17.42336863888051], [99.21298963756485, 17.39105229753802], [99.20608019651995, 17.380396705734665], [99.20900190647907, 17.37355439543311], [99.18959518967938, 17.353921381326746], [99.17643506059385, 17.34841836375738], [99.172595443836, 17.336448117480494], [99.15707009309763, 17.346140796347864], [99.15183536401938, 17.344926799224172], [99.14174072521368, 17.359984531320904], [99.12128611042898, 17.3645684454006], [99.11333044234837, 17.372463231000047], [99.1093121773432, 17.358766510589913], [99.08803156794116, 17.3764950442658], [99.07635039864326, 17.37235649033298], [99.05720640701922, 17.387826750778217], [99.04715629571649, 17.386389879984964], [99.03219697446161, 17.41077161839377], [99.0120761086776, 17.414699125845946], [99.01353350114323, 17.423028653151256], [98.98116260581855, 17.464738369329684], [98.96271720871208, 17.46667014648503], [98.95912510500357, 17.46356336161122], [98.95540071199534, 17.474847940651998], [98.94590492029458, 17.46864585944422], [98.93202891171302, 17.474261689715576], [98.93248304313775, 17.483912255455255], [98.92700805598322, 17.4900004346201], [98.92827371208432, 17.506744736466203], [98.92207264115216, 17.512513870527705], [98.9261900489625, 17.524214301867183], [98.91085555344816, 17.5354390705961], [98.90586421170714, 17.54478542931421], [98.90474743223092, 17.562696934438808], [98.91090951921039, 17.581636613144035], [98.88929302868459, 17.588768790098698], [98.88699886805368, 17.60180515396247], [98.88045874502637, 17.60517059736045], [98.87996769939895, 17.610576757149374], [98.88499033542753, 17.620974601407788], [98.88186306241128, 17.62611255316792], [98.89979434268669, 17.6406549114987], [98.90366283888552, 17.639434316226104], [98.90781587835653, 17.64861877819091], [98.91812071433836, 17.642013570714195], [98.9292081520141, 17.643651660428926], [98.93968601894368, 17.639758208867832], [98.94762552172011, 17.645966874049865], [98.96116698498028, 17.639544413028386], [98.9822671937378, 17.64019937694622], [98.99082928394246, 17.633537088472075], [98.9999127387683, 17.635411764071332], [99.01910198496518, 17.614885507789285], [99.04719969869974, 17.611665158851817], [99.04997314568382, 17.61237742990742], [99.0710364304952, 17.60573181611547], [99.07519682379757, 17.595569281048867], [99.08259170950977, 17.600352493696718], [99.11037605024138, 17.586252735387063], [99.12321274998732, 17.574463901870075], [99.13804611198543, 17.57045320462379], [99.14321473630946, 17.569011194636023], [99.16081001784787, 17.559664873967662], [99.17808190460393, 17.53701406395439], [99.18087748860428, 17.53099943005227], [99.16964015976427, 17.51958510897312], [99.17272664847349, 17.512659643005875], [99.16204641207347, 17.510495881560402]]]]}}, {"type": "Feature", "properties": {"amp_code": "5206", "amp_th": "แจ้ห่ม", "amp_en": "Chae Hom", "pro_code": "52", "pro_th": "ลำปาง", "pro_en": "Lampang", "reg_nesdb": "UpperNorth", "reg_royin": "North", "perimeter": 176.14593780212, "area_sqkm": 1141.51977762163}, "geometry": {"type": "MultiPolygon", "coordinates": [[[[99.76368091750243, 18.684816265363423], [99.75918982539702, 18.677678012469006], [99.76790822460177, 18.65342463035238], [99.75984850687192, 18.645121509055897], [99.76782390290474, 18.634663329817403], [99.76504767650766, 18.62425562648253], [99.74380393800753, 18.612622588697857], [99.73506063721604, 18.61546532374008], [99.72595482667435, 18.612809742222076], [99.71575910026793, 18.60473873252854], [99.684776910178, 18.61067524335164], [99.67243548055525, 18.597259357345518], [99.66397892907516, 18.5991736891456], [99.65495131627786, 18.593860663783715], [99.65505158552114, 18.585842807727037], [99.64167291836283, 18.580317105435427], [99.63516168479812, 18.564058909229058], [99.63880383011616, 18.55585395657278], [99.63168999688055, 18.543988799920438], [99.61296911846385, 18.533321556847174], [99.61022440797298, 18.513952363112786], [99.59330866177777, 18.51292616553294], [99.5846500630293, 18.516839378756615], [99.57618769022638, 18.50555113912104], [99.54052763904669, 18.502576715128168], [99.52877172293175, 18.48951968181043], [99.50829407319932, 18.49651009283052], [99.50277441779194, 18.51477236285636], [99.50484714330506, 18.521546389195564], [99.49994296648781, 18.52864173516261], [99.50734778016452, 18.535615060519742], [99.51247572088128, 18.558323518186842], [99.5177321075993, 18.58660773097633], [99.51314843007292, 18.604606629421415], [99.51680217770566, 18.617063139910037], [99.5215000626148, 18.62413692867959], [99.51143296865695, 18.63499633219228], [99.52219713215149, 18.682757177556567], [99.53102016405741, 18.712486754110895], [99.53269044219351, 18.736643072323325], [99.53211340384995, 18.75097502691622], [99.54132173694104, 18.775185234794986], [99.54111368958634, 18.784505860353697], [99.55055355597823, 18.786990727265625], [99.53616866452397, 18.79849449622665], [99.54240540354023, 18.816000330776372], [99.5337889243769, 18.822487045838788], [99.53906275892915, 18.842721637164278], [99.53045459418091, 18.8526989395291], [99.53917290552985, 18.87070376039461], [99.55376686694127, 18.887675105027512], [99.55200492804545, 18.919129597043334], [99.55906829629973, 18.928385395221166], [99.55974796478613, 18.94853228115053], [99.56930565771825, 18.947248116609767], [99.57419245195301, 18.93739470972311], [99.58857010082062, 18.927889766635065], [99.58863389225408, 18.914405758377562], [99.5768399755084, 18.914779406660287], [99.57861191293242, 18.901241475339006], [99.61308793283017, 18.898323694680396], [99.61768393020877, 18.910400493771608], [99.61438354348331, 18.91526676974898], [99.62222330330552, 18.92335057132164], [99.63142471151423, 18.922076869313354], [99.64213327146904, 18.93519283659565], [99.6471668713833, 18.935694994676883], [99.6416760777102, 18.940748978950307], [99.64624352677767, 18.944245245821623], [99.64159038946197, 18.945044257063007], [99.6469658036091, 18.967617681089706], [99.65914907235742, 18.981446927494012], [99.6692061493328, 18.97621896155966], [99.68544023898254, 18.97760102858467], [99.70448706998408, 18.986205249355393], [99.70892602181866, 18.978660338590934], [99.72849959756863, 18.98413092241687], [99.75675699075252, 18.976107858661766], [99.75412163646997, 18.961868208398684], [99.77278907246809, 18.936364292253973], [99.76579772732477, 18.927806876553056], [99.75618994702793, 18.92958140092667], [99.75673235598593, 18.92481661157618], [99.76355070256214, 18.921812083433434], [99.77093388735004, 18.909759920916432], [99.7802155818984, 18.912174748004002], [99.7827473381457, 18.905286844729783], [99.78822622362308, 18.90418600573586], [99.78780832833284, 18.897694605410493], [99.78728939863382, 18.885446971269417], [99.79942699478008, 18.882214124401457], [99.80037674893286, 18.87641950409403], [99.79813915663011, 18.863612201668108], [99.80508555097522, 18.84509117566996], [99.80088866613937, 18.835756936590656], [99.80474734019852, 18.808315898356906], [99.7944533875022, 18.797060111318977], [99.79613674483248, 18.758216593186972], [99.78610842092142, 18.74231387889237], [99.77780633112661, 18.741006524981074], [99.77630829443876, 18.72169663611926], [99.7770903593651, 18.706284765231967], [99.76368091750243, 18.684816265363423]]]]}}, {"type": "Feature", "properties": {"amp_code": "5207", "amp_th": "วังเหนือ", "amp_en": "Wang Nuea", "pro_code": "52", "pro_th": "ลำปาง", "pro_en": "Lampang", "reg_nesdb": "UpperNorth", "reg_royin": "North", "perimeter": 166.32511332335, "area_sqkm": 920.97999929827}, "geometry": {"type": "MultiPolygon", "coordinates": [[[[99.72623566215825, 19.169817410368392], [99.73922564712542, 19.15864109092876], [99.74260749271835, 19.144423615495388], [99.75802914853317, 19.134040481555484], [99.75733691278214, 19.124147867639095], [99.76300548288879, 19.102957628379905], [99.76528378398609, 19.083767193667317], [99.77391871828239, 19.0763388958286], [99.77353183416547, 19.064269367232445], [99.76134818358749, 19.049067824020696], [99.75248884868972, 19.047127294864474], [99.75743778076689, 19.02711260010121], [99.76611488951576, 19.016855933624246], [99.75543804326996, 19.00657275694319], [99.7606461331889, 18.981299552892498], [99.75675699075252, 18.976107858661766], [99.72849959756863, 18.98413092241687], [99.70892602181866, 18.978660338590934], [99.70448706998408, 18.986205249355393], [99.68544023898254, 18.97760102858467], [99.6692061493328, 18.97621896155966], [99.65914907235742, 18.981446927494012], [99.6469658036091, 18.967617681089706], [99.64159038946197, 18.945044257063007], [99.64624352677767, 18.944245245821623], [99.6416760777102, 18.940748978950307], [99.6471668713833, 18.935694994676883], [99.64213327146904, 18.93519283659565], [99.63142471151423, 18.922076869313354], [99.62222330330552, 18.92335057132164], [99.61438354348331, 18.91526676974898], [99.61768393020877, 18.910400493771608], [99.61308793283017, 18.898323694680396], [99.57861191293242, 18.901241475339006], [99.5768399755084, 18.914779406660287], [99.58863389225408, 18.914405758377562], [99.58857010082062, 18.927889766635065], [99.57419245195301, 18.93739470972311], [99.56930565771825, 18.947248116609767], [99.55974796478613, 18.94853228115053], [99.56196376206356, 18.963544614325986], [99.5494564141623, 18.96831546163067], [99.54519818817842, 18.98958965736407], [99.53801115068798, 18.997516148407126], [99.53743536315926, 19.015142979445102], [99.52855567166041, 19.02594339379935], [99.53360303552623, 19.0296093571863], [99.53800212911628, 19.04546845217621], [99.54885618108477, 19.050680417518745], [99.54799698196932, 19.0561979980885], [99.54409597634815, 19.06179008856214], [99.53489578453124, 19.058475434638492], [99.52636815085621, 19.06243797853202], [99.52708715339773, 19.076041632995288], [99.54006174402606, 19.08483128072853], [99.53456514235448, 19.09503686619771], [99.5393471131809, 19.102099128333574], [99.53789120555507, 19.109943232639704], [99.55261633044397, 19.123103059778185], [99.56018212444067, 19.142286563997423], [99.55302390446106, 19.14503973740981], [99.55038879491146, 19.156723744274895], [99.53646338168542, 19.16313618144168], [99.54094147719606, 19.178070609970344], [99.5378812837847, 19.184292686534935], [99.54107807185954, 19.206051633448727], [99.54413943312879, 19.22125439604316], [99.54930942166278, 19.224112785356823], [99.54588483069415, 19.240412491424596], [99.54845057109381, 19.252514585125905], [99.55941478749345, 19.25871248133429], [99.56313006260795, 19.27821895234644], [99.56487102487601, 19.283766867025513], [99.57103620893862, 19.293171105773666], [99.57823740895883, 19.29382622765027], [99.57783805191038, 19.307491507373495], [99.58005106852133, 19.321485108188142], [99.57558809330462, 19.327707682543796], [99.58037347358301, 19.330229658447962], [99.58118346819012, 19.33802827792383], [99.57356871258457, 19.344739787467557], [99.58099085577082, 19.35421867576899], [99.57538035702514, 19.362489518638508], [99.57604449407143, 19.388907018302312], [99.57138376463894, 19.39393271746359], [99.56340545097068, 19.40430494139964], [99.56565217747, 19.41779917171942], [99.5835483053898, 19.406145921564185], [99.60654719973671, 19.40144372342596], [99.631420230559, 19.384387753753177], [99.64616977751052, 19.388730139385306], [99.66085526641126, 19.38600924291238], [99.67628735103409, 19.391980086047493], [99.68247175555963, 19.390901933490394], [99.68502550096812, 19.383443736481546], [99.69330194210788, 19.383308459850817], [99.69614306474458, 19.380037582380883], [99.69232080892314, 19.360268304515063], [99.70845686883631, 19.339536782417063], [99.70455175419897, 19.322174071819507], [99.69804860921907, 19.303578605330983], [99.702575169796, 19.29761723658438], [99.70547174739117, 19.273780321891827], [99.70266999467941, 19.254845232305346], [99.72050895218318, 19.201862433202155], [99.7292279346305, 19.18118759712179], [99.72623566215825, 19.169817410368392]]]]}}, {"type": "Feature", "properties": {"amp_code": "6014", "amp_th": "แม่เปิน", "amp_en": "Mae Poen", "pro_code": "60", "pro_th": "นครสวรรค์", "pro_en": "Nakhon Sawan", "reg_nesdb": "LowwerNorth", "reg_royin": "Central", "perimeter": 106.34512887937, "area_sqkm": 338.9748333072}, "geometry": {"type": "MultiPolygon", "coordinates": [[[[99.25693251331914, 15.780784758510173], [99.26319147350762, 15.781308410071109], [99.26595572497892, 15.774218391086606], [99.2866489926953, 15.761258500139112], [99.29185020655157, 15.769971193869749], [99.29083295909854, 15.778005068309833], [99.30460061212217, 15.785588177787314], [99.36083906411581, 15.766018801865862], [99.36807126698356, 15.738164247205635], [99.38219935823801, 15.733164287932285], [99.39616243924064, 15.730682630162752], [99.40252969191693, 15.734997974885927], [99.40190010469877, 15.742958140196823], [99.40912964497494, 15.74264297010635], [99.41464670142707, 15.7482907426432], [99.42071594467625, 15.745974929899404], [99.4281680113807, 15.75243337504628], [99.44495251982883, 15.733270215495688], [99.4538778417659, 15.730745372935361], [99.45679197058011, 15.734232284246339], [99.46324287704081, 15.73186817446845], [99.47346919282717, 15.70654549823298], [99.48895171383703, 15.6948097207402], [99.49265452989098, 15.652101203964392], [99.51001582056239, 15.63961282182369], [99.5235057237073, 15.63974150853332], [99.52146072016895, 15.624283856962391], [99.53375169928623, 15.609651772848013], [99.53189774893183, 15.599037143897593], [99.5171864216284, 15.588968392775254], [99.50015240837367, 15.593138153303789], [99.49561409497834, 15.568882591443925], [99.46961127890125, 15.564846465321654], [99.46345665398707, 15.579509702565373], [99.45395849292487, 15.5817579912233], [99.45204897094852, 15.58905312287011], [99.42629619334619, 15.605374158581057], [99.42252642770693, 15.614494320293085], [99.4041284862484, 15.617450171439312], [99.39237877003563, 15.62508025274562], [99.37887034241433, 15.62520568781198], [99.36801868596388, 15.650310641267886], [99.37195177024226, 15.663725853712089], [99.35988814817124, 15.677458283405008], [99.3322869298766, 15.691805247656426], [99.31897843841234, 15.688362521309031], [99.31255090898846, 15.694084319605478], [99.29672879501001, 15.693122067664037], [99.28796140067782, 15.697109391974834], [99.28839444045106, 15.703920909966078], [99.27609730674766, 15.717822015392393], [99.24576076915993, 15.722392127856706], [99.23944146661351, 15.732045474337085], [99.23919275475532, 15.741365471231017], [99.23422897566088, 15.74890619248931], [99.22704608063917, 15.7486809967068], [99.21668073873067, 15.768141246150781], [99.21460345951189, 15.779184109196935], [99.22955992652041, 15.79575262132294], [99.25693251331914, 15.780784758510173]]]]}}, {"type": "Feature", "properties": {"amp_code": "5204", "amp_th": "เสริมงาม", "amp_en": "Soem Ngam", "pro_code": "52", "pro_th": "ลำปาง", "pro_en": "Lampang", "reg_nesdb": "UpperNorth", "reg_royin": "North", "perimeter": 144.26731040397, "area_sqkm": 740.29608956886}, "geometry": {"type": "MultiPolygon", "coordinates": [[[[99.24811281188934, 18.159350546653982], [99.25348717851978, 18.15810075212918], [99.26375346088028, 18.14257358777948], [99.27493767043495, 18.145097738942365], [99.28404726527712, 18.132759463232816], [99.27983142068489, 18.12699910206823], [99.29445466392156, 18.106239693326568], [99.29277717732072, 18.093910381589552], [99.30256314680145, 18.0879976761794], [99.28897587117433, 18.065290069692704], [99.28103713402822, 18.06573901977366], [99.27643478657096, 18.05379334590374], [99.27770318105868, 18.047312032162115], [99.28954630307366, 18.049728282447827], [99.29327704339484, 18.046312875798733], [99.28773389491847, 18.038461072665868], [99.29006909633685, 18.02964501112248], [99.27883935344506, 18.01992021826224], [99.28038364815582, 18.01299784120304], [99.28669529205737, 18.009335891959644], [99.2857518324172, 18.001287312808966], [99.27352656029089, 17.98397572710057], [99.25649642952557, 17.98910467823893], [99.24670608074491, 17.975497326286096], [99.20831261626529, 17.965346759716756], [99.19939767642913, 17.957119648542896], [99.21234482878623, 17.932512848069], [99.21061549793525, 17.915401110042882], [99.21441248254608, 17.913398282830812], [99.20630489909081, 17.90147370156333], [99.2106311929803, 17.885950730858667], [99.20847889072998, 17.88169241730364], [99.19133896045608, 17.881409460620457], [99.18246162921142, 17.8675457634266], [99.18295690321372, 17.860637433221257], [99.16343067831971, 17.876788945454187], [99.16225280199832, 17.88655403302539], [99.14627668437302, 17.898696669349714], [99.14682200708413, 17.910670312954505], [99.10661847606248, 17.913646505680386], [99.1149441752945, 17.928672030656287], [99.11534551759608, 17.946500641051262], [99.10313869564392, 17.94686566271605], [99.09558886998182, 17.953768311592224], [99.09529527211163, 17.976427309657673], [99.10161013119645, 17.982647229708526], [99.09525849369868, 17.996452491042227], [99.1009693683103, 18.001401652525644], [99.09289417653991, 18.014760290526176], [99.0920997061242, 18.024915576549127], [99.0834317338424, 18.03150640735834], [99.0831875602992, 18.0428081775796], [99.07495477731459, 18.054921022784832], [99.07036740809048, 18.062827004946598], [99.07264390037582, 18.09162083370025], [99.0669969632666, 18.098896665126574], [99.07023189361296, 18.10669692241201], [99.06579195824273, 18.110146697451956], [99.06486212795573, 18.140681462328203], [99.05184065789533, 18.161345202624236], [99.0567370631558, 18.174972750864733], [99.04404756035969, 18.19578832342069], [99.0370587863598, 18.200150864112523], [99.02907645374525, 18.215740203967368], [99.02988463314367, 18.2234250264616], [99.01854615634471, 18.25266693743128], [99.02944091261712, 18.265147627813576], [99.05011236752043, 18.265292465021368], [99.06521608588758, 18.272620319496088], [99.08042741078009, 18.268824049344218], [99.08385627915494, 18.279226902703474], [99.09125467544678, 18.280390597140773], [99.10659528539473, 18.265425249850914], [99.11272432859346, 18.267012495990187], [99.11683606191559, 18.27399331782517], [99.11342553574583, 18.294219878340133], [99.11961288904745, 18.298206545113423], [99.13273873476852, 18.279869190154635], [99.14269319437625, 18.27486605725021], [99.1453038090226, 18.26133814530125], [99.15872088183396, 18.24972444999468], [99.15662216355832, 18.24030025113768], [99.16620389104298, 18.221584919542554], [99.17703362006101, 18.216842483530552], [99.18338278964683, 18.20273995866849], [99.21675590645607, 18.190134979207947], [99.21910601000963, 18.176091099389136], [99.24811281188934, 18.159350546653982]]]]}}, {"type": "Feature", "properties": {"amp_code": "6015", "amp_th": "ชุมตาบง", "amp_en": "Chum Ta Bong", "pro_code": "60", "pro_th": "นครสวรรค์", "pro_en": "Nakhon Sawan", "reg_nesdb": "LowwerNorth", "reg_royin": "Central", "perimeter": 90.41890700099, "area_sqkm": 248.68800051229}, "geometry": {"type": "MultiPolygon", "coordinates": [[[[99.64863096274648, 15.685601617717271], [99.64731541588124, 15.671972868978623], [99.65963717894167, 15.673312462006868], [99.66530304698988, 15.667606774780428], [99.6283616143765, 15.640781549799534], [99.59582754007735, 15.629712060835068], [99.57266566200047, 15.607065432912606], [99.56969307643965, 15.599313114416463], [99.56352179493906, 15.592131727652584], [99.54900002409794, 15.588392945635604], [99.52260686601852, 15.569384095473339], [99.51183002482061, 15.56229453565844], [99.4987980465691, 15.565299882787421], [99.49561409497834, 15.568882591443925], [99.50015240837367, 15.593138153303789], [99.5171864216284, 15.588968392775254], [99.53189774893183, 15.599037143897593], [99.53375169928623, 15.609651772848013], [99.52146072016895, 15.624283856962391], [99.5235057237073, 15.63974150853332], [99.51001582056239, 15.63961282182369], [99.49265452989098, 15.652101203964392], [99.48895171383703, 15.6948097207402], [99.47346919282717, 15.70654549823298], [99.46324287704081, 15.73186817446845], [99.45679197058011, 15.734232284246339], [99.45437393466379, 15.743458560336054], [99.44555314184107, 15.751632350730496], [99.44463085033216, 15.761872502620228], [99.46418200854806, 15.761124305562717], [99.48199224515142, 15.766185522286253], [99.49856070074567, 15.76797889047684], [99.50647838018317, 15.763492432036545], [99.50551704255803, 15.752019078496849], [99.5113981640024, 15.745095144065814], [99.54270336301107, 15.732879458193555], [99.5616415443341, 15.728311381145668], [99.57092090453442, 15.738540112131496], [99.59424409269057, 15.736791808003339], [99.61618273638929, 15.71807530977048], [99.63628019888066, 15.732271799282378], [99.6345058352594, 15.728388554220363], [99.6434028336777, 15.711418932424522], [99.66168731796957, 15.69962338991889], [99.67624459795154, 15.700572125922886], [99.67192407358452, 15.69389686070605], [99.64863096274648, 15.685601617717271]]]]}}, {"type": "Feature", "properties": {"amp_code": "5205", "amp_th": "งาว", "amp_en": "Ngao", "pro_code": "52", "pro_th": "ลำปาง", "pro_en": "Lampang", "reg_nesdb": "UpperNorth", "reg_royin": "North", "perimeter": 216.07906991987, "area_sqkm": 1523.51696283343}, "geometry": {"type": "MultiPolygon", "coordinates": [[[[100.10466742665743, 18.690095176899877], [100.11147590189834, 18.67148124875884], [100.10508054683895, 18.66321880352877], [100.10715048953064, 18.65264385688009], [100.09985629067926, 18.631338568839638], [100.10584943022802, 18.617680575699698], [100.12052339027682, 18.60143730581221], [100.11033836338673, 18.59005371938627], [100.1125850431776, 18.577745981933788], [100.10702991631716, 18.57007822224878], [100.10900478839254, 18.562987445518186], [100.10547999685754, 18.559774089976653], [100.08991832300747, 18.57284824227275], [100.07638166024645, 18.56090697310423], [100.05620145590039, 18.557997020476567], [100.05209418953775, 18.542565700786618], [100.04910493524167, 18.531198045663483], [100.03745486729888, 18.536246247549993], [100.02918210802444, 18.546703221532816], [100.00879375899264, 18.551126150461087], [99.99942859270732, 18.548007344006045], [99.97839540917492, 18.555331342944193], [99.96561060704703, 18.55284870846862], [99.96024027375609, 18.561370987974982], [99.95267429529235, 18.558115298643223], [99.95084219461754, 18.56146827615982], [99.92921040285452, 18.562439075538034], [99.92827167230443, 18.55114834608135], [99.91464691691242, 18.552458586285322], [99.90580309838597, 18.545628405226825], [99.89918071581856, 18.547655024294016], [99.89505547308927, 18.529104167177223], [99.87727773735375, 18.526353193026157], [99.88115912186106, 18.51411104618403], [99.86940103700304, 18.4918047963131], [99.8391530628781, 18.487351397104813], [99.83433394498088, 18.4820180106909], [99.81913304649082, 18.49577949302499], [99.82631012311205, 18.528850119614503], [99.82165868934389, 18.546761074120756], [99.80605691047309, 18.553732900721727], [99.79380635708078, 18.5655357328793], [99.80311435270667, 18.575540296606633], [99.80356350967114, 18.595295257765255], [99.80686628381561, 18.603041990801408], [99.8146482413572, 18.606601975229427], [99.8163169710241, 18.622362656433786], [99.82622526015038, 18.630598728244824], [99.82516097792141, 18.638293019895595], [99.83680342221189, 18.656488965466195], [99.83369961579976, 18.661721786635113], [99.82267166468073, 18.65806172583944], [99.81758041813303, 18.66156330863946], [99.7767041824058, 18.661736757260584], [99.75918982539702, 18.677678012469006], [99.76368091750243, 18.684816265363423], [99.7770903593651, 18.706284765231967], [99.77630829443876, 18.72169663611926], [99.77780633112661, 18.741006524981074], [99.78610842092142, 18.74231387889237], [99.79613674483248, 18.758216593186972], [99.7944533875022, 18.797060111318977], [99.80474734019852, 18.808315898356906], [99.80088866613937, 18.835756936590656], [99.80508555097522, 18.84509117566996], [99.79813915663011, 18.863612201668108], [99.80037674893286, 18.87641950409403], [99.79942699478008, 18.882214124401457], [99.78728939863382, 18.885446971269417], [99.78780832833284, 18.897694605410493], [99.78822622362308, 18.90418600573586], [99.7827473381457, 18.905286844729783], [99.7802155818984, 18.912174748004002], [99.77093388735004, 18.909759920916432], [99.76355070256214, 18.921812083433434], [99.75673235598593, 18.92481661157618], [99.75618994702793, 18.92958140092667], [99.76579772732477, 18.927806876553056], [99.77278907246809, 18.936364292253973], [99.75412163646997, 18.961868208398684], [99.75675699075252, 18.976107858661766], [99.7606461331889, 18.981299552892498], [99.75543804326996, 19.00657275694319], [99.76611488951576, 19.016855933624246], [99.75743778076689, 19.02711260010121], [99.75248884868972, 19.047127294864474], [99.76134818358749, 19.049067824020696], [99.77353183416547, 19.064269367232445], [99.79433023939744, 19.05348122833089], [99.81986358238869, 19.06081147673498], [99.82048929093538, 19.04587744616337], [99.83294607242044, 19.040415340390798], [99.82967204334531, 19.031736561663507], [99.83446461696346, 19.02755121815974], [99.82928511724715, 19.012279521874422], [99.8395276288276, 19.001452246588748], [99.87106572858549, 18.996571113432623], [99.88219076026294, 19.000359072378195], [99.88924255902106, 18.98887562690515], [99.90610449733217, 18.983394351719767], [99.91036005477484, 18.98828498423555], [99.9257683764314, 18.979795317169845], [99.93985575728337, 18.960246725777225], [99.94549386761413, 18.942734146953136], [99.99641886359515, 18.905534600621053], [100.00446141482908, 18.90631815039274], [100.01715210307836, 18.89606816550333], [100.02682232598605, 18.898573495998424], [100.03279302568934, 18.902441978458736], [100.04115817150004, 18.890723371628173], [100.05934938163698, 18.880148329094116], [100.06738990274032, 18.867282842355063], [100.07058429522131, 18.86432308699262], [100.06903646513076, 18.846527635150085], [100.06214990463276, 18.83566773137981], [100.06703105873356, 18.829467838337592], [100.06709371380406, 18.817403580917247], [100.08816806240976, 18.82769196634696], [100.09854387713933, 18.815025123148004], [100.11419157561629, 18.80912973960239], [100.11535181703864, 18.799711261422022], [100.12174241630218, 18.798474500739808], [100.12577040987759, 18.784134151741963], [100.11541303122671, 18.776943320450737], [100.11540521601735, 18.765838562847506], [100.10114360356604, 18.751266856226422], [100.10194100614758, 18.738474215981547], [100.09672193910056, 18.72948855697539], [100.10138897204965, 18.724458259540494], [100.10365207007386, 18.70507150684175], [100.10794001341, 18.703393639818213], [100.1084824401286, 18.691572758457735], [100.10466742665743, 18.690095176899877]]]]}}, {"type": "Feature", "properties": {"amp_code": "6012", "amp_th": "ตากฟ้า", "amp_en": "Tak Fa", "pro_code": "60", "pro_th": "นครสวรรค์", "pro_en": "Nakhon Sawan", "reg_nesdb": "LowwerNorth", "reg_royin": "Central", "perimeter": 134.80483159326, "area_sqkm": 490.84012623449}, "geometry": {"type": "MultiPolygon", "coordinates": [[[[100.47997454382981, 15.258992836841959], [100.46734970774614, 15.25957857661334], [100.455267311851, 15.253944972852965], [100.45011682840452, 15.240338024864842], [100.42608974396931, 15.238087678091004], [100.42115661771525, 15.24438161889524], [100.40814415090856, 15.24235310697806], [100.42131386382555, 15.246480980318708], [100.41655535442992, 15.263769264815906], [100.42765565277197, 15.295532813046794], [100.41914937851207, 15.307512254446685], [100.40942556886647, 15.307223514709108], [100.39744194813267, 15.314607639385207], [100.40323602588478, 15.329473819642148], [100.40793815134073, 15.341448651453799], [100.40805832493405, 15.366659979892452], [100.41382439185148, 15.38218225248573], [100.42139865432524, 15.384036632449112], [100.41598322876108, 15.422691746479341], [100.37897761551284, 15.423360726591646], [100.36579732946133, 15.43271588341818], [100.3548205500691, 15.431603603513352], [100.35056821506765, 15.43715218961153], [100.350534869712, 15.444330280144863], [100.33375666935237, 15.44772192377946], [100.32798246195354, 15.453518812548742], [100.31801204773726, 15.449417062181404], [100.32155153799496, 15.453628424195676], [100.34732252851677, 15.469086575543454], [100.36309036545866, 15.489634411585824], [100.37809516459187, 15.49795526148888], [100.38419300452645, 15.512030912161546], [100.39828749892843, 15.518834031273306], [100.41013840332323, 15.538052430688758], [100.41925803414308, 15.537371423920211], [100.43169483744688, 15.527161275878957], [100.4526910114071, 15.53054339492113], [100.47367755788838, 15.52831415599444], [100.49358707936288, 15.502717467841448], [100.49495997337627, 15.493207903696975], [100.4847164069605, 15.486908332486255], [100.48058168865477, 15.477992674541804], [100.48258971084671, 15.462053803164615], [100.48938792935678, 15.45509281454721], [100.50131752233919, 15.43973548215401], [100.50383910330821, 15.413176518184907], [100.51149336281433, 15.407093834562767], [100.51310333683779, 15.406197135733535], [100.53914501313221, 15.379715141878828], [100.55029739292578, 15.384051739731962], [100.54826453361277, 15.394799757012548], [100.55266651495788, 15.40360830649373], [100.57301644432093, 15.39825597820839], [100.57869058746518, 15.401965400369857], [100.60387791043959, 15.40298943080524], [100.60208857904264, 15.397585249527099], [100.5921955414524, 15.394676042158823], [100.59058099364469, 15.382334993214418], [100.59803960441532, 15.376292822129184], [100.59346097229917, 15.362848935807772], [100.59926717600663, 15.342798494849143], [100.61222799328335, 15.333369071540396], [100.62034178767043, 15.342020562778739], [100.62992298818695, 15.340519411258361], [100.63084631432429, 15.331684972660922], [100.63541557852385, 15.328778654561255], [100.63350723070349, 15.323258089144964], [100.62317664616772, 15.319787168512532], [100.62189419085273, 15.312655434541165], [100.61407233436289, 15.306856624794122], [100.61167821075642, 15.294709982574926], [100.59361578407437, 15.287704993034172], [100.59733255671642, 15.279311580428704], [100.58986438119875, 15.267985849849849], [100.57837560678733, 15.268164222804414], [100.58004710444189, 15.275123051001518], [100.56900283724303, 15.28192502859701], [100.54205831225462, 15.284222631691057], [100.53157665534866, 15.280678157361127], [100.52546801210094, 15.26956889470792], [100.51817225522595, 15.273736516038394], [100.51163539326757, 15.267143204937172], [100.47997454382981, 15.258992836841959]]]]}}, {"type": "Feature", "properties": {"amp_code": "5202", "amp_th": "แม่เมาะ", "amp_en": "Mae Mo", "pro_code": "52", "pro_th": "ลำปาง", "pro_en": "Lampang", "reg_nesdb": "UpperNorth", "reg_royin": "North", "perimeter": 209.29956612415, "area_sqkm": 1134.31683400966}, "geometry": {"type": "MultiPolygon", "coordinates": [[[[99.86403880164536, 18.279972978809415], [99.85840411885412, 18.284214387518432], [99.85058513114949, 18.25586335435087], [99.84506301115263, 18.256645842848943], [99.83257250473314, 18.235861994378734], [99.82746120566053, 18.23765439023307], [99.82139192238763, 18.237888373287607], [99.80975191360467, 18.22615726232868], [99.80110417619635, 18.214670477514552], [99.79905617019955, 18.200027688330504], [99.79114982965017, 18.193136371006712], [99.77564337854767, 18.19526929879182], [99.7540171434704, 18.212226838111402], [99.73257909463948, 18.215830154168575], [99.73098825260557, 18.229783898011082], [99.71412584842012, 18.23266389458606], [99.70513726671601, 18.23006828127751], [99.69973933633507, 18.22317293815362], [99.69274164649566, 18.227597554762035], [99.6826771750848, 18.217414017930004], [99.67255414374115, 18.224308460033367], [99.66031133210879, 18.2195111853307], [99.65426011751377, 18.222149550138962], [99.65209480570674, 18.218312395028494], [99.63349045888376, 18.222135694707134], [99.62584985680522, 18.239333003745553], [99.62898149276369, 18.258955516671953], [99.62455101278047, 18.277030160327577], [99.6353190232001, 18.293921632608413], [99.62767159296384, 18.310144022914184], [99.6305307828812, 18.311710591695462], [99.6362157905374, 18.323311101077472], [99.64369300660655, 18.326069697796203], [99.64815062763026, 18.34030960725455], [99.65538430537657, 18.339887214744753], [99.67933710910384, 18.40005162600639], [99.68720018619452, 18.402717753834448], [99.69773042386039, 18.418611797491973], [99.70628902056858, 18.419890640012756], [99.71204924394108, 18.428649262270902], [99.7069889620941, 18.442737604559582], [99.72356697291826, 18.447212025267387], [99.72894342607593, 18.45268068681379], [99.74162018085036, 18.469469756690106], [99.75505691939414, 18.501467324566313], [99.76923294749433, 18.507067729770917], [99.77239684371875, 18.51866240095611], [99.7671054678565, 18.539027378281904], [99.74369385030823, 18.54626855020946], [99.74265815627116, 18.55080381954974], [99.73434026041991, 18.552966952545393], [99.73272619506238, 18.560817809873093], [99.7203184018462, 18.56389315410375], [99.71547421851079, 18.569560057506816], [99.71178877051759, 18.578489550224255], [99.71575910026793, 18.60473873252854], [99.72595482667435, 18.612809742222076], [99.73506063721604, 18.61546532374008], [99.74380393800753, 18.612622588697857], [99.76504767650766, 18.62425562648253], [99.76782390290474, 18.634663329817403], [99.75984850687192, 18.645121509055897], [99.76790822460177, 18.65342463035238], [99.75918982539702, 18.677678012469006], [99.7767041824058, 18.661736757260584], [99.81758041813303, 18.66156330863946], [99.82267166468073, 18.65806172583944], [99.83369961579976, 18.661721786635113], [99.83680342221189, 18.656488965466195], [99.82516097792141, 18.638293019895595], [99.82622526015038, 18.630598728244824], [99.8163169710241, 18.622362656433786], [99.8146482413572, 18.606601975229427], [99.80686628381561, 18.603041990801408], [99.80356350967114, 18.595295257765255], [99.80311435270667, 18.575540296606633], [99.79380635708078, 18.5655357328793], [99.80605691047309, 18.553732900721727], [99.82165868934389, 18.546761074120756], [99.82631012311205, 18.528850119614503], [99.81913304649082, 18.49577949302499], [99.83433394498088, 18.4820180106909], [99.8391530628781, 18.487351397104813], [99.86940103700304, 18.4918047963131], [99.88115912186106, 18.51411104618403], [99.87727773735375, 18.526353193026157], [99.89505547308927, 18.529104167177223], [99.89918071581856, 18.547655024294016], [99.90580309838597, 18.545628405226825], [99.91464691691242, 18.552458586285322], [99.92827167230443, 18.55114834608135], [99.92921040285452, 18.562439075538034], [99.95084219461754, 18.56146827615982], [99.95267429529235, 18.558115298643223], [99.96024027375609, 18.561370987974982], [99.96561060704703, 18.55284870846862], [99.97839540917492, 18.555331342944193], [99.99942859270732, 18.548007344006045], [100.00879375899264, 18.551126150461087], [100.02918210802444, 18.546703221532816], [100.03745486729888, 18.536246247549993], [100.04910493524167, 18.531198045663483], [100.05675320888781, 18.526962298303665], [100.05628029622982, 18.51667074358179], [100.04915570096043, 18.496981580654523], [100.04053796292284, 18.487155101178608], [100.03015553422573, 18.46950153724651], [100.0237849906666, 18.469113574764375], [100.0279209534911, 18.46410725462765], [100.02137838155278, 18.447707566005157], [100.00445637214533, 18.44578715586369], [100.01401636710594, 18.43746848160714], [99.99981655315203, 18.401862854235493], [99.99091748473235, 18.398599572464224], [99.98720097545821, 18.391798071545697], [99.96637924755046, 18.393685337563912], [99.96916721762926, 18.385134336329767], [99.96135133840572, 18.383960733327886], [99.95553283733565, 18.376772634788182], [99.9495089798498, 18.363747252314916], [99.95103238159531, 18.355674975125], [99.93953887111012, 18.35114441322131], [99.93632571026095, 18.327729720174947], [99.92695770124192, 18.313331434123143], [99.9079471937848, 18.282458178186033], [99.90669400377917, 18.280130195265816], [99.88895184381713, 18.282938314953302], [99.87368924305527, 18.278251532482848], [99.86403880164536, 18.279972978809415]]]]}}, {"type": "Feature", "properties": {"amp_code": "6013", "amp_th": "แม่วงก์", "amp_en": "Mae Wong", "pro_code": "60", "pro_th": "นครสวรรค์", "pro_en": "Nakhon Sawan", "reg_nesdb": "LowwerNorth", "reg_royin": "Central", "perimeter": 199.91309841698, "area_sqkm": 1025.77042873699}, "geometry": {"type": "MultiPolygon", "coordinates": [[[[99.64033137993414, 15.80326696160381], [99.62992429468748, 15.772716804145304], [99.63534497071865, 15.763591958580776], [99.63372145769499, 15.755011916785381], [99.64070165531064, 15.745555829883422], [99.63628019888066, 15.732271799282378], [99.61618273638929, 15.71807530977048], [99.59424409269057, 15.736791808003339], [99.57092090453442, 15.738540112131496], [99.5616415443341, 15.728311381145668], [99.54270336301107, 15.732879458193555], [99.5113981640024, 15.745095144065814], [99.50551704255803, 15.752019078496849], [99.50647838018317, 15.763492432036545], [99.49856070074567, 15.76797889047684], [99.48199224515142, 15.766185522286253], [99.46418200854806, 15.761124305562717], [99.44463085033216, 15.761872502620228], [99.44555314184107, 15.751632350730496], [99.45437393466379, 15.743458560336054], [99.45679197058011, 15.734232284246339], [99.4538778417659, 15.730745372935361], [99.44495251982883, 15.733270215495688], [99.4281680113807, 15.75243337504628], [99.42071594467625, 15.745974929899404], [99.41464670142707, 15.7482907426432], [99.40912964497494, 15.74264297010635], [99.40190010469877, 15.742958140196823], [99.40252969191693, 15.734997974885927], [99.39616243924064, 15.730682630162752], [99.38219935823801, 15.733164287932285], [99.36807126698356, 15.738164247205635], [99.36083906411581, 15.766018801865862], [99.30460061212217, 15.785588177787314], [99.29083295909854, 15.778005068309833], [99.29185020655157, 15.769971193869749], [99.2866489926953, 15.761258500139112], [99.26595572497892, 15.774218391086606], [99.26319147350762, 15.781308410071109], [99.25693251331914, 15.780784758510173], [99.22955992652041, 15.79575262132294], [99.21460345951189, 15.779184109196935], [99.21668073873067, 15.768141246150781], [99.20205201048113, 15.76687832792218], [99.19218536098964, 15.779679693597268], [99.18656212145181, 15.783689566438063], [99.1658130964101, 15.77757458627171], [99.16127724339411, 15.791375069928387], [99.13375477005383, 15.79821373854917], [99.12392637571794, 15.814379614173165], [99.1032846921566, 15.821103045196484], [99.1036601955606, 15.82726401944177], [99.096188426695, 15.831504099407702], [99.09875836924462, 15.853784544453392], [99.09407088668262, 15.86117954163364], [99.09733105245842, 15.871262828603873], [99.08672969091691, 15.886771854633812], [99.09524443324085, 15.883340781972601], [99.12868573815345, 15.91273225105851], [99.13813792040834, 15.905760709399171], [99.1482012584308, 15.90944143320945], [99.15341393413075, 15.920140600559824], [99.17339485476055, 15.928440450455199], [99.17219091352186, 15.937195975270813], [99.18643020265858, 15.928567449589044], [99.19501957936563, 15.938598152127483], [99.19425087348289, 15.945076327024527], [99.20446782738114, 15.936340589948637], [99.20823142351463, 15.948691881889182], [99.21678427078776, 15.944119160381161], [99.21327275101449, 15.939458926483418], [99.21843875568847, 15.936859149937913], [99.22240509356634, 15.944801638002065], [99.23391237416908, 15.928609346912017], [99.2667016964264, 15.907386197794771], [99.27056021056778, 15.912332167539384], [99.27384356860236, 15.904199550779861], [99.28986211270936, 15.891887061695288], [99.2896120280996, 15.904806170642164], [99.2942985840125, 15.903040346150883], [99.29719570477, 15.908964635279704], [99.3090850771054, 15.904136193878305], [99.31016636834468, 15.917433080081594], [99.3194430618395, 15.917471536588497], [99.31940114737841, 15.927527900118797], [99.32739082635726, 15.920792143837858], [99.3300669409636, 15.911491162515023], [99.3506916382066, 15.92381571206537], [99.35700558560234, 15.926411243637666], [99.3734866211237, 15.915669411082543], [99.38573117777453, 15.916930483736783], [99.40471500527381, 15.911007095826232], [99.40886638404373, 15.91414530884739], [99.41322531491093, 15.910492634952321], [99.4249619617739, 15.921291103939982], [99.43146690086066, 15.909019559448138], [99.43652300832719, 15.91049766015918], [99.44625619742408, 15.902469205908787], [99.4510094894977, 15.904857273993168], [99.47644281068169, 15.902633027225827], [99.48116821213033, 15.910825452517347], [99.47767083503607, 15.92124418747188], [99.50176030380763, 15.928577650506364], [99.51222692083402, 15.92335494468585], [99.52464342567605, 15.925185138860156], [99.52839626069675, 15.920929359479864], [99.54038194379945, 15.926304577155296], [99.55361364128242, 15.916065841100435], [99.55635289488286, 15.905953039083126], [99.57252385829449, 15.904194296709127], [99.58111028439774, 15.903253802282613], [99.59404458737619, 15.911272235043471], [99.62795569638646, 15.915112117743798], [99.6469657683193, 15.9078104197302], [99.68244266996058, 15.867214539355565], [99.69945328002628, 15.828866843523024], [99.69560575928529, 15.825042854309139], [99.69169519115853, 15.827864539503821], [99.68498289115192, 15.821970257313142], [99.65963018480586, 15.815480028536234], [99.64108701059963, 15.807876325387472], [99.64033137993414, 15.80326696160381]]]]}}, {"type": "Feature", "properties": {"amp_code": "5203", "amp_th": "เกาะคา", "amp_en": "Ko Kha", "pro_code": "52", "pro_th": "ลำปาง", "pro_en": "Lampang", "reg_nesdb": "UpperNorth", "reg_royin": "North", "perimeter": 114.34120268596, "area_sqkm": 513.55212538007}, "geometry": {"type": "MultiPolygon", "coordinates": [[[[99.43166231611265, 18.128971484336848], [99.43495342895102, 18.12623111426397], [99.42946756158345, 18.107197366575722], [99.43314697239954, 18.095302564902315], [99.4341223436751, 18.088395060820748], [99.44028291949468, 18.081954824356277], [99.4338025774557, 18.060170040727666], [99.4249707967318, 18.05095241260349], [99.43291141528968, 18.04183876383176], [99.43005115495042, 18.03195259276547], [99.44224498535178, 18.03281426033472], [99.44248486015717, 18.02412440430052], [99.42183999627751, 18.00693756512087], [99.40232713646147, 18.00739597299147], [99.39407452054118, 18.011924268775168], [99.38658134745555, 18.008862895809127], [99.3772857421863, 18.014308839316406], [99.3605514424223, 18.012651648943457], [99.35616667967429, 17.994571429604395], [99.3275326711272, 17.986443169746384], [99.28306865133143, 17.97767343432348], [99.27352656029089, 17.98397572710057], [99.2857518324172, 18.001287312808966], [99.28669529205737, 18.009335891959644], [99.28038364815582, 18.01299784120304], [99.27883935344506, 18.01992021826224], [99.29006909633685, 18.02964501112248], [99.28773389491847, 18.038461072665868], [99.29327704339484, 18.046312875798733], [99.28954630307366, 18.049728282447827], [99.27770318105868, 18.047312032162115], [99.27643478657096, 18.05379334590374], [99.28103713402822, 18.06573901977366], [99.28897587117433, 18.065290069692704], [99.30256314680145, 18.0879976761794], [99.29277717732072, 18.093910381589552], [99.29445466392156, 18.106239693326568], [99.27983142068489, 18.12699910206823], [99.28404726527712, 18.132759463232816], [99.27493767043495, 18.145097738942365], [99.26375346088028, 18.14257358777948], [99.25348717851978, 18.15810075212918], [99.24811281188934, 18.159350546653982], [99.21910601000963, 18.176091099389136], [99.21675590645607, 18.190134979207947], [99.22918627436296, 18.21002087900299], [99.24988620156326, 18.21292121519705], [99.27299740966846, 18.233696045583592], [99.29460677374836, 18.259921534631797], [99.28788825251974, 18.292852673077398], [99.30697036150896, 18.294470202210288], [99.32566698127279, 18.296592620713003], [99.34528407880603, 18.28490334696662], [99.35328330432624, 18.270690752434817], [99.37131553313353, 18.266937360141497], [99.38912165974972, 18.261843949286465], [99.4053969156826, 18.263259674119226], [99.41192026362269, 18.23137577594104], [99.4214710454538, 18.22430743524552], [99.43241540531083, 18.220566085820685], [99.42678445791097, 18.177834450076887], [99.4326915116435, 18.15372174709098], [99.42701434703007, 18.14378776180746], [99.43166231611265, 18.128971484336848]]]]}}, {"type": "Feature", "properties": {"amp_code": "6010", "amp_th": "พยุหะคีรี", "amp_en": "Phayuha Khiri", "pro_code": "60", "pro_th": "นครสวรรค์", "pro_en": "Nakhon Sawan", "reg_nesdb": "LowwerNorth", "reg_royin": "Central", "perimeter": 130.06845852592, "area_sqkm": 660.76060854274}, "geometry": {"type": "MultiPolygon", "coordinates": [[[[100.22323011308927, 15.396610045942477], [100.21910825336171, 15.395488090004545], [100.21350958646651, 15.377766848671083], [100.2198839208693, 15.36898208392209], [100.21713453525571, 15.36356568965488], [100.19258823963303, 15.376233603338997], [100.18204053471048, 15.38113828985527], [100.16312695135782, 15.381448069463957], [100.15323579032035, 15.389236095304133], [100.1441390793721, 15.390576814348728], [100.14620757514179, 15.39346216112343], [100.140100050465, 15.404262851284805], [100.12937174870005, 15.40513793303826], [100.12489187655589, 15.412342469219574], [100.10199126568251, 15.417474120691281], [100.07737736495807, 15.426620829769089], [100.06300138599123, 15.42555338991061], [100.05365699503804, 15.425143684026786], [100.06080107145904, 15.438539092409119], [100.04965687248036, 15.442887027676129], [100.03919633848606, 15.461322850715709], [100.01324584928628, 15.47284543313469], [100.02391747090422, 15.481841629527162], [100.03506367296082, 15.510027203495108], [100.04742043562352, 15.522715862951085], [100.04623791842374, 15.526376832568735], [100.05490143255508, 15.534204501155868], [100.08087386245737, 15.5421815384797], [100.09395082016309, 15.539271913658897], [100.109300908437, 15.554813011940169], [100.11386309088533, 15.555803539294223], [100.12713875127876, 15.559052337107566], [100.13661950530141, 15.56781579792783], [100.1394322237924, 15.582840327002202], [100.13473784929721, 15.600676440514775], [100.14060801739312, 15.614528053657194], [100.14152045186873, 15.611703076071779], [100.14350484517674, 15.603082897944715], [100.15048906423074, 15.604064489859196], [100.15799378351893, 15.597959781312598], [100.17455602135155, 15.597169127840125], [100.1889941199674, 15.591036450061013], [100.19527808188975, 15.598477713250288], [100.193635687665, 15.608395733174971], [100.2027111352504, 15.618766007721637], [100.20938255970046, 15.620269389812735], [100.21952407379587, 15.631562881011094], [100.24071876423024, 15.636526194469464], [100.25191682434057, 15.63582419916529], [100.24997040791865, 15.630381453208658], [100.26211274585197, 15.627817224411794], [100.26507363326569, 15.608998208912956], [100.271648232031, 15.60405893420134], [100.27587350769792, 15.574295481714296], [100.28906079444032, 15.57493498485991], [100.2953917898557, 15.56066960097909], [100.32640663921342, 15.582803900112586], [100.33963147218732, 15.597880476812678], [100.34427385733713, 15.592569054816506], [100.35073102476831, 15.587801159754825], [100.3817390303422, 15.592404631506625], [100.38483087316317, 15.573067614415452], [100.41013840332323, 15.538052430688758], [100.39828749892843, 15.518834031273306], [100.38419300452645, 15.512030912161546], [100.37809516459187, 15.49795526148888], [100.36309036545866, 15.489634411585824], [100.34732252851677, 15.469086575543454], [100.32155153799496, 15.453628424195676], [100.29606354629225, 15.453225270061521], [100.24675548491923, 15.4305883927084], [100.24267674483471, 15.412851720326048], [100.22323011308927, 15.396610045942477]]]]}}, {"type": "Feature", "properties": {"amp_code": "6011", "amp_th": "ลาดยาว", "amp_en": "Lat Yao", "pro_code": "60", "pro_th": "นครสวรรค์", "pro_en": "Nakhon Sawan", "reg_nesdb": "LowwerNorth", "reg_royin": "Central", "perimeter": 135.96608513944, "area_sqkm": 743.00698211875}, "geometry": {"type": "MultiPolygon", "coordinates": [[[[99.86349524448178, 15.644474688542752], [99.86560293439801, 15.619177362500617], [99.86254808124814, 15.617535084749376], [99.85008687275904, 15.620223325854734], [99.82593777662672, 15.629850373236714], [99.79519076738612, 15.64194984191908], [99.79106871936007, 15.649783216919118], [99.76451522710454, 15.660802319937615], [99.74807047657836, 15.676792191319258], [99.73178046674929, 15.688151875084957], [99.71844103916845, 15.681505295043104], [99.7054669876911, 15.685398599056507], [99.66530304698988, 15.667606774780428], [99.65963717894167, 15.673312462006868], [99.64731541588124, 15.671972868978623], [99.64863096274648, 15.685601617717271], [99.67192407358452, 15.69389686070605], [99.67624459795154, 15.700572125922886], [99.66168731796957, 15.69962338991889], [99.6434028336777, 15.711418932424522], [99.6345058352594, 15.728388554220363], [99.63628019888066, 15.732271799282378], [99.64070165531064, 15.745555829883422], [99.63372145769499, 15.755011916785381], [99.63534497071865, 15.763591958580776], [99.62992429468748, 15.772716804145304], [99.64033137993414, 15.80326696160381], [99.64108701059963, 15.807876325387472], [99.65963018480586, 15.815480028536234], [99.68498289115192, 15.821970257313142], [99.69169519115853, 15.827864539503821], [99.69560575928529, 15.825042854309139], [99.69945328002628, 15.828866843523024], [99.68244266996058, 15.867214539355565], [99.68803901852685, 15.872901064815217], [99.70918246116301, 15.879691888189745], [99.71581255071878, 15.873624593592263], [99.72766118994942, 15.872043776246635], [99.73975806173098, 15.858232727967476], [99.75106907445526, 15.880121185458124], [99.77216333712141, 15.89920007832874], [99.76964542737512, 15.919179155325871], [99.78696681357376, 15.926677353587936], [99.80471291590287, 15.920429851259806], [99.81914648718859, 15.915836493227424], [99.83505290474687, 15.911078312211465], [99.83838070005672, 15.914563780088141], [99.86182404601814, 15.901202419646346], [99.86714316976695, 15.90419134041973], [99.86457556810423, 15.909807336786209], [99.88055260761693, 15.91307840875799], [99.88761231467383, 15.90718055293592], [99.90044873079111, 15.889666363978629], [99.90802169284474, 15.876421105988388], [99.92982810273071, 15.837876548918862], [99.90666614273957, 15.830915811238034], [99.88834777566845, 15.81327385481574], [99.90585818496659, 15.798604768922546], [99.90183946041223, 15.791210093828603], [99.90660524946135, 15.778300860841869], [99.91891481249266, 15.782007453879833], [99.9268394587582, 15.776099219216086], [99.93066653516547, 15.768856848621091], [99.93746970116801, 15.767546298464875], [99.9333456832412, 15.747667819177419], [99.94573517282922, 15.720647007177767], [99.92923144246738, 15.70826913404094], [99.93112337051933, 15.6957750394715], [99.9273564146353, 15.685592026273524], [99.93193853793528, 15.673380281121783], [99.86814117161688, 15.655929034149466], [99.86349524448178, 15.644474688542752]]]]}}, {"type": "Feature", "properties": {"amp_code": "5211", "amp_th": "สบปราบ", "amp_en": "Sop Prap", "pro_code": "52", "pro_th": "ลำปาง", "pro_en": "Lampang", "reg_nesdb": "UpperNorth", "reg_royin": "North", "perimeter": 98.60267565202, "area_sqkm": 495.07520874729}, "geometry": {"type": "MultiPolygon", "coordinates": [[[[99.41646491040132, 17.83641000198792], [99.41222699317522, 17.824891350564698], [99.39341113739822, 17.815427116585063], [99.38571692124704, 17.790125107701062], [99.36734175384599, 17.773974374728724], [99.35904914844177, 17.768654637255295], [99.34833238551128, 17.77479433570941], [99.32429686421904, 17.76522965670712], [99.31011958264858, 17.77708886724327], [99.31139538672628, 17.78548949801595], [99.28382970309393, 17.797310038144236], [99.27242167968419, 17.814398209032124], [99.2499672291896, 17.836308771360066], [99.23088761213445, 17.847323377123857], [99.22346996009121, 17.88139221548858], [99.2166335828993, 17.88955398682059], [99.2106311929803, 17.885950730858667], [99.20630489909081, 17.90147370156333], [99.21441248254608, 17.913398282830812], [99.21061549793525, 17.915401110042882], [99.21234482878623, 17.932512848069], [99.19939767642913, 17.957119648542896], [99.20831261626529, 17.965346759716756], [99.24670608074491, 17.975497326286096], [99.25649642952557, 17.98910467823893], [99.27352656029089, 17.98397572710057], [99.28306865133143, 17.97767343432348], [99.3275326711272, 17.986443169746384], [99.35616667967429, 17.994571429604395], [99.3605514424223, 18.012651648943457], [99.3772857421863, 18.014308839316406], [99.38658134745555, 18.008862895809127], [99.39407452054118, 18.011924268775168], [99.40232713646147, 18.00739597299147], [99.42183999627751, 18.00693756512087], [99.4212789682562, 17.986980722278286], [99.40333198903872, 17.979332772146385], [99.40413391848713, 17.972972516891176], [99.41639975521733, 17.96703653514884], [99.41831754087504, 17.95198330213335], [99.45608743274279, 17.938477270552664], [99.47551430354264, 17.92177619328189], [99.4817674458763, 17.921016261642645], [99.4840722956333, 17.916190772821807], [99.47532577852512, 17.89421037489438], [99.45573071004722, 17.880171782360517], [99.44287602117026, 17.8638709948415], [99.42129934376428, 17.850513422167268], [99.41646550023195, 17.836410000730186], [99.41646491040132, 17.83641000198792]]]]}}, {"type": "Feature", "properties": {"amp_code": "5212", "amp_th": "ห้างฉัตร", "amp_en": "Hang Chat", "pro_code": "52", "pro_th": "ลำปาง", "pro_en": "Lampang", "reg_nesdb": "UpperNorth", "reg_royin": "North", "perimeter": 117.88666539198, "area_sqkm": 610.62582158546}, "geometry": {"type": "MultiPolygon", "coordinates": [[[[99.29460677374836, 18.259921534631797], [99.27299740966846, 18.233696045583592], [99.24988620156326, 18.21292121519705], [99.22918627436296, 18.21002087900299], [99.21675590645607, 18.190134979207947], [99.18338278964683, 18.20273995866849], [99.17703362006101, 18.216842483530552], [99.16620389104298, 18.221584919542554], [99.15662216355832, 18.24030025113768], [99.15872088183396, 18.24972444999468], [99.1453038090226, 18.26133814530125], [99.14269319437625, 18.27486605725021], [99.13273873476852, 18.279869190154635], [99.11961288904745, 18.298206545113423], [99.12479685951587, 18.30418323521763], [99.12277743496715, 18.31166039409424], [99.13256721600328, 18.314435399961468], [99.15231970149893, 18.31612664962006], [99.15314420268898, 18.329259816793435], [99.16947075572456, 18.347587007895232], [99.16690469177729, 18.374175406505664], [99.1713006693183, 18.374825288372445], [99.18957427907236, 18.388279859390696], [99.18845757971089, 18.39492747502839], [99.1948540548378, 18.40703679259677], [99.19876648391913, 18.420710969942526], [99.20892775643212, 18.42510054792128], [99.22209911079742, 18.43048141010398], [99.23763388232717, 18.448933264592686], [99.24214266137858, 18.47909242003063], [99.25712112658549, 18.495088249051722], [99.2829903752239, 18.49969128382213], [99.28626465540815, 18.492632120134516], [99.30283133050645, 18.491266450694336], [99.30326801784331, 18.492139057490313], [99.31643238038288, 18.490320065130426], [99.32851831366997, 18.476355975554373], [99.33142224629098, 18.46290448955956], [99.35212675356362, 18.443190099932146], [99.36263142202965, 18.438699846525896], [99.38096935295331, 18.401746657085223], [99.3967300172142, 18.389277978800337], [99.41908023288433, 18.381095764589293], [99.42172217983043, 18.375816193166692], [99.42403355408833, 18.34084707094465], [99.43412042275837, 18.321260186138606], [99.43093061560441, 18.31788036704058], [99.41717074312295, 18.32557078026739], [99.41090891864003, 18.313578283480243], [99.42554629108739, 18.305610706379117], [99.4053969156826, 18.263259674119226], [99.38912165974972, 18.261843949286465], [99.37131553313353, 18.266937360141497], [99.35328330432624, 18.270690752434817], [99.34528407880603, 18.28490334696662], [99.32566698127279, 18.296592620713003], [99.30697036150896, 18.294470202210288], [99.28788825251974, 18.292852673077398], [99.29460677374836, 18.259921534631797]]]]}}, {"type": "Feature", "properties": {"amp_code": "5210", "amp_th": "แม่ทะ", "amp_en": "Mae Tha", "pro_code": "52", "pro_th": "ลำปาง", "pro_en": "Lampang", "reg_nesdb": "UpperNorth", "reg_royin": "North", "perimeter": 150.60476938231, "area_sqkm": 808.60388902817}, "geometry": {"type": "MultiPolygon", "coordinates": [[[[99.73781863424477, 18.10611929075352], [99.7193965876845, 18.069813215489425], [99.70541093538058, 18.070550565976603], [99.69131437631933, 18.065471309240532], [99.69179405546355, 18.056602116312238], [99.68021859207332, 18.045796360477624], [99.66826764576801, 18.041669200992406], [99.65755387431926, 18.039812435536387], [99.64957976592676, 18.056826575537265], [99.64184573191373, 18.055628877311364], [99.63279521920184, 18.062279174444033], [99.61878328141162, 18.048576354799604], [99.60984915916622, 18.049235158436893], [99.60012134348524, 18.039289666927658], [99.58570915811586, 18.035367188851293], [99.59497455022253, 18.009739215069], [99.57906368003248, 17.999347090484427], [99.56733645817705, 17.992621125594933], [99.55860348269732, 17.974962999018572], [99.54783980788007, 17.971755701500726], [99.5411260785892, 17.96110474927808], [99.52618140613805, 17.958573277357576], [99.49295980220467, 17.924124565828933], [99.4817674458763, 17.921016261642645], [99.47551430354264, 17.92177619328189], [99.45608743274279, 17.938477270552664], [99.41831754087504, 17.95198330213335], [99.41639975521733, 17.96703653514884], [99.40413391848713, 17.972972516891176], [99.40333198903872, 17.979332772146385], [99.4212789682562, 17.986980722278286], [99.42183999627751, 18.00693756512087], [99.44248486015717, 18.02412440430052], [99.44224498535178, 18.03281426033472], [99.43005115495042, 18.03195259276547], [99.43291141528968, 18.04183876383176], [99.4249707967318, 18.05095241260349], [99.4338025774557, 18.060170040727666], [99.44028291949468, 18.081954824356277], [99.4341223436751, 18.088395060820748], [99.43314697239954, 18.095302564902315], [99.42946756158345, 18.107197366575722], [99.43495342895102, 18.12623111426397], [99.43166231611265, 18.128971484336848], [99.42701434703007, 18.14378776180746], [99.4326915116435, 18.15372174709098], [99.42678445791097, 18.177834450076887], [99.43241540531083, 18.220566085820685], [99.44011539283383, 18.225555751252813], [99.47199328908316, 18.216132153810577], [99.4795910423684, 18.207850125558934], [99.48645601162583, 18.18793069821271], [99.51183623675038, 18.194315744644204], [99.5153549245931, 18.184372233510498], [99.5291200117058, 18.182550899176363], [99.53684267311726, 18.1950202146398], [99.55690465537347, 18.199792820743603], [99.57886184942456, 18.213826157474692], [99.59828520232608, 18.244048540512367], [99.62898149276369, 18.258955516671953], [99.62584985680522, 18.239333003745553], [99.63349045888376, 18.222135694707134], [99.65209480570674, 18.218312395028494], [99.65426011751377, 18.222149550138962], [99.66031133210879, 18.2195111853307], [99.67255414374115, 18.224308460033367], [99.6826771750848, 18.217414017930004], [99.69274164649566, 18.227597554762035], [99.69973933633507, 18.22317293815362], [99.70513726671601, 18.23006828127751], [99.71412584842012, 18.23266389458606], [99.73098825260557, 18.229783898011082], [99.73257909463948, 18.215830154168575], [99.7540171434704, 18.212226838111402], [99.77564337854767, 18.19526929879182], [99.79114982965017, 18.193136371006712], [99.75352669893485, 18.14066018518143], [99.7537450867443, 18.12998782889738], [99.7605891859529, 18.12408176670886], [99.73781863424477, 18.10611929075352]]]]}}, {"type": "Feature", "properties": {"amp_code": "5213", "amp_th": "เมืองปาน", "amp_en": "Mueang Pan", "pro_code": "52", "pro_th": "ลำปาง", "pro_en": "Lampang", "reg_nesdb": "UpperNorth", "reg_royin": "North", "perimeter": 166.47806671779, "area_sqkm": 978.84047103183}, "geometry": {"type": "MultiPolygon", "coordinates": [[[[99.51680217770566, 18.617063139910037], [99.51314843007292, 18.604606629421415], [99.5177321075993, 18.58660773097633], [99.51247572088128, 18.558323518186842], [99.50734778016452, 18.535615060519742], [99.49994296648781, 18.52864173516261], [99.49364894906523, 18.532376240408322], [99.48581297832447, 18.526182989089463], [99.46104864267008, 18.52844461381344], [99.44675678992881, 18.545309824738464], [99.43987320821276, 18.54755044256295], [99.4389408357965, 18.553034115474144], [99.43056112242333, 18.5473708080748], [99.41354128591932, 18.5506828421581], [99.41224271204317, 18.566066005481353], [99.40220523002932, 18.57194425595084], [99.36710121670217, 18.582585736157295], [99.3535314262836, 18.58023242088071], [99.34912007581245, 18.59325418931652], [99.35945828808315, 18.606980348350596], [99.34775033451892, 18.617112404545512], [99.327747520525, 18.61853787779934], [99.32833253717986, 18.628539612126275], [99.3273758436381, 18.63917441890916], [99.33259947710921, 18.649972356445062], [99.34217105833011, 18.64971115327533], [99.34718579114832, 18.657119822542768], [99.33317228811207, 18.668683213969533], [99.32744553927571, 18.685391938593416], [99.33602169245259, 18.693301872574526], [99.33317098484862, 18.700766595955237], [99.34097826033712, 18.706365077817548], [99.34036906107724, 18.715942926042093], [99.3484291274198, 18.724385276368764], [99.34834172280054, 18.73583411622901], [99.37121751436045, 18.753387892001378], [99.36695679150544, 18.774868950293744], [99.37114906444354, 18.78091597900359], [99.3587481285882, 18.80202644083565], [99.35252041061635, 18.82339564214936], [99.35272639425276, 18.84620309416543], [99.36107488301094, 18.851444789628303], [99.38575387490195, 18.86772752872405], [99.38606942562267, 18.877786927092796], [99.3915081642141, 18.884847524720723], [99.3862261263652, 18.889200031486475], [99.38738383484245, 18.896398367695205], [99.37788516872861, 18.920750632450638], [99.38662762476763, 18.944091462014644], [99.37503925346486, 18.95987343841859], [99.37751286127971, 18.96847671622452], [99.37338065403902, 18.982060660223457], [99.39287286934677, 18.997474535914442], [99.40156588528143, 19.00007223971366], [99.43737717700746, 19.009225107547906], [99.44467787307876, 19.02127498596084], [99.46523402487422, 19.035765634458233], [99.48415381431411, 19.07055166621678], [99.49385738540538, 19.07723618458083], [99.49890011216425, 19.074705703620225], [99.51739882792097, 19.07925699349146], [99.52026976062933, 19.074974254563852], [99.52708715339773, 19.076041632995288], [99.52636815085621, 19.06243797853202], [99.53489578453124, 19.058475434638492], [99.54409597634815, 19.06179008856214], [99.54799698196932, 19.0561979980885], [99.54885618108477, 19.050680417518745], [99.53800212911628, 19.04546845217621], [99.53360303552623, 19.0296093571863], [99.52855567166041, 19.02594339379935], [99.53743536315926, 19.015142979445102], [99.53801115068798, 18.997516148407126], [99.54519818817842, 18.98958965736407], [99.5494564141623, 18.96831546163067], [99.56196376206356, 18.963544614325986], [99.55974796478613, 18.94853228115053], [99.55906829629973, 18.928385395221166], [99.55200492804545, 18.919129597043334], [99.55376686694127, 18.887675105027512], [99.53917290552985, 18.87070376039461], [99.53045459418091, 18.8526989395291], [99.53906275892915, 18.842721637164278], [99.5337889243769, 18.822487045838788], [99.54240540354023, 18.816000330776372], [99.53616866452397, 18.79849449622665], [99.55055355597823, 18.786990727265625], [99.54111368958634, 18.784505860353697], [99.54132173694104, 18.775185234794986], [99.53211340384995, 18.75097502691622], [99.53269044219351, 18.736643072323325], [99.53102016405741, 18.712486754110895], [99.52219713215149, 18.682757177556567], [99.51143296865695, 18.63499633219228], [99.5215000626148, 18.62413692867959], [99.51680217770566, 18.617063139910037]]]]}}, {"type": "Feature", "properties": {"amp_code": "5703", "amp_th": "เชียงของ", "amp_en": "Chiang Khong", "pro_code": "57", "pro_th": "เชียงราย", "pro_en": "Chiang Rai", "reg_nesdb": "UpperNorth", "reg_royin": "North", "perimeter": 153.42177519413, "area_sqkm": 762.12169214415}, "geometry": {"type": "MultiPolygon", "coordinates": [[[[100.40514518000022, 19.99361958263635], [100.38999273431054, 19.96663504507921], [100.37259319133015, 19.953383263370416], [100.31492169903584, 19.971934757135667], [100.30933924610369, 19.98315900252831], [100.31600940604035, 19.985544525147642], [100.30387750885443, 19.986352433400015], [100.30412904323637, 19.99252820241107], [100.29923516297119, 19.99217789866481], [100.30067794849678, 20.002677178548222], [100.29488531107823, 20.003934805352234], [100.29744864162471, 19.99540064148546], [100.28391920750661, 19.98338328151086], [100.25578282182674, 19.987363683244904], [100.24257105342211, 19.990174071155014], [100.23612098766387, 20.005023151964497], [100.21751446312724, 20.011865094209554], [100.20036993673992, 20.026883351212756], [100.20000702235403, 20.050691142340302], [100.20437022382134, 20.05629261287214], [100.20162178797588, 20.064915000543653], [100.20724363061855, 20.07037454011041], [100.22830755476163, 20.08354924978846], [100.2259130014715, 20.103189949512863], [100.23476601132367, 20.107157820368972], [100.24295944380842, 20.13094351221473], [100.26377040722224, 20.13885688300406], [100.26846757080828, 20.137605680365343], [100.26825415041881, 20.132199850036475], [100.27397946553705, 20.132135967460215], [100.28175966212874, 20.13837908713464], [100.28234621989922, 20.145781113693776], [100.29259505713415, 20.149033259282085], [100.29408157836028, 20.160431006700783], [100.30780570848513, 20.17348865679806], [100.30204894002924, 20.179589144610553], [100.3050967005848, 20.187288981850195], [100.30921829003269, 20.18932277122063], [100.31216133850374, 20.204732074299663], [100.2976796984955, 20.207044095938418], [100.2861572792595, 20.221437593442534], [100.28384482627213, 20.23611336928826], [100.29038259832149, 20.243638756659013], [100.29093750095345, 20.252651298197097], [100.30573942931484, 20.271880355450048], [100.3005755345994, 20.282898104618383], [100.30725009078058, 20.28669490136673], [100.31182480689706, 20.301140883577354], [100.31950843650195, 20.308904792910063], [100.32201504805326, 20.321159297092834], [100.31312740105854, 20.332528489063737], [100.30255406539887, 20.340571579369854], [100.2911887751568, 20.33881738810879], [100.27579728420521, 20.350063370019296], [100.24849295470301, 20.35249901362586], [100.25022203348288, 20.363131774609815], [100.24648047266164, 20.367917555260814], [100.24953580849555, 20.385657886070668], [100.26803799344061, 20.399884874794516], [100.30129167889187, 20.397374404829947], [100.3143562583003, 20.402096294082362], [100.33011944200113, 20.39862494016508], [100.35539700411644, 20.378134510779464], [100.35923033606949, 20.355137017354746], [100.37551852538384, 20.350842384837893], [100.37795978936951, 20.331640940296033], [100.38400395250062, 20.31130879170447], [100.4070633687363, 20.28084858811136], [100.41447161862824, 20.254889776201512], [100.45515048674831, 20.227808822005688], [100.45352390985774, 20.207131600380453], [100.45557349790687, 20.198746646801588], [100.46339195639008, 20.1980651296729], [100.46820093011225, 20.18597561412687], [100.46325772506425, 20.174719479277027], [100.47468158008148, 20.16298347363757], [100.46224089481183, 20.139130594258233], [100.46029837150353, 20.12445013441682], [100.4640763322205, 20.118779127546162], [100.45523480878893, 20.109766026767513], [100.45134901444221, 20.09694891048976], [100.44117208172146, 20.08802048627266], [100.43521732422037, 20.06679965570891], [100.43276086091072, 20.055506179916144], [100.41674861318481, 20.03556501929629], [100.41566598916593, 20.022956937402896], [100.41326171801313, 20.01009511169757], [100.40665274151883, 20.007864228761935], [100.41017874783783, 20.002532889221904], [100.40514518000022, 19.99361958263635]]]]}}, {"type": "Feature", "properties": {"amp_code": "5704", "amp_th": "เทิง", "amp_en": "Thoeng", "pro_code": "57", "pro_th": "เชียงราย", "pro_en": "Chiang Rai", "reg_nesdb": "UpperNorth", "reg_royin": "North", "perimeter": 195.66272083134, "area_sqkm": 856.54942157957}, "geometry": {"type": "MultiPolygon", "coordinates": [[[[100.16579448861587, 19.553032565109568], [100.16276873734448, 19.542130160983795], [100.15422311080043, 19.54507639494238], [100.09901216418682, 19.553519128590505], [100.08362687141782, 19.551061728356853], [100.06790555327271, 19.539932741625268], [100.06575598795587, 19.510637288311255], [100.05717309248858, 19.51560096940818], [100.04520949341054, 19.536308742810956], [100.03608495501919, 19.53390348964997], [100.02425205612226, 19.540738935169703], [100.01669284600169, 19.561607459777697], [100.0116057860668, 19.56385438869691], [100.00096453891446, 19.59098799700335], [99.98362864230059, 19.585948658003478], [99.98304572014678, 19.568044555809433], [99.97889579743986, 19.571677039312632], [99.96441272785451, 19.569909397699963], [99.95287772692713, 19.576000055641096], [99.95088504747126, 19.582975188887584], [99.95822955418797, 19.600068824242285], [99.95611901891571, 19.61816130843723], [99.94892134336607, 19.626112762264984], [99.93852531247737, 19.6248615390916], [99.93742105757366, 19.620163979542173], [99.92493240892335, 19.623201461107655], [99.92506691395512, 19.62493797350057], [99.95049376682434, 19.627245276340208], [99.95817891867836, 19.625826529070995], [99.9602501097263, 19.63736135561808], [99.95551743339446, 19.645437705735574], [99.98940644311747, 19.647447981742314], [100.00258486274703, 19.663063718251042], [100.00272118019089, 19.687087308760947], [100.00809998475097, 19.697482392961522], [100.01006089715516, 19.716345125686434], [100.02541705541597, 19.73197585410446], [100.04100368764537, 19.74423568846472], [100.06825999629348, 19.740971426338312], [100.07640643501652, 19.733366531544256], [100.07172280963546, 19.72870956746904], [100.07656775228844, 19.721300587733044], [100.11563400353994, 19.7170070033906], [100.14271147270192, 19.708808368702144], [100.15959066540951, 19.710330969355997], [100.16760786850786, 19.727968271186157], [100.16146983629937, 19.75103745000991], [100.16906153565748, 19.761351755062247], [100.17318152694965, 19.783199659162094], [100.16915511822975, 19.788660860182627], [100.16649629894076, 19.79516117384366], [100.17208276209, 19.795854238073883], [100.16668582879088, 19.801602216836258], [100.17010007091375, 19.809223873996604], [100.17369684490338, 19.80768232489644], [100.17856593602015, 19.80634464836346], [100.18049486265407, 19.794359980766394], [100.18476609821286, 19.7965453952814], [100.18952805665047, 19.79305320446331], [100.19445198386747, 19.783707133722263], [100.21083752449861, 19.76736941101779], [100.23362720898422, 19.76761129805171], [100.24887334641502, 19.76301952218716], [100.25864386372791, 19.765155675094306], [100.26980218517322, 19.77950608114767], [100.2816422031103, 19.780898874740604], [100.29174522781095, 19.8013743391116], [100.31160014690451, 19.817818067956186], [100.32635959871573, 19.843915055803933], [100.3422099123816, 19.87335876477422], [100.35513804833181, 19.871214484311007], [100.3649840125926, 19.862843060247958], [100.3825692684792, 19.85988638204111], [100.39205715910481, 19.874882535033233], [100.41551412048975, 19.87915177215144], [100.43309058255068, 19.870640601563245], [100.45496762841466, 19.851075041236285], [100.44239508982585, 19.837376776517182], [100.44874168632778, 19.826429577537354], [100.44433436465154, 19.821785344971666], [100.43862164928181, 19.791504271842985], [100.41410535507971, 19.779740112698462], [100.40403429893549, 19.753101198834145], [100.40665609978726, 19.73600701358443], [100.39484305335095, 19.72758398241331], [100.38388234131881, 19.71038284858516], [100.37503573015353, 19.708664221739028], [100.34787788909732, 19.71524006479027], [100.33444364249557, 19.703192855474473], [100.34326101449855, 19.686689985329743], [100.33511235745401, 19.683529746661545], [100.31743703931826, 19.649477941717493], [100.311137653172, 19.646361654681243], [100.28333067264658, 19.643634784207286], [100.28003128257316, 19.651412844431444], [100.2732783003671, 19.64535291137278], [100.26898334970458, 19.646435881477963], [100.26897203278342, 19.641355842804675], [100.26265273908794, 19.648425296989476], [100.25775609955228, 19.644829651246337], [100.25281502435777, 19.636937843249505], [100.23817894844402, 19.6224469295384], [100.23078099097594, 19.6058994973918], [100.22032939422944, 19.610569664521243], [100.21527118867444, 19.608512139259993], [100.18772095345905, 19.609231245741846], [100.1839703090113, 19.61283177184769], [100.16916463984866, 19.601776254651995], [100.17428184616459, 19.597776339024804], [100.16711315410858, 19.590978397196942], [100.17050122690482, 19.58685424644993], [100.16554235539037, 19.58483753171508], [100.16975199857588, 19.576339343146767], [100.1636173021533, 19.575229228048432], [100.16306264694106, 19.56967134146301], [100.16914112156971, 19.566236906594238], [100.1633847778226, 19.557270036561736], [100.16579448861587, 19.553032565109568]]]]}}, {"type": "Feature", "properties": {"amp_code": "5701", "amp_th": "เมืองเชียงราย", "amp_en": "Mueang Chiang Rai", "pro_code": "57", "pro_th": "เชียงราย", "pro_en": "Chiang Rai", "reg_nesdb": "UpperNorth", "reg_royin": "North", "perimeter": 287.02206257037, "area_sqkm": 1649.45521202181}, "geometry": {"type": "MultiPolygon", "coordinates": [[[[100.01138450250507, 19.741222495732806], [100.02541705541597, 19.73197585410446], [100.01006089715516, 19.716345125686434], [100.00809998475097, 19.697482392961522], [100.00272118019089, 19.687087308760947], [100.00258486274703, 19.663063718251042], [99.98940644311747, 19.647447981742314], [99.95551743339446, 19.645437705735574], [99.9602501097263, 19.63736135561808], [99.95817891867836, 19.625826529070995], [99.95049376682434, 19.627245276340208], [99.92506691395512, 19.62493797350057], [99.9164688312738, 19.621292925120905], [99.90956188801827, 19.625471044960314], [99.88429792340064, 19.625802488172972], [99.88368071254617, 19.636752924408277], [99.87294334310755, 19.6436525549645], [99.86856998076848, 19.653225042864022], [99.8793941644166, 19.66199856381161], [99.87609756566478, 19.6845283885631], [99.86346088668097, 19.69270638030076], [99.85229197681757, 19.692725869224056], [99.84834819875319, 19.70597586356687], [99.82783600917652, 19.71791144564935], [99.80325271670712, 19.730848007708477], [99.80762684235965, 19.732843441395122], [99.8078598516926, 19.7437152854493], [99.79018363588094, 19.748059263813044], [99.78705660632191, 19.75325308968593], [99.7995264285856, 19.77544060086016], [99.79628574411241, 19.789736846307136], [99.78896793329419, 19.795457608898765], [99.78067973544987, 19.815197549720864], [99.76686226775163, 19.82160313134915], [99.75652237743164, 19.816144149410952], [99.7390395464216, 19.831452558704], [99.72431089344218, 19.826744024059536], [99.71246451822277, 19.83011029433089], [99.70413782315075, 19.82307239277636], [99.69220639952908, 19.81193653238737], [99.68174503037714, 19.825562985056035], [99.66323270019213, 19.83557728980174], [99.65243365048445, 19.848030871820786], [99.64687501542893, 19.848069192816546], [99.64767089974801, 19.859013911424885], [99.63739756011516, 19.861646650050385], [99.6322414134498, 19.854765704698057], [99.61872101503427, 19.850830321345246], [99.62376578799996, 19.843136285889056], [99.61319505215515, 19.811195093026377], [99.62689229622733, 19.786516335265574], [99.64271720597088, 19.772028882913077], [99.64250186386947, 19.765186767843797], [99.62452400351084, 19.76013121068793], [99.61399504782935, 19.76411434449558], [99.57078905717091, 19.78805293427849], [99.57108630982113, 19.799295732464536], [99.57847011552742, 19.80824527722392], [99.57286708951924, 19.825017078998112], [99.57641377135849, 19.828290440646395], [99.57427339559409, 19.84932531518593], [99.57983966482072, 19.879111891067733], [99.57518964472553, 19.8870722852324], [99.57825129981563, 19.897940005556897], [99.57057048930156, 19.905273030391204], [99.5689674440599, 19.913842462494504], [99.55550513000112, 19.912698982654373], [99.5335945385292, 19.935160717629355], [99.52699551437621, 19.94874640965191], [99.52887267582322, 19.965218798224864], [99.51714602635084, 19.965474748971697], [99.50580205247606, 19.97673072708879], [99.47171345367775, 19.968816054039085], [99.45253200051, 19.981218918293568], [99.46724480567386, 20.00695732642267], [99.47872100335, 20.012913338630433], [99.46844510423242, 20.022474271441997], [99.4675946477066, 20.03334058510322], [99.48097072149096, 20.038475831327972], [99.49680999833062, 20.05105365547867], [99.49104160025168, 20.071492000361655], [99.4951408637896, 20.08043108265325], [99.5498381725354, 20.103930812458476], [99.55946402568152, 20.099653510600245], [99.57031603927193, 20.108076711420974], [99.5937930050924, 20.0967581932847], [99.60866669727612, 20.078434029566548], [99.62181273858464, 20.096363515877783], [99.64140120313488, 20.09230621385475], [99.64847302672035, 20.079903083787897], [99.67640086191719, 20.071966268185825], [99.671314887176, 20.052874179240415], [99.68298088738105, 20.031540297123048], [99.68155426603768, 20.027192614976467], [99.69946115806931, 20.030292197126855], [99.7059258429157, 20.024720595329413], [99.7280762317683, 20.03239290765916], [99.74965129387242, 20.046209345018422], [99.75501171866334, 20.05953504493814], [99.76153118067816, 20.064133526775784], [99.78961458416012, 20.058148202787564], [99.7942741337765, 20.068159517464494], [99.8117232121529, 20.080330692398128], [99.81169568395492, 20.09622499633006], [99.82692177960068, 20.099994571189225], [99.85312778194837, 20.116138836891285], [99.86479956302323, 20.11310921450834], [99.87327518019846, 20.103039991547625], [99.88872613859276, 20.110607102587696], [99.89126788663087, 20.118365021464545], [99.91072633686724, 20.11876934504235], [99.91471462829104, 20.113498960463854], [99.92360915053735, 20.123007842888576], [99.92807969391122, 20.11745227766552], [99.942225741153, 20.13020561395105], [99.95022563914054, 20.13541235965514], [99.95426455016425, 20.12790227486964], [99.96112649005863, 20.129724068543112], [99.98097734522122, 20.12256923216266], [99.9826173081131, 20.105521280528272], [100.01078975068397, 20.11005156547721], [100.00836508895313, 20.093735990659596], [99.99750619598026, 20.091500396641653], [99.99783221263803, 20.079546762837815], [99.98001799419552, 20.081496544274138], [99.97467971681054, 20.07627865044642], [99.97873238861855, 20.070823579241807], [99.97204019731346, 20.060169105314383], [99.96376221274734, 20.063501152013036], [99.95943025139266, 20.060434522201408], [99.963725553852, 20.05367958833384], [99.97503167819963, 20.05314775060501], [99.9599510193871, 20.020340354703688], [99.97552125788252, 20.015798407259723], [99.9740676098366, 20.008715654245584], [99.9797016831855, 20.000430490441264], [99.98351413720343, 19.99211235764884], [99.9696893460672, 19.98342161404607], [99.97307139779944, 19.974925323440797], [99.95520708168036, 19.96181664171996], [99.93894158616776, 19.957003764529116], [99.92948432587346, 19.946154054742866], [99.92040812969883, 19.94653113034657], [99.89865537029725, 19.923933021200213], [99.89947543649879, 19.91657588939254], [99.89265856807579, 19.91462459057495], [99.8953192242853, 19.907292102684625], [99.88819025186976, 19.89704942837458], [99.86740993205815, 19.89109327375277], [99.85919028416113, 19.875180010199486], [99.86083024746021, 19.86491391946301], [99.86768651044689, 19.86172709190473], [99.87765444119479, 19.865758052346028], [99.88588279423003, 19.859688062360856], [99.89367210269273, 19.844606494067108], [99.90419469636213, 19.838634886083533], [99.92110043819132, 19.836804465262702], [99.9358220899833, 19.82836057691954], [99.94078103106239, 19.8200959906092], [99.93933005340669, 19.80846306429656], [99.94971620139735, 19.792859546851695], [99.98046236714703, 19.79889216649443], [99.99180953892889, 19.79433872830052], [99.99355056540135, 19.78222099857315], [100.00382077560387, 19.770846235932837], [100.00738557663308, 19.749246297930792], [100.01138450250507, 19.741222495732806]]]]}}, {"type": "Feature", "properties": {"amp_code": "5702", "amp_th": "เวียงชัย", "amp_en": "Wiang Chai", "pro_code": "57", "pro_th": "เชียงราย", "pro_en": "Chiang Rai", "reg_nesdb": "UpperNorth", "reg_royin": "North", "perimeter": 101.19536340774, "area_sqkm": 348.13048693816}, "geometry": {"type": "MultiPolygon", "coordinates": [[[[100.07203087658546, 19.821888435895776], [100.0751867533842, 19.817767270907215], [100.06985875806672, 19.805650808764337], [100.07290863068981, 19.80248584512217], [100.07001195591417, 19.798041845101295], [100.05411193140144, 19.800679894148587], [100.05354552822737, 19.78160654559619], [100.04100368764537, 19.74423568846472], [100.02541705541597, 19.73197585410446], [100.01138450250507, 19.741222495732806], [100.00738557663308, 19.749246297930792], [100.00382077560387, 19.770846235932837], [99.99355056540135, 19.78222099857315], [99.99180953892889, 19.79433872830052], [99.98046236714703, 19.79889216649443], [99.94971620139735, 19.792859546851695], [99.93933005340669, 19.80846306429656], [99.94078103106239, 19.8200959906092], [99.9358220899833, 19.82836057691954], [99.92110043819132, 19.836804465262702], [99.90419469636213, 19.838634886083533], [99.89367210269273, 19.844606494067108], [99.88588279423003, 19.859688062360856], [99.87765444119479, 19.865758052346028], [99.86768651044689, 19.86172709190473], [99.86083024746021, 19.86491391946301], [99.85919028416113, 19.875180010199486], [99.86740993205815, 19.89109327375277], [99.88819025186976, 19.89704942837458], [99.8953192242853, 19.907292102684625], [99.89265856807579, 19.91462459057495], [99.89947543649879, 19.91657588939254], [99.89865537029725, 19.923933021200213], [99.92040812969883, 19.94653113034657], [99.92948432587346, 19.946154054742866], [99.93894158616776, 19.957003764529116], [99.95520708168036, 19.96181664171996], [99.97307139779944, 19.974925323440797], [99.9696893460672, 19.98342161404607], [99.98351413720343, 19.99211235764884], [99.98651618390384, 19.975729787034783], [99.98249868110297, 19.974590995816783], [99.9794482092585, 19.952926648331427], [99.98162048611513, 19.9452162081444], [99.98470634164985, 19.950042276796214], [99.98898877810656, 19.926970596861416], [99.99663494033487, 19.923885110012108], [99.99719442175615, 19.917595364687504], [100.01258491525724, 19.914332341811544], [100.0393242920094, 19.92830078404798], [100.04038579163733, 19.937754869334093], [100.04636371173301, 19.937694915314232], [100.05127087552047, 19.943769489024945], [100.09224973912765, 19.949250727116688], [100.09545352208066, 19.94038299346984], [100.08398333224731, 19.92888562796119], [100.09886995895197, 19.90599311639829], [100.09229539602826, 19.900616803291257], [100.0908325549597, 19.880024723961476], [100.08335082459145, 19.872889365435075], [100.09077299828172, 19.86224309065485], [100.08639119503822, 19.850571019664223], [100.09042477540412, 19.845084383741995], [100.08174051336032, 19.82834907817428], [100.07203087658546, 19.821888435895776]]]]}}, {"type": "Feature", "properties": {"amp_code": "5714", "amp_th": "ขุนตาล", "amp_en": "Khun Tan", "pro_code": "57", "pro_th": "เชียงราย", "pro_en": "Chiang Rai", "reg_nesdb": "UpperNorth", "reg_royin": "North", "perimeter": 86.88521648187, "area_sqkm": 263.44456237916}, "geometry": {"type": "MultiPolygon", "coordinates": [[[[100.29174522781095, 19.8013743391116], [100.2816422031103, 19.780898874740604], [100.26980218517322, 19.77950608114767], [100.25864386372791, 19.765155675094306], [100.24887334641502, 19.76301952218716], [100.23362720898422, 19.76761129805171], [100.21083752449861, 19.76736941101779], [100.19445198386747, 19.783707133722263], [100.18952805665047, 19.79305320446331], [100.18476609821286, 19.7965453952814], [100.18049486265407, 19.794359980766394], [100.17856593602015, 19.80634464836346], [100.17369684490338, 19.80768232489644], [100.18460770403163, 19.818509250735804], [100.19407279227758, 19.820847351348984], [100.19749388709613, 19.83217735679533], [100.20342006867489, 19.824940846813597], [100.20146995335914, 19.83724204098085], [100.20648151038407, 19.840779430510988], [100.21449481261877, 19.839010606259556], [100.21820413075184, 19.849226805746365], [100.22078269733066, 19.85832123635486], [100.2171335029913, 19.861208112081087], [100.22624894591141, 19.867291852581545], [100.2327185030122, 19.8664385598553], [100.23460073019768, 19.880888640002272], [100.22991579221934, 19.881246325886607], [100.24390490226219, 19.88759575714178], [100.24977345551794, 19.884311035562185], [100.25059466786057, 19.887862861380633], [100.24873785566652, 19.892090795736433], [100.25374806168459, 19.896771918990638], [100.24995724488667, 19.904001852570165], [100.25888048123582, 19.903507509175046], [100.25420343470539, 19.91137851252518], [100.26306378770447, 19.91351811440701], [100.25233908589236, 19.943920304407342], [100.25077393850306, 19.954687611883443], [100.24408986447412, 19.958554167586428], [100.25578282182674, 19.987363683244904], [100.28391920750661, 19.98338328151086], [100.29744864162471, 19.99540064148546], [100.29488531107823, 20.003934805352234], [100.30067794849678, 20.002677178548222], [100.29923516297119, 19.99217789866481], [100.30412904323637, 19.99252820241107], [100.30387750885443, 19.986352433400015], [100.31600940604035, 19.985544525147642], [100.30933924610369, 19.98315900252831], [100.31492169903584, 19.971934757135667], [100.37259319133015, 19.953383263370416], [100.3689596707802, 19.921125546617468], [100.35081509728738, 19.899259955563263], [100.3422099123816, 19.87335876477422], [100.32635959871573, 19.843915055803933], [100.31160014690451, 19.817818067956186], [100.29174522781095, 19.8013743391116]]]]}}, {"type": "Feature", "properties": {"amp_code": "5715", "amp_th": "แม่ฟ้าหลวง", "amp_en": "Mae Fa Luang", "pro_code": "57", "pro_th": "เชียงราย", "pro_en": "Chiang Rai", "reg_nesdb": "UpperNorth", "reg_royin": "North", "perimeter": 138.76373362269, "area_sqkm": 662.18911128845}, "geometry": {"type": "MultiPolygon", "coordinates": [[[[99.75276507837393, 20.156810328725978], [99.75772947307189, 20.156203957438912], [99.75759432294197, 20.14827098218026], [99.7505780641049, 20.140419402808774], [99.7559346380857, 20.129950930270795], [99.7521436258869, 20.125932585218706], [99.72060665301748, 20.116133712736957], [99.70861104166399, 20.121409672939432], [99.69922915599757, 20.11668511877632], [99.68991897077699, 20.125050788999538], [99.67502575091676, 20.124060253626283], [99.6721693654246, 20.11661863924979], [99.67639052971465, 20.112172551902695], [99.64417034697983, 20.107241945909916], [99.61959254664376, 20.121763008675277], [99.61227221162936, 20.13665986504959], [99.59635801693463, 20.1520443202656], [99.59355974027454, 20.16658167502086], [99.5856498554902, 20.16559160255792], [99.58146510326037, 20.170778687698583], [99.57788448577794, 20.16727766749402], [99.56643417655557, 20.1751357136921], [99.55004542828858, 20.17546557570397], [99.56373257889447, 20.20544494117339], [99.55690256132706, 20.216077432291435], [99.54429197328578, 20.217815761518285], [99.53387555662225, 20.23179958423765], [99.52309179894797, 20.232588829679308], [99.52117039251594, 20.250145047167802], [99.51636195673764, 20.255892714916886], [99.51815484639656, 20.265079453900196], [99.50524115260005, 20.294340053688746], [99.50959845911188, 20.314159447557596], [99.50728052655391, 20.325944746918122], [99.49658989402137, 20.34167566073414], [99.45860379363569, 20.363791464196588], [99.45891872016868, 20.3939373045711], [99.47379207365752, 20.395575977824922], [99.48947658555605, 20.38540098436927], [99.49691464626825, 20.385721066521427], [99.5163567867172, 20.36248490037327], [99.53939802333507, 20.355911558980182], [99.55782120660399, 20.35803136874169], [99.56105837304139, 20.352696530295205], [99.58360914334682, 20.342563327588113], [99.59332341252579, 20.342842355627305], [99.6126988203032, 20.33187586519132], [99.6140552622457, 20.33635746187255], [99.6299827492725, 20.3363053003598], [99.63331722283078, 20.341619933203894], [99.64434233796702, 20.343825055282576], [99.65704483814069, 20.32872393508124], [99.6813078107894, 20.316638196300584], [99.69906629509056, 20.326740249316863], [99.71133903014776, 20.324266890329945], [99.72036027303686, 20.3300106294733], [99.71792162544851, 20.342047333174317], [99.73095969793792, 20.350116454755547], [99.75776772278233, 20.33929938252848], [99.77083334312766, 20.341584756546755], [99.77707848654872, 20.334920359265624], [99.81076064275362, 20.336082067436507], [99.8154585123444, 20.3299746931828], [99.82354999338466, 20.30668574293597], [99.8338130702452, 20.293596419770736], [99.83265999623318, 20.28413477563584], [99.83785325399856, 20.27219646636896], [99.84908704231492, 20.256991831080548], [99.84293406410946, 20.247326213623243], [99.82679866288343, 20.246842791328966], [99.81934183962726, 20.22723404916285], [99.79992503709836, 20.238213979516637], [99.79592468357214, 20.232727110323346], [99.78851004598476, 20.231741787815906], [99.77644573626188, 20.229629226735977], [99.77624747964556, 20.221990302576884], [99.76987175599983, 20.218751909396705], [99.7698506003447, 20.19790174215806], [99.76467291495479, 20.187051908194636], [99.76981111173491, 20.17950937043325], [99.75898972775518, 20.185915414572207], [99.74885291901603, 20.181544821952834], [99.75276507837393, 20.156810328725978]]]]}}, {"type": "Feature", "properties": {"amp_code": "5712", "amp_th": "พญาเม็งราย", "amp_en": "Phaya Mengrai", "pro_code": "57", "pro_th": "เชียงราย", "pro_en": "Chiang Rai", "reg_nesdb": "UpperNorth", "reg_royin": "North", "perimeter": 116.01300922747, "area_sqkm": 468.35139714342}, "geometry": {"type": "MultiPolygon", "coordinates": [[[[100.16915511822975, 19.788660860182627], [100.17318152694965, 19.783199659162094], [100.16906153565748, 19.761351755062247], [100.16146983629937, 19.75103745000991], [100.16760786850786, 19.727968271186157], [100.15959066540951, 19.710330969355997], [100.14271147270192, 19.708808368702144], [100.11563400353994, 19.7170070033906], [100.07656775228844, 19.721300587733044], [100.07172280963546, 19.72870956746904], [100.07640643501652, 19.733366531544256], [100.06825999629348, 19.740971426338312], [100.04100368764537, 19.74423568846472], [100.05354552822737, 19.78160654559619], [100.05411193140144, 19.800679894148587], [100.07001195591417, 19.798041845101295], [100.07290863068981, 19.80248584512217], [100.06985875806672, 19.805650808764337], [100.0751867533842, 19.817767270907215], [100.07203087658546, 19.821888435895776], [100.08174051336032, 19.82834907817428], [100.09042477540412, 19.845084383741995], [100.08639119503822, 19.850571019664223], [100.09077299828172, 19.86224309065485], [100.08335082459145, 19.872889365435075], [100.0908325549597, 19.880024723961476], [100.09229539602826, 19.900616803291257], [100.09886995895197, 19.90599311639829], [100.08398333224731, 19.92888562796119], [100.09545352208066, 19.94038299346984], [100.09224973912765, 19.949250727116688], [100.11861186727214, 19.982052318362285], [100.11123899758212, 19.98690550969753], [100.11599612878324, 19.994345641018345], [100.11920969241382, 20.007991380932225], [100.13688743266249, 20.009473545670495], [100.13644497486541, 20.018240645209634], [100.14688328438841, 20.03068495423343], [100.18049500808178, 20.03855044367534], [100.20000702235403, 20.050691142340302], [100.20036993673992, 20.026883351212756], [100.21751446312724, 20.011865094209554], [100.23612098766387, 20.005023151964497], [100.24257105342211, 19.990174071155014], [100.25578282182674, 19.987363683244904], [100.24408986447412, 19.958554167586428], [100.25077393850306, 19.954687611883443], [100.25233908589236, 19.943920304407342], [100.26306378770447, 19.91351811440701], [100.25420343470539, 19.91137851252518], [100.25888048123582, 19.903507509175046], [100.24995724488667, 19.904001852570165], [100.25374806168459, 19.896771918990638], [100.24873785566652, 19.892090795736433], [100.25059466786057, 19.887862861380633], [100.24977345551794, 19.884311035562185], [100.24390490226219, 19.88759575714178], [100.22991579221934, 19.881246325886607], [100.23460073019768, 19.880888640002272], [100.2327185030122, 19.8664385598553], [100.22624894591141, 19.867291852581545], [100.2171335029913, 19.861208112081087], [100.22078269733066, 19.85832123635486], [100.21820413075184, 19.849226805746365], [100.21449481261877, 19.839010606259556], [100.20648151038407, 19.840779430510988], [100.20146995335914, 19.83724204098085], [100.20342006867489, 19.824940846813597], [100.19749388709613, 19.83217735679533], [100.19407279227758, 19.820847351348984], [100.18460770403163, 19.818509250735804], [100.17369684490338, 19.80768232489644], [100.17010007091375, 19.809223873996604], [100.16668582879088, 19.801602216836258], [100.17208276209, 19.795854238073883], [100.16649629894076, 19.79516117384366], [100.16915511822975, 19.788660860182627]]]]}}, {"type": "Feature", "properties": {"amp_code": "5713", "amp_th": "เวียงแก่น", "amp_en": "Wiang Kaen", "pro_code": "57", "pro_th": "เชียงราย", "pro_en": "Chiang Rai", "reg_nesdb": "UpperNorth", "reg_royin": "North", "perimeter": 113.72120766459, "area_sqkm": 460.49853241114}, "geometry": {"type": "MultiPolygon", "coordinates": [[[[100.54214724168703, 20.02270656990906], [100.54103282980203, 20.003545763684784], [100.51616884630818, 19.94040733553952], [100.5222932873076, 19.92925179054747], [100.5203277605364, 19.915138933129874], [100.51374291900335, 19.909065302034552], [100.5201083740587, 19.903486512649373], [100.51238591605319, 19.89052250541913], [100.50056645522702, 19.88336564009305], [100.49796701384406, 19.866789001191563], [100.47389253493493, 19.856629429176056], [100.46279347107962, 19.85736005254582], [100.45496762841466, 19.851075041236285], [100.43309058255068, 19.870640601563245], [100.41551412048975, 19.87915177215144], [100.39205715910481, 19.874882535033233], [100.3825692684792, 19.85988638204111], [100.3649840125926, 19.862843060247958], [100.35513804833181, 19.871214484311007], [100.3422099123816, 19.87335876477422], [100.35081509728738, 19.899259955563263], [100.3689596707802, 19.921125546617468], [100.37259319133015, 19.953383263370416], [100.38999273431054, 19.96663504507921], [100.40514518000022, 19.99361958263635], [100.41017874783783, 20.002532889221904], [100.40665274151883, 20.007864228761935], [100.41326171801313, 20.01009511169757], [100.41566598916593, 20.022956937402896], [100.41674861318481, 20.03556501929629], [100.43276086091072, 20.055506179916144], [100.43521732422037, 20.06679965570891], [100.44117208172146, 20.08802048627266], [100.45134901444221, 20.09694891048976], [100.45523480878893, 20.109766026767513], [100.4640763322205, 20.118779127546162], [100.46029837150353, 20.12445013441682], [100.46224089481183, 20.139130594258233], [100.47468158008148, 20.16298347363757], [100.46325772506425, 20.174719479277027], [100.46820093011225, 20.18597561412687], [100.46339195639008, 20.1980651296729], [100.48783340926518, 20.17867358574755], [100.50810382515748, 20.15040479296934], [100.52662925297095, 20.14323470379342], [100.55119622397615, 20.175079470059362], [100.5647697737144, 20.176158506898883], [100.57766099182936, 20.168721381508256], [100.56852931388977, 20.114791242340612], [100.5696460243965, 20.098319120804103], [100.56048997942149, 20.08624277805199], [100.55500777533713, 20.05678361662797], [100.55158310590758, 20.031459488184062], [100.54214724168703, 20.02270656990906]]]]}}, {"type": "Feature", "properties": {"amp_code": "5710", "amp_th": "แม่สรวย", "amp_en": "Mae Suai", "pro_code": "57", "pro_th": "เชียงราย", "pro_en": "Chiang Rai", "reg_nesdb": "UpperNorth", "reg_royin": "North", "perimeter": 182.87431191384, "area_sqkm": 1399.80556323683}, "geometry": {"type": "MultiPolygon", "coordinates": [[[[99.6265372873112, 19.574719810953287], [99.61792529089864, 19.526877332539932], [99.61661688213012, 19.512045663954208], [99.60496863293213, 19.505849592462692], [99.58260743639018, 19.473805983906914], [99.55439941477054, 19.472593163908236], [99.53448205596736, 19.4636748064323], [99.52954677708647, 19.468264241135785], [99.48768845683463, 19.461124996320077], [99.4779757785141, 19.47007037842184], [99.48077379159373, 19.472207003634345], [99.47549067772071, 19.480049235844877], [99.46942543027346, 19.47995209019408], [99.46305418090887, 19.486176903707147], [99.46210360307872, 19.492243152425615], [99.44863466651273, 19.492534580108924], [99.42229117216881, 19.506503647457354], [99.41812013025343, 19.503110896013027], [99.40789041254254, 19.505318940875995], [99.39923076862256, 19.515635946194667], [99.38067496486485, 19.520232873149354], [99.37433982404815, 19.530338205642366], [99.35661767998927, 19.53993070255342], [99.34050031540902, 19.54413238720928], [99.32589527135396, 19.539353868955292], [99.31684143853177, 19.554312742104585], [99.30693313300016, 19.555037003246927], [99.29540967035781, 19.56995154659707], [99.28939951897799, 19.58089610868686], [99.29225973111583, 19.59432956183586], [99.28450039831554, 19.603582331827734], [99.26788463470253, 19.610536936721612], [99.26629552016024, 19.62459185308347], [99.25893460581997, 19.629480316413684], [99.25980109406842, 19.633039648690378], [99.25836950782282, 19.65035207654862], [99.26366411893449, 19.653622558704136], [99.26533437993773, 19.663980994192436], [99.29280463441486, 19.67863241994727], [99.30480974160503, 19.697348249165344], [99.31396149644722, 19.702652952408897], [99.31339589820098, 19.707734936938103], [99.34089728487344, 19.712652812450102], [99.34580275062285, 19.712123803190156], [99.34959742708266, 19.72464379517412], [99.36104544944028, 19.728285546281292], [99.3598211336604, 19.749154053042627], [99.36529495611873, 19.752561147642645], [99.36607014850989, 19.767063637447198], [99.36260924120265, 19.776557060842887], [99.376778018348, 19.782311317551773], [99.3779826660644, 19.796216359347053], [99.39094340122631, 19.807771327384586], [99.39179931850505, 19.81369077259384], [99.41862268423513, 19.81327974650612], [99.42017331555986, 19.821086075262738], [99.40869916733655, 19.83157946911949], [99.41417037972505, 19.844920820714755], [99.40331799827358, 19.84952954818395], [99.38657057113694, 19.869022627329805], [99.3834471734075, 19.890373991811465], [99.40039242921547, 19.911753514600665], [99.42006072723025, 19.918404278874675], [99.4146867306708, 19.932563685976106], [99.42171551383977, 19.96274510136124], [99.43391440839378, 19.963682609442472], [99.43802886769635, 19.97234079792795], [99.45253200051, 19.981218918293568], [99.47171345367775, 19.968816054039085], [99.50580205247606, 19.97673072708879], [99.51714602635084, 19.965474748971697], [99.52887267582322, 19.965218798224864], [99.52699551437621, 19.94874640965191], [99.5335945385292, 19.935160717629355], [99.55550513000112, 19.912698982654373], [99.5689674440599, 19.913842462494504], [99.57057048930156, 19.905273030391204], [99.57825129981563, 19.897940005556897], [99.57518964472553, 19.8870722852324], [99.57983966482072, 19.879111891067733], [99.57427339559409, 19.84932531518593], [99.57641377135849, 19.828290440646395], [99.57286708951924, 19.825017078998112], [99.57847011552742, 19.80824527722392], [99.57108630982113, 19.799295732464536], [99.57078905717091, 19.78805293427849], [99.61399504782935, 19.76411434449558], [99.62452400351084, 19.76013121068793], [99.63533328528075, 19.74903698759815], [99.61596914955847, 19.737072454447873], [99.62273175585096, 19.726241351007992], [99.62033261651182, 19.718902933655258], [99.62442103435944, 19.71399995610031], [99.63560847180493, 19.71304344871538], [99.64214677515419, 19.704713303495545], [99.639810587975, 19.701043765160012], [99.64567062700095, 19.698024897176076], [99.63804219228803, 19.679906716332916], [99.63669312584716, 19.671975110213378], [99.62144241725109, 19.656582640609752], [99.6253405059834, 19.651888147786945], [99.62205671895948, 19.649839181857274], [99.61811486837489, 19.64498653531904], [99.62301449649323, 19.637880379327655], [99.61796675178236, 19.622628072208467], [99.6233137185089, 19.612368829153688], [99.64632351063516, 19.607487018813135], [99.64658575734676, 19.60376071658327], [99.64094161170055, 19.583529690622917], [99.6296113764946, 19.580695928366364], [99.6265372873112, 19.574719810953287]]]]}}, {"type": "Feature", "properties": {"amp_code": "5711", "amp_th": "เวียงป่าเป้า", "amp_en": "Wiang Pa Pao", "pro_code": "57", "pro_th": "เชียงราย", "pro_en": "Chiang Rai", "reg_nesdb": "UpperNorth", "reg_royin": "North", "perimeter": 174.04972488697, "area_sqkm": 1234.8308775811}, "geometry": {"type": "MultiPolygon", "coordinates": [[[[99.53646338168542, 19.16313618144168], [99.55038879491146, 19.156723744274895], [99.55302390446106, 19.14503973740981], [99.56018212444067, 19.142286563997423], [99.55261633044397, 19.123103059778185], [99.53789120555507, 19.109943232639704], [99.5393471131809, 19.102099128333574], [99.53456514235448, 19.09503686619771], [99.54006174402606, 19.08483128072853], [99.52708715339773, 19.076041632995288], [99.52026976062933, 19.074974254563852], [99.51739882792097, 19.07925699349146], [99.49890011216425, 19.074705703620225], [99.49385738540538, 19.07723618458083], [99.48415381431411, 19.07055166621678], [99.46523402487422, 19.035765634458233], [99.44467787307876, 19.02127498596084], [99.43737717700746, 19.009225107547906], [99.40156588528143, 19.00007223971366], [99.38319545310078, 19.043019103630733], [99.3835389108902, 19.06401926493465], [99.36567754736521, 19.069051006283196], [99.36493416862776, 19.079269358142348], [99.35166743933607, 19.08719390586357], [99.3450121925837, 19.085841823292863], [99.34089637895075, 19.097584660627277], [99.3206940788189, 19.12590148368703], [99.32410711206279, 19.13542776729141], [99.31957700133474, 19.16488421516267], [99.30875170914513, 19.17480550065364], [99.30375649761172, 19.19355293211337], [99.31476535320266, 19.208723983214785], [99.31089469911612, 19.213764415912728], [99.31091281759437, 19.224665731375453], [99.3182306553743, 19.228900729849716], [99.32211339795634, 19.243419240206254], [99.33721247111376, 19.254740682219058], [99.3356312042514, 19.261230133319234], [99.34241492780507, 19.268955762197947], [99.33693845013785, 19.289735927969765], [99.33827852922536, 19.298070352832287], [99.3289515776169, 19.31397042425446], [99.32902739467131, 19.325992120265063], [99.3164180407541, 19.350498638482556], [99.31897537750902, 19.355855525396375], [99.33282430373576, 19.36166202033134], [99.33180762113422, 19.37743156874789], [99.32377101046524, 19.39610788431032], [99.32953543258266, 19.399118210648595], [99.32036905177696, 19.40636887042309], [99.31229881060132, 19.42567279776255], [99.30945639871852, 19.431533755689568], [99.31735835552415, 19.454612314205136], [99.31068819271502, 19.471245429182826], [99.30600409895735, 19.473273198662522], [99.30795356180283, 19.488251195205883], [99.2993966238284, 19.48648522939568], [99.29497587432402, 19.49250443135083], [99.29843079151021, 19.505433141986337], [99.30877904317514, 19.52654902101224], [99.32589527135396, 19.539353868955292], [99.34050031540902, 19.54413238720928], [99.35661767998927, 19.53993070255342], [99.37433982404815, 19.530338205642366], [99.38067496486485, 19.520232873149354], [99.39923076862256, 19.515635946194667], [99.40789041254254, 19.505318940875995], [99.41812013025343, 19.503110896013027], [99.42229117216881, 19.506503647457354], [99.44863466651273, 19.492534580108924], [99.46210360307872, 19.492243152425615], [99.46305418090887, 19.486176903707147], [99.46942543027346, 19.47995209019408], [99.47549067772071, 19.480049235844877], [99.48077379159373, 19.472207003634345], [99.4779757785141, 19.47007037842184], [99.48768845683463, 19.461124996320077], [99.52954677708647, 19.468264241135785], [99.53448205596736, 19.4636748064323], [99.55439941477054, 19.472593163908236], [99.58260743639018, 19.473805983906914], [99.58616860311888, 19.462053342708355], [99.56911289495925, 19.44332898710086], [99.56565217747, 19.41779917171942], [99.56340545097068, 19.40430494139964], [99.57138376463894, 19.39393271746359], [99.57604449407143, 19.388907018302312], [99.57538035702514, 19.362489518638508], [99.58099085577082, 19.35421867576899], [99.57356871258457, 19.344739787467557], [99.58118346819012, 19.33802827792383], [99.58037347358301, 19.330229658447962], [99.57558809330462, 19.327707682543796], [99.58005106852133, 19.321485108188142], [99.57783805191038, 19.307491507373495], [99.57823740895883, 19.29382622765027], [99.57103620893862, 19.293171105773666], [99.56487102487601, 19.283766867025513], [99.56313006260795, 19.27821895234644], [99.55941478749345, 19.25871248133429], [99.54845057109381, 19.252514585125905], [99.54588483069415, 19.240412491424596], [99.54930942166278, 19.224112785356823], [99.54413943312879, 19.22125439604316], [99.54107807185954, 19.206051633448727], [99.5378812837847, 19.184292686534935], [99.54094147719606, 19.178070609970344], [99.53646338168542, 19.16313618144168]]]]}}, {"type": "Feature", "properties": {"amp_code": "5709", "amp_th": "แม่สาย", "amp_en": "Mae Sai", "pro_code": "57", "pro_th": "เชียงราย", "pro_en": "Chiang Rai", "reg_nesdb": "UpperNorth", "reg_royin": "North", "perimeter": 85.75876221582, "area_sqkm": 301.80316492085}, "geometry": {"type": "MultiPolygon", "coordinates": [[[[99.96604316507442, 20.35296147494017], [99.96009330398525, 20.305639765774934], [99.94762379898566, 20.293672511245052], [99.94972297802315, 20.29025025255133], [99.94348057779565, 20.28801609461824], [99.92959337882643, 20.278322980570806], [99.92470191707774, 20.290628127998346], [99.89583523741376, 20.263325850513677], [99.89017368762991, 20.25895435271737], [99.87294864626084, 20.270041838077994], [99.84729881584776, 20.266664140362707], [99.83785325399856, 20.27219646636896], [99.83265999623318, 20.28413477563584], [99.8338130702452, 20.293596419770736], [99.82354999338466, 20.30668574293597], [99.8154585123444, 20.3299746931828], [99.81076064275362, 20.336082067436507], [99.82724714492804, 20.355797363308554], [99.83143937725022, 20.367218793200802], [99.8402008861732, 20.373508527600567], [99.84099251318946, 20.38244541442855], [99.84074688095373, 20.401757847472233], [99.85477170136586, 20.414664645803366], [99.86407443494595, 20.433331249385795], [99.86009142693524, 20.442011477055907], [99.865488339543, 20.446186212907037], [99.88063403148824, 20.44482945017629], [99.89327024595593, 20.44326064865892], [99.89759691169311, 20.44889906572615], [99.91098150672823, 20.449861792910696], [99.92148914774525, 20.445806054859027], [99.93426846870275, 20.454307918601327], [99.96092926225988, 20.464602932765516], [99.96611001622324, 20.461454804572107], [99.9649377607771, 20.457578411450445], [99.97034869587543, 20.45888552416095], [99.96681235430941, 20.454959071454375], [99.98035656500842, 20.450173649818442], [99.97410517618553, 20.44409641635576], [99.98921053935946, 20.435547459629557], [99.98444546526439, 20.429527634923218], [99.99226400659337, 20.42731931814362], [99.98751005267128, 20.423018459360566], [99.99489446272368, 20.42163922022676], [99.98980907978752, 20.418230282606668], [99.99804996452153, 20.418917375853525], [100.00320289647071, 20.412567639192858], [100.00843625441422, 20.418541326831946], [100.01024636800993, 20.413475640772933], [100.01836940556139, 20.41303306310666], [100.01924852381288, 20.406631006522986], [100.02394831297713, 20.40794518271807], [100.03598799186452, 20.398238025204563], [100.03510705834016, 20.39089766103254], [100.02679649402911, 20.39439823463894], [100.02792378359379, 20.38502209596103], [100.02375024632117, 20.393106041852356], [100.00729975411527, 20.379628652755873], [100.00303071646027, 20.37133177081548], [100.00601459697462, 20.36817484360408], [99.99547240265579, 20.353141826435547], [99.96604316507442, 20.35296147494017]]]]}}, {"type": "Feature", "properties": {"amp_code": "5707", "amp_th": "แม่จัน", "amp_en": "Mae Chan", "pro_code": "57", "pro_th": "เชียงราย", "pro_en": "Chiang Rai", "reg_nesdb": "UpperNorth", "reg_royin": "North", "perimeter": 203.78510201672, "area_sqkm": 677.3073464879}, "geometry": {"type": "MultiPolygon", "coordinates": [[[[99.942225741153, 20.13020561395105], [99.92807969391122, 20.11745227766552], [99.92360915053735, 20.123007842888576], [99.91471462829104, 20.113498960463854], [99.91072633686724, 20.11876934504235], [99.89126788663087, 20.118365021464545], [99.88872613859276, 20.110607102587696], [99.87327518019846, 20.103039991547625], [99.86479956302323, 20.11310921450834], [99.85312778194837, 20.116138836891285], [99.82692177960068, 20.099994571189225], [99.81169568395492, 20.09622499633006], [99.8117232121529, 20.080330692398128], [99.7942741337765, 20.068159517464494], [99.78961458416012, 20.058148202787564], [99.76153118067816, 20.064133526775784], [99.75501171866334, 20.05953504493814], [99.74965129387242, 20.046209345018422], [99.7280762317683, 20.03239290765916], [99.7059258429157, 20.024720595329413], [99.69946115806931, 20.030292197126855], [99.68155426603768, 20.027192614976467], [99.68298088738105, 20.031540297123048], [99.671314887176, 20.052874179240415], [99.67640086191719, 20.071966268185825], [99.64847302672035, 20.079903083787897], [99.64140120313488, 20.09230621385475], [99.62181273858464, 20.096363515877783], [99.60866669727612, 20.078434029566548], [99.5937930050924, 20.0967581932847], [99.57031603927193, 20.108076711420974], [99.57052246238823, 20.122468518815772], [99.55724972712204, 20.129570532427497], [99.54410816728034, 20.12965676787387], [99.52018155992609, 20.137981382562405], [99.51282018808675, 20.14710701170501], [99.51149777797075, 20.151827792274116], [99.51780330301618, 20.15266329331353], [99.53176579695966, 20.146108807637084], [99.53885287695817, 20.147316201123555], [99.53821730182051, 20.164974954319856], [99.54176136657573, 20.17287981197665], [99.55004542828858, 20.17546557570397], [99.56643417655557, 20.1751357136921], [99.57788448577794, 20.16727766749402], [99.58146510326037, 20.170778687698583], [99.5856498554902, 20.16559160255792], [99.59355974027454, 20.16658167502086], [99.59635801693463, 20.1520443202656], [99.61227221162936, 20.13665986504959], [99.61959254664376, 20.121763008675277], [99.64417034697983, 20.107241945909916], [99.67639052971465, 20.112172551902695], [99.6721693654246, 20.11661863924979], [99.67502575091676, 20.124060253626283], [99.68991897077699, 20.125050788999538], [99.69922915599757, 20.11668511877632], [99.70861104166399, 20.121409672939432], [99.72060665301748, 20.116133712736957], [99.7521436258869, 20.125932585218706], [99.7559346380857, 20.129950930270795], [99.7505780641049, 20.140419402808774], [99.75759432294197, 20.14827098218026], [99.75772947307189, 20.156203957438912], [99.75276507837393, 20.156810328725978], [99.74885291901603, 20.181544821952834], [99.75898972775518, 20.185915414572207], [99.76981111173491, 20.17950937043325], [99.76467291495479, 20.187051908194636], [99.7698506003447, 20.19790174215806], [99.76987175599983, 20.218751909396705], [99.77624747964556, 20.221990302576884], [99.77644573626188, 20.229629226735977], [99.78851004598476, 20.231741787815906], [99.79592468357214, 20.232727110323346], [99.79992503709836, 20.238213979516637], [99.81934183962726, 20.22723404916285], [99.82679866288343, 20.246842791328966], [99.84293406410946, 20.247326213623243], [99.84908704231492, 20.256991831080548], [99.83785325399856, 20.27219646636896], [99.84729881584776, 20.266664140362707], [99.87294864626084, 20.270041838077994], [99.89017368762991, 20.25895435271737], [99.89583523741376, 20.263325850513677], [99.92470191707774, 20.290628127998346], [99.92959337882643, 20.278322980570806], [99.94348057779565, 20.28801609461824], [99.94972297802315, 20.29025025255133], [99.957621454464, 20.289717063077667], [99.9673972396786, 20.301014072634988], [99.97382970190053, 20.298855083725872], [99.98939905638949, 20.305124154207242], [99.99098958325337, 20.300247354022286], [99.98114095896206, 20.28133980560557], [99.98481692873244, 20.275376145155438], [99.98115085821378, 20.258737663138255], [99.9922735458371, 20.256508831300938], [100.01021921059319, 20.243727474778623], [100.01703861222136, 20.249628824227376], [100.02539090475587, 20.235274980955978], [100.02624743981379, 20.215084973733056], [100.03524976217965, 20.211404449406896], [100.03190513155091, 20.20250621815185], [100.03628567430962, 20.19817734889823], [100.04803947186265, 20.202277466897886], [100.05042782532891, 20.217142129070307], [100.056385345645, 20.21355552062276], [100.05785575542716, 20.2183331233341], [100.08203678999281, 20.208696531529714], [100.08097466330103, 20.196168899305704], [100.08834206497046, 20.18428498966881], [100.06792523654266, 20.175331921231674], [100.06830869310518, 20.171130427344718], [100.0786765149819, 20.168688632159874], [100.08105055322729, 20.163451660962284], [100.0715215834488, 20.160202998934576], [100.07057668683478, 20.154234134144183], [100.06673416577418, 20.148712010727532], [100.05704581393191, 20.153859596715016], [100.05615501122273, 20.13734601440894], [100.03607346558418, 20.138965118532496], [100.03501841422614, 20.127478245221457], [100.02314270051349, 20.125772105183568], [100.02828349832401, 20.106309162247612], [100.02069114539201, 20.11228504854146], [100.01498728657371, 20.107389096594233], [100.01078975068397, 20.11005156547721], [99.9826173081131, 20.105521280528272], [99.98097734522122, 20.12256923216266], [99.96112649005863, 20.129724068543112], [99.95426455016425, 20.12790227486964], [99.95022563914054, 20.13541235965514], [99.942225741153, 20.13020561395105]]]]}}, {"type": "Feature", "properties": {"amp_code": "5708", "amp_th": "เชียงแสน", "amp_en": "Chiang Saen", "pro_code": "57", "pro_th": "เชียงราย", "pro_en": "Chiang Rai", "reg_nesdb": "UpperNorth", "reg_royin": "North", "perimeter": 162.71080734636, "area_sqkm": 457.08206483616}, "geometry": {"type": "MultiPolygon", "coordinates": [[[[100.11764147875714, 20.226986690306045], [100.11856848234802, 20.21740577842937], [100.10849351264118, 20.214580657152464], [100.1043249867734, 20.202429718746586], [100.09742441632689, 20.202502311323553], [100.09564491376311, 20.207896152179025], [100.08203678999281, 20.208696531529714], [100.05785575542716, 20.2183331233341], [100.056385345645, 20.21355552062276], [100.05042782532891, 20.217142129070307], [100.04803947186265, 20.202277466897886], [100.03628567430962, 20.19817734889823], [100.03190513155091, 20.20250621815185], [100.03524976217965, 20.211404449406896], [100.02624743981379, 20.215084973733056], [100.02539090475587, 20.235274980955978], [100.01703861222136, 20.249628824227376], [100.01021921059319, 20.243727474778623], [99.9922735458371, 20.256508831300938], [99.98115085821378, 20.258737663138255], [99.98481692873244, 20.275376145155438], [99.98114095896206, 20.28133980560557], [99.99098958325337, 20.300247354022286], [99.98939905638949, 20.305124154207242], [99.97382970190053, 20.298855083725872], [99.9673972396786, 20.301014072634988], [99.957621454464, 20.289717063077667], [99.94972297802315, 20.29025025255133], [99.94762379898566, 20.293672511245052], [99.96009330398525, 20.305639765774934], [99.96604316507442, 20.35296147494017], [99.99547240265579, 20.353141826435547], [100.00601459697462, 20.36817484360408], [100.00303071646027, 20.37133177081548], [100.00729975411527, 20.379628652755873], [100.02375024632117, 20.393106041852356], [100.02792378359379, 20.38502209596103], [100.02679649402911, 20.39439823463894], [100.03510705834016, 20.39089766103254], [100.03598799186452, 20.398238025204563], [100.040582774827, 20.393388144283016], [100.04297558908257, 20.398485487870897], [100.04502993761945, 20.39218020250841], [100.0509815445842, 20.393280603681795], [100.05517990876476, 20.38808941139261], [100.05646648054257, 20.39637361343158], [100.06197144145786, 20.392217898587113], [100.06678728870408, 20.39422817887957], [100.06409170602008, 20.385518987341896], [100.07221135709428, 20.38821367701917], [100.06577290564529, 20.38179303146317], [100.06668218689545, 20.37502920408254], [100.0780327094894, 20.38065608059512], [100.07675174128151, 20.373923807097906], [100.0860446604948, 20.36865523710501], [100.0793294523143, 20.36329389793818], [100.09686557702194, 20.31262874378497], [100.09192911065176, 20.267705228458453], [100.11161773227809, 20.250563779197982], [100.1414515673382, 20.246568385152614], [100.17366744079179, 20.247209599990214], [100.18084020603153, 20.264935509510096], [100.16866843738481, 20.28429774305957], [100.16681918294948, 20.29637402091946], [100.17274736505684, 20.302954766722536], [100.19360935227479, 20.310506935858758], [100.22102445084452, 20.316784421081017], [100.22916010271452, 20.33189457971486], [100.22405260657438, 20.346512556118405], [100.2261086215465, 20.354184464344243], [100.24648047266164, 20.367917555260814], [100.25022203348288, 20.363131774609815], [100.24849295470301, 20.35249901362586], [100.27579728420521, 20.350063370019296], [100.2911887751568, 20.33881738810879], [100.30255406539887, 20.340571579369854], [100.31312740105854, 20.332528489063737], [100.32201504805326, 20.321159297092834], [100.31950843650195, 20.308904792910063], [100.31182480689706, 20.301140883577354], [100.30725009078058, 20.28669490136673], [100.3005755345994, 20.282898104618383], [100.30573942931484, 20.271880355450048], [100.29093750095345, 20.252651298197097], [100.29038259832149, 20.243638756659013], [100.28384482627213, 20.23611336928826], [100.2861572792595, 20.221437593442534], [100.2976796984955, 20.207044095938418], [100.31216133850374, 20.204732074299663], [100.30921829003269, 20.18932277122063], [100.3050967005848, 20.187288981850195], [100.27000774459289, 20.182689713171218], [100.26487098158499, 20.188771030340604], [100.25891546664509, 20.18649633695937], [100.25758993801176, 20.191244596733437], [100.24310291825975, 20.19526650609745], [100.2248493408673, 20.18843775583932], [100.21159312743026, 20.19733416761584], [100.20408141650904, 20.194329707416415], [100.20715930562478, 20.198593429772078], [100.20320732686449, 20.2021644973186], [100.19240108623471, 20.192261253065507], [100.18055584821995, 20.19287878119221], [100.1712281694299, 20.198881721517946], [100.17126929193024, 20.20821916997301], [100.15769097530274, 20.209648619267615], [100.15332984900945, 20.216991203326685], [100.13403977882463, 20.215185563105983], [100.12466848078681, 20.220140611241362], [100.12389135707078, 20.22738273572144], [100.11764147875714, 20.226986690306045]]]]}}, {"type": "Feature", "properties": {"amp_code": "5705", "amp_th": "พาน", "amp_en": "Phan", "pro_code": "57", "pro_th": "เชียงราย", "pro_en": "Chiang Rai", "reg_nesdb": "UpperNorth", "reg_royin": "North", "perimeter": 155.30634884007, "area_sqkm": 980.51361232794}, "geometry": {"type": "MultiPolygon", "coordinates": [[[[99.78119339535725, 19.444146126361343], [99.75627474009916, 19.440128731159188], [99.73292261873016, 19.42474694221648], [99.71447764113755, 19.419635623044883], [99.70676579896829, 19.425200803064598], [99.69857759028888, 19.420142532451663], [99.68289018793445, 19.422280651192835], [99.68827665800993, 19.39598811093825], [99.69335667047493, 19.383723944455493], [99.69330194210788, 19.383308459850817], [99.68502550096812, 19.383443736481546], [99.68247175555963, 19.390901933490394], [99.67628735103409, 19.391980086047493], [99.66085526641126, 19.38600924291238], [99.64616977751052, 19.388730139385306], [99.631420230559, 19.384387753753177], [99.60654719973671, 19.40144372342596], [99.5835483053898, 19.406145921564185], [99.56565217747, 19.41779917171942], [99.56911289495925, 19.44332898710086], [99.58616860311888, 19.462053342708355], [99.58260743639018, 19.473805983906914], [99.60496863293213, 19.505849592462692], [99.61661688213012, 19.512045663954208], [99.61792529089864, 19.526877332539932], [99.6265372873112, 19.574719810953287], [99.6296113764946, 19.580695928366364], [99.64094161170055, 19.583529690622917], [99.64658575734676, 19.60376071658327], [99.64632351063516, 19.607487018813135], [99.6233137185089, 19.612368829153688], [99.61796675178236, 19.622628072208467], [99.62301449649323, 19.637880379327655], [99.61811486837489, 19.64498653531904], [99.62205671895948, 19.649839181857274], [99.6253405059834, 19.651888147786945], [99.62144241725109, 19.656582640609752], [99.63669312584716, 19.671975110213378], [99.63804219228803, 19.679906716332916], [99.64567062700095, 19.698024897176076], [99.65513488784637, 19.698747412062612], [99.65823657438949, 19.694269748702055], [99.66032537803682, 19.708496888999612], [99.67037944940074, 19.708059735504662], [99.67032753178937, 19.71434934516388], [99.67875177240907, 19.71074598406607], [99.67852180755212, 19.717305095920025], [99.68294268001361, 19.71402614011521], [99.6903254883202, 19.717682503190318], [99.69484664040168, 19.712408071446813], [99.71292640577084, 19.713229472159842], [99.72241923096176, 19.725243830026063], [99.72778547985062, 19.723850848332216], [99.72341484733442, 19.72979191277142], [99.7293497765573, 19.73171520641606], [99.72599601043169, 19.736344170379112], [99.7344270039227, 19.745348464281538], [99.73870988911428, 19.750547101217258], [99.74664264325216, 19.74946372474724], [99.75550623000106, 19.742000929179902], [99.75519349563373, 19.73092366767254], [99.77424909616235, 19.729814478995774], [99.79089348030448, 19.734858616101825], [99.80325271670712, 19.730848007708477], [99.82783600917652, 19.71791144564935], [99.84834819875319, 19.70597586356687], [99.85229197681757, 19.692725869224056], [99.86346088668097, 19.69270638030076], [99.87609756566478, 19.6845283885631], [99.8793941644166, 19.66199856381161], [99.86856998076848, 19.653225042864022], [99.87294334310755, 19.6436525549645], [99.88368071254617, 19.636752924408277], [99.88429792340064, 19.625802488172972], [99.90956188801827, 19.625471044960314], [99.9164688312738, 19.621292925120905], [99.92506691395512, 19.62493797350057], [99.92493240892335, 19.623201461107655], [99.91014198368508, 19.590432456492145], [99.91220630772852, 19.58347090491762], [99.90602270862502, 19.575974880415984], [99.90574746308361, 19.56712976622354], [99.91267753964568, 19.540144205810794], [99.91756714160282, 19.521784842945895], [99.91367757456283, 19.476376736816132], [99.91433246310444, 19.453836790574393], [99.9140037734422, 19.43234770933836], [99.89900022767233, 19.425704062698752], [99.89463536988885, 19.43742326033166], [99.87484807415433, 19.455224363929133], [99.86383764107656, 19.445754980000043], [99.84321267487725, 19.444968694351164], [99.79868216757758, 19.45049498981078], [99.7870162212007, 19.450076078994332], [99.78119339535725, 19.444146126361343]]]]}}, {"type": "Feature", "properties": {"amp_code": "5706", "amp_th": "ป่าแดด", "amp_en": "Pa Daet", "pro_code": "57", "pro_th": "เชียงราย", "pro_en": "Chiang Rai", "reg_nesdb": "UpperNorth", "reg_royin": "North", "perimeter": 83.1541459257, "area_sqkm": 258.5370221109}, "geometry": {"type": "MultiPolygon", "coordinates": [[[[99.9959342541969, 19.430615481559585], [99.94732690635423, 19.427548016145543], [99.94197774252451, 19.418905489049298], [99.9211410687057, 19.40656699985417], [99.9140037734422, 19.43234770933836], [99.91433246310444, 19.453836790574393], [99.91367757456283, 19.476376736816132], [99.91756714160282, 19.521784842945895], [99.91267753964568, 19.540144205810794], [99.90574746308361, 19.56712976622354], [99.90602270862502, 19.575974880415984], [99.91220630772852, 19.58347090491762], [99.91014198368508, 19.590432456492145], [99.92493240892335, 19.623201461107655], [99.93742105757366, 19.620163979542173], [99.93852531247737, 19.6248615390916], [99.94892134336607, 19.626112762264984], [99.95611901891571, 19.61816130843723], [99.95822955418797, 19.600068824242285], [99.95088504747126, 19.582975188887584], [99.95287772692713, 19.576000055641096], [99.96441272785451, 19.569909397699963], [99.97889579743986, 19.571677039312632], [99.98304572014678, 19.568044555809433], [99.98362864230059, 19.585948658003478], [100.00096453891446, 19.59098799700335], [100.0116057860668, 19.56385438869691], [100.01669284600169, 19.561607459777697], [100.02425205612226, 19.540738935169703], [100.03608495501919, 19.53390348964997], [100.04520949341054, 19.536308742810956], [100.05717309248858, 19.51560096940818], [100.06575598795587, 19.510637288311255], [100.06722125268315, 19.49558148373503], [100.07015694562371, 19.48421269438662], [100.06590700908382, 19.471022593455178], [100.07053833709708, 19.456508308749346], [100.06497652158387, 19.4474304765524], [100.07229449189475, 19.43462849357187], [100.06678142604177, 19.431084963509264], [100.05563492212501, 19.43511018444105], [100.05355573854918, 19.43117801621067], [100.04791984648492, 19.4434861635736], [100.04017870263559, 19.44453145767626], [100.02644029043574, 19.4364591109425], [100.01011075033459, 19.43879170094884], [100.01260521012507, 19.427846291186768], [100.00505466356205, 19.42922334265923], [99.99881315169773, 19.435680268501642], [99.9959342541969, 19.430615481559585]]]]}}, {"type": "Feature", "properties": {"amp_code": "5802", "amp_th": "ขุนยวม", "amp_en": "Khun Yuam", "pro_code": "58", "pro_th": "แม่ฮ่องสอน", "pro_en": "Mae Hong Son", "reg_nesdb": "UpperNorth", "reg_royin": "North", "perimeter": 217.25782408034, "area_sqkm": 1620.62317848418}, "geometry": {"type": "MultiPolygon", "coordinates": [[[[98.09018175519212, 18.788675913425376], [98.0932955597089, 18.77712141830246], [98.09927574715958, 18.77523109860824], [98.1072186029462, 18.780197790533972], [98.12164835460644, 18.774455341108066], [98.11775835758779, 18.766832322065024], [98.12020571368339, 18.758320753200024], [98.09396791999096, 18.737649761778055], [98.10214155242278, 18.735782318190733], [98.10316966608178, 18.718393114216994], [98.10751915509795, 18.713764291523077], [98.10032284142228, 18.704771860835763], [98.10710729158718, 18.68898932976689], [98.10507516463299, 18.677275433083775], [98.08626206106139, 18.669521340311306], [98.08051023185739, 18.669741784787888], [98.07772741140079, 18.674663517834595], [98.06810423985104, 18.673123753589138], [98.05060862819212, 18.662501178650576], [98.00026594843546, 18.652645032165346], [97.97741796587482, 18.627528287609625], [97.96782145821284, 18.62666143600789], [97.96629157049506, 18.61733374076815], [97.95647282312765, 18.62460055945366], [97.94070025633484, 18.623165941697124], [97.93648873528593, 18.613251379612443], [97.91826627990763, 18.621781079394722], [97.91410761954246, 18.615699101598075], [97.90106750382932, 18.61700040260038], [97.88436071573993, 18.60846748845287], [97.8798410866379, 18.615375192529847], [97.87117970858083, 18.613413327377284], [97.86278032856028, 18.62246607267894], [97.85089583404488, 18.61967272716765], [97.8301041851769, 18.60173806944275], [97.81673654687849, 18.605540285011102], [97.81334451369467, 18.600793963243213], [97.78955632989916, 18.597213262566545], [97.78415523659329, 18.592306698906874], [97.7714179888406, 18.599291705667646], [97.76884361743198, 18.604506985385434], [97.77409597195003, 18.610069281914477], [97.77381240479413, 18.618767249115045], [97.76689312692918, 18.632976950549747], [97.77103498259818, 18.637071566088537], [97.76846316193082, 18.643732627684443], [97.7722571569629, 18.65529351656844], [97.76738985025614, 18.668604964585978], [97.77270844515932, 18.675421592365534], [97.77372964117774, 18.689234690898164], [97.76476882871236, 18.709337061088203], [97.75685096190468, 18.715026142971197], [97.75215103360473, 18.737359644297182], [97.75848972486318, 18.75422956222811], [97.76357881069931, 18.75707015986595], [97.76215723056322, 18.762786353744918], [97.75378945205124, 18.766643456356285], [97.75403551971662, 18.78531844167858], [97.7484891774856, 18.7977738927938], [97.752859335651, 18.808071638821115], [97.7454971500481, 18.812021919824282], [97.73911749453316, 18.827881382332606], [97.7463227460066, 18.834169433504854], [97.74871084798276, 18.844316130156216], [97.7443458699351, 18.84988463924534], [97.74776961608501, 18.857174998148363], [97.73957957141303, 18.865937836230614], [97.74134995878244, 18.882126681579177], [97.73679220681667, 18.887001236698808], [97.72139275562141, 18.88603416555118], [97.71081243599386, 18.897959775234217], [97.70395948337405, 18.89793582839999], [97.6891812049026, 18.916163790559963], [97.68954956055123, 18.925319760740155], [97.67101685048237, 18.92944500220747], [97.6665775373997, 18.9373364463317], [97.67120894189172, 18.941923738698886], [97.66851361770958, 18.948132347516], [97.68440353170581, 18.952942160287183], [97.69150600673817, 18.94864955809996], [97.7018648404163, 18.958536497613224], [97.70760032826959, 18.957967785894393], [97.70536232273038, 18.967849875939038], [97.72208145234256, 18.967385400126208], [97.72610920988811, 18.974621576158473], [97.73053638773695, 18.97251045020552], [97.73447910873777, 18.97597788088853], [97.73892765965734, 18.980722753849342], [97.7352384489006, 18.98430294362146], [97.73969019795008, 19.026330214428345], [97.73601953817096, 19.04085750547617], [97.76219716884442, 19.039331551189033], [97.77148728480775, 19.051018420596503], [97.76515713222845, 19.065393094685792], [97.76975851862521, 19.07307280477938], [97.79216436347913, 19.073803754917144], [97.81196817061652, 19.091168750408944], [97.82892313592714, 19.09152578864948], [97.83315594029084, 19.072289849394558], [97.83935373917532, 19.067148978916034], [97.85847111472344, 19.063567953514887], [97.8644622008272, 19.058359391389455], [97.87316011990406, 19.059467697427422], [97.8746501029391, 19.054922512041962], [97.88114616393011, 19.055994405704183], [97.8897745708803, 19.046976320688657], [97.89569024730304, 19.046828815590043], [97.89278909214462, 19.039473942599862], [97.89970122838983, 19.019364181492573], [97.90883371492652, 19.016223954601273], [97.92190784445862, 19.021772212608507], [97.92540378954212, 19.017502529235582], [97.94367952762745, 19.017996431986557], [97.95475773406204, 19.00620125697177], [97.96590935121813, 19.00922566622338], [97.96727677982572, 18.979631841651305], [97.95934172721111, 18.9742242277268], [97.95654335039575, 18.965237454019853], [97.96245600649486, 18.96358194902381], [97.97382177452302, 18.94630061761789], [97.98555155371841, 18.945150856036406], [97.98986709406873, 18.948591391953077], [98.004823253209, 18.95330920348093], [98.01486928397566, 18.951369138602246], [98.02174991449034, 18.944476672832923], [98.03014753569282, 18.959233692175847], [98.03681078899918, 18.954850606547573], [98.04779802324568, 18.95835714930648], [98.04327660641067, 18.96718083614261], [98.05368617839605, 18.97306978144212], [98.06113870807502, 18.954308949301616], [98.05977998479518, 18.944817953705318], [98.06805549406306, 18.94701274237531], [98.0724638481702, 18.941503180876015], [98.10202294936755, 18.934423644010696], [98.11673577550368, 18.939516528577016], [98.14502116558052, 18.933336723960206], [98.15668456197113, 18.93746126142061], [98.15643877252988, 18.919615463773205], [98.14977540439752, 18.918961519327556], [98.14368165192477, 18.911758149611078], [98.12928751480207, 18.91182565619745], [98.10996485182454, 18.8876269150223], [98.10239117186869, 18.88420843566685], [98.09247070941589, 18.86918384791091], [98.08115802752374, 18.835861160578787], [98.07832377174067, 18.821449060076095], [98.08832763969943, 18.804710919801693], [98.0854325103487, 18.795986234485593], [98.09018175519212, 18.788675913425376]]]]}}, {"type": "Feature", "properties": {"amp_code": "5803", "amp_th": "ปาย", "amp_en": "Pai", "pro_code": "58", "pro_th": "แม่ฮ่องสอน", "pro_en": "Mae Hong Son", "reg_nesdb": "UpperNorth", "reg_royin": "North", "perimeter": 266.69163655699, "area_sqkm": 2299.33178588478}, "geometry": {"type": "MultiPolygon", "coordinates": [[[[98.56936732573757, 19.215679846973995], [98.56885745474361, 19.20667524190437], [98.57680283932336, 19.201752605029736], [98.58217081353655, 19.18882346702448], [98.60515005511411, 19.180758813681038], [98.60774351729226, 19.172540372312696], [98.62073582445636, 19.16871548466067], [98.62179637774585, 19.157847952129874], [98.63342070193464, 19.15580420574424], [98.63221103122997, 19.142313451519456], [98.63896935881296, 19.135352212448183], [98.64349701898631, 19.105422234868325], [98.65169338633476, 19.094310528308174], [98.64031283575721, 19.069058265039548], [98.63256445407504, 19.062330394200018], [98.60276081598045, 19.0530571878003], [98.59492235612707, 19.04362987661965], [98.5801032627612, 19.04830077723141], [98.56697055057307, 19.045326490820383], [98.56386489954103, 19.037729976307585], [98.55535331280079, 19.037856541573483], [98.55313963444438, 19.031653765056816], [98.54137734155357, 19.025459143224023], [98.52853383124284, 19.024654124286272], [98.51328600926033, 19.03345997176663], [98.47875272933105, 19.04316905331403], [98.4382309096059, 19.04799363937748], [98.42840261320025, 19.04177969694832], [98.42141447585706, 19.028147751544772], [98.40120214436652, 19.035631750202295], [98.38562552720882, 19.061700501488833], [98.38168190179114, 19.059360241104578], [98.37273202629679, 19.065346560683942], [98.37488953522288, 19.075093738205993], [98.3706577940938, 19.085612195073164], [98.35634417875569, 19.090051978391365], [98.35109013644448, 19.096524488934364], [98.3529703428551, 19.103236668247554], [98.34324048594782, 19.122760825338755], [98.34959765064463, 19.13177985865301], [98.33948346029258, 19.14241662776492], [98.34272424888793, 19.153134934968655], [98.33053075807473, 19.15026231439866], [98.32410514578217, 19.155740105573493], [98.28509183111534, 19.152659947104695], [98.27046095477408, 19.155946125960643], [98.26484078879464, 19.152537122264498], [98.25251901333476, 19.160742663488623], [98.24323711479789, 19.153466081174663], [98.23043436049662, 19.156982489216652], [98.22060374023404, 19.152910595309958], [98.20063160984739, 19.170503142794566], [98.18914358373999, 19.17104920178414], [98.18004724931369, 19.177079279178088], [98.17581479249301, 19.187886396282998], [98.15890179786044, 19.1998985503978], [98.17024493840422, 19.22248110414349], [98.16889216605946, 19.235569194886242], [98.16217676304817, 19.246075388739605], [98.16585926116376, 19.258881403018968], [98.15042907990745, 19.266859791390914], [98.12777207514993, 19.26280410931236], [98.13473200211881, 19.278100036812827], [98.12465641083534, 19.32712744708265], [98.14420125608379, 19.34174426486269], [98.15544244572446, 19.369170775144827], [98.15687991275983, 19.374030077603166], [98.17775218479336, 19.381214792132514], [98.19936890019073, 19.375173066599025], [98.2204023445503, 19.393968034445145], [98.24025554848626, 19.382665829651085], [98.2489208732216, 19.390041882300043], [98.2772879226057, 19.391706625259314], [98.2963265734879, 19.40276097681273], [98.31524660141366, 19.392000365396083], [98.33924174751894, 19.398442035154453], [98.32005996530181, 19.410846618976112], [98.31407370001564, 19.420554479610022], [98.31902276669442, 19.445977741050513], [98.32840746552331, 19.467739370903363], [98.34193928307684, 19.479498398788955], [98.3390574749579, 19.53640576583956], [98.34578749609504, 19.54785265205527], [98.36275935587925, 19.555879193242117], [98.36317621463803, 19.569437990233055], [98.37281439600626, 19.575381755435377], [98.38153590476861, 19.593422035125556], [98.37570766455896, 19.606844026323724], [98.37085453854942, 19.64810208050508], [98.3422890467055, 19.66151637352085], [98.33386220397279, 19.672555138655518], [98.33765819984824, 19.677466989555725], [98.30867800842458, 19.687993777581635], [98.32428032929289, 19.6984655093809], [98.33655434010858, 19.69373322897655], [98.3456790618527, 19.698359549574178], [98.34966783388836, 19.694167528069954], [98.35626736173664, 19.695849526285027], [98.37175169903777, 19.689736914056372], [98.37657934115629, 19.697127607465962], [98.39316465612369, 19.704172009169678], [98.40429201821786, 19.700386803072256], [98.40697310445285, 19.69481781888142], [98.41995742548445, 19.696048564968265], [98.44567015083378, 19.693271961666476], [98.46033640907235, 19.697774003445684], [98.46691230445731, 19.692608842775083], [98.47235137319372, 19.657887696933596], [98.49695430022203, 19.652156604102966], [98.51354454692539, 19.63898591013559], [98.52177511632335, 19.638813682185877], [98.52678096083316, 19.62703836236038], [98.53953525730383, 19.623377621010267], [98.53674545071323, 19.6002473794349], [98.54111507831308, 19.592818939876935], [98.54230958007626, 19.571858620473943], [98.56590942331991, 19.560121466647647], [98.56480750855181, 19.527969819275043], [98.56820498252901, 19.52019486117846], [98.57488734954157, 19.52534596328324], [98.5874307951802, 19.514930498014845], [98.5880683660145, 19.49838064726561], [98.5950264392535, 19.489576195697797], [98.59257803992821, 19.483138586698967], [98.59889169429404, 19.46999697630187], [98.59476918571116, 19.461895112358775], [98.59098724487912, 19.462991401687923], [98.5922345537571, 19.45581425786387], [98.58453658272805, 19.444211256579244], [98.58980874580223, 19.4241383092109], [98.58613880351314, 19.415309766786805], [98.59611584065769, 19.4069932156828], [98.58704139253734, 19.397578732230535], [98.57714446837183, 19.39751757650296], [98.57339539658923, 19.38801532259794], [98.57569758442776, 19.378619830118648], [98.58131523978051, 19.36563968232791], [98.59478182296567, 19.35344285785276], [98.58999237629457, 19.353176840533017], [98.59356670379375, 19.340207453006528], [98.588744116328, 19.332537616040774], [98.60147376319827, 19.314588605185783], [98.59962116891609, 19.29843050195042], [98.59385156481888, 19.289319521462986], [98.60221148165478, 19.277908049041848], [98.59134164479472, 19.267111658325877], [98.58730425276444, 19.255263774749686], [98.59832245505099, 19.22910726327316], [98.58207950839481, 19.216744048145962], [98.56936732573757, 19.215679846973995]]]]}}, {"type": "Feature", "properties": {"amp_code": "5801", "amp_th": "เมืองแม่ฮ่องสอน", "amp_en": "Mueang Mae Hong Son", "pro_code": "58", "pro_th": "แม่ฮ่องสอน", "pro_en": "Mae Hong Son", "reg_nesdb": "UpperNorth", "reg_royin": "North", "perimeter": 262.65606874273, "area_sqkm": 2321.24178264542}, "geometry": {"type": "MultiPolygon", "coordinates": [[[[98.18510969040243, 19.031872386854705], [98.18605264455196, 19.015436055146353], [98.16929717377101, 18.99920799209386], [98.1660477510433, 18.98358655376718], [98.16352196539985, 18.980516148847467], [98.17311239357606, 18.961861698682], [98.17254956118808, 18.951038509352227], [98.16605962685261, 18.939459019817498], [98.15668456197113, 18.93746126142061], [98.14502116558052, 18.933336723960206], [98.11673577550368, 18.939516528577016], [98.10202294936755, 18.934423644010696], [98.0724638481702, 18.941503180876015], [98.06805549406306, 18.94701274237531], [98.05977998479518, 18.944817953705318], [98.06113870807502, 18.954308949301616], [98.05368617839605, 18.97306978144212], [98.04327660641067, 18.96718083614261], [98.04779802324568, 18.95835714930648], [98.03681078899918, 18.954850606547573], [98.03014753569282, 18.959233692175847], [98.02174991449034, 18.944476672832923], [98.01486928397566, 18.951369138602246], [98.004823253209, 18.95330920348093], [97.98986709406873, 18.948591391953077], [97.98555155371841, 18.945150856036406], [97.97382177452302, 18.94630061761789], [97.96245600649486, 18.96358194902381], [97.95654335039575, 18.965237454019853], [97.95934172721111, 18.9742242277268], [97.96727677982572, 18.979631841651305], [97.96590935121813, 19.00922566622338], [97.95475773406204, 19.00620125697177], [97.94367952762745, 19.017996431986557], [97.92540378954212, 19.017502529235582], [97.92190784445862, 19.021772212608507], [97.90883371492652, 19.016223954601273], [97.89970122838983, 19.019364181492573], [97.89278909214462, 19.039473942599862], [97.89569024730304, 19.046828815590043], [97.8897745708803, 19.046976320688657], [97.88114616393011, 19.055994405704183], [97.8746501029391, 19.054922512041962], [97.87316011990406, 19.059467697427422], [97.8644622008272, 19.058359391389455], [97.85847111472344, 19.063567953514887], [97.83935373917532, 19.067148978916034], [97.83315594029084, 19.072289849394558], [97.82892313592714, 19.09152578864948], [97.83687973810567, 19.09486534401108], [97.8406287992022, 19.117303116885385], [97.83504894343065, 19.13661869693246], [97.84392393308504, 19.146338831896326], [97.83903226220092, 19.17114819388558], [97.84470282179957, 19.182025001127073], [97.83841059125061, 19.195263762656236], [97.84592457649134, 19.203046068464545], [97.84218103553239, 19.224523722450076], [97.8269310967133, 19.229118629424356], [97.82664668822378, 19.236975852731515], [97.81547773402868, 19.240317256063104], [97.80972609948066, 19.25308836912706], [97.78272149037312, 19.266852979026186], [97.79133376179368, 19.28337117928027], [97.80187746015751, 19.288412615257183], [97.81052552251623, 19.279311260389367], [97.81753529582025, 19.284276810315237], [97.82605295972958, 19.282436455638674], [97.83210453604521, 19.29072505686569], [97.84276278289873, 19.289376513247873], [97.84070486685178, 19.300360224443533], [97.8304179128063, 19.30242483164357], [97.82224980449193, 19.328402463075406], [97.81212896457068, 19.33346917433745], [97.81415876926837, 19.339658394218702], [97.79843889785685, 19.353274037295172], [97.80060775035854, 19.37107754887365], [97.80599964011869, 19.37568059699021], [97.8044302866055, 19.384997482234258], [97.78576209329697, 19.398486137761314], [97.78818667035644, 19.403157973116002], [97.80228042987457, 19.404403458297285], [97.81359977400969, 19.413682907753575], [97.83930083104573, 19.45465245181595], [97.85806991341671, 19.469262846320778], [97.86146702928977, 19.482270977236144], [97.87179345157878, 19.484843042045487], [97.87320160007805, 19.495667723711648], [97.88804328146743, 19.50106356036431], [97.87565176357269, 19.50624360559526], [97.86778947444304, 19.523823455851034], [97.85507630765396, 19.53200887062569], [97.8624503197702, 19.57575465001695], [97.8797398531632, 19.581160070986417], [97.89017962098761, 19.57709976609592], [97.902863934889, 19.578799289437214], [97.94302519915242, 19.597709565988485], [97.96007931268126, 19.593564132378877], [97.9609606325762, 19.598764888241742], [97.97529456421731, 19.602937994981502], [97.97378608373901, 19.6346591876399], [97.98030493030328, 19.634680431707327], [97.98397052724303, 19.640572283160875], [98.00041405864359, 19.6331102990865], [98.01361798238462, 19.635991100417915], [98.01448987086441, 19.639824894593207], [98.02679534352023, 19.639259355249727], [98.03715950499512, 19.630168344856514], [98.04277705721704, 19.632705823746644], [98.0511941990969, 19.628085501798154], [98.0593909796325, 19.61628666079504], [98.06358063872916, 19.594431942975707], [98.0726400033907, 19.581161677729455], [98.07899379090959, 19.580308684191746], [98.07500409449824, 19.572966676483624], [98.08173717729902, 19.570836890668247], [98.07677965396336, 19.562873268890115], [98.07999860082656, 19.552287931838134], [98.09715730323356, 19.536073063157026], [98.11401982460099, 19.534934355353343], [98.12128698521467, 19.530379370947006], [98.12050574933886, 19.5191501611957], [98.12600370742499, 19.520281511006935], [98.12156765016584, 19.516252391491506], [98.1267030741618, 19.51244809541063], [98.11871165959953, 19.490780783503066], [98.12423216307747, 19.473968233381303], [98.1146554582198, 19.460742108785222], [98.12253781146357, 19.436585382398835], [98.12002471445227, 19.421857364424365], [98.11277844689187, 19.41425860612684], [98.11329822445167, 19.39001406531964], [98.15544244572446, 19.369170775144827], [98.14420125608379, 19.34174426486269], [98.12465641083534, 19.32712744708265], [98.13473200211881, 19.278100036812827], [98.12777207514993, 19.26280410931236], [98.15042907990745, 19.266859791390914], [98.16585926116376, 19.258881403018968], [98.16217676304817, 19.246075388739605], [98.16889216605946, 19.235569194886242], [98.17024493840422, 19.22248110414349], [98.15890179786044, 19.1998985503978], [98.17581479249301, 19.187886396282998], [98.18004724931369, 19.177079279178088], [98.18914358373999, 19.17104920178414], [98.20063160984739, 19.170503142794566], [98.22060374023404, 19.152910595309958], [98.23043436049662, 19.156982489216652], [98.24323711479789, 19.153466081174663], [98.24045244871328, 19.139939857382842], [98.2444513899563, 19.13124923132977], [98.24067280774796, 19.126963712047413], [98.25200077112945, 19.113752870398102], [98.24862693136565, 19.106654136441776], [98.23811918724283, 19.102293546549884], [98.23469549788915, 19.093420860390967], [98.22554544879638, 19.088452963370706], [98.22506575556677, 19.08027023140874], [98.20890645860729, 19.063257309845845], [98.20500180896539, 19.04853512978908], [98.19113235207197, 19.041071363613767], [98.19111499901786, 19.03269628907004], [98.18510969040243, 19.031872386854705]]]]}}, {"type": "Feature", "properties": {"amp_code": "5806", "amp_th": "สบเมย", "amp_en": "Sop Moei", "pro_code": "58", "pro_th": "แม่ฮ่องสอน", "pro_en": "Mae Hong Son", "reg_nesdb": "UpperNorth", "reg_royin": "North", "perimeter": 301.66500525677, "area_sqkm": 1436.65803744075}, "geometry": {"type": "MultiPolygon", "coordinates": [[[[98.04745634381244, 17.9441862827781], [98.05994123649637, 17.93313407494628], [98.049263671825, 17.924558452935432], [98.04937851337972, 17.90550861677392], [98.04503326609439, 17.898641267661727], [98.04694345123188, 17.891549221963746], [98.05748998137848, 17.887013872780578], [98.05457879183356, 17.868128900626505], [98.05813010429134, 17.85941106055761], [98.06910329120423, 17.85299829791578], [98.07295380466189, 17.83003000374247], [98.08808903387445, 17.80994786339462], [98.10412303770445, 17.797356429524505], [98.10920887624404, 17.79426268195145], [98.11463668270464, 17.79813635683819], [98.13180571309196, 17.7963604990585], [98.14812011787075, 17.776536076508325], [98.14070911546617, 17.761491513524454], [98.13555847702122, 17.759785532065795], [98.14008389932317, 17.748841141811216], [98.14856593755968, 17.745801808243932], [98.15283518607995, 17.7294138861245], [98.14469489576736, 17.682336361463403], [98.12622506552214, 17.66026437859012], [98.08982501000327, 17.63662548506039], [98.0730480996773, 17.647895714550973], [98.0625470084604, 17.648706921021226], [98.05822086886029, 17.662619473414953], [98.05280729583266, 17.667044709837107], [98.04673881525149, 17.664589869292413], [98.04788185239249, 17.66902286286235], [98.04067176432243, 17.675347178299383], [98.04340764551573, 17.68053131728938], [98.03916043041421, 17.694399633505412], [98.03158192214063, 17.70131259424046], [98.03154994048865, 17.71002269059805], [98.023309006413, 17.710486894459446], [98.02755399152281, 17.72091617147138], [98.02198069716746, 17.724709245609994], [98.02106592159714, 17.73263651504069], [98.01543532749714, 17.732960829685243], [98.01404813211585, 17.73968703543369], [98.02075577106015, 17.735965407489626], [98.02163146301089, 17.738776019970658], [98.01184696218237, 17.749006360185483], [98.01469414676615, 17.75542509360559], [98.0079826657093, 17.762788672592446], [98.01013676309016, 17.76928190722214], [98.00592043594156, 17.775010837326796], [97.99637183329328, 17.776151739702975], [97.9994884936427, 17.78041316236234], [97.99610773098024, 17.785964231846485], [97.98944557878697, 17.786205607544847], [97.99489635788936, 17.7882874892925], [97.98566087525097, 17.80708569996], [97.99136481262892, 17.810128140066617], [97.97990055083699, 17.81378993211536], [97.98016818903444, 17.822930662008176], [97.97521391601067, 17.823030142862514], [97.98252716061573, 17.836683583440912], [97.97476189537052, 17.848021345208103], [97.97069099280914, 17.847310802885364], [97.96717153870453, 17.856677759867708], [97.97330254558304, 17.86501116046367], [97.96941410773117, 17.868244185143567], [97.9619870355759, 17.865697993327757], [97.95312245905485, 17.86047321992755], [97.91865917645883, 17.858452877650944], [97.91123784361362, 17.85419449582593], [97.90738104201246, 17.840032700090152], [97.89896683676598, 17.830426072350658], [97.90600313968034, 17.820018277808263], [97.9054036855884, 17.81335429612682], [97.89479076487109, 17.803892240563663], [97.8708460032314, 17.7942345695105], [97.86747077430465, 17.788619778435017], [97.86294779164145, 17.790047450946002], [97.84731947220475, 17.778529422507372], [97.8134215581585, 17.784670019101732], [97.79556214513748, 17.777071361753872], [97.78581039651819, 17.784806868531728], [97.76231132950359, 17.776299241962064], [97.74258889410638, 17.78482549958855], [97.73318460201982, 17.796432833550465], [97.72259864719506, 17.800787629269124], [97.71818269066159, 17.818542408106893], [97.70370982317624, 17.815698600918637], [97.6995828772591, 17.819187685391597], [97.67195790068503, 17.88096061432572], [97.68538613789974, 17.90828637758049], [97.68792684517555, 17.92583492646707], [97.70528524869407, 17.944736615078348], [97.72764544836696, 17.950910826876246], [97.73557993080433, 17.95814924917414], [97.73646946111579, 17.98621573649189], [97.72087696592779, 18.012034508401612], [97.72344398382043, 18.018788399081924], [97.7268932871359, 18.014681282515042], [97.72958502514894, 18.022232296061325], [97.7363071678282, 18.02556006806181], [97.7714606263541, 18.01919849440019], [97.78466676579416, 18.012462315434888], [97.79320373996566, 18.019396265373892], [97.81923739771487, 18.015965701433743], [97.82547027151045, 18.001476461659582], [97.85436141355346, 18.017691580818624], [97.91035827347719, 18.01019305378824], [97.91884679130156, 18.010085862486076], [97.92096295642806, 18.014143006933004], [97.90580241657707, 18.024955787007734], [97.92316665297332, 18.030184131352353], [97.92139105686037, 18.035797718311766], [97.92748777885078, 18.041789483572767], [97.91988473468366, 18.046850989680422], [97.9222082692592, 18.05255633619238], [97.92839411955532, 18.053582578623715], [97.923022170736, 18.06986844556428], [97.93454169005273, 18.079383123700037], [97.9357903319944, 18.08484064483099], [97.95257017923936, 18.090466698648637], [97.95935862787967, 18.09798298207146], [97.97056198988273, 18.097402583877532], [97.97736871771843, 18.0835042412786], [97.9728053866136, 18.0692607722983], [97.98233572754039, 18.063493373624798], [97.99692789938031, 18.043353967849434], [98.00805092209929, 18.03999742432472], [98.00954731222376, 18.027140166116038], [98.01695686974739, 18.01789524539938], [98.0445845942572, 18.00743355129668], [98.04754101706023, 17.99996494360723], [98.05753439657144, 17.995280328662044], [98.06349903535252, 17.99480313083958], [98.07136613933841, 18.001501767104294], [98.07233867698423, 18.01014194110019], [98.08093518738751, 18.0183451009934], [98.07548059504619, 18.030732386269428], [98.08886168039443, 18.03683756490475], [98.08692947198105, 18.0493027228719], [98.09577137399789, 18.056202766248305], [98.09000993708725, 18.059312927592703], [98.08908421117296, 18.071987290558507], [98.09758942512467, 18.079648248095573], [98.10590710991873, 18.078884857946413], [98.10720703945219, 18.083842400997558], [98.11761188697683, 18.085132938755812], [98.11445599620498, 18.089239676443437], [98.12431264378658, 18.0948507676269], [98.1220067941328, 18.121110618514603], [98.09012638658385, 18.15371046636928], [98.08982735034431, 18.165246662500582], [98.10116777849187, 18.16993969730683], [98.10996776478046, 18.1574556295701], [98.15589800528622, 18.147065971764157], [98.16247257925357, 18.147909227277427], [98.16007323269528, 18.156623568967042], [98.18141094621886, 18.15335013038713], [98.19255082629708, 18.097127767703842], [98.21298004854351, 18.08736882495528], [98.225857859915, 18.091908238799057], [98.23088627592179, 18.098232294178416], [98.2329966388013, 18.09187348705477], [98.22886610665542, 18.088651951144108], [98.2421590351623, 18.087911538824844], [98.24200085922466, 18.078599577809722], [98.24998071308235, 18.07731911164278], [98.25183381914695, 18.072768907739214], [98.25210025463399, 18.06479731797127], [98.24324172464019, 18.05805438937397], [98.23569237198902, 18.045455133896596], [98.23753720343976, 18.03960355227365], [98.23070369598356, 18.036999542821686], [98.23404759255546, 18.0337083044844], [98.22085496911737, 18.024318285177884], [98.2253342308346, 18.015473403380746], [98.24155711760733, 18.01052040420323], [98.24615249970297, 17.988674230787417], [98.22757179076946, 17.990335261458025], [98.20848148403337, 17.982831304925256], [98.20595943967542, 17.98541602314723], [98.18914883918053, 17.978482139046307], [98.1844097712174, 17.98113750059816], [98.17971742105951, 17.972558792178678], [98.17154276240741, 17.97522074881674], [98.16734776474354, 17.972585185081307], [98.16981455401897, 17.969458468329414], [98.16183928364322, 17.970770833930835], [98.16033216994728, 17.96263472436803], [98.15271222204429, 17.96052967819258], [98.14957064140955, 17.94013774310487], [98.14368840200899, 17.935668655747385], [98.13338040575621, 17.94580300707624], [98.12227170635576, 17.946210677522842], [98.0993487427959, 17.9621726994142], [98.08881696690166, 17.96347582671724], [98.0625742425923, 17.951519365650487], [98.0553354307546, 17.952050278105663], [98.04745634381244, 17.9441862827781]]]]}}, {"type": "Feature", "properties": {"amp_code": "5807", "amp_th": "ปางมะผ้า", "amp_en": "Pang Mapha", "pro_code": "58", "pro_th": "แม่ฮ่องสอน", "pro_en": "Mae Hong Son", "reg_nesdb": "UpperNorth", "reg_royin": "North", "perimeter": 168.06850273572, "area_sqkm": 1097.40307446821}, "geometry": {"type": "MultiPolygon", "coordinates": [[[[98.27756117115702, 19.681886876238433], [98.28741148303975, 19.685102552483848], [98.29281881703672, 19.681631324299932], [98.30867800842458, 19.687993777581635], [98.33765819984824, 19.677466989555725], [98.33386220397279, 19.672555138655518], [98.3422890467055, 19.66151637352085], [98.37085453854942, 19.64810208050508], [98.37570766455896, 19.606844026323724], [98.38153590476861, 19.593422035125556], [98.37281439600626, 19.575381755435377], [98.36317621463803, 19.569437990233055], [98.36275935587925, 19.555879193242117], [98.34578749609504, 19.54785265205527], [98.3390574749579, 19.53640576583956], [98.34193928307684, 19.479498398788955], [98.32840746552331, 19.467739370903363], [98.31902276669442, 19.445977741050513], [98.31407370001564, 19.420554479610022], [98.32005996530181, 19.410846618976112], [98.33924174751894, 19.398442035154453], [98.31524660141366, 19.392000365396083], [98.2963265734879, 19.40276097681273], [98.2772879226057, 19.391706625259314], [98.2489208732216, 19.390041882300043], [98.24025554848626, 19.382665829651085], [98.2204023445503, 19.393968034445145], [98.19936890019073, 19.375173066599025], [98.17775218479336, 19.381214792132514], [98.15687991275983, 19.374030077603166], [98.15544244572446, 19.369170775144827], [98.11329822445167, 19.39001406531964], [98.11277844689187, 19.41425860612684], [98.12002471445227, 19.421857364424365], [98.12253781146357, 19.436585382398835], [98.1146554582198, 19.460742108785222], [98.12423216307747, 19.473968233381303], [98.11871165959953, 19.490780783503066], [98.1267030741618, 19.51244809541063], [98.12156765016584, 19.516252391491506], [98.12600370742499, 19.520281511006935], [98.12050574933886, 19.5191501611957], [98.12128698521467, 19.530379370947006], [98.11401982460099, 19.534934355353343], [98.09715730323356, 19.536073063157026], [98.07999860082656, 19.552287931838134], [98.07677965396336, 19.562873268890115], [98.08173717729902, 19.570836890668247], [98.07500409449824, 19.572966676483624], [98.07899379090959, 19.580308684191746], [98.0726400033907, 19.581161677729455], [98.06358063872916, 19.594431942975707], [98.0593909796325, 19.61628666079504], [98.0511941990969, 19.628085501798154], [98.04277705721704, 19.632705823746644], [98.03715950499512, 19.630168344856514], [98.02679534352023, 19.639259355249727], [98.03812379927005, 19.64299795823594], [98.04474291409441, 19.65470784732336], [98.04295035032564, 19.665308917284413], [98.0318422119006, 19.672507617091387], [98.0338250245713, 19.678000904516495], [98.02862394859989, 19.68838234333332], [98.03468516280779, 19.700319985891497], [98.02524651957961, 19.722386787910082], [98.03170416978163, 19.7249044170444], [98.02975403463748, 19.734871845423402], [98.03806390127855, 19.764312916264938], [98.03369777461957, 19.787631474441323], [98.04008966561028, 19.798687483018362], [98.03448492109331, 19.804864960436987], [98.04858571022497, 19.815178317534045], [98.05829786570737, 19.803300078784567], [98.06471034665356, 19.804185400954644], [98.06811378431905, 19.809834855068825], [98.08466667868299, 19.809608701528166], [98.08376594071288, 19.792042596220806], [98.09144153028747, 19.789987670924976], [98.10097957625281, 19.771722046641074], [98.11351264242472, 19.7731354808789], [98.11610072201618, 19.7793899704828], [98.13854170950934, 19.786217829674943], [98.15115155687239, 19.773711099106357], [98.1636578894295, 19.77255463463412], [98.18354273446643, 19.75988506759093], [98.1864128072304, 19.74438515489188], [98.20284108835773, 19.732255508412944], [98.21731111663763, 19.724823655197007], [98.22863751838167, 19.727265119931168], [98.23791828351601, 19.709810404962415], [98.23246826817116, 19.69384248269098], [98.24705094963882, 19.67690448248146], [98.26859540394821, 19.68388153153711], [98.27756117115702, 19.681886876238433]]]]}}, {"type": "Feature", "properties": {"amp_code": "5804", "amp_th": "แม่สะเรียง", "amp_en": "Mae Sariang", "pro_code": "58", "pro_th": "แม่ฮ่องสอน", "pro_en": "Mae Hong Son", "reg_nesdb": "UpperNorth", "reg_royin": "North", "perimeter": 376.57866609574, "area_sqkm": 2637.8232231831}, "geometry": {"type": "MultiPolygon", "coordinates": [[[[97.93454169005273, 18.079383123700037], [97.923022170736, 18.06986844556428], [97.92839411955532, 18.053582578623715], [97.9222082692592, 18.05255633619238], [97.91988473468366, 18.046850989680422], [97.92748777885078, 18.041789483572767], [97.92139105686037, 18.035797718311766], [97.92316665297332, 18.030184131352353], [97.90580241657707, 18.024955787007734], [97.92096295642806, 18.014143006933004], [97.91884679130156, 18.010085862486076], [97.91035827347719, 18.01019305378824], [97.85436141355346, 18.017691580818624], [97.82547027151045, 18.001476461659582], [97.81923739771487, 18.015965701433743], [97.79320373996566, 18.019396265373892], [97.78466676579416, 18.012462315434888], [97.7714606263541, 18.01919849440019], [97.7363071678282, 18.02556006806181], [97.72958502514894, 18.022232296061325], [97.7268932871359, 18.014681282515042], [97.72344398382043, 18.018788399081924], [97.70107461064133, 18.063467443025544], [97.69344855447378, 18.06571020144418], [97.68653745937189, 18.059047353300446], [97.68122611638985, 18.0645291814836], [97.68022942384954, 18.074444613439482], [97.69026341277294, 18.081248652130196], [97.68714869395605, 18.097116181873336], [97.67795647389708, 18.114722216384983], [97.67595571833748, 18.16040304972161], [97.65006946231871, 18.179306942344017], [97.61420993262561, 18.22393957938885], [97.609514203645, 18.236651264196947], [97.61154658958525, 18.25134093193182], [97.63946669580224, 18.280775108268116], [97.62174241236876, 18.31594720589937], [97.57501574293931, 18.338582866253027], [97.55795985702451, 18.33871667482718], [97.54972868090593, 18.33312646358849], [97.53202001087361, 18.2810250745677], [97.50809691910148, 18.267098493975947], [97.50086642819768, 18.268357822563697], [97.48429520732114, 18.290840558832443], [97.46649602489285, 18.304247675686344], [97.44602144524205, 18.334218400022372], [97.44159309867352, 18.357644423313012], [97.45135563425502, 18.377763989900302], [97.4519011020719, 18.390472536913133], [97.44053659966144, 18.404805012001628], [97.42515425986801, 18.410094978054055], [97.41722628724918, 18.43752182501956], [97.39886393984355, 18.457739225574247], [97.38429513760397, 18.50977424361852], [97.37218716192234, 18.52349773399065], [97.35776208324786, 18.530256633491515], [97.34688556768455, 18.544835976637657], [97.34378949738154, 18.575548517455527], [97.36176337661054, 18.599497318279735], [97.36252016315312, 18.559577563555344], [97.38268004706754, 18.558605079084924], [97.40425755100384, 18.565888270208728], [97.40920743113483, 18.55464155273558], [97.4269029300464, 18.545032752770574], [97.4291763608479, 18.524081579734762], [97.43676773768205, 18.519580476317614], [97.43703087860634, 18.506085912115974], [97.44458561203628, 18.495533712297142], [97.45096153651649, 18.49381277788428], [97.459044410778, 18.499560993988197], [97.46758785700756, 18.498246797585175], [97.48274626588388, 18.51027225934629], [97.49162967836314, 18.509053470736216], [97.5012558847767, 18.49378736715746], [97.50939791848522, 18.492704120968106], [97.518044457113, 18.498262366333737], [97.53480286502686, 18.491608086066428], [97.54632402670269, 18.5298959243854], [97.56382882292044, 18.521400500832264], [97.57213166834069, 18.534452511667787], [97.58576691916267, 18.533086726881738], [97.5907652666497, 18.538290381639946], [97.60478783638632, 18.535957009923564], [97.60606264433554, 18.54266096965054], [97.61365779796257, 18.544586201259616], [97.61933597648695, 18.539208433459066], [97.62275180857365, 18.543993109630005], [97.61491319686823, 18.56097432565589], [97.62720207996271, 18.565349470494425], [97.63586226142309, 18.559054277889157], [97.65001693200215, 18.570996757422634], [97.65100582060118, 18.576916835266722], [97.67052629279311, 18.573228655981072], [97.67498943705303, 18.57667912774732], [97.7010441469175, 18.569289149718642], [97.72241844166247, 18.573693485850487], [97.72529573607648, 18.58353091594061], [97.73195396857255, 18.586073236155855], [97.74339711113575, 18.577944848964606], [97.76842049147005, 18.578247750380104], [97.7672754456149, 18.5533855198426], [97.78583485334946, 18.538923123108816], [97.78224466278184, 18.501440208488127], [97.7797220143893, 18.473794698681502], [97.7848211752279, 18.450827090085607], [97.78966765003067, 18.444084003900976], [97.80479838287278, 18.444552681409164], [97.79668528543728, 18.417252511992054], [97.80745578605752, 18.411680401256724], [97.80539874188736, 18.400927368240225], [97.80989945360969, 18.393457379718587], [97.79856442418073, 18.380956138262718], [97.80113092754031, 18.37261110783825], [97.82151716995513, 18.351787758879883], [97.85225897382419, 18.3445493504273], [97.86243051642356, 18.336184538988668], [97.87200067908346, 18.316525043797274], [97.89899270830665, 18.297881117881364], [97.90787906551408, 18.282024636372615], [97.9184792143655, 18.281704206401955], [97.9330684457964, 18.292416097708234], [97.95070388555722, 18.298962890617194], [97.96871828711973, 18.294866598118862], [97.99281410919973, 18.272151181495794], [98.00791592858468, 18.27115805383294], [98.01290650290758, 18.28286347483349], [98.03369092865545, 18.28631234901641], [98.05401364003505, 18.30206563372522], [98.07026188181925, 18.33545840179904], [98.08041990500097, 18.342659627646757], [98.09386551097363, 18.34480713413438], [98.09923467927688, 18.324836102428883], [98.12407210669657, 18.30996980469394], [98.15527995370329, 18.317045625484344], [98.17048484122958, 18.345972705905336], [98.18159555033772, 18.34247686507846], [98.19492382966075, 18.33036896866464], [98.19804578527813, 18.332043914414786], [98.20818199408527, 18.305891717792857], [98.2020115959256, 18.291107515167525], [98.19269003323767, 18.28465388288529], [98.16658188133383, 18.28163286156041], [98.15158344775853, 18.285753561899654], [98.1393703646693, 18.280632279266676], [98.13578783934803, 18.267012312766944], [98.14269599526574, 18.2510660442177], [98.13941545913981, 18.23979385847285], [98.15250275557369, 18.225260926320352], [98.15878033936802, 18.221962715437172], [98.17212817838087, 18.218458832645418], [98.16652157239761, 18.204295081554324], [98.17665401023679, 18.19153463266801], [98.16722973711713, 18.182612177155526], [98.16715375224595, 18.168420362068066], [98.15667351779315, 18.16589833588797], [98.16007323269528, 18.156623568967042], [98.16247257925357, 18.147909227277427], [98.15589800528622, 18.147065971764157], [98.10996776478046, 18.1574556295701], [98.10116777849187, 18.16993969730683], [98.08982735034431, 18.165246662500582], [98.09012638658385, 18.15371046636928], [98.1220067941328, 18.121110618514603], [98.12431264378658, 18.0948507676269], [98.11445599620498, 18.089239676443437], [98.11761188697683, 18.085132938755812], [98.10720703945219, 18.083842400997558], [98.10590710991873, 18.078884857946413], [98.09758942512467, 18.079648248095573], [98.08908421117296, 18.071987290558507], [98.09000993708725, 18.059312927592703], [98.09577137399789, 18.056202766248305], [98.08692947198105, 18.0493027228719], [98.08886168039443, 18.03683756490475], [98.07548059504619, 18.030732386269428], [98.08093518738751, 18.0183451009934], [98.07233867698423, 18.01014194110019], [98.07136613933841, 18.001501767104294], [98.06349903535252, 17.99480313083958], [98.05753439657144, 17.995280328662044], [98.04754101706023, 17.99996494360723], [98.0445845942572, 18.00743355129668], [98.01695686974739, 18.01789524539938], [98.00954731222376, 18.027140166116038], [98.00805092209929, 18.03999742432472], [97.99692789938031, 18.043353967849434], [97.98233572754039, 18.063493373624798], [97.9728053866136, 18.0692607722983], [97.97736871771843, 18.0835042412786], [97.97056198988273, 18.097402583877532], [97.95935862787967, 18.09798298207146], [97.95257017923936, 18.090466698648637], [97.9357903319944, 18.08484064483099], [97.93454169005273, 18.079383123700037]]]]}}, {"type": "Feature", "properties": {"amp_code": "5805", "amp_th": "แม่ลาน้อย", "amp_en": "Mae La Noi", "pro_code": "58", "pro_th": "แม่ฮ่องสอน", "pro_en": "Mae Hong Son", "reg_nesdb": "UpperNorth", "reg_royin": "North", "perimeter": 193.82713508242, "area_sqkm": 1371.19948480835}, "geometry": {"type": "MultiPolygon", "coordinates": [[[[98.08094900154205, 18.417644076373602], [98.09457748384263, 18.420495280805216], [98.11332480702711, 18.408226199689164], [98.12591873331414, 18.405767609217484], [98.12268124209152, 18.395307685110748], [98.12831987532087, 18.390531338226197], [98.13552669060135, 18.385207267011612], [98.1446826545554, 18.36297234433679], [98.16332773839572, 18.355169899376705], [98.17048484122958, 18.345972705905336], [98.15527995370329, 18.317045625484344], [98.12407210669657, 18.30996980469394], [98.09923467927688, 18.324836102428883], [98.09386551097363, 18.34480713413438], [98.08041990500097, 18.342659627646757], [98.07026188181925, 18.33545840179904], [98.05401364003505, 18.30206563372522], [98.03369092865545, 18.28631234901641], [98.01290650290758, 18.28286347483349], [98.00791592858468, 18.27115805383294], [97.99281410919973, 18.272151181495794], [97.96871828711973, 18.294866598118862], [97.95070388555722, 18.298962890617194], [97.9330684457964, 18.292416097708234], [97.9184792143655, 18.281704206401955], [97.90787906551408, 18.282024636372615], [97.89899270830665, 18.297881117881364], [97.87200067908346, 18.316525043797274], [97.86243051642356, 18.336184538988668], [97.85225897382419, 18.3445493504273], [97.82151716995513, 18.351787758879883], [97.80113092754031, 18.37261110783825], [97.79856442418073, 18.380956138262718], [97.80989945360969, 18.393457379718587], [97.80539874188736, 18.400927368240225], [97.80745578605752, 18.411680401256724], [97.79668528543728, 18.417252511992054], [97.80479838287278, 18.444552681409164], [97.78966765003067, 18.444084003900976], [97.7848211752279, 18.450827090085607], [97.7797220143893, 18.473794698681502], [97.78224466278184, 18.501440208488127], [97.78583485334946, 18.538923123108816], [97.7672754456149, 18.5533855198426], [97.76842049147005, 18.578247750380104], [97.76641572120924, 18.588500028954773], [97.7714179888406, 18.599291705667646], [97.78415523659329, 18.592306698906874], [97.78955632989916, 18.597213262566545], [97.81334451369467, 18.600793963243213], [97.81673654687849, 18.605540285011102], [97.8301041851769, 18.60173806944275], [97.85089583404488, 18.61967272716765], [97.86278032856028, 18.62246607267894], [97.87117970858083, 18.613413327377284], [97.8798410866379, 18.615375192529847], [97.88436071573993, 18.60846748845287], [97.90106750382932, 18.61700040260038], [97.91410761954246, 18.615699101598075], [97.91826627990763, 18.621781079394722], [97.93648873528593, 18.613251379612443], [97.94070025633484, 18.623165941697124], [97.95647282312765, 18.62460055945366], [97.96629157049506, 18.61733374076815], [97.96782145821284, 18.62666143600789], [97.97741796587482, 18.627528287609625], [98.00026594843546, 18.652645032165346], [98.05060862819212, 18.662501178650576], [98.06810423985104, 18.673123753589138], [98.07772741140079, 18.674663517834595], [98.08051023185739, 18.669741784787888], [98.08626206106139, 18.669521340311306], [98.10507516463299, 18.677275433083775], [98.11245938074195, 18.669592759881755], [98.10569929899025, 18.64870519320574], [98.11751382703686, 18.634778232064306], [98.14574276593747, 18.637977837307993], [98.16312291917502, 18.62619453829928], [98.17362480000678, 18.628435891401374], [98.1828836595758, 18.62478570951504], [98.1829664980801, 18.609484722063346], [98.21074702774804, 18.607492973818523], [98.21469596331627, 18.60059134509293], [98.21227296682494, 18.590962033005383], [98.2261917257947, 18.587611447748824], [98.23710426384308, 18.57199738227688], [98.2310588109553, 18.56419722114959], [98.23191364082628, 18.55759995385295], [98.20857920274983, 18.536988545868997], [98.20045344730944, 18.54185037012431], [98.19347046895192, 18.54065598514038], [98.18451286508791, 18.548664214523534], [98.17436377815075, 18.546873637079614], [98.1749219910512, 18.541863711899087], [98.16997737985241, 18.52854578358784], [98.1751301911521, 18.523090540503354], [98.16399134700495, 18.52523882960185], [98.1540455628618, 18.512112976275333], [98.14640063336275, 18.514168523637036], [98.12944344089829, 18.501845633622715], [98.12050472360377, 18.500673506620444], [98.10537471284204, 18.458429922316427], [98.08271871492087, 18.44663193048252], [98.07396616896538, 18.429374488318736], [98.08094900154205, 18.417644076373602]]]]}}, {"type": "Feature", "properties": {"amp_code": "6508", "amp_th": "วังทอง", "amp_en": "Wang Thong", "pro_code": "65", "pro_th": "พิษณุโลก", "pro_en": "Phitsanulok", "reg_nesdb": "LowwerNorth", "reg_royin": "Central", "perimeter": 289.90111041356, "area_sqkm": 1716.60321056879}, "geometry": {"type": "MultiPolygon", "coordinates": [[[[100.59761276153992, 16.62609004634394], [100.60249189163777, 16.610813920987308], [100.59981490357595, 16.603882868147856], [100.59291080370933, 16.603061551348468], [100.57579419152579, 16.585579897055407], [100.55947617014763, 16.572044330847366], [100.53792035877706, 16.567909692265474], [100.52619880674531, 16.565751272503842], [100.5096128024243, 16.573866746023864], [100.50474421116927, 16.568244616546593], [100.50463312608176, 16.553406116145023], [100.48331756397292, 16.54256371954342], [100.4813987308558, 16.55983996197625], [100.4789979285213, 16.58412924712073], [100.47040097263108, 16.60598390751378], [100.45642065976945, 16.61535475168469], [100.44405876838047, 16.617820151197552], [100.43667629328637, 16.629822314839142], [100.42373265628311, 16.646908836755692], [100.41882951041055, 16.64419162372339], [100.39798891137573, 16.653993185257132], [100.3790345530193, 16.656977137329946], [100.37436336120966, 16.663406836639766], [100.36627778574451, 16.66100316636447], [100.33641411070542, 16.700998013768576], [100.32229529753853, 16.708761851928724], [100.30492082334261, 16.71013301379006], [100.30432699528177, 16.71340281753906], [100.30618456587898, 16.720471116050508], [100.30065803650444, 16.72487691232389], [100.30816507241319, 16.73410911238058], [100.30462978885684, 16.742064442019537], [100.30257934605521, 16.75744510113367], [100.30672783591247, 16.768590723973876], [100.3003897390691, 16.784641306319823], [100.30598008153753, 16.791136867497826], [100.30760277156723, 16.78284456308009], [100.31056346354315, 16.790384719375716], [100.31921319400398, 16.78645905981266], [100.32653179189514, 16.79321745539996], [100.33178273296471, 16.79234078421284], [100.33392692056255, 16.802377954462663], [100.33859059903604, 16.801017997985696], [100.33688985021888, 16.81640102181963], [100.34110458201398, 16.81361934485553], [100.34747112749476, 16.819923279285536], [100.35202322863616, 16.817176453608823], [100.35532369513567, 16.81764840184508], [100.35297280194361, 16.8215692696566], [100.35903260433744, 16.820870676935783], [100.36922510746507, 16.828239824183505], [100.37097975530632, 16.83180586727609], [100.36674794230363, 16.831211602915744], [100.37213003365788, 16.842246723495848], [100.37806853042295, 16.841731351962864], [100.38643229362083, 16.85361696631714], [100.41552511659236, 16.863258926567514], [100.42150780437058, 16.865221583514167], [100.43283712966478, 16.86954730620869], [100.43347385035503, 16.877046089873105], [100.4484906053615, 16.87375486940341], [100.44934339832731, 16.87919492315471], [100.46225314987167, 16.890425709119807], [100.48369745238179, 16.899263424617534], [100.48836295513676, 16.916697152159603], [100.5004359034219, 16.92841697564762], [100.48747181803287, 16.958527263899523], [100.48652498716822, 16.97647725204907], [100.47580441114964, 16.996706701313126], [100.45336128812839, 17.01728299134508], [100.45217431071862, 17.025360497909627], [100.45769186132442, 17.02999434158806], [100.45260716463405, 17.050849990146393], [100.4618624610502, 17.057534280920823], [100.47018996386502, 17.076281353741635], [100.47738414270538, 17.081853485710607], [100.48221755642652, 17.078763713739637], [100.47759524722012, 17.090683351247712], [100.48099271618852, 17.092244544939533], [100.4882935992553, 17.08961214230611], [100.50078558895093, 17.09297439597879], [100.50922806557014, 17.101892098510362], [100.52409282382762, 17.09695627040477], [100.52820590990548, 17.103681434283786], [100.53206623378377, 17.110415179358355], [100.55515068835486, 17.117174864885744], [100.56293179933687, 17.12348465304708], [100.59088987934447, 17.128578008991987], [100.59647762456925, 17.123758174648973], [100.60424762858607, 17.1314669906026], [100.61061317627723, 17.147828906664913], [100.6162997471048, 17.14044703384532], [100.61048925600217, 17.118099855911197], [100.61564819732203, 17.112009945649664], [100.60267531817176, 17.10164535761514], [100.60704661459715, 17.07369799636522], [100.60500023548018, 17.065804949938254], [100.59764113982112, 17.061465587227172], [100.59890585622665, 17.04855815195319], [100.6481240266363, 16.995735355665182], [100.64806696773907, 16.981342989524958], [100.65759597164568, 16.982810947790757], [100.6606370533075, 16.977107928600738], [100.67553015598607, 16.94946464712942], [100.67397453494645, 16.941838261867325], [100.70033495004269, 16.90681714120942], [100.69444042798858, 16.89975668917351], [100.70754019953442, 16.879221237355868], [100.73491891600953, 16.874321786619447], [100.76980391481545, 16.87670949318352], [100.78564354031687, 16.888107677061654], [100.80135427966526, 16.872866516961498], [100.80363688136944, 16.86388504707207], [100.81216835332266, 16.867475020903015], [100.8179922519996, 16.85782734907505], [100.83373888386878, 16.865151902716846], [100.83554292499468, 16.873650881038873], [100.84233296683666, 16.87514749899805], [100.84091992018143, 16.86387450175604], [100.82941467712114, 16.853451841096177], [100.8337995631709, 16.845772900802107], [100.84749801338549, 16.842010897672022], [100.85521724341835, 16.845635774943624], [100.86744284273364, 16.83131062675265], [100.87355389194877, 16.835577418405602], [100.87870628120518, 16.832041455502694], [100.88351173500133, 16.834832374897832], [100.89672288615591, 16.821673575189852], [100.90320262004485, 16.802107020663083], [100.90642720107769, 16.78249258025341], [100.90288423875464, 16.77550356785495], [100.8952964074389, 16.773730250364345], [100.89889746310186, 16.762514388134957], [100.9191955416054, 16.75905216433894], [100.91966049172841, 16.756026580749158], [100.92256126807362, 16.74592494733709], [100.91383469655285, 16.730960721984427], [100.93142700634812, 16.717740613554952], [100.93091339162791, 16.710317090301345], [100.92296190322696, 16.71130267411422], [100.92433932474333, 16.701744925676298], [100.93361351690633, 16.696334243897287], [100.9291274126399, 16.685996551072602], [100.93796814227673, 16.687658944218075], [100.9422282290036, 16.681435347344735], [100.93157764241336, 16.68015368410796], [100.92475411935398, 16.665854056241066], [100.90548158936846, 16.67118929480717], [100.90330947351288, 16.6670765735575], [100.88773587346718, 16.667685524339998], [100.86924048939677, 16.70020593621233], [100.87118566495685, 16.71292541339892], [100.8546817852638, 16.733565197961358], [100.84654097053864, 16.73374546720018], [100.84166421737616, 16.720881251174276], [100.82667508755858, 16.728248735818518], [100.79363731683694, 16.735185483821446], [100.78732570080429, 16.744069633084983], [100.77730041347631, 16.74281322505147], [100.74658330767343, 16.753063951377342], [100.7325328544522, 16.752511502872604], [100.70686625636039, 16.769011380014636], [100.69882999113527, 16.76629229631293], [100.68568247254228, 16.771937351622867], [100.66234825203975, 16.767606363901344], [100.63749683088554, 16.79500116758073], [100.63235711931058, 16.795081531036026], [100.6280077259662, 16.78875866356463], [100.61406032339968, 16.75624462010208], [100.59244921131649, 16.752512087701685], [100.5837037824816, 16.72779683301201], [100.55977220180867, 16.72009528403142], [100.56604896589874, 16.67622963532397], [100.57634163848228, 16.655738116601906], [100.57928414860488, 16.64458440613378], [100.59761276153992, 16.62609004634394]]]]}}, {"type": "Feature", "properties": {"amp_code": "6509", "amp_th": "เนินมะปราง", "amp_en": "Noen Maprang", "pro_code": "65", "pro_th": "พิษณุโลก", "pro_en": "Phitsanulok", "reg_nesdb": "LowwerNorth", "reg_royin": "Central", "perimeter": 162.47749218099, "area_sqkm": 1111.05338894604}, "geometry": {"type": "MultiPolygon", "coordinates": [[[[100.66698727079869, 16.350918836415843], [100.65260201842419, 16.321974883785234], [100.63436670364659, 16.327349313675057], [100.62550739512818, 16.326913925629512], [100.62365748724825, 16.33048200079252], [100.61973697118118, 16.348978303317164], [100.62306344977416, 16.35941425098227], [100.63555600854475, 16.37515160018925], [100.63034649044425, 16.398070350581296], [100.62401279341069, 16.405452923938554], [100.61326645950489, 16.40517873855989], [100.60430466533685, 16.412236413972195], [100.6063540237086, 16.417517612212873], [100.59524137646329, 16.415755361217542], [100.57926034388898, 16.440179359125594], [100.56830864048075, 16.45983948943704], [100.5850933812003, 16.471554068543156], [100.58292395743314, 16.48883928311933], [100.58743227798901, 16.520340017809453], [100.57761524689094, 16.523109724592256], [100.57842428195038, 16.53404301527042], [100.58031668575815, 16.575922278990173], [100.57579419152579, 16.585579897055407], [100.59291080370933, 16.603061551348468], [100.59981490357595, 16.603882868147856], [100.60249189163777, 16.610813920987308], [100.59761276153992, 16.62609004634394], [100.57928414860488, 16.64458440613378], [100.57634163848228, 16.655738116601906], [100.56604896589874, 16.67622963532397], [100.55977220180867, 16.72009528403142], [100.5837037824816, 16.72779683301201], [100.59244921131649, 16.752512087701685], [100.61406032339968, 16.75624462010208], [100.6280077259662, 16.78875866356463], [100.63235711931058, 16.795081531036026], [100.63749683088554, 16.79500116758073], [100.66234825203975, 16.767606363901344], [100.68568247254228, 16.771937351622867], [100.69882999113527, 16.76629229631293], [100.70686625636039, 16.769011380014636], [100.7325328544522, 16.752511502872604], [100.74658330767343, 16.753063951377342], [100.77730041347631, 16.74281322505147], [100.78732570080429, 16.744069633084983], [100.79363731683694, 16.735185483821446], [100.82667508755858, 16.728248735818518], [100.84166421737616, 16.720881251174276], [100.84654097053864, 16.73374546720018], [100.8546817852638, 16.733565197961358], [100.87118566495685, 16.71292541339892], [100.86924048939677, 16.70020593621233], [100.88773587346718, 16.667685524339998], [100.88229229085252, 16.65669898806217], [100.86897857214726, 16.649298244021733], [100.86144774153286, 16.63831623001788], [100.86463110387926, 16.618992671936546], [100.85377500359388, 16.615267641611016], [100.85508360590701, 16.609177042115103], [100.84716144490838, 16.591846583716997], [100.85042672975398, 16.583726985479487], [100.84586077683632, 16.578900523355518], [100.85155835563187, 16.575296528130334], [100.85817101621052, 16.547567269812], [100.84598216922534, 16.539689951636984], [100.8484615390941, 16.522567330952036], [100.8406285140761, 16.524082299725706], [100.83366129311732, 16.519337537273177], [100.83259224379063, 16.50511167350573], [100.81481754817493, 16.496064554450573], [100.81678803357008, 16.48296417452452], [100.80384786645133, 16.480177754062385], [100.79351712659667, 16.472401581830738], [100.80522228434818, 16.44989784136036], [100.78659471981072, 16.449215926403635], [100.77512646588679, 16.438104834839883], [100.77219463788654, 16.426306605183083], [100.76229032588489, 16.431681976565592], [100.74091482510453, 16.418820676697486], [100.723971526826, 16.422965955999352], [100.70943078029634, 16.418003991564916], [100.70375336753072, 16.411209345134388], [100.70688654267454, 16.385659727983356], [100.66698727079869, 16.350918836415843]]]]}}, {"type": "Feature", "properties": {"amp_code": "6407", "amp_th": "สวรรคโลก", "amp_en": "Sawankhalok", "pro_code": "64", "pro_th": "สุโขทัย", "pro_en": "Sukhothai", "reg_nesdb": "LowwerNorth", "reg_royin": "Central", "perimeter": 147.1548034864, "area_sqkm": 617.83584123143}, "geometry": {"type": "MultiPolygon", "coordinates": [[[[99.9265506500249, 17.28193035458116], [99.93036712795153, 17.26994707114911], [99.94179125227431, 17.26802064099781], [99.94643212718755, 17.262418801484365], [99.95485772234879, 17.24276581301776], [99.97338675698506, 17.241459093976808], [99.95819451061934, 17.23115378850299], [99.98229862611895, 17.216090545850655], [99.97122606930041, 17.21090428331537], [99.97512166233778, 17.20785989519587], [99.97327984598907, 17.199464301541738], [99.98363268625903, 17.18968771670623], [99.98110068129009, 17.174456936666342], [99.97322556815755, 17.1646387518449], [99.95491884735743, 17.17092534531626], [99.94698060214527, 17.181485684720744], [99.936763421764, 17.186296618046164], [99.92517866443247, 17.184589847589418], [99.91153648742645, 17.191507617699074], [99.91077261939078, 17.19610712207634], [99.89357572176458, 17.200738335662763], [99.86763664485964, 17.194110031536155], [99.85255584491617, 17.200693422492176], [99.84798375888393, 17.204689679102295], [99.83948479608085, 17.199739347612834], [99.80283441672873, 17.205518591466387], [99.80065646229997, 17.2062729454619], [99.7733514883398, 17.22179959984251], [99.74565657673271, 17.212641601970592], [99.74060673834734, 17.20877808171285], [99.73962258047801, 17.199403975401207], [99.73086877765539, 17.19810832923486], [99.68411035145593, 17.20777677237579], [99.6812843085905, 17.21404801405903], [99.67312174115042, 17.21315574827006], [99.66728209235687, 17.22664422182695], [99.6654260441377, 17.248744720382998], [99.66691388617366, 17.255896294398276], [99.68799179572426, 17.262004413639673], [99.68155818523675, 17.2744343553468], [99.68768275028265, 17.285682582116454], [99.71036589037467, 17.344889662924093], [99.7253135248211, 17.376857729851938], [99.73231574679457, 17.370063383848688], [99.74521964192891, 17.36749956331066], [99.7537013565261, 17.37852648161841], [99.78305176029404, 17.3875990063473], [99.79706548464281, 17.38635725800106], [99.8291304711047, 17.38411961533541], [99.87592906661884, 17.392554867878818], [99.88802236650484, 17.390676828699643], [99.89387053031574, 17.413928884691018], [99.87806600560775, 17.41696479951601], [99.88430164790219, 17.424802829331938], [99.8810235731664, 17.432325920114405], [99.87281947970307, 17.427843998089582], [99.87018881605353, 17.45323622938925], [99.88336976518164, 17.45736627658268], [99.88321792383387, 17.465427960239992], [99.89976527524337, 17.47512186574879], [99.915540412399, 17.491900418129912], [99.92669199908593, 17.498510957060574], [99.92650708299523, 17.488503192428798], [99.93390012662687, 17.477577607525728], [99.93049508496703, 17.4529125851539], [99.93362174209874, 17.44245997380158], [99.93292271930926, 17.428821225405628], [99.94808963591332, 17.418559103087283], [99.94637442344577, 17.413083334517815], [99.9591632549492, 17.40380105181424], [99.95517785733617, 17.395239551182485], [99.955785177207, 17.38167032605904], [99.95067846815154, 17.373307240745312], [99.96058415562244, 17.35258160063363], [99.95508039653342, 17.341470602413125], [99.9125236083723, 17.335955805671812], [99.91162631353032, 17.313710899304333], [99.91164982683628, 17.295686054088794], [99.92492687444242, 17.299524189342957], [99.93002237104348, 17.28665942587173], [99.9265506500249, 17.28193035458116]]]]}}, {"type": "Feature", "properties": {"amp_code": "6408", "amp_th": "ศรีนคร", "amp_en": "Si Nakhon", "pro_code": "64", "pro_th": "สุโขทัย", "pro_en": "Sukhothai", "reg_nesdb": "LowwerNorth", "reg_royin": "Central", "perimeter": 92.70487197845, "area_sqkm": 183.60959778463}, "geometry": {"type": "MultiPolygon", "coordinates": [[[[99.99348438823428, 17.312873341784524], [100.00238138359946, 17.297448363788366], [99.99500972457693, 17.289112318659146], [99.98007179497533, 17.285290356728165], [99.97619257545738, 17.27799506886855], [99.96282170488583, 17.259240808861904], [99.96304157445661, 17.250401440255636], [99.95485772234879, 17.24276581301776], [99.94643212718755, 17.262418801484365], [99.94179125227431, 17.26802064099781], [99.93036712795153, 17.26994707114911], [99.9265506500249, 17.28193035458116], [99.93002237104348, 17.28665942587173], [99.92492687444242, 17.299524189342957], [99.91164982683628, 17.295686054088794], [99.91162631353032, 17.313710899304333], [99.9125236083723, 17.335955805671812], [99.95508039653342, 17.341470602413125], [99.96058415562244, 17.35258160063363], [99.95067846815154, 17.373307240745312], [99.955785177207, 17.38167032605904], [99.95517785733617, 17.395239551182485], [99.9591632549492, 17.40380105181424], [99.94637442344577, 17.413083334517815], [99.94808963591332, 17.418559103087283], [99.93292271930926, 17.428821225405628], [99.93362174209874, 17.44245997380158], [99.93049508496703, 17.4529125851539], [99.93390012662687, 17.477577607525728], [99.92650708299523, 17.488503192428798], [99.92669199908593, 17.498510957060574], [99.915540412399, 17.491900418129912], [99.90810688818112, 17.49619604789888], [99.93113505325645, 17.52212827635723], [99.93263994300945, 17.506911172036396], [99.94003625535775, 17.49541594554732], [99.95605239132013, 17.50591518528153], [99.96672079080194, 17.492650996214135], [99.97224135014618, 17.49599411692442], [99.98103562601106, 17.48746076246511], [99.98125771582973, 17.472998787173513], [99.99876066789815, 17.466946544316727], [100.00214224531308, 17.459670876679212], [100.00676338530951, 17.45621649149788], [100.01999356774611, 17.45863117343164], [100.03094759265123, 17.443991967521267], [100.0308423187932, 17.435623350774573], [100.02097130644512, 17.424078429815737], [100.01635004037753, 17.41732127211295], [99.99622127754917, 17.416494200781226], [99.99166236032443, 17.405822610093043], [99.99155886056639, 17.400266956307153], [100.0037916401025, 17.391355265622735], [100.00979089208296, 17.380318904081143], [99.99972876716127, 17.36948764371454], [100.00796059893294, 17.36083186836358], [100.00110376619125, 17.355014139096756], [100.00299925473519, 17.350735263785033], [100.01196982676542, 17.33570604613206], [100.00946763643643, 17.32749060405922], [99.99612684579627, 17.32131768465556], [99.99348438823428, 17.312873341784524]]]]}}, {"type": "Feature", "properties": {"amp_code": "6405", "amp_th": "ศรีสัชนาลัย", "amp_en": "Si Satchanalai", "pro_code": "64", "pro_th": "สุโขทัย", "pro_en": "Sukhothai", "reg_nesdb": "LowwerNorth", "reg_royin": "Central", "perimeter": 231.92938442485, "area_sqkm": 2118.00324191717}, "geometry": {"type": "MultiPolygon", "coordinates": [[[[99.79706548464281, 17.38635725800106], [99.78305176029404, 17.3875990063473], [99.7537013565261, 17.37852648161841], [99.74521964192891, 17.36749956331066], [99.73231574679457, 17.370063383848688], [99.7253135248211, 17.376857729851938], [99.71899292798399, 17.382209987020612], [99.70682582710407, 17.37845491326444], [99.67094999587653, 17.36256199065451], [99.64538085951952, 17.3554614594354], [99.63111421096782, 17.364001194718007], [99.62004294065079, 17.373883616269417], [99.60577996877933, 17.410967256204245], [99.58186660682456, 17.437619326892], [99.57280603587824, 17.457724151554125], [99.56158332288837, 17.46175354988582], [99.54869018262771, 17.452017428762755], [99.54241885182421, 17.457968610114758], [99.54154242396478, 17.47170774958155], [99.52480055098424, 17.48103326041016], [99.53314633895087, 17.499889736330875], [99.52621268655547, 17.509854306520737], [99.52100804235901, 17.507799280033094], [99.50163934198959, 17.513473584473576], [99.4955871913912, 17.50887559562152], [99.48453186989623, 17.514827854531415], [99.4688312928184, 17.511356233366946], [99.46937683210543, 17.507131533364337], [99.46323614912133, 17.506233031837837], [99.46011658580454, 17.500254287349165], [99.44707701642467, 17.50017334642764], [99.42655690432987, 17.487210344339157], [99.41922905319875, 17.487581847242748], [99.4210583819993, 17.518615374460484], [99.43877335757008, 17.527346964420786], [99.43020877329407, 17.54927710428634], [99.43502322406842, 17.56342709243587], [99.4283838147535, 17.569329257206892], [99.41508568868959, 17.570136069112788], [99.41328066880799, 17.574617474687386], [99.42243362917404, 17.591953858454506], [99.41894172250534, 17.599834118028724], [99.42564510319505, 17.609076677744383], [99.44042536324994, 17.609547055328846], [99.44701003026479, 17.599648331366012], [99.45357290221148, 17.599948603782092], [99.45514288407813, 17.608703586258542], [99.44680128402658, 17.622785863908927], [99.44991436485081, 17.630901265602], [99.44734579486884, 17.644344371625788], [99.45088414243381, 17.65483256929492], [99.46553629499431, 17.661312038096582], [99.47636442198606, 17.676951372297612], [99.47022028263433, 17.690773899129276], [99.47531279129743, 17.697233363241352], [99.47381688021356, 17.71629616312541], [99.47797594023982, 17.724524831440288], [99.47134399551825, 17.737874016575883], [99.48153628673292, 17.74482145634882], [99.48698005159424, 17.762712404703162], [99.49711032732357, 17.771452158493826], [99.5050843829098, 17.780720039874666], [99.51507721205881, 17.782607930732514], [99.51709409062231, 17.795610229454933], [99.52912523326975, 17.80068597371684], [99.54724885689156, 17.811935383932347], [99.56546082603744, 17.811207943141746], [99.57121342318013, 17.816105892367695], [99.59813338965857, 17.821578372162243], [99.62197307336027, 17.81305532353201], [99.62938764125661, 17.814661897454087], [99.65001766867944, 17.796292835727638], [99.67067035541264, 17.79902729341447], [99.6865891590734, 17.77605878867178], [99.69642895860046, 17.756339692986856], [99.70764569743554, 17.756485948078748], [99.71407777370767, 17.72899628435471], [99.71986468198384, 17.73170472771412], [99.72433103471087, 17.72274487759977], [99.7294936370921, 17.72151237531324], [99.73602155204823, 17.72280309547621], [99.7449288664175, 17.736303217907295], [99.75165201479398, 17.738176751917848], [99.75641221062541, 17.748594258064962], [99.75051698319427, 17.75240167403063], [99.75500442991704, 17.752106523634396], [99.76126680615303, 17.76195997594949], [99.76505753455264, 17.760677606250322], [99.76875058125138, 17.77118025040579], [99.77645464879805, 17.777574897790537], [99.77224403884664, 17.780684865708796], [99.78239186122875, 17.79094697490684], [99.79657814011642, 17.792370882638764], [99.81133993843277, 17.8039355163786], [99.83271877167928, 17.802826636438567], [99.8371684146309, 17.796854953412275], [99.84902585360969, 17.801687796556966], [99.86006649207441, 17.798007418662475], [99.86907541330625, 17.805071478706374], [99.87616206765311, 17.80115918113602], [99.87797870186175, 17.804985399269185], [99.8825145339986, 17.802697587456098], [99.88324183224938, 17.807656148261046], [99.8946792674455, 17.80558644198496], [99.8987242490534, 17.797050772259446], [99.91154687298686, 17.7950596058857], [99.92189195414703, 17.78649292603195], [99.9227071545702, 17.76886855135173], [99.91183748883968, 17.762961169843962], [99.92086869932385, 17.747512660054266], [99.93003580862096, 17.744068891757866], [99.94502231380886, 17.723185245087777], [99.96339442131871, 17.71130380848358], [99.97684954361614, 17.657943278578887], [99.9661640733921, 17.632666026064022], [99.9758325511886, 17.622146861436438], [99.96089767069958, 17.610687686415062], [99.94013231783819, 17.591714001056452], [99.92411380333748, 17.58709764949934], [99.92787329228037, 17.563897366198557], [99.9404145980003, 17.550248310305758], [99.94052477467211, 17.536218423729615], [99.93113505325645, 17.52212827635723], [99.90810688818112, 17.49619604789888], [99.915540412399, 17.491900418129912], [99.89976527524337, 17.47512186574879], [99.88321792383387, 17.465427960239992], [99.88336976518164, 17.45736627658268], [99.87018881605353, 17.45323622938925], [99.87281947970307, 17.427843998089582], [99.8810235731664, 17.432325920114405], [99.88430164790219, 17.424802829331938], [99.87806600560775, 17.41696479951601], [99.89387053031574, 17.413928884691018], [99.88802236650484, 17.390676828699643], [99.87592906661884, 17.392554867878818], [99.8291304711047, 17.38411961533541], [99.79706548464281, 17.38635725800106]]]]}}, {"type": "Feature", "properties": {"amp_code": "6406", "amp_th": "ศรีสำโรง", "amp_en": "Si Samrong", "pro_code": "64", "pro_th": "สุโขทัย", "pro_en": "Sukhothai", "reg_nesdb": "LowwerNorth", "reg_royin": "Central", "perimeter": 153.13623478842, "area_sqkm": 560.60038120395}, "geometry": {"type": "MultiPolygon", "coordinates": [[[[99.86348106453514, 17.0783840775117], [99.84242622546779, 17.063516955403987], [99.83428750378859, 17.064639732602913], [99.8307037590239, 17.059876332073575], [99.81658864011922, 17.071668150249913], [99.80501389114079, 17.081535016636032], [99.78883107049508, 17.08264936281679], [99.7839845094469, 17.092887640484317], [99.75448755413073, 17.09685238567019], [99.74355681260653, 17.10384931220216], [99.73749830782867, 17.11501184652654], [99.74276601666699, 17.124264177504745], [99.72739084549154, 17.149224308571995], [99.7109522272927, 17.147066019164253], [99.70650399834297, 17.138786186511542], [99.69706415142055, 17.139573692913867], [99.69124154319555, 17.140265949193555], [99.66310436942734, 17.12269241017421], [99.65063974707004, 17.128160771154768], [99.63107513939892, 17.125159643886377], [99.59779661112194, 17.125310400423402], [99.58102804282163, 17.154698911851717], [99.56792845911623, 17.155998234606567], [99.56252182132523, 17.16249437290021], [99.55553285510418, 17.160720589425754], [99.54055330535401, 17.168106623656918], [99.53182896642329, 17.175829972183116], [99.52312806384347, 17.194045022686158], [99.51426070996284, 17.19856704107005], [99.49569167162304, 17.198077983345186], [99.4815308438462, 17.202540345486398], [99.46397142672365, 17.224054001666612], [99.45981753434656, 17.24326037176294], [99.46773643307499, 17.24686001665314], [99.49206394207903, 17.243851837907926], [99.49629537641809, 17.238424774854295], [99.50163084392723, 17.24048940095531], [99.51810071056997, 17.252609700394448], [99.54003626659485, 17.259696188995402], [99.57702222140072, 17.260713110177626], [99.59455987928654, 17.282505693528872], [99.59972050265515, 17.26052915326517], [99.58852341633069, 17.24979008307499], [99.5793901886864, 17.247039382488804], [99.58383848967122, 17.234725609240677], [99.59405072522974, 17.232020189365283], [99.60401892363825, 17.235357529649104], [99.63005855551624, 17.22948939131881], [99.64997907527679, 17.21108161497027], [99.66708211390456, 17.2044804352614], [99.68411035145593, 17.20777677237579], [99.73086877765539, 17.19810832923486], [99.73962258047801, 17.199403975401207], [99.74060673834734, 17.20877808171285], [99.74565657673271, 17.212641601970592], [99.7733514883398, 17.22179959984251], [99.80065646229997, 17.2062729454619], [99.80283441672873, 17.205518591466387], [99.83948479608085, 17.199739347612834], [99.84798375888393, 17.204689679102295], [99.85255584491617, 17.200693422492176], [99.86763664485964, 17.194110031536155], [99.89357572176458, 17.200738335662763], [99.91077261939078, 17.19610712207634], [99.91153648742645, 17.191507617699074], [99.92517866443247, 17.184589847589418], [99.936763421764, 17.186296618046164], [99.94698060214527, 17.181485684720744], [99.95491884735743, 17.17092534531626], [99.95140542311394, 17.1677095794969], [99.95570471737577, 17.163162176149665], [99.95209333945263, 17.156265991089853], [99.95892469320074, 17.146314052502277], [99.95943517984803, 17.1178937608886], [99.97322120525632, 17.10227739856777], [99.98261272423858, 17.101136163171148], [99.98343564820412, 17.091612495293234], [99.98397132044335, 17.085003965051282], [99.96606880057676, 17.070122397981944], [99.95545758943582, 17.081059462884802], [99.93874052220022, 17.078055400825335], [99.90615944075473, 17.090289247023904], [99.87799131667842, 17.09698991765019], [99.87215703561611, 17.0827035809771], [99.86348106453514, 17.0783840775117]]]]}}, {"type": "Feature", "properties": {"amp_code": "6403", "amp_th": "คีรีมาศ", "amp_en": "Khiri Mat", "pro_code": "64", "pro_th": "สุโขทัย", "pro_en": "Sukhothai", "reg_nesdb": "LowwerNorth", "reg_royin": "Central", "perimeter": 122.05124397998, "area_sqkm": 679.8848693879}, "geometry": {"type": "MultiPolygon", "coordinates": [[[[99.86802641956731, 16.760061789301957], [99.8533977420216, 16.73560277401676], [99.84452860659762, 16.714938083764824], [99.83290005875614, 16.714540618098148], [99.82813594043495, 16.724105378733107], [99.814884391895, 16.72033683908288], [99.80444280618568, 16.712137509313425], [99.807144276793, 16.70661824079809], [99.80973223962683, 16.69889158572067], [99.80438166673108, 16.698512474189073], [99.79283742192679, 16.686485197783295], [99.76442027529643, 16.684162238543962], [99.7611150756768, 16.69891392981781], [99.76468289835596, 16.71693389327827], [99.74169411819949, 16.728912095511166], [99.7459062086038, 16.743423998736834], [99.71654906651632, 16.72134462285922], [99.70541396366987, 16.72276819564887], [99.70384810489399, 16.71735676437262], [99.6949232669287, 16.71859935383957], [99.69362959085986, 16.731307251844125], [99.68267839602663, 16.729604805899655], [99.67624109639996, 16.728020376751825], [99.65991000533803, 16.74017456120636], [99.65306636059805, 16.746729484196052], [99.6430298275746, 16.743095552617735], [99.62288701448838, 16.75750163159739], [99.6009905325163, 16.791092441802725], [99.58183584623322, 16.803322352727925], [99.57866022684047, 16.811989884535947], [99.58182732981358, 16.820150260301393], [99.57674517381434, 16.8281135560089], [99.60304325129685, 16.851927804094434], [99.611349857895, 16.868467690917154], [99.62359990950223, 16.869078242302912], [99.63002689088796, 16.87665946056464], [99.63196334777432, 16.88270525828794], [99.6226790529503, 16.907112463249206], [99.60847266534526, 16.909167552135628], [99.61225156731406, 16.913565162255303], [99.61984719839339, 16.922279813600245], [99.61873930461132, 16.963084924338613], [99.63805558121172, 16.96906245686354], [99.65657761776822, 16.959006426790864], [99.67137143748688, 16.96512861059473], [99.69132236012312, 16.96616136541301], [99.7164235588364, 16.957469623847377], [99.74148497546119, 16.960503092755157], [99.74825916293844, 16.965879150060715], [99.78506817208802, 16.965308101049803], [99.80333259050832, 16.957587866218123], [99.8095553574669, 16.944034359507167], [99.80655229573297, 16.896404470046694], [99.81443131206845, 16.885478009598867], [99.83584873003558, 16.880540138987907], [99.83839117357905, 16.87138015142648], [99.84237003345866, 16.863243543143838], [99.85476613204013, 16.85447202347247], [99.88373233069777, 16.84810690252873], [99.8834509616376, 16.828422696320338], [99.89124007252855, 16.81673689811193], [99.89014343787258, 16.79779060715656], [99.87795936535827, 16.78059451304718], [99.87718829359252, 16.767316282674944], [99.86802641956731, 16.760061789301957]]]]}}, {"type": "Feature", "properties": {"amp_code": "6404", "amp_th": "กงไกรลาศ", "amp_en": "Kong Krailat", "pro_code": "64", "pro_th": "สุโขทัย", "pro_en": "Sukhothai", "reg_nesdb": "LowwerNorth", "reg_royin": "Central", "perimeter": 109.44565913567, "area_sqkm": 448.1857964866}, "geometry": {"type": "MultiPolygon", "coordinates": [[[[99.96394701837441, 16.862701457456343], [99.94990477039202, 16.869594539993795], [99.94262904258524, 16.865790071280884], [99.94183917524644, 16.82863791355528], [99.91696694777347, 16.808320536303253], [99.89014343787258, 16.79779060715656], [99.89124007252855, 16.81673689811193], [99.8834509616376, 16.828422696320338], [99.88373233069777, 16.84810690252873], [99.85476613204013, 16.85447202347247], [99.84237003345866, 16.863243543143838], [99.83839117357905, 16.87138015142648], [99.84574163998099, 16.88892602213479], [99.8694005753856, 16.909886237579695], [99.86862392999082, 16.923274840701307], [99.8848117788822, 16.9359884689262], [99.88492700384207, 16.93854028097677], [99.88294940728264, 16.948924167725107], [99.88816561989124, 16.96753483818143], [99.92218768426936, 17.005682735491757], [99.92501137757398, 17.009435627076954], [99.96606880057676, 17.070122397981944], [99.98397132044335, 17.085003965051282], [99.98507295428304, 17.078355399793196], [99.98954571708175, 17.078163029449858], [99.99787171428257, 17.085537087002184], [100.00602838632489, 17.0731560532207], [100.01427668267083, 17.071082492969776], [100.01296803208812, 17.061916245018722], [100.00572471900392, 17.05725117995538], [100.00474911710094, 17.04503048260373], [100.01556831993986, 17.033939732226617], [100.0306969077387, 17.021938649459322], [100.04057942673047, 17.021633007034737], [100.04383374599091, 17.010668682594137], [100.05366616122998, 17.008867982957753], [100.06104684633338, 17.012531949640962], [100.0785340534711, 16.996687518741307], [100.07723041434511, 16.992413678067244], [100.08657922811938, 16.991685036838216], [100.08734948660823, 16.988432815560866], [100.09374573901054, 16.99265445234008], [100.09599406282793, 16.983641446565247], [100.10119229163563, 16.981745911795848], [100.10145474348529, 16.97390611502656], [100.10759387594493, 16.9743609265778], [100.10720090995247, 16.970811052453133], [100.09834348345126, 16.97044431295208], [100.10436039055473, 16.967381767531762], [100.11013410243163, 16.94492666336508], [100.10728531307949, 16.939619748348782], [100.11148727531811, 16.9346937018799], [100.10749024265311, 16.93532435346921], [100.10672490628833, 16.929693166148883], [100.1106475401082, 16.91508871464854], [100.1009004746941, 16.914468054274717], [100.09980029720063, 16.900015007158448], [100.09481484740138, 16.89468089637484], [100.08988342212885, 16.897071848107416], [100.09155567389011, 16.893906314766014], [100.0854737655749, 16.888940455270927], [100.07672597930502, 16.89305726539752], [100.06454688032044, 16.884075788535554], [100.0472664889657, 16.89266885929729], [100.01051199661487, 16.889244890511172], [100.00675522877854, 16.869128968176653], [99.99932257247536, 16.861667853207578], [99.9940703500042, 16.86810283886395], [99.97836421741668, 16.866522053391865], [99.97376105534993, 16.861243951249797], [99.96394701837441, 16.862701457456343]]]]}}, {"type": "Feature", "properties": {"amp_code": "6401", "amp_th": "เมืองสุโขทัย", "amp_en": "Mueang Sukhothai", "pro_code": "64", "pro_th": "สุโขทัย", "pro_en": "Sukhothai", "reg_nesdb": "LowwerNorth", "reg_royin": "Central", "perimeter": 124.56580235528, "area_sqkm": 555.64523093322}, "geometry": {"type": "MultiPolygon", "coordinates": [[[[99.8848117788822, 16.9359884689262], [99.86862392999082, 16.923274840701307], [99.8694005753856, 16.909886237579695], [99.84574163998099, 16.88892602213479], [99.83839117357905, 16.87138015142648], [99.83584873003558, 16.880540138987907], [99.81443131206845, 16.885478009598867], [99.80655229573297, 16.896404470046694], [99.8095553574669, 16.944034359507167], [99.80333259050832, 16.957587866218123], [99.78506817208802, 16.965308101049803], [99.74825916293844, 16.965879150060715], [99.74148497546119, 16.960503092755157], [99.7164235588364, 16.957469623847377], [99.69132236012312, 16.96616136541301], [99.67137143748688, 16.96512861059473], [99.65657761776822, 16.959006426790864], [99.63805558121172, 16.96906245686354], [99.61873930461132, 16.963084924338613], [99.61447501788001, 16.980189744536208], [99.62270070442145, 16.987167864744833], [99.62216694361786, 17.013300491186907], [99.63330244022175, 17.054710352551773], [99.6411404087488, 17.063754188827616], [99.63510090715326, 17.069338970822148], [99.63935927273194, 17.09227570890774], [99.63107513939892, 17.125159643886377], [99.65063974707004, 17.128160771154768], [99.66310436942734, 17.12269241017421], [99.69124154319555, 17.140265949193555], [99.69706415142055, 17.139573692913867], [99.70650399834297, 17.138786186511542], [99.7109522272927, 17.147066019164253], [99.72739084549154, 17.149224308571995], [99.74276601666699, 17.124264177504745], [99.73749830782867, 17.11501184652654], [99.74355681260653, 17.10384931220216], [99.75448755413073, 17.09685238567019], [99.7839845094469, 17.092887640484317], [99.78883107049508, 17.08264936281679], [99.80501389114079, 17.081535016636032], [99.81658864011922, 17.071668150249913], [99.8307037590239, 17.059876332073575], [99.83428750378859, 17.064639732602913], [99.84242622546779, 17.063516955403987], [99.86348106453514, 17.0783840775117], [99.87215703561611, 17.0827035809771], [99.87799131667842, 17.09698991765019], [99.90615944075473, 17.090289247023904], [99.93874052220022, 17.078055400825335], [99.95545758943582, 17.081059462884802], [99.96606880057676, 17.070122397981944], [99.92501137757398, 17.009435627076954], [99.92218768426936, 17.005682735491757], [99.88816561989124, 16.96753483818143], [99.88294940728264, 16.948924167725107], [99.88492700384207, 16.93854028097677], [99.8848117788822, 16.9359884689262]]]]}}, {"type": "Feature", "properties": {"amp_code": "6402", "amp_th": "บ้านด่านลานหอย", "amp_en": "Ban Dan Lan Hoi", "pro_code": "64", "pro_th": "สุโขทัย", "pro_en": "Sukhothai", "reg_nesdb": "LowwerNorth", "reg_royin": "Central", "perimeter": 173.92386989155, "area_sqkm": 925.1844144286}, "geometry": {"type": "MultiPolygon", "coordinates": [[[[99.54840931959899, 16.862915849895554], [99.54277692328354, 16.85926198005829], [99.54321358672895, 16.843691644487226], [99.53141223805112, 16.824961256849882], [99.51311977415867, 16.869691787653167], [99.51515538282874, 16.890320191029367], [99.49219612468981, 16.906714205868415], [99.48876463665901, 16.913503094793352], [99.47014228882327, 16.900975184225707], [99.46245332187857, 16.88165397534491], [99.44803019530193, 16.89014919550393], [99.44646106442512, 16.9155895847876], [99.45310640214595, 16.93888420679178], [99.44503015053061, 16.94628262612232], [99.44526065371906, 16.96116434818569], [99.43258117736656, 16.980080545482615], [99.41611529128217, 17.018282456384977], [99.39729710646404, 17.02257874423295], [99.39259160933267, 17.030444225086473], [99.39363939954633, 17.054638307084176], [99.38719908028948, 17.070466155613754], [99.39347238848782, 17.082848140391093], [99.38512854149177, 17.082473205939273], [99.37030558721307, 17.09759424591066], [99.36422164728744, 17.09237036413284], [99.35470396404281, 17.095554402956655], [99.33917474543934, 17.09342057842721], [99.32227754655545, 17.11203534189314], [99.32059308954899, 17.127093054628613], [99.3298748013234, 17.137446251752625], [99.3143585002119, 17.14456797287772], [99.31881562349136, 17.157349377921783], [99.31194798100029, 17.189144570086597], [99.31831307253003, 17.214422010404668], [99.31367764573271, 17.21909354410029], [99.31916921240698, 17.226560384774956], [99.32107781617069, 17.24378841523436], [99.31620513903805, 17.269362470383935], [99.34026202816949, 17.267296123371302], [99.34656859583023, 17.25610610768289], [99.35860078432381, 17.248541789704372], [99.37288361976962, 17.21279624497881], [99.39312194009551, 17.20642919316422], [99.40090447262625, 17.22061670677655], [99.41938931397085, 17.218764445505276], [99.41881502281525, 17.226609385513818], [99.42741448645397, 17.23204305719962], [99.43856271691432, 17.22963499847128], [99.4454690977357, 17.242887027585653], [99.44116573405475, 17.252123204545057], [99.44954924365676, 17.25041770939382], [99.45570616601734, 17.254494049684094], [99.46045986918399, 17.250032586884373], [99.45981753434656, 17.24326037176294], [99.46397142672365, 17.224054001666612], [99.4815308438462, 17.202540345486398], [99.49569167162304, 17.198077983345186], [99.51426070996284, 17.19856704107005], [99.52312806384347, 17.194045022686158], [99.53182896642329, 17.175829972183116], [99.54055330535401, 17.168106623656918], [99.55553285510418, 17.160720589425754], [99.56252182132523, 17.16249437290021], [99.56792845911623, 17.155998234606567], [99.58102804282163, 17.154698911851717], [99.59779661112194, 17.125310400423402], [99.63107513939892, 17.125159643886377], [99.63935927273194, 17.09227570890774], [99.63510090715326, 17.069338970822148], [99.6411404087488, 17.063754188827616], [99.63330244022175, 17.054710352551773], [99.62216694361786, 17.013300491186907], [99.62270070442145, 16.987167864744833], [99.61447501788001, 16.980189744536208], [99.61873930461132, 16.963084924338613], [99.61984719839339, 16.922279813600245], [99.61225156731406, 16.913565162255303], [99.60847266534526, 16.909167552135628], [99.6226790529503, 16.907112463249206], [99.63196334777432, 16.88270525828794], [99.63002689088796, 16.87665946056464], [99.62359990950223, 16.869078242302912], [99.611349857895, 16.868467690917154], [99.60304325129685, 16.851927804094434], [99.57674517381434, 16.8281135560089], [99.57130103859956, 16.859277191696528], [99.56088147889557, 16.860206483925644], [99.56832854396727, 16.853111583576457], [99.54840931959899, 16.862915849895554]]]]}}, {"type": "Feature", "properties": {"amp_code": "6612", "amp_th": "วชิรบารมี", "amp_en": "Wachirabarami", "pro_code": "66", "pro_th": "พิจิตร", "pro_en": "Phichit", "reg_nesdb": "LowwerNorth", "reg_royin": "Central", "perimeter": 77.9077186696, "area_sqkm": 275.71143802813}, "geometry": {"type": "MultiPolygon", "coordinates": [[[[100.18762229319687, 16.532657267358896], [100.18847102622676, 16.512765797811234], [100.16861609554249, 16.498643400864548], [100.16392226975873, 16.471956434551267], [100.1690823650008, 16.462372915186233], [100.17331243558846, 16.447636929385965], [100.1613670839547, 16.450471468543395], [100.11716717458975, 16.447830602242078], [100.10430768775832, 16.44116041267289], [100.0911205578515, 16.438978792967326], [100.0552261450932, 16.449451922029372], [100.0365301866956, 16.442411301188358], [100.00295112540252, 16.437948899670502], [99.99996239217899, 16.449993943136636], [100.00337559896292, 16.45824256461048], [100.03473981432168, 16.50221318598439], [100.02504427695627, 16.52007037170387], [100.0105704965262, 16.52188216683307], [100.01230158788384, 16.539632810554547], [100.01138484266919, 16.554270392739777], [100.01263218565914, 16.57507750103449], [100.03428721160456, 16.583311237963187], [100.04706349146392, 16.57120090255842], [100.07382392491992, 16.578115367244198], [100.08994938945048, 16.588443085988214], [100.08608225868183, 16.596821653575855], [100.0976173908065, 16.606714787248993], [100.10350741645502, 16.605223888634214], [100.10581073594574, 16.60977948516187], [100.11871856756726, 16.614094075322786], [100.1293935754383, 16.610506826826164], [100.14618399544011, 16.59555578723411], [100.16694403231553, 16.58887174332455], [100.16097862763554, 16.571554807250383], [100.17918323210851, 16.56703731340226], [100.17664365348, 16.56272456020388], [100.18591227599056, 16.543015899154927], [100.19192292827373, 16.54444698142277], [100.19559336443953, 16.540655867660345], [100.19696695301316, 16.537654048977373], [100.18762229319687, 16.532657267358896]]]]}}, {"type": "Feature", "properties": {"amp_code": "6610", "amp_th": "บึงนาราง", "amp_en": "Bueng Na Rang", "pro_code": "66", "pro_th": "พิจิตร", "pro_en": "Phichit", "reg_nesdb": "LowwerNorth", "reg_royin": "Central", "perimeter": 96.25731393789, "area_sqkm": 292.83439002493}, "geometry": {"type": "MultiPolygon", "coordinates": [[[[100.1710233303333, 16.147594592599987], [100.16203721297371, 16.106347974485434], [100.1345810625517, 16.09604439201601], [100.12886202424264, 16.070571480835344], [100.11436930995374, 16.07908751366917], [100.09626995269228, 16.09461730069317], [100.09493828406369, 16.111039988004233], [100.07739126252717, 16.12489333597335], [100.08555232975259, 16.143456393847096], [100.07678940037867, 16.147301716699726], [100.07563706829801, 16.163148304380886], [100.06309860215728, 16.15956403594245], [100.05553616499573, 16.167342418520544], [100.04430715908596, 16.16843953783348], [100.03857265855305, 16.177416231485537], [100.03761199738634, 16.182533619628494], [100.0252743492254, 16.191825701008934], [100.04609184487755, 16.207505253341974], [100.02797056327475, 16.239942091370335], [100.02120462598008, 16.251613641475902], [100.02854651313206, 16.270397303364586], [100.0356493864135, 16.268758261446276], [100.04033834446967, 16.275324667650832], [100.0597822911193, 16.26214213293495], [100.08612432352557, 16.26366393135509], [100.10310007409537, 16.255089891320992], [100.11594193869776, 16.255178565924442], [100.12509311430541, 16.24726645990378], [100.15197253322641, 16.243197043674577], [100.18884441244798, 16.24949676460033], [100.2137118120705, 16.24522748239567], [100.21381705921544, 16.245225749955544], [100.24462354731253, 16.243912803778255], [100.24582760759729, 16.237231986384504], [100.25198651530772, 16.23619471544996], [100.26057075280876, 16.241025726307353], [100.26415112009155, 16.234612022892506], [100.26074219562898, 16.22598370414406], [100.25412639695129, 16.226462396768387], [100.2528958608895, 16.220864717294802], [100.25912535690614, 16.20129133822239], [100.25311443917376, 16.19355268242404], [100.25814623414551, 16.18932235528087], [100.26084403240169, 16.17871560150415], [100.25031972638935, 16.178370975270774], [100.25467989669897, 16.15797827745856], [100.24533024297372, 16.15742756432536], [100.23007451749237, 16.16997017031353], [100.22322250094665, 16.190193838931588], [100.19735569244473, 16.189553577666445], [100.18316887781235, 16.180597729537364], [100.18198080626394, 16.161096641715375], [100.17592823504738, 16.146982331905146], [100.17401381230174, 16.151799214813966], [100.1710233303333, 16.147594592599987]]]]}}, {"type": "Feature", "properties": {"amp_code": "6611", "amp_th": "ดงเจริญ", "amp_en": "Dong Charoen", "pro_code": "66", "pro_th": "พิจิตร", "pro_en": "Phichit", "reg_nesdb": "LowwerNorth", "reg_royin": "Central", "perimeter": 101.37924651878, "area_sqkm": 231.35815664389}, "geometry": {"type": "MultiPolygon", "coordinates": [[[[100.57545380592629, 15.954161289136621], [100.54694895898699, 15.926674172093893], [100.5362966857668, 15.923950848723027], [100.52866773250146, 15.93662850627401], [100.5211933628406, 15.940271617672114], [100.50382319266107, 15.937609827308043], [100.4997389053535, 15.977953782223862], [100.49201164680406, 16.001079971105504], [100.49445581244024, 16.00730472512443], [100.51080505669009, 15.99921000753563], [100.53085219489255, 16.011195566406656], [100.53247028755524, 16.015760476671225], [100.52111436957375, 16.0165235846972], [100.54048468831319, 16.049883424190455], [100.54364060326627, 16.079034056131857], [100.5544214079365, 16.078861100132904], [100.57188321196757, 16.069856444102758], [100.57901386864457, 16.07136404864333], [100.58838221954204, 16.0643585011272], [100.60468938425282, 16.0629637609306], [100.61109340819242, 16.06666729580678], [100.61747132168594, 16.061545876694122], [100.63103117303179, 16.06049862693734], [100.64282057213035, 16.05143567066487], [100.63532720229131, 16.045653796963144], [100.65680414137513, 16.047708602530385], [100.66856797231061, 16.030266018772913], [100.69014812433451, 16.027018815606233], [100.72709429359499, 16.02241395948586], [100.74408690321238, 16.012000491473096], [100.7602864564217, 16.00951985688257], [100.7689440257064, 16.003805258046985], [100.7691704390857, 15.998480740867796], [100.7820700572262, 15.99403765119192], [100.78413134812463, 15.98108111076614], [100.778019848681, 15.966116035903173], [100.791103858496, 15.958302650159538], [100.79901802254928, 15.936338551636227], [100.78089965687788, 15.935091651805111], [100.77286189290578, 15.929200374407783], [100.76640666174124, 15.93141313426825], [100.76767047810885, 15.935552939222339], [100.75613036850615, 15.942506212690997], [100.7503541222115, 15.969274105218474], [100.73781931212426, 15.989251231957109], [100.70225425565482, 15.989315499183194], [100.68236903488268, 15.999840993839051], [100.65586993523215, 16.006346916415012], [100.65444029056945, 16.006691180633606], [100.62598670298583, 16.00272418519876], [100.61684481578196, 15.983420439165256], [100.57545380592629, 15.954161289136621]]]]}}, {"type": "Feature", "properties": {"amp_code": "6609", "amp_th": "สากเหล็ก", "amp_en": "Sak Lek", "pro_code": "66", "pro_th": "พิจิตร", "pro_en": "Phichit", "reg_nesdb": "LowwerNorth", "reg_royin": "Central", "perimeter": 64.92958325207, "area_sqkm": 176.08106994252}, "geometry": {"type": "MultiPolygon", "coordinates": [[[[100.53039082353033, 16.4627147244612], [100.52690417899522, 16.458712903978533], [100.51911224019297, 16.462785518405624], [100.49391279665582, 16.461960189571055], [100.47484064163436, 16.467145032913713], [100.46141650587988, 16.459844147371815], [100.45029536452775, 16.46064216889089], [100.44780424502147, 16.455144194779148], [100.43541158777317, 16.45319709506927], [100.42664988003988, 16.43520976867454], [100.42148778566697, 16.43306106741443], [100.41513063887096, 16.4534502328937], [100.40856132749727, 16.47186029836687], [100.4096744889865, 16.48671195084728], [100.41267236787786, 16.497254544905616], [100.43051876572744, 16.51586483852445], [100.4355558268458, 16.520030511417854], [100.47121216213534, 16.519783511870678], [100.47459542520917, 16.531129913742397], [100.48414053783532, 16.541824705110123], [100.48331756397292, 16.54256371954342], [100.50463312608176, 16.553406116145023], [100.50474421116927, 16.568244616546593], [100.5096128024243, 16.573866746023864], [100.52619880674531, 16.565751272503842], [100.53792035877706, 16.567909692265474], [100.55947617014763, 16.572044330847366], [100.57579419152579, 16.585579897055407], [100.58031668575815, 16.575922278990173], [100.57842428195038, 16.53404301527042], [100.57761524689094, 16.523109724592256], [100.58743227798901, 16.520340017809453], [100.58292395743314, 16.48883928311933], [100.5850933812003, 16.471554068543156], [100.56830864048075, 16.45983948943704], [100.56389205274456, 16.458420901324903], [100.55481490151396, 16.46571033327558], [100.54753875804741, 16.460448050973156], [100.53039082353033, 16.4627147244612]]]]}}, {"type": "Feature", "properties": {"amp_code": "6607", "amp_th": "สามง่าม", "amp_en": "Sam Ngam", "pro_code": "66", "pro_th": "พิจิตร", "pro_en": "Phichit", "reg_nesdb": "LowwerNorth", "reg_royin": "Central", "perimeter": 125.59118390438, "area_sqkm": 365.28508491514}, "geometry": {"type": "MultiPolygon", "coordinates": [[[[100.0911205578515, 16.438978792967326], [100.10430768775832, 16.44116041267289], [100.11716717458975, 16.447830602242078], [100.1613670839547, 16.450471468543395], [100.17331243558846, 16.447636929385965], [100.1690823650008, 16.462372915186233], [100.16392226975873, 16.471956434551267], [100.16861609554249, 16.498643400864548], [100.18847102622676, 16.512765797811234], [100.18762229319687, 16.532657267358896], [100.19696695301316, 16.537654048977373], [100.19559336443953, 16.540655867660345], [100.19192292827373, 16.54444698142277], [100.18591227599056, 16.543015899154927], [100.17664365348, 16.56272456020388], [100.17918323210851, 16.56703731340226], [100.16097862763554, 16.571554807250383], [100.16694403231553, 16.58887174332455], [100.18575507788167, 16.58596240265702], [100.17583158424814, 16.598755969569016], [100.19749459124793, 16.60918454496997], [100.19485639750432, 16.619973331242466], [100.20087066174597, 16.617723156190884], [100.20396024850224, 16.62452349072472], [100.19185648184532, 16.627828994940796], [100.19068894715531, 16.632799955411105], [100.19572206160326, 16.636290293969257], [100.19151698453472, 16.645908574057003], [100.20263243784642, 16.642550009289977], [100.2158839466449, 16.64766521641914], [100.21580607411885, 16.63280238593184], [100.22557541772585, 16.625446629444433], [100.22591543749569, 16.61744810476482], [100.23169381529144, 16.61641295540556], [100.23326110506684, 16.597417877941336], [100.23356452403065, 16.55455814493935], [100.23774146594678, 16.54066653802209], [100.24358558890242, 16.531975461370916], [100.25001763533763, 16.530096642818677], [100.24969448369163, 16.495855140064865], [100.25319369543229, 16.49106768287975], [100.24943794589971, 16.48689980902582], [100.2474785010183, 16.474122417455714], [100.25450334697756, 16.460762639644987], [100.25271615046023, 16.44854686953173], [100.2409102267851, 16.438834275410407], [100.24204869102518, 16.42740993542517], [100.23527113815328, 16.41744565599247], [100.2168184814323, 16.39917498307625], [100.2182556093707, 16.389074182258305], [100.19796898840144, 16.382239008578487], [100.16848329987103, 16.3739503956554], [100.14234197392086, 16.3722624232255], [100.11510227912483, 16.378453070068268], [100.07214379270842, 16.360114007160696], [100.05585194575472, 16.35032474261653], [100.0531492801734, 16.332071860106524], [100.027278321357, 16.33154068842457], [100.02181084707762, 16.33793516776594], [100.0066926532755, 16.335910819198197], [99.9953996282178, 16.355559811852483], [99.98340055876959, 16.375115537317896], [99.99396764188477, 16.387413136636965], [99.99708379698792, 16.41945047228449], [100.00295112540252, 16.437948899670502], [100.0365301866956, 16.442411301188358], [100.0552261450932, 16.449451922029372], [100.0911205578515, 16.438978792967326]]]]}}, {"type": "Feature", "properties": {"amp_code": "6608", "amp_th": "ทับคล้อ", "amp_en": "Thap Khlo", "pro_code": "66", "pro_th": "พิจิตร", "pro_en": "Phichit", "reg_nesdb": "LowwerNorth", "reg_royin": "Central", "perimeter": 115.7279667034, "area_sqkm": 407.99193119636}, "geometry": {"type": "MultiPolygon", "coordinates": [[[[100.5739605937353, 16.231127360756506], [100.58072265811903, 16.23530316001042], [100.58101422741055, 16.240623967297594], [100.5763480779941, 16.24930178545515], [100.52744083817761, 16.24280610208223], [100.51277349977045, 16.236658403814275], [100.48682668324012, 16.2380936119791], [100.4757979259717, 16.253884928345638], [100.52031273170581, 16.299237852733615], [100.52253103794189, 16.30308879563706], [100.54206184475085, 16.294360499558344], [100.5617776341495, 16.293865572103634], [100.58438519657126, 16.307272442735417], [100.60524484769779, 16.30881056991277], [100.61164424186076, 16.316925773017246], [100.62492332061426, 16.317593279865015], [100.63436670364659, 16.327349313675057], [100.65260201842419, 16.321974883785234], [100.65377267797363, 16.31957091602452], [100.6489788331975, 16.30817773831209], [100.65005723398176, 16.297480799298388], [100.66283349414513, 16.267795885420806], [100.67160830311201, 16.257252953592626], [100.67632083312797, 16.262609635281752], [100.67325004986759, 16.256205261175328], [100.66857501151745, 16.25477701669282], [100.66916845197633, 16.250479780738186], [100.67748857477424, 16.24800912456825], [100.69412473434748, 16.249294455667595], [100.70774733021557, 16.255830567848385], [100.71444074819907, 16.253864093003358], [100.71773727746951, 16.257643003696515], [100.71908915904669, 16.251465569420574], [100.70719471655688, 16.242139715209294], [100.68286118198222, 16.202807819787566], [100.64422891063414, 16.139954313873456], [100.65463392591984, 16.12600296430218], [100.6541258791066, 16.1015851677797], [100.64282057213035, 16.05143567066487], [100.63103117303179, 16.06049862693734], [100.61747132168594, 16.061545876694122], [100.61109340819242, 16.06666729580678], [100.60468938425282, 16.0629637609306], [100.58838221954204, 16.0643585011272], [100.57901386864457, 16.07136404864333], [100.57188321196757, 16.069856444102758], [100.5544214079365, 16.078861100132904], [100.54364060326627, 16.079034056131857], [100.52920498697422, 16.094568348048302], [100.5226308776037, 16.09540833313556], [100.51470197115201, 16.100664719545183], [100.51057619747564, 16.111375330543435], [100.5151198582948, 16.147438355498313], [100.52131713367031, 16.172292785099806], [100.52308558123848, 16.18385501203817], [100.53218778188896, 16.180601644646092], [100.53308633000877, 16.19031390886739], [100.54284840132807, 16.200953851582394], [100.53209706223629, 16.197554453567115], [100.5315209036519, 16.203640862340375], [100.54045220395703, 16.212762901451644], [100.5667055410006, 16.222168539518584], [100.5739605937353, 16.231127360756506]]]]}}, {"type": "Feature", "properties": {"amp_code": "6506", "amp_th": "พรหมพิราม", "amp_en": "Phrom Phiram", "pro_code": "65", "pro_th": "พิษณุโลก", "pro_en": "Phitsanulok", "reg_nesdb": "LowwerNorth", "reg_royin": "Central", "perimeter": 163.51833040279, "area_sqkm": 832.17962935518}, "geometry": {"type": "MultiPolygon", "coordinates": [[[[100.22172810656686, 16.94325590533887], [100.21732962031881, 16.94228234700238], [100.22588215610965, 16.94245714524238], [100.22596690627203, 16.931076788523992], [100.2318699948845, 16.92467748750428], [100.22630508904294, 16.919045299640636], [100.2320662888419, 16.91326030701224], [100.21510728038085, 16.914594294705104], [100.20158506488337, 16.923830780779017], [100.18079330903961, 16.93833933100409], [100.16406283855063, 16.94008252851069], [100.14482773720593, 16.928533174931346], [100.13808991128668, 16.929671194753784], [100.1324537230317, 16.916017583236854], [100.1241659873366, 16.90985292781488], [100.12119212660464, 16.907374699019176], [100.1106475401082, 16.91508871464854], [100.10672490628833, 16.929693166148883], [100.10749024265311, 16.93532435346921], [100.11148727531811, 16.9346937018799], [100.10728531307949, 16.939619748348782], [100.11013410243163, 16.94492666336508], [100.10436039055473, 16.967381767531762], [100.09834348345126, 16.97044431295208], [100.10720090995247, 16.970811052453133], [100.10759387594493, 16.9743609265778], [100.10145474348529, 16.97390611502656], [100.10119229163563, 16.981745911795848], [100.09599406282793, 16.983641446565247], [100.09374573901054, 16.99265445234008], [100.08734948660823, 16.988432815560866], [100.08657922811938, 16.991685036838216], [100.07723041434511, 16.992413678067244], [100.0785340534711, 16.996687518741307], [100.06104684633338, 17.012531949640962], [100.05366616122998, 17.008867982957753], [100.04383374599091, 17.010668682594137], [100.04057942673047, 17.021633007034737], [100.0306969077387, 17.021938649459322], [100.01556831993986, 17.033939732226617], [100.00474911710094, 17.04503048260373], [100.00572471900392, 17.05725117995538], [100.01296803208812, 17.061916245018722], [100.01427668267083, 17.071082492969776], [100.00602838632489, 17.0731560532207], [99.99787171428257, 17.085537087002184], [99.98954571708175, 17.078163029449858], [99.98507295428304, 17.078355399793196], [99.98397132044335, 17.085003965051282], [99.98343564820412, 17.091612495293234], [99.98261272423858, 17.101136163171148], [99.97322120525632, 17.10227739856777], [99.95943517984803, 17.1178937608886], [99.95892469320074, 17.146314052502277], [99.95209333945263, 17.156265991089853], [99.95570471737577, 17.163162176149665], [99.95140542311394, 17.1677095794969], [99.95491884735743, 17.17092534531626], [99.97322556815755, 17.1646387518449], [99.98260257008091, 17.155347135567784], [99.98519739034347, 17.160256996532425], [99.99273395720945, 17.159268815591474], [100.0085424887105, 17.151312522270484], [100.00913338344922, 17.14757789485342], [99.99777389000778, 17.14477592586665], [99.99612254070749, 17.137546640470504], [100.01371568341484, 17.13890533965254], [100.02373916917638, 17.153112673836322], [100.02370015469467, 17.16528624249902], [100.03326373901272, 17.16766881220677], [100.03650973814086, 17.18141846827346], [100.0455305545448, 17.17884914923547], [100.06403980329371, 17.181860386157027], [100.09123792539425, 17.188852919064335], [100.12793364120438, 17.184657398990826], [100.13687166213765, 17.180485929360046], [100.14926652106698, 17.185604597955944], [100.15546045186215, 17.169400430636976], [100.1617349288315, 17.167432576340474], [100.16835892737012, 17.20203755929788], [100.20622573818945, 17.20715918602074], [100.22039423412606, 17.219077043600407], [100.28202979973612, 17.220336652737252], [100.29169659178585, 17.20733998543529], [100.28724402074567, 17.176694046466093], [100.2917645899349, 17.15898100328919], [100.3073161168979, 17.11772307087255], [100.31978306649845, 17.098856631489568], [100.32565839444385, 17.078766364419042], [100.32053563795944, 17.06559597967551], [100.31542897627493, 17.05041896469407], [100.3035944567871, 17.04498233651638], [100.3052208184307, 17.040056580237614], [100.29293780927665, 17.03885514312312], [100.28464943653799, 17.033190259146696], [100.26009328484197, 17.035339022749454], [100.2577254206948, 17.033869240125238], [100.2606399550208, 17.02201854538833], [100.28116308740647, 17.018287680452186], [100.28048123849447, 16.997000317485515], [100.27143004655312, 16.982854230760918], [100.27123655418079, 16.969808332103412], [100.27789580198618, 16.956045185679717], [100.28072667344581, 16.93370762070834], [100.24245910286821, 16.94478590719852], [100.23183715840653, 16.952454491554775], [100.2188270082896, 16.950430135415086], [100.22172810656686, 16.94325590533887]]]]}}, {"type": "Feature", "properties": {"amp_code": "6507", "amp_th": "วัดโบสถ์", "amp_en": "Wat Bot", "pro_code": "65", "pro_th": "พิษณุโลก", "pro_en": "Phitsanulok", "reg_nesdb": "LowwerNorth", "reg_royin": "Central", "perimeter": 174.62979119409, "area_sqkm": 888.27625617935}, "geometry": {"type": "MultiPolygon", "coordinates": [[[[100.3292513551582, 16.946296649456336], [100.31945597448062, 16.944121103065783], [100.29851341570622, 16.928094803952174], [100.28072667344581, 16.93370762070834], [100.27789580198618, 16.956045185679717], [100.27123655418079, 16.969808332103412], [100.27143004655312, 16.982854230760918], [100.28048123849447, 16.997000317485515], [100.28116308740647, 17.018287680452186], [100.2606399550208, 17.02201854538833], [100.2577254206948, 17.033869240125238], [100.26009328484197, 17.035339022749454], [100.28464943653799, 17.033190259146696], [100.29293780927665, 17.03885514312312], [100.3052208184307, 17.040056580237614], [100.3035944567871, 17.04498233651638], [100.31542897627493, 17.05041896469407], [100.32053563795944, 17.06559597967551], [100.32565839444385, 17.078766364419042], [100.31978306649845, 17.098856631489568], [100.3073161168979, 17.11772307087255], [100.2917645899349, 17.15898100328919], [100.28724402074567, 17.176694046466093], [100.29169659178585, 17.20733998543529], [100.28202979973612, 17.220336652737252], [100.22039423412606, 17.219077043600407], [100.24817756927966, 17.238004312599088], [100.2532988063698, 17.248330651116994], [100.24898113665432, 17.255663260727673], [100.23733656846154, 17.31679085388715], [100.2393363774439, 17.34621823962995], [100.24342322261788, 17.35195203081835], [100.25576526710955, 17.35886992226774], [100.26269973222104, 17.357293277158757], [100.269579190112, 17.36645432573988], [100.28837847221826, 17.375668488896203], [100.29650053079258, 17.374383480862548], [100.30614185780419, 17.381978661690002], [100.32363307846484, 17.36851549934152], [100.33056232107766, 17.379218134899585], [100.33005473256299, 17.386636551478485], [100.3377312785563, 17.38968389594282], [100.34257374826099, 17.38684308772437], [100.34803754109545, 17.392716574930358], [100.35484045619724, 17.386900306000612], [100.37260245241323, 17.391675962817473], [100.37373430003619, 17.382772302191213], [100.38903000014896, 17.376665910043712], [100.3995691874697, 17.35174507416249], [100.39849319818536, 17.334474911556892], [100.4064566813253, 17.326023728199736], [100.40249385436732, 17.32238699710025], [100.4032159154987, 17.3143242862538], [100.37941404037988, 17.314925577457455], [100.37603826767715, 17.303629770759162], [100.40330057184613, 17.282062514068258], [100.40339248489781, 17.278285503010522], [100.39509562919224, 17.274869691937493], [100.40424257412667, 17.265478534766558], [100.4296732952196, 17.253980312454697], [100.43443554047184, 17.247181059533613], [100.43306036646028, 17.234492731157708], [100.44341556906377, 17.214457124277175], [100.4629189185016, 17.20060736840631], [100.49027876217045, 17.197536596277242], [100.49436304701462, 17.17940441524436], [100.51134715179168, 17.16287158584508], [100.50978822790348, 17.139947771801165], [100.50485363501122, 17.132782184455206], [100.50793354225435, 17.122447061798216], [100.52820590990548, 17.103681434283786], [100.52409282382762, 17.09695627040477], [100.50922806557014, 17.101892098510362], [100.50078558895093, 17.09297439597879], [100.4882935992553, 17.08961214230611], [100.48099271618852, 17.092244544939533], [100.47759524722012, 17.090683351247712], [100.48221755642652, 17.078763713739637], [100.47738414270538, 17.081853485710607], [100.47018996386502, 17.076281353741635], [100.4618624610502, 17.057534280920823], [100.45260716463405, 17.050849990146393], [100.45769186132442, 17.02999434158806], [100.45217431071862, 17.025360497909627], [100.45336128812839, 17.01728299134508], [100.47580441114964, 16.996706701313126], [100.48652498716822, 16.97647725204907], [100.4726245020837, 16.977660319734785], [100.44727474028775, 16.97064033933527], [100.43586322258004, 16.972727264506794], [100.42575715246139, 16.964368661274122], [100.41145898567012, 16.96280860474693], [100.37188003746513, 16.94960259654498], [100.35127317306834, 16.949444037308293], [100.3292513551582, 16.946296649456336]]]]}}, {"type": "Feature", "properties": {"amp_code": "6504", "amp_th": "บางระกำ", "amp_en": "Bang Rakam", "pro_code": "65", "pro_th": "พิษณุโลก", "pro_en": "Phitsanulok", "reg_nesdb": "LowwerNorth", "reg_royin": "Central", "perimeter": 152.08032860075, "area_sqkm": 968.23358187335}, "geometry": {"type": "MultiPolygon", "coordinates": [[[[100.19396084071485, 16.71132098683451], [100.19592218317499, 16.704921919696815], [100.20305066932666, 16.701693494699658], [100.20102399138324, 16.694785420365584], [100.20585344157948, 16.689497223707885], [100.20117104941917, 16.685120271039423], [100.2060645668588, 16.684100972917342], [100.21616513114532, 16.66519849103703], [100.22595835869782, 16.665769589019867], [100.21593484842244, 16.648019709531585], [100.2158839466449, 16.64766521641914], [100.20263243784642, 16.642550009289977], [100.19151698453472, 16.645908574057003], [100.19572206160326, 16.636290293969257], [100.19068894715531, 16.632799955411105], [100.19185648184532, 16.627828994940796], [100.20396024850224, 16.62452349072472], [100.20087066174597, 16.617723156190884], [100.19485639750432, 16.619973331242466], [100.19749459124793, 16.60918454496997], [100.17583158424814, 16.598755969569016], [100.18575507788167, 16.58596240265702], [100.16694403231553, 16.58887174332455], [100.14618399544011, 16.59555578723411], [100.1293935754383, 16.610506826826164], [100.11871856756726, 16.614094075322786], [100.10581073594574, 16.60977948516187], [100.10350741645502, 16.605223888634214], [100.0976173908065, 16.606714787248993], [100.08608225868183, 16.596821653575855], [100.08994938945048, 16.588443085988214], [100.07382392491992, 16.578115367244198], [100.04706349146392, 16.57120090255842], [100.03428721160456, 16.583311237963187], [100.01263218565914, 16.57507750103449], [100.0153641263742, 16.581358499745647], [100.00695346120573, 16.586464766111167], [100.00394169765798, 16.57934435795542], [99.9937130886658, 16.577542906870953], [99.98002267848271, 16.580469714576406], [99.93355620924066, 16.57662178359533], [99.92547964964068, 16.58148596987823], [99.91635710035345, 16.600729025440888], [99.90965069005397, 16.621907990841333], [99.89786982054716, 16.633296854045316], [99.89423980406477, 16.661810361697544], [99.89527401039561, 16.66759966779142], [99.88827461289236, 16.67435211121549], [99.89167227176902, 16.686699446298217], [99.88597599246398, 16.69388285230494], [99.89517510243685, 16.7062924999573], [99.8872072622919, 16.71416231143934], [99.87282775477561, 16.714313719202526], [99.87117081337853, 16.721942030664948], [99.86044300177113, 16.731753842276884], [99.85677270543366, 16.729302872378184], [99.8533977420216, 16.73560277401676], [99.86802641956731, 16.760061789301957], [99.87718829359252, 16.767316282674944], [99.87795936535827, 16.78059451304718], [99.89014343787258, 16.79779060715656], [99.91696694777347, 16.808320536303253], [99.94183917524644, 16.82863791355528], [99.94262904258524, 16.865790071280884], [99.94990477039202, 16.869594539993795], [99.96394701837441, 16.862701457456343], [99.97376105534993, 16.861243951249797], [99.97836421741668, 16.866522053391865], [99.9940703500042, 16.86810283886395], [99.99932257247536, 16.861667853207578], [100.00675522877854, 16.869128968176653], [100.01051199661487, 16.889244890511172], [100.0472664889657, 16.89266885929729], [100.06454688032044, 16.884075788535554], [100.07672597930502, 16.89305726539752], [100.0854737655749, 16.888940455270927], [100.09155567389011, 16.893906314766014], [100.08988342212885, 16.897071848107416], [100.09481484740138, 16.89468089637484], [100.09980029720063, 16.900015007158448], [100.1009004746941, 16.914468054274717], [100.1106475401082, 16.91508871464854], [100.12119212660464, 16.907374699019176], [100.12209729280956, 16.90217502717304], [100.11375813598654, 16.897385115099596], [100.12826271810042, 16.89421915380338], [100.13391049871139, 16.882882309283346], [100.13665418596607, 16.880175985346455], [100.12871024052937, 16.87889127607077], [100.1354599117256, 16.874425273234547], [100.13115192267352, 16.862499437091753], [100.1419050459799, 16.85055801285217], [100.15534357656112, 16.845619140765855], [100.16548792719567, 16.819129710060974], [100.15842717501702, 16.804097300339144], [100.16389891932347, 16.792367612345128], [100.16385652487871, 16.767295868478875], [100.1651938196884, 16.747134210487367], [100.18541202953563, 16.724312880810057], [100.19396084071485, 16.71132098683451]]]]}}, {"type": "Feature", "properties": {"amp_code": "6505", "amp_th": "บางกระทุ่ม", "amp_en": "Bang Krathum", "pro_code": "65", "pro_th": "พิษณุโลก", "pro_en": "Phitsanulok", "reg_nesdb": "LowwerNorth", "reg_royin": "Central", "perimeter": 96.17589465837, "area_sqkm": 351.774077082}, "geometry": {"type": "MultiPolygon", "coordinates": [[[[100.4813987308558, 16.55983996197625], [100.48331756397292, 16.54256371954342], [100.48414053783532, 16.541824705110123], [100.47459542520917, 16.531129913742397], [100.47121216213534, 16.519783511870678], [100.4355558268458, 16.520030511417854], [100.43051876572744, 16.51586483852445], [100.42541127966612, 16.535833378349242], [100.38604757342037, 16.553567380597116], [100.36942746521014, 16.550451852504377], [100.37687339213859, 16.546406993192477], [100.36028437015335, 16.535256973708787], [100.32362088345882, 16.525682039735564], [100.28568344356509, 16.5313238568967], [100.2646506009933, 16.537429938962], [100.25001763533763, 16.530096642818677], [100.24358558890242, 16.531975461370916], [100.23774146594678, 16.54066653802209], [100.23356452403065, 16.55455814493935], [100.23326110506684, 16.597417877941336], [100.23169381529144, 16.61641295540556], [100.22591543749569, 16.61744810476482], [100.22557541772585, 16.625446629444433], [100.21580607411885, 16.63280238593184], [100.2158839466449, 16.64766521641914], [100.21593484842244, 16.648019709531585], [100.24368750902185, 16.635570501670472], [100.28154688486059, 16.642527988611267], [100.28595567840846, 16.634104347905907], [100.291555584914, 16.63270253078147], [100.29223312448276, 16.63805615056646], [100.29363295728884, 16.63164431366101], [100.29845066536564, 16.635999596914456], [100.29416525777319, 16.64474671046858], [100.30395959011614, 16.676485961063634], [100.30143547320473, 16.6966972932864], [100.30492082334261, 16.71013301379006], [100.32229529753853, 16.708761851928724], [100.33641411070542, 16.700998013768576], [100.36627778574451, 16.66100316636447], [100.37436336120966, 16.663406836639766], [100.3790345530193, 16.656977137329946], [100.39798891137573, 16.653993185257132], [100.41882951041055, 16.64419162372339], [100.42373265628311, 16.646908836755692], [100.43667629328637, 16.629822314839142], [100.44405876838047, 16.617820151197552], [100.45642065976945, 16.61535475168469], [100.47040097263108, 16.60598390751378], [100.4789979285213, 16.58412924712073], [100.4813987308558, 16.55983996197625]]]]}}, {"type": "Feature", "properties": {"amp_code": "6502", "amp_th": "นครไทย", "amp_en": "Nakhon Thai", "pro_code": "65", "pro_th": "พิษณุโลก", "pro_en": "Phitsanulok", "reg_nesdb": "LowwerNorth", "reg_royin": "Central", "perimeter": 268.68815345834, "area_sqkm": 2359.8171494487}, "geometry": {"type": "MultiPolygon", "coordinates": [[[[101.07174827234473, 16.923702505115028], [101.06682946658717, 16.902127665100625], [101.05054927055554, 16.906471184940173], [101.0436718723655, 16.90364884867152], [101.03106368198326, 16.89312222562535], [101.02581156752258, 16.87170608964718], [101.01404011786784, 16.863911942277465], [101.01263012285075, 16.857855377059984], [100.99338634003176, 16.854932963831953], [100.98096753590633, 16.848446286731686], [100.97936279557862, 16.84113987506084], [100.97343983958203, 16.842112843265266], [100.98146331668423, 16.834668485986974], [100.98019908202997, 16.82975762477327], [100.9771888966711, 16.83090021146624], [100.97851395490417, 16.82614735492816], [100.97473148458421, 16.82925911173956], [100.97192447842356, 16.82425796435538], [100.97220415267492, 16.829186262660897], [100.96492517182884, 16.827420728526604], [100.96167967766353, 16.83066040102408], [100.9592455844582, 16.825230829947778], [100.95493458588477, 16.825495517427164], [100.9535625976295, 16.820580924254166], [100.9582418057091, 16.823750702917536], [100.95919700522765, 16.820732841454433], [100.95535418944017, 16.812554069786657], [100.95739190355836, 16.80584176552534], [100.95339723163497, 16.803575731555643], [100.95711992943914, 16.80058805129565], [100.95512417950238, 16.79519711646953], [100.94908744439172, 16.791279947110418], [100.93688806548695, 16.7955864151837], [100.91715901377134, 16.791763912719773], [100.90320262004485, 16.802107020663083], [100.89672288615591, 16.821673575189852], [100.88351173500133, 16.834832374897832], [100.87870628120518, 16.832041455502694], [100.87355389194877, 16.835577418405602], [100.86744284273364, 16.83131062675265], [100.85521724341835, 16.845635774943624], [100.84749801338549, 16.842010897672022], [100.8337995631709, 16.845772900802107], [100.82941467712114, 16.853451841096177], [100.84091992018143, 16.86387450175604], [100.84233296683666, 16.87514749899805], [100.83554292499468, 16.873650881038873], [100.83373888386878, 16.865151902716846], [100.8179922519996, 16.85782734907505], [100.81216835332266, 16.867475020903015], [100.80363688136944, 16.86388504707207], [100.80135427966526, 16.872866516961498], [100.78564354031687, 16.888107677061654], [100.76980391481545, 16.87670949318352], [100.73491891600953, 16.874321786619447], [100.70754019953442, 16.879221237355868], [100.69444042798858, 16.89975668917351], [100.70033495004269, 16.90681714120942], [100.67397453494645, 16.941838261867325], [100.67553015598607, 16.94946464712942], [100.6606370533075, 16.977107928600738], [100.65759597164568, 16.982810947790757], [100.64806696773907, 16.981342989524958], [100.6481240266363, 16.995735355665182], [100.59890585622665, 17.04855815195319], [100.59764113982112, 17.061465587227172], [100.60500023548018, 17.065804949938254], [100.60704661459715, 17.07369799636522], [100.60267531817176, 17.10164535761514], [100.61564819732203, 17.112009945649664], [100.61048925600217, 17.118099855911197], [100.6162997471048, 17.14044703384532], [100.61061317627723, 17.147828906664913], [100.60312698603273, 17.157288647856067], [100.60609139660188, 17.163505917318844], [100.61716069520646, 17.16247213271347], [100.60446663749406, 17.17077512715974], [100.61246146948966, 17.174577888494778], [100.6111337453718, 17.18729938085621], [100.60192060182008, 17.184138841450018], [100.59703967179519, 17.188857317683635], [100.61150929070662, 17.19586856693025], [100.61298367846845, 17.21195515418389], [100.61638599400156, 17.216269869269038], [100.61959642306608, 17.208921213780137], [100.62179952052516, 17.215199586702823], [100.64213422165697, 17.22236437394346], [100.659404949468, 17.205088925599384], [100.65351173157546, 17.18773915931056], [100.66714414857628, 17.193257624971384], [100.68042042363251, 17.185137966850697], [100.6969505052206, 17.202456203782543], [100.71274265772082, 17.219771181693226], [100.73271191692943, 17.225020757123485], [100.73843994845379, 17.231952742787556], [100.74245831639202, 17.230246343954644], [100.75542854838469, 17.24571931389083], [100.7706523137266, 17.277829941687422], [100.77899778396161, 17.28000943827337], [100.79084435562869, 17.306056661127595], [100.80155194650868, 17.309467656660296], [100.81779471349085, 17.3288625684148], [100.80627101285613, 17.337913189316765], [100.80914491248227, 17.347969760826157], [100.8038046127383, 17.350929696104973], [100.80271692414154, 17.352932972285014], [100.80368729169999, 17.36376349100166], [100.81439466307177, 17.37812788520991], [100.82055428114695, 17.408943704425866], [100.81216033015161, 17.414539701036716], [100.8049978575814, 17.413749693430972], [100.79943202657815, 17.425344004892054], [100.81083629234688, 17.433458440050945], [100.8179163313989, 17.44775687654219], [100.82819586392043, 17.451246374647567], [100.82947494225886, 17.46268129077416], [100.83486214541537, 17.468374744796744], [100.85619252940624, 17.451042539533223], [100.86399558681128, 17.45369597856268], [100.87518773461233, 17.449388328677713], [100.89445593136004, 17.465428335924422], [100.9008258833212, 17.45705529747511], [100.9160736677808, 17.45167549897906], [100.91470727833477, 17.435191855734235], [100.92123125813985, 17.43137498729531], [100.92408553608828, 17.420546116382177], [100.92305194241868, 17.402776346567546], [100.91830445845162, 17.401837241023614], [100.91662650664414, 17.395298451356496], [100.91414768640871, 17.342450138777263], [100.92916229073388, 17.335652761400087], [100.93935990293909, 17.335898668991327], [100.94511858239922, 17.341062732431855], [100.95466013394812, 17.335687711961846], [100.96997604374826, 17.341367283282953], [100.98719311309833, 17.33863793045941], [100.99232741929279, 17.341343605993078], [101.00649084328029, 17.334073708022697], [101.01110375745539, 17.315395658075644], [101.02339618740054, 17.312198985218334], [101.04996332630081, 17.283984069393913], [101.08330355159877, 17.27983948135732], [101.0825890556908, 17.273162587467567], [101.0931201087007, 17.252960705072915], [101.10943241942992, 17.234354584804922], [101.10997452511398, 17.226469876504815], [101.10789285002072, 17.215122026505828], [101.0815071510145, 17.189827921707643], [101.0782673936156, 17.173022216723044], [101.07916196857816, 17.138216672548104], [101.0727381435665, 17.12919954539007], [101.07067095077034, 17.115401241000527], [101.06214729285489, 17.11217821687575], [101.05190405600264, 17.11522760547124], [101.05660770966087, 17.104970731396776], [101.0512052956135, 17.09614671350441], [101.0569098686633, 17.090455775750424], [101.0500717532484, 17.07780762520562], [101.05627652308092, 17.070605162027334], [101.05838294757177, 17.047682062593175], [101.05360144502627, 17.025287139226243], [101.05625442824505, 17.016963084144464], [101.04703266627426, 17.001221559367206], [101.04602781811353, 16.98665970589345], [101.04262140154937, 16.984496173252982], [101.04927077996376, 16.974467448435078], [101.04461918554536, 16.966589509110953], [101.05212952556653, 16.95302065280569], [101.04565777105677, 16.953693213725753], [101.02848451174319, 16.94454966059289], [101.02807479423181, 16.937962774481036], [101.03851094895708, 16.929730906496747], [101.05384507781125, 16.930596028286512], [101.07174827234473, 16.923702505115028]]]]}}, {"type": "Feature", "properties": {"amp_code": "6503", "amp_th": "ชาติตระการ", "amp_en": "Chat Trakan", "pro_code": "65", "pro_th": "พิษณุโลก", "pro_en": "Phitsanulok", "reg_nesdb": "LowwerNorth", "reg_royin": "Central", "perimeter": 269.84743863596, "area_sqkm": 1654.72944326438}, "geometry": {"type": "MultiPolygon", "coordinates": [[[[100.75542854838469, 17.24571931389083], [100.74245831639202, 17.230246343954644], [100.73843994845379, 17.231952742787556], [100.73271191692943, 17.225020757123485], [100.71274265772082, 17.219771181693226], [100.6969505052206, 17.202456203782543], [100.68042042363251, 17.185137966850697], [100.66714414857628, 17.193257624971384], [100.65351173157546, 17.18773915931056], [100.659404949468, 17.205088925599384], [100.64213422165697, 17.22236437394346], [100.62179952052516, 17.215199586702823], [100.61959642306608, 17.208921213780137], [100.61638599400156, 17.216269869269038], [100.61298367846845, 17.21195515418389], [100.61150929070662, 17.19586856693025], [100.59703967179519, 17.188857317683635], [100.60192060182008, 17.184138841450018], [100.6111337453718, 17.18729938085621], [100.61246146948966, 17.174577888494778], [100.60446663749406, 17.17077512715974], [100.61716069520646, 17.16247213271347], [100.60609139660188, 17.163505917318844], [100.60312698603273, 17.157288647856067], [100.61061317627723, 17.147828906664913], [100.60424762858607, 17.1314669906026], [100.59647762456925, 17.123758174648973], [100.59088987934447, 17.128578008991987], [100.56293179933687, 17.12348465304708], [100.55515068835486, 17.117174864885744], [100.53206623378377, 17.110415179358355], [100.52820590990548, 17.103681434283786], [100.50793354225435, 17.122447061798216], [100.50485363501122, 17.132782184455206], [100.50978822790348, 17.139947771801165], [100.51134715179168, 17.16287158584508], [100.49436304701462, 17.17940441524436], [100.49027876217045, 17.197536596277242], [100.4629189185016, 17.20060736840631], [100.44341556906377, 17.214457124277175], [100.43306036646028, 17.234492731157708], [100.43443554047184, 17.247181059533613], [100.4296732952196, 17.253980312454697], [100.40424257412667, 17.265478534766558], [100.39509562919224, 17.274869691937493], [100.40339248489781, 17.278285503010522], [100.40330057184613, 17.282062514068258], [100.37603826767715, 17.303629770759162], [100.37941404037988, 17.314925577457455], [100.4032159154987, 17.3143242862538], [100.40249385436732, 17.32238699710025], [100.4064566813253, 17.326023728199736], [100.39849319818536, 17.334474911556892], [100.3995691874697, 17.35174507416249], [100.38903000014896, 17.376665910043712], [100.37373430003619, 17.382772302191213], [100.37260245241323, 17.391675962817473], [100.39153426759336, 17.404472336883554], [100.40026425570838, 17.403260165825976], [100.4200113621033, 17.4110821107834], [100.42672388445263, 17.42136449079699], [100.43507118134119, 17.418478290143046], [100.4476652330282, 17.424166272087472], [100.45294740158919, 17.418653794182486], [100.47000615909478, 17.421011575124197], [100.48389549197462, 17.417717574049483], [100.500782261096, 17.428676851854384], [100.5134115046057, 17.403844772967485], [100.51658702440871, 17.409552116188223], [100.52900173421348, 17.411888153226556], [100.530572764333, 17.417077757829365], [100.55126081563176, 17.41437408660839], [100.57062073255516, 17.422040130996518], [100.58959307597019, 17.419558345691193], [100.60345530093387, 17.42811422891861], [100.6025395000954, 17.44437783337107], [100.61390402116477, 17.465219527548978], [100.62871617975925, 17.474525723313608], [100.6449001915246, 17.473722660634667], [100.6408505200915, 17.490477399948624], [100.64518013679194, 17.493667457984557], [100.6707034643189, 17.50210517405937], [100.68964729078266, 17.522673122440004], [100.73992008193405, 17.542089740121966], [100.74686599997978, 17.558147027700393], [100.76527811466958, 17.570548723944498], [100.76662462347996, 17.579951714730974], [100.77409020013803, 17.58343807689346], [100.7760513368097, 17.6007809893945], [100.78992013020034, 17.613422821031914], [100.80216169416524, 17.638368681901557], [100.8366492139009, 17.648307612933742], [100.84270616358171, 17.65367667298619], [100.85252065082666, 17.680545341210664], [100.87128209555928, 17.70679852951919], [100.88930360583814, 17.715709538030634], [100.90422034914818, 17.715179241445984], [100.90856965845664, 17.702194647929982], [100.91395346865245, 17.69910659717642], [100.92185396645539, 17.69996573840724], [100.92529776045049, 17.69612953340751], [100.94170596545659, 17.7019592796892], [100.95553068151366, 17.700677070396797], [100.9767424608291, 17.7159523042346], [100.98825392964292, 17.743016249928505], [100.99586519784991, 17.734926553409853], [101.00762301825705, 17.731218829677555], [101.0030268292139, 17.716811902474955], [101.0052471835451, 17.703752618175137], [100.99957664370807, 17.698992793576878], [101.00934228549905, 17.699743565705667], [100.99875954318387, 17.678595698880258], [100.99210797336322, 17.67430402253524], [100.9898782528539, 17.661534866679666], [100.99476960841776, 17.657406311477867], [100.99136246377623, 17.649323291113927], [100.99464785512322, 17.642287200459666], [100.99121653164693, 17.61925677049417], [100.97586568711931, 17.595756219313508], [100.96837863191956, 17.59334642857799], [100.9668068025742, 17.570880442268592], [100.96393910704069, 17.574356798018137], [100.9560345696014, 17.572664330155245], [100.92779232980591, 17.569484657976037], [100.91540393648738, 17.576000576184622], [100.91797689821554, 17.581326549295103], [100.90922144890439, 17.584052877731853], [100.90312734707157, 17.593343091302152], [100.8808040830203, 17.584589568006777], [100.86783621085009, 17.56695516215374], [100.86075249362457, 17.545311579188184], [100.87274844291755, 17.528864163779247], [100.86523975483178, 17.516473221383812], [100.84520886217955, 17.50323306553998], [100.84463416085296, 17.489437040839423], [100.83358974838056, 17.481330720118425], [100.83486214541537, 17.468374744796744], [100.82947494225886, 17.46268129077416], [100.82819586392043, 17.451246374647567], [100.8179163313989, 17.44775687654219], [100.81083629234688, 17.433458440050945], [100.79943202657815, 17.425344004892054], [100.8049978575814, 17.413749693430972], [100.81216033015161, 17.414539701036716], [100.82055428114695, 17.408943704425866], [100.81439466307177, 17.37812788520991], [100.80368729169999, 17.36376349100166], [100.80271692414154, 17.352932972285014], [100.8038046127383, 17.350929696104973], [100.80914491248227, 17.347969760826157], [100.80627101285613, 17.337913189316765], [100.81779471349085, 17.3288625684148], [100.80155194650868, 17.309467656660296], [100.79084435562869, 17.306056661127595], [100.77899778396161, 17.28000943827337], [100.7706523137266, 17.277829941687422], [100.75542854838469, 17.24571931389083]]]]}}, {"type": "Feature", "properties": {"amp_code": "6501", "amp_th": "เมืองพิษณุโลก", "amp_en": "Mueang Phitsanulok", "pro_code": "65", "pro_th": "พิษณุโลก", "pro_en": "Phitsanulok", "reg_nesdb": "LowwerNorth", "reg_royin": "Central", "perimeter": 157.97096854549, "area_sqkm": 716.25612289993}, "geometry": {"type": "MultiPolygon", "coordinates": [[[[100.30395959011614, 16.676485961063634], [100.29416525777319, 16.64474671046858], [100.29845066536564, 16.635999596914456], [100.29363295728884, 16.63164431366101], [100.29223312448276, 16.63805615056646], [100.291555584914, 16.63270253078147], [100.28595567840846, 16.634104347905907], [100.28154688486059, 16.642527988611267], [100.24368750902185, 16.635570501670472], [100.21593484842244, 16.648019709531585], [100.22595835869782, 16.665769589019867], [100.21616513114532, 16.66519849103703], [100.2060645668588, 16.684100972917342], [100.20117104941917, 16.685120271039423], [100.20585344157948, 16.689497223707885], [100.20102399138324, 16.694785420365584], [100.20305066932666, 16.701693494699658], [100.19592218317499, 16.704921919696815], [100.19396084071485, 16.71132098683451], [100.18541202953563, 16.724312880810057], [100.1651938196884, 16.747134210487367], [100.16385652487871, 16.767295868478875], [100.16389891932347, 16.792367612345128], [100.15842717501702, 16.804097300339144], [100.16548792719567, 16.819129710060974], [100.15534357656112, 16.845619140765855], [100.1419050459799, 16.85055801285217], [100.13115192267352, 16.862499437091753], [100.1354599117256, 16.874425273234547], [100.12871024052937, 16.87889127607077], [100.13665418596607, 16.880175985346455], [100.13391049871139, 16.882882309283346], [100.12826271810042, 16.89421915380338], [100.11375813598654, 16.897385115099596], [100.12209729280956, 16.90217502717304], [100.12119212660464, 16.907374699019176], [100.1241659873366, 16.90985292781488], [100.1324537230317, 16.916017583236854], [100.13808991128668, 16.929671194753784], [100.14482773720593, 16.928533174931346], [100.16406283855063, 16.94008252851069], [100.18079330903961, 16.93833933100409], [100.20158506488337, 16.923830780779017], [100.21510728038085, 16.914594294705104], [100.2320662888419, 16.91326030701224], [100.22630508904294, 16.919045299640636], [100.2318699948845, 16.92467748750428], [100.22596690627203, 16.931076788523992], [100.22588215610965, 16.94245714524238], [100.21732962031881, 16.94228234700238], [100.22172810656686, 16.94325590533887], [100.2188270082896, 16.950430135415086], [100.23183715840653, 16.952454491554775], [100.24245910286821, 16.94478590719852], [100.28072667344581, 16.93370762070834], [100.29851341570622, 16.928094803952174], [100.31945597448062, 16.944121103065783], [100.3292513551582, 16.946296649456336], [100.35127317306834, 16.949444037308293], [100.37188003746513, 16.94960259654498], [100.41145898567012, 16.96280860474693], [100.42575715246139, 16.964368661274122], [100.43586322258004, 16.972727264506794], [100.44727474028775, 16.97064033933527], [100.4726245020837, 16.977660319734785], [100.48652498716822, 16.97647725204907], [100.48747181803287, 16.958527263899523], [100.5004359034219, 16.92841697564762], [100.48836295513676, 16.916697152159603], [100.48369745238179, 16.899263424617534], [100.46225314987167, 16.890425709119807], [100.44934339832731, 16.87919492315471], [100.4484906053615, 16.87375486940341], [100.43347385035503, 16.877046089873105], [100.43283712966478, 16.86954730620869], [100.42150780437058, 16.865221583514167], [100.41552511659236, 16.863258926567514], [100.38643229362083, 16.85361696631714], [100.37806853042295, 16.841731351962864], [100.37213003365788, 16.842246723495848], [100.36674794230363, 16.831211602915744], [100.37097975530632, 16.83180586727609], [100.36922510746507, 16.828239824183505], [100.35903260433744, 16.820870676935783], [100.35297280194361, 16.8215692696566], [100.35532369513567, 16.81764840184508], [100.35202322863616, 16.817176453608823], [100.34747112749476, 16.819923279285536], [100.34110458201398, 16.81361934485553], [100.33688985021888, 16.81640102181963], [100.33859059903604, 16.801017997985696], [100.33392692056255, 16.802377954462663], [100.33178273296471, 16.79234078421284], [100.32653179189514, 16.79321745539996], [100.31921319400398, 16.78645905981266], [100.31056346354315, 16.790384719375716], [100.30760277156723, 16.78284456308009], [100.30598008153753, 16.791136867497826], [100.3003897390691, 16.784641306319823], [100.30672783591247, 16.768590723973876], [100.30257934605521, 16.75744510113367], [100.30462978885684, 16.742064442019537], [100.30816507241319, 16.73410911238058], [100.30065803650444, 16.72487691232389], [100.30618456587898, 16.720471116050508], [100.30432699528177, 16.71340281753906], [100.30492082334261, 16.71013301379006], [100.30143547320473, 16.6966972932864], [100.30395959011614, 16.676485961063634]]]]}}, {"type": "Feature", "properties": {"amp_code": "6003", "amp_th": "ชุมแสง", "amp_en": "Chum Saeng", "pro_code": "60", "pro_th": "นครสวรรค์", "pro_en": "Nakhon Sawan", "reg_nesdb": "LowwerNorth", "reg_royin": "Central", "perimeter": 130.48283142974, "area_sqkm": 563.64954035052}, "geometry": {"type": "MultiPolygon", "coordinates": [[[[100.34250981586437, 15.780916549696554], [100.3130246169222, 15.770510052024875], [100.31556237272868, 15.761110408979803], [100.32601326589574, 15.751371243244797], [100.32800065524819, 15.739794289428081], [100.30288706350491, 15.694321959714614], [100.28886841295136, 15.694936078342934], [100.2462800850769, 15.695303901085367], [100.2202316561946, 15.736424264912708], [100.21501504847551, 15.749340617816676], [100.20427026390028, 15.757672008523453], [100.21728475354352, 15.786324116483803], [100.21364299616738, 15.7914243199842], [100.18695185001387, 15.788298434464245], [100.18347919263577, 15.791111530917949], [100.17451510611508, 15.783121083286447], [100.16104945772126, 15.784237379434668], [100.16134782766824, 15.794009234735565], [100.15331627351651, 15.795525354898972], [100.16420266508304, 15.81247873595305], [100.16444253270903, 15.823499375468206], [100.18251279387474, 15.831760430446348], [100.17999217670982, 15.836654052876385], [100.18446737404335, 15.837204759457135], [100.18821344305225, 15.852178685307479], [100.17429039069187, 15.858625908807266], [100.17464958794567, 15.863610062201076], [100.18321079604029, 15.868126969659068], [100.17642700675269, 15.870381865407651], [100.17014647159863, 15.880470591642043], [100.17396010020535, 15.88837141035847], [100.16894869915359, 15.914737959379785], [100.17278832792584, 15.924785332635091], [100.167862272778, 15.93232224143981], [100.17507347584719, 15.934120230255399], [100.18128647935697, 15.92874884640328], [100.18658240642641, 15.935182557227547], [100.20222837457739, 15.93432874202986], [100.21678684615502, 15.92763524964801], [100.24022554260237, 15.934295500868506], [100.24427982079152, 15.941306496760136], [100.23928612590579, 15.94969942903094], [100.24196859931324, 15.953215845654064], [100.25752688509097, 15.954545791931919], [100.26714448602236, 15.939868376250743], [100.27627188464307, 15.943633339844052], [100.30933902068051, 15.961211430913536], [100.30621543464423, 15.973518189969782], [100.31320324963123, 15.97794177966632], [100.3234511739108, 15.97411223151861], [100.32220836498169, 15.987779157960599], [100.33891713467298, 15.978508623329892], [100.34273208790492, 15.96518492133733], [100.33147805080742, 15.941117775988284], [100.36576062338564, 15.940600542995327], [100.3877460444305, 15.938591496602367], [100.39878281222181, 15.932687156697545], [100.41021865747574, 15.936710365357031], [100.41630690984647, 15.945131285540388], [100.44897587160355, 15.934303505618303], [100.45897107712145, 15.941628066165878], [100.46106604549895, 15.938347778516574], [100.46576342544111, 15.930302608138664], [100.44944835739301, 15.922532816352533], [100.44099114930484, 15.911882731419071], [100.4365085644189, 15.890588342205682], [100.41343855008714, 15.873394985162719], [100.41006309939299, 15.854468391679443], [100.40434852687628, 15.853192706217529], [100.4026237842905, 15.845807202177182], [100.406283673124, 15.823087314605331], [100.37914676878746, 15.803971351453473], [100.36094419322254, 15.797762628207158], [100.34250981586437, 15.780916549696554]]]]}}, {"type": "Feature", "properties": {"amp_code": "6004", "amp_th": "หนองบัว", "amp_en": "Nong Bua", "pro_code": "60", "pro_th": "นครสวรรค์", "pro_en": "Nakhon Sawan", "reg_nesdb": "LowwerNorth", "reg_royin": "Central", "perimeter": 129.99779567033, "area_sqkm": 821.83278085618}, "geometry": {"type": "MultiPolygon", "coordinates": [[[[100.79758699356712, 15.828711697812325], [100.80666633789808, 15.784489479204451], [100.80817111675624, 15.779214187389718], [100.78710008376474, 15.78605411723943], [100.76324087296425, 15.764886648251606], [100.75108016232642, 15.766042125252012], [100.69284890837969, 15.770362747171239], [100.66755608840909, 15.75973237482929], [100.66222482419994, 15.76141567282391], [100.64991229447396, 15.752914709780272], [100.62774361622547, 15.74908574558715], [100.61849376307208, 15.741164306053102], [100.60474624031406, 15.739909155126176], [100.59584726225705, 15.744807350846571], [100.59026267396933, 15.751686287098076], [100.5934294682796, 15.758458332718813], [100.58792718766452, 15.760522952991614], [100.5814225136081, 15.756611774664822], [100.5724468257759, 15.757856173684791], [100.56379326848841, 15.750604665112512], [100.55343441170227, 15.752494225332727], [100.54048945099174, 15.747853688617584], [100.5260665508017, 15.754157413592877], [100.50457941562105, 15.786156634711821], [100.49652114854716, 15.786215624496752], [100.48840633992924, 15.7929967186342], [100.48656358356291, 15.807572936342758], [100.48408458126984, 15.812857914069154], [100.47183757206545, 15.814911563214652], [100.46565784365824, 15.822485458957756], [100.43393550202823, 15.82879247994654], [100.41904247909872, 15.825603882661191], [100.406283673124, 15.823087314605331], [100.4026237842905, 15.845807202177182], [100.40434852687628, 15.853192706217529], [100.41006309939299, 15.854468391679443], [100.41343855008714, 15.873394985162719], [100.4365085644189, 15.890588342205682], [100.44099114930484, 15.911882731419071], [100.44944835739301, 15.922532816352533], [100.46576342544111, 15.930302608138664], [100.46106604549895, 15.938347778516574], [100.47431892182969, 15.936459018352972], [100.50382319266107, 15.937609827308043], [100.5211933628406, 15.940271617672114], [100.52866773250146, 15.93662850627401], [100.5362966857668, 15.923950848723027], [100.54694895898699, 15.926674172093893], [100.57545380592629, 15.954161289136621], [100.61684481578196, 15.983420439165256], [100.62598670298583, 16.00272418519876], [100.65444029056945, 16.006691180633606], [100.65586993523215, 16.006346916415012], [100.68236903488268, 15.999840993839051], [100.70225425565482, 15.989315499183194], [100.73781931212426, 15.989251231957109], [100.7503541222115, 15.969274105218474], [100.75613036850615, 15.942506212690997], [100.76767047810885, 15.935552939222339], [100.76640666174124, 15.93141313426825], [100.76392958393753, 15.911382906559286], [100.77934832986904, 15.896992947815999], [100.77934891344586, 15.896992943010398], [100.79775853948728, 15.8916004043877], [100.79974698627825, 15.865135616470965], [100.78986418282051, 15.844401312382432], [100.79758699356712, 15.828711697812325]]]]}}, {"type": "Feature", "properties": {"amp_code": "6001", "amp_th": "เมืองนครสวรรค์", "amp_en": "Mueang Nakhon Sawan", "pro_code": "60", "pro_th": "นครสวรรค์", "pro_en": "Nakhon Sawan", "reg_nesdb": "LowwerNorth", "reg_royin": "Central", "perimeter": 172.4372823747, "area_sqkm": 729.82749453552}, "geometry": {"type": "MultiPolygon", "coordinates": [[[[100.14152045186873, 15.611703076071779], [100.14060801739312, 15.614528053657194], [100.13786945209283, 15.619101418383572], [100.12958274826157, 15.620098974564113], [100.11660180013273, 15.61226616582711], [100.10439304211073, 15.618811335422802], [100.09087569212335, 15.610893763609377], [100.0822926924009, 15.610086514232837], [100.07369207273288, 15.624139778734092], [100.0604671039341, 15.618641426866947], [100.04057520808577, 15.618075577413379], [100.03215345558546, 15.635428209527323], [100.04118309924152, 15.656336736306992], [100.04857989185196, 15.636592104929175], [100.06069022770409, 15.634018665697274], [100.05942382114257, 15.652360100276725], [100.06091342950398, 15.665895038355877], [100.04434764806804, 15.673348576649413], [100.04221270493127, 15.680575604110409], [100.03295371328545, 15.676254584517652], [100.01372135760592, 15.675770499052527], [99.99666690981515, 15.680301923242189], [99.98524135905706, 15.675529928523417], [99.96915253989324, 15.685509156831898], [99.95225432153495, 15.663278052240706], [99.94599330823395, 15.662897267904288], [99.9321692079448, 15.672808668840165], [99.93193853793528, 15.673380281121783], [99.9273564146353, 15.685592026273524], [99.93112337051933, 15.6957750394715], [99.92923144246738, 15.70826913404094], [99.94573517282922, 15.720647007177767], [99.9333456832412, 15.747667819177419], [99.93746970116801, 15.767546298464875], [99.93066653516547, 15.768856848621091], [99.9268394587582, 15.776099219216086], [99.91891481249266, 15.782007453879833], [99.90660524946135, 15.778300860841869], [99.90183946041223, 15.791210093828603], [99.90585818496659, 15.798604768922546], [99.88834777566845, 15.81327385481574], [99.90666614273957, 15.830915811238034], [99.92982810273071, 15.837876548918862], [99.9436775142874, 15.845037049129695], [99.96899879484309, 15.84380106063222], [99.97590719050028, 15.849729329024735], [99.9859455265683, 15.844819553563756], [99.99339991062931, 15.846047649586762], [99.9969999349899, 15.840485448029188], [100.02119444112006, 15.818150726914645], [100.0537602179776, 15.814996325693366], [100.05267819038957, 15.806504637022396], [100.07882657799824, 15.816396346803765], [100.10961180680954, 15.814478571205646], [100.11887727828218, 15.816634313329565], [100.12139728834157, 15.821242557931646], [100.13176943344192, 15.820749200942513], [100.13761660133693, 15.822428149779272], [100.1520428593205, 15.812805713652732], [100.16420266508304, 15.81247873595305], [100.15331627351651, 15.795525354898972], [100.16134782766824, 15.794009234735565], [100.16104945772126, 15.784237379434668], [100.17451510611508, 15.783121083286447], [100.18347919263577, 15.791111530917949], [100.18695185001387, 15.788298434464245], [100.21364299616738, 15.7914243199842], [100.21728475354352, 15.786324116483803], [100.20427026390028, 15.757672008523453], [100.21501504847551, 15.749340617816676], [100.2202316561946, 15.736424264912708], [100.2462800850769, 15.695303901085367], [100.28886841295136, 15.694936078342934], [100.28830849919643, 15.685075855549297], [100.29393586988611, 15.68269935073068], [100.28601456482082, 15.657792299852053], [100.29486884326964, 15.650485423946927], [100.29280601061112, 15.634410865400746], [100.3089405915327, 15.633487018496469], [100.33963147218732, 15.597880476812678], [100.32640663921342, 15.582803900112586], [100.2953917898557, 15.56066960097909], [100.28906079444032, 15.57493498485991], [100.27587350769792, 15.574295481714296], [100.271648232031, 15.60405893420134], [100.26507363326569, 15.608998208912956], [100.26211274585197, 15.627817224411794], [100.24997040791865, 15.630381453208658], [100.25191682434057, 15.63582419916529], [100.24071876423024, 15.636526194469464], [100.21952407379587, 15.631562881011094], [100.20938255970046, 15.620269389812735], [100.2027111352504, 15.618766007721637], [100.193635687665, 15.608395733174971], [100.19527808188975, 15.598477713250288], [100.1889941199674, 15.591036450061013], [100.17455602135155, 15.597169127840125], [100.15799378351893, 15.597959781312598], [100.15048906423074, 15.604064489859196], [100.14350484517674, 15.603082897944715], [100.14152045186873, 15.611703076071779]]]]}}, {"type": "Feature", "properties": {"amp_code": "6002", "amp_th": "โกรกพระ", "amp_en": "Krok Phra", "pro_code": "60", "pro_th": "นครสวรรค์", "pro_en": "Nakhon Sawan", "reg_nesdb": "LowwerNorth", "reg_royin": "Central", "perimeter": 92.28178318408, "area_sqkm": 301.44441022121}, "geometry": {"type": "MultiPolygon", "coordinates": [[[[100.02560140579168, 15.508113118511421], [100.0091412799356, 15.502454367645782], [100.01318454276742, 15.491488869054335], [100.00082837871047, 15.482221816627746], [99.97366827561572, 15.491922830479275], [99.95895390441389, 15.506741136209332], [99.95365734432603, 15.503824996732982], [99.94790146813752, 15.501605624850997], [99.94015517354808, 15.534874634880241], [99.94221839602783, 15.571445229756899], [99.93767181134272, 15.60017712987394], [99.94193668577086, 15.620362663678701], [99.93609484290863, 15.64292025892375], [99.9321692079448, 15.672808668840165], [99.94599330823395, 15.662897267904288], [99.95225432153495, 15.663278052240706], [99.96915253989324, 15.685509156831898], [99.98524135905706, 15.675529928523417], [99.99666690981515, 15.680301923242189], [100.01372135760592, 15.675770499052527], [100.03295371328545, 15.676254584517652], [100.04221270493127, 15.680575604110409], [100.04434764806804, 15.673348576649413], [100.06091342950398, 15.665895038355877], [100.05942382114257, 15.652360100276725], [100.06069022770409, 15.634018665697274], [100.04857989185196, 15.636592104929175], [100.04118309924152, 15.656336736306992], [100.03215345558546, 15.635428209527323], [100.04057520808577, 15.618075577413379], [100.0604671039341, 15.618641426866947], [100.07369207273288, 15.624139778734092], [100.0822926924009, 15.610086514232837], [100.09087569212335, 15.610893763609377], [100.10439304211073, 15.618811335422802], [100.11660180013273, 15.61226616582711], [100.12958274826157, 15.620098974564113], [100.13786945209283, 15.619101418383572], [100.14060801739312, 15.614528053657194], [100.13473784929721, 15.600676440514775], [100.1394322237924, 15.582840327002202], [100.13661950530141, 15.56781579792783], [100.12713875127876, 15.559052337107566], [100.11386309088533, 15.555803539294223], [100.109300908437, 15.554813011940169], [100.09395082016309, 15.539271913658897], [100.08087386245737, 15.5421815384797], [100.05490143255508, 15.534204501155868], [100.04623791842374, 15.526376832568735], [100.04742043562352, 15.522715862951085], [100.03506367296082, 15.510027203495108], [100.02560140579168, 15.508113118511421]]]]}}, {"type": "Feature", "properties": {"amp_code": "6009", "amp_th": "ไพศาลี", "amp_en": "Phaisali", "pro_code": "60", "pro_th": "นครสวรรค์", "pro_en": "Nakhon Sawan", "reg_nesdb": "LowwerNorth", "reg_royin": "Central", "perimeter": 169.01968479933, "area_sqkm": 977.44020278811}, "geometry": {"type": "MultiPolygon", "coordinates": [[[[100.6603358495528, 15.434274503441749], [100.64374759779642, 15.41677108283587], [100.64619814888245, 15.404007511515726], [100.64230645142453, 15.391852305206461], [100.63037840120471, 15.38609485522024], [100.62498607812651, 15.358467276905374], [100.63545593328706, 15.348026617587763], [100.63356299692795, 15.340474717418331], [100.62992298818695, 15.340519411258361], [100.62034178767043, 15.342020562778739], [100.61222799328335, 15.333369071540396], [100.59926717600663, 15.342798494849143], [100.59346097229917, 15.362848935807772], [100.59803960441532, 15.376292822129184], [100.59058099364469, 15.382334993214418], [100.5921955414524, 15.394676042158823], [100.60208857904264, 15.397585249527099], [100.60387791043959, 15.40298943080524], [100.57869058746518, 15.401965400369857], [100.57301644432093, 15.39825597820839], [100.55266651495788, 15.40360830649373], [100.54826453361277, 15.394799757012548], [100.55029739292578, 15.384051739731962], [100.53914501313221, 15.379715141878828], [100.51310333683779, 15.406197135733535], [100.52578349203539, 15.417147184216843], [100.52732565567109, 15.424820141502545], [100.51881372231838, 15.434218347476145], [100.52449323402942, 15.448041655934581], [100.53987160276958, 15.459462334051887], [100.55619486732381, 15.464598256713527], [100.55521987745702, 15.474977346809112], [100.56046655508356, 15.488535809006457], [100.54125396102128, 15.502521294405076], [100.5442471698743, 15.520312074813852], [100.57072046136317, 15.530053491239089], [100.57830005680137, 15.540336480898233], [100.58273997860667, 15.5788386126715], [100.57997206801609, 15.592968810117517], [100.57757926381501, 15.607561743822378], [100.56427990426108, 15.604799740455391], [100.5498975829511, 15.613710239426014], [100.56319015233753, 15.659365635434956], [100.60207646749798, 15.723097326336863], [100.61849376307208, 15.741164306053102], [100.62774361622547, 15.74908574558715], [100.64991229447396, 15.752914709780272], [100.66222482419994, 15.76141567282391], [100.66755608840909, 15.75973237482929], [100.69284890837969, 15.770362747171239], [100.75108016232642, 15.766042125252012], [100.76324087296425, 15.764886648251606], [100.78710008376474, 15.78605411723943], [100.80817111675624, 15.779214187389718], [100.81201374572854, 15.75977013023943], [100.81968580106958, 15.747375533923606], [100.81873308211784, 15.712359272497254], [100.82678999868601, 15.683943745696773], [100.83348197420949, 15.680718117830878], [100.82631876201415, 15.675993070279702], [100.82695250142703, 15.664328092213498], [100.8231898614879, 15.66212171866094], [100.82648868060083, 15.646036999986158], [100.81835082128082, 15.630974750102016], [100.82500554379239, 15.61402969372404], [100.8083875297575, 15.594275832675859], [100.81849079085991, 15.58608756016468], [100.81375154031704, 15.578986419357832], [100.83216153025393, 15.563674640875156], [100.79418284626291, 15.53909151724182], [100.7691716824311, 15.534294908676657], [100.7580261522971, 15.52549934326121], [100.75952233125334, 15.519057480010948], [100.75428806147167, 15.513811240157018], [100.74513203552091, 15.511905746151427], [100.74518136438536, 15.511744945234973], [100.76895653574334, 15.496052632321929], [100.76874648496617, 15.46201473035076], [100.73371994756018, 15.44733822453555], [100.71661685545473, 15.446509937004544], [100.71147163935406, 15.441530550577665], [100.70148222066331, 15.440763528093596], [100.67971249221306, 15.452216207714793], [100.66688616565327, 15.434151967335788], [100.6603358495528, 15.434274503441749]]]]}}, {"type": "Feature", "properties": {"amp_code": "6007", "amp_th": "ตาคลี", "amp_en": "Takhli", "pro_code": "60", "pro_th": "นครสวรรค์", "pro_en": "Nakhon Sawan", "reg_nesdb": "LowwerNorth", "reg_royin": "Central", "perimeter": 166.51464349463, "area_sqkm": 828.14980590837}, "geometry": {"type": "MultiPolygon", "coordinates": [[[[100.51569046506009, 15.144431489560784], [100.50766392370457, 15.131656312207143], [100.49143626451466, 15.120549504274491], [100.47693151956575, 15.113824006096584], [100.46595773125001, 15.114708874324958], [100.45836578760718, 15.115414388604124], [100.45680360146073, 15.10404142819218], [100.4510385036049, 15.101765700050139], [100.42737689798973, 15.061812328619697], [100.42305186577883, 15.052671905410481], [100.41333062802973, 15.059549040556247], [100.3649710733962, 15.093540114240946], [100.35428938948729, 15.101229764902786], [100.35633608945724, 15.11567195737435], [100.35164364141842, 15.119860162601714], [100.3458304132544, 15.128206496554844], [100.34640421447305, 15.139486866185509], [100.34039635070457, 15.153763726347512], [100.33550866671439, 15.162167020855627], [100.31796844986667, 15.158213965505151], [100.29712866985848, 15.181100267025172], [100.29347687490989, 15.206500700412457], [100.29005384971808, 15.219057356255078], [100.27487297501723, 15.224402496593669], [100.27815336515016, 15.248581587539018], [100.26978794522216, 15.255287539020756], [100.26605197486428, 15.268499022457148], [100.26371258669968, 15.287375767912927], [100.25488726167106, 15.291164232561506], [100.2513403142307, 15.304783500429822], [100.26339442576781, 15.314204532388432], [100.26405500487292, 15.326496233371126], [100.26364746386938, 15.334141093059218], [100.25345309987246, 15.341112359649548], [100.252099534728, 15.35585597388932], [100.23253270746456, 15.368674058878666], [100.21300257165933, 15.354229234775472], [100.21713453525571, 15.36356568965488], [100.2198839208693, 15.36898208392209], [100.21350958646651, 15.377766848671083], [100.21910825336171, 15.395488090004545], [100.22323011308927, 15.396610045942477], [100.24267674483471, 15.412851720326048], [100.24675548491923, 15.4305883927084], [100.29606354629225, 15.453225270061521], [100.32155153799496, 15.453628424195676], [100.31801204773726, 15.449417062181404], [100.32798246195354, 15.453518812548742], [100.33375666935237, 15.44772192377946], [100.350534869712, 15.444330280144863], [100.35056821506765, 15.43715218961153], [100.3548205500691, 15.431603603513352], [100.36579732946133, 15.43271588341818], [100.37897761551284, 15.423360726591646], [100.41598322876108, 15.422691746479341], [100.42139865432524, 15.384036632449112], [100.41382439185148, 15.38218225248573], [100.40805832493405, 15.366659979892452], [100.40793815134073, 15.341448651453799], [100.40323602588478, 15.329473819642148], [100.39744194813267, 15.314607639385207], [100.40942556886647, 15.307223514709108], [100.41914937851207, 15.307512254446685], [100.42765565277197, 15.295532813046794], [100.41655535442992, 15.263769264815906], [100.42131386382555, 15.246480980318708], [100.40814415090856, 15.24235310697806], [100.42115661771525, 15.24438161889524], [100.42608974396931, 15.238087678091004], [100.45011682840452, 15.240338024864842], [100.455267311851, 15.253944972852965], [100.46734970774614, 15.25957857661334], [100.47997454382981, 15.258992836841959], [100.51163539326757, 15.267143204937172], [100.51817225522595, 15.273736516038394], [100.52546801210094, 15.26956889470792], [100.53157665534866, 15.280678157361127], [100.54205831225462, 15.284222631691057], [100.56900283724303, 15.28192502859701], [100.58004710444189, 15.275123051001518], [100.57837560678733, 15.268164222804414], [100.58986438119875, 15.267985849849849], [100.59740857550783, 15.269209947497211], [100.61308932789593, 15.243655786053539], [100.60620301854843, 15.244669982867244], [100.60330778939806, 15.24051626233243], [100.60701306807783, 15.237106169024772], [100.58935276680543, 15.233369248544266], [100.58661554502915, 15.223915575536004], [100.55662300451047, 15.195760113389756], [100.5322046883814, 15.183100064954566], [100.51569046506009, 15.144431489560784]]]]}}, {"type": "Feature", "properties": {"amp_code": "6008", "amp_th": "ท่าตะโก", "amp_en": "Tha Tako", "pro_code": "60", "pro_th": "นครสวรรค์", "pro_en": "Nakhon Sawan", "reg_nesdb": "LowwerNorth", "reg_royin": "Central", "perimeter": 150.80634017757, "area_sqkm": 842.40936481171}, "geometry": {"type": "MultiPolygon", "coordinates": [[[[100.5442471698743, 15.520312074813852], [100.54125396102128, 15.502521294405076], [100.56046655508356, 15.488535809006457], [100.55521987745702, 15.474977346809112], [100.55619486732381, 15.464598256713527], [100.53987160276958, 15.459462334051887], [100.52449323402942, 15.448041655934581], [100.51881372231838, 15.434218347476145], [100.52732565567109, 15.424820141502545], [100.52578349203539, 15.417147184216843], [100.51310333683779, 15.406197135733535], [100.51149336281433, 15.407093834562767], [100.50383910330821, 15.413176518184907], [100.50131752233919, 15.43973548215401], [100.48938792935678, 15.45509281454721], [100.48258971084671, 15.462053803164615], [100.48058168865477, 15.477992674541804], [100.4847164069605, 15.486908332486255], [100.49495997337627, 15.493207903696975], [100.49358707936288, 15.502717467841448], [100.47367755788838, 15.52831415599444], [100.4526910114071, 15.53054339492113], [100.43169483744688, 15.527161275878957], [100.41925803414308, 15.537371423920211], [100.41013840332323, 15.538052430688758], [100.38483087316317, 15.573067614415452], [100.3817390303422, 15.592404631506625], [100.35073102476831, 15.587801159754825], [100.34427385733713, 15.592569054816506], [100.33963147218732, 15.597880476812678], [100.3089405915327, 15.633487018496469], [100.29280601061112, 15.634410865400746], [100.29486884326964, 15.650485423946927], [100.28601456482082, 15.657792299852053], [100.29393586988611, 15.68269935073068], [100.28830849919643, 15.685075855549297], [100.28886841295136, 15.694936078342934], [100.30288706350491, 15.694321959714614], [100.32800065524819, 15.739794289428081], [100.32601326589574, 15.751371243244797], [100.31556237272868, 15.761110408979803], [100.3130246169222, 15.770510052024875], [100.34250981586437, 15.780916549696554], [100.36094419322254, 15.797762628207158], [100.37914676878746, 15.803971351453473], [100.406283673124, 15.823087314605331], [100.41904247909872, 15.825603882661191], [100.43393550202823, 15.82879247994654], [100.46565784365824, 15.822485458957756], [100.47183757206545, 15.814911563214652], [100.48408458126984, 15.812857914069154], [100.48656358356291, 15.807572936342758], [100.48840633992924, 15.7929967186342], [100.49652114854716, 15.786215624496752], [100.50457941562105, 15.786156634711821], [100.5260665508017, 15.754157413592877], [100.54048945099174, 15.747853688617584], [100.55343441170227, 15.752494225332727], [100.56379326848841, 15.750604665112512], [100.5724468257759, 15.757856173684791], [100.5814225136081, 15.756611774664822], [100.58792718766452, 15.760522952991614], [100.5934294682796, 15.758458332718813], [100.59026267396933, 15.751686287098076], [100.59584726225705, 15.744807350846571], [100.60474624031406, 15.739909155126176], [100.61849376307208, 15.741164306053102], [100.60207646749798, 15.723097326336863], [100.56319015233753, 15.659365635434956], [100.5498975829511, 15.613710239426014], [100.56427990426108, 15.604799740455391], [100.57757926381501, 15.607561743822378], [100.57997206801609, 15.592968810117517], [100.58273997860667, 15.5788386126715], [100.57830005680137, 15.540336480898233], [100.57072046136317, 15.530053491239089], [100.5442471698743, 15.520312074813852]]]]}}, {"type": "Feature", "properties": {"amp_code": "6711", "amp_th": "เขาค้อ", "amp_en": "Khao Kho", "pro_code": "67", "pro_th": "เพชรบูรณ์", "pro_en": "Phetchabun", "reg_nesdb": "LowwerNorth", "reg_royin": "Central", "perimeter": 197.10501117748, "area_sqkm": 820.15371334517}, "geometry": {"type": "MultiPolygon", "coordinates": [[[[101.05779648981041, 16.58095880834624], [101.0511200587951, 16.56483386876425], [101.05251128550302, 16.557484817358475], [101.07483731091385, 16.557600273361658], [101.07863457793364, 16.550427077160816], [101.09237911130309, 16.548329003719083], [101.0920178946018, 16.545398547760787], [101.10342286992555, 16.547174352002045], [101.1107177866396, 16.54246238824246], [101.11309339513771, 16.5293886954408], [101.10902732401519, 16.53257394355689], [101.10991710247679, 16.52276442801722], [101.10468511005965, 16.51920442897182], [101.10801714232892, 16.51598039083144], [101.09279128015746, 16.51378670221308], [101.09352588842887, 16.50144442364983], [101.09872111536957, 16.500304746269087], [101.10262326961742, 16.488594723398773], [101.11750419911556, 16.475879426168532], [101.08419437900002, 16.481725120104567], [101.07115882871769, 16.467454956219857], [101.06542260910163, 16.46646919312628], [101.0469027117045, 16.478612469217893], [101.03179435800388, 16.473239172232272], [101.01887552227261, 16.481424776805213], [101.00828711189797, 16.4776053323188], [101.00375578174375, 16.471212196316284], [100.99958223606474, 16.480952714944767], [100.98770311545749, 16.483051431432237], [100.98209825279294, 16.491779772508647], [100.96746595589075, 16.49300785385137], [100.96026628165397, 16.50577493152052], [100.96243768351849, 16.51258880167593], [100.94330239120055, 16.512931458607074], [100.94053679585663, 16.50047444177189], [100.92812307091383, 16.509387816741587], [100.90286210035866, 16.484463716600402], [100.8905117938748, 16.494406704859575], [100.8809586186012, 16.49099370084743], [100.8806787193112, 16.50352111208879], [100.87204453464066, 16.50962672429548], [100.85157309173577, 16.509465773614338], [100.84464095344725, 16.50344695491836], [100.83259224379063, 16.50511167350573], [100.83366129311732, 16.519337537273177], [100.8406285140761, 16.524082299725706], [100.8484615390941, 16.522567330952036], [100.84598216922534, 16.539689951636984], [100.85817101621052, 16.547567269812], [100.85155835563187, 16.575296528130334], [100.84586077683632, 16.578900523355518], [100.85042672975398, 16.583726985479487], [100.84716144490838, 16.591846583716997], [100.85508360590701, 16.609177042115103], [100.85377500359388, 16.615267641611016], [100.86463110387926, 16.618992671936546], [100.86144774153286, 16.63831623001788], [100.86897857214726, 16.649298244021733], [100.88229229085252, 16.65669898806217], [100.88773587346718, 16.667685524339998], [100.90330947351288, 16.6670765735575], [100.90548158936846, 16.67118929480717], [100.92475411935398, 16.665854056241066], [100.93157764241336, 16.68015368410796], [100.9422282290036, 16.681435347344735], [100.93796814227673, 16.687658944218075], [100.9291274126399, 16.685996551072602], [100.93361351690633, 16.696334243897287], [100.92433932474333, 16.701744925676298], [100.92296190322696, 16.71130267411422], [100.93091339162791, 16.710317090301345], [100.93142700634812, 16.717740613554952], [100.91383469655285, 16.730960721984427], [100.92256126807362, 16.74592494733709], [100.91966049172841, 16.756026580749158], [100.9191955416054, 16.75905216433894], [100.89889746310186, 16.762514388134957], [100.8952964074389, 16.773730250364345], [100.90288423875464, 16.77550356785495], [100.90642720107769, 16.78249258025341], [100.90320262004485, 16.802107020663083], [100.91715901377134, 16.791763912719773], [100.93688806548695, 16.7955864151837], [100.94908744439172, 16.791279947110418], [100.95512417950238, 16.79519711646953], [100.95711992943914, 16.80058805129565], [100.95339723163497, 16.803575731555643], [100.95739190355836, 16.80584176552534], [100.95535418944017, 16.812554069786657], [100.95919700522765, 16.820732841454433], [100.9582418057091, 16.823750702917536], [100.9535625976295, 16.820580924254166], [100.95493458588477, 16.825495517427164], [100.9592455844582, 16.825230829947778], [100.96167967766353, 16.83066040102408], [100.96492517182884, 16.827420728526604], [100.97220415267492, 16.829186262660897], [100.97192447842356, 16.82425796435538], [100.97473148458421, 16.82925911173956], [100.97851395490417, 16.82614735492816], [100.9771888966711, 16.83090021146624], [100.98019908202997, 16.82975762477327], [100.98146331668423, 16.834668485986974], [100.97343983958203, 16.842112843265266], [100.97936279557862, 16.84113987506084], [100.98096753590633, 16.848446286731686], [100.99338634003176, 16.854932963831953], [101.01263012285075, 16.857855377059984], [101.01404011786784, 16.863911942277465], [101.02581156752258, 16.87170608964718], [101.03106368198326, 16.89312222562535], [101.0436718723655, 16.90364884867152], [101.05054927055554, 16.906471184940173], [101.06682946658717, 16.902127665100625], [101.08034092321438, 16.901096316081695], [101.07377675689074, 16.889970059565258], [101.06068687848443, 16.88109114475089], [101.05802882085237, 16.821991722783697], [101.06951077741316, 16.82613744087648], [101.08002745554406, 16.81948104688213], [101.08089734207577, 16.808129120612335], [101.09076927477481, 16.787849967177547], [101.10844757641543, 16.782396821859898], [101.10198186169919, 16.768080859486005], [101.1044913047411, 16.75931307667822], [101.09829390639297, 16.7526273227045], [101.10070497925072, 16.742312256819837], [101.09243071279475, 16.705903817461124], [101.09107754967032, 16.695117557915328], [101.10281836432192, 16.690028312575578], [101.10502784238139, 16.68292262359756], [101.09323168413417, 16.67873943045118], [101.06382949401859, 16.679133987362626], [101.0548400960201, 16.678537872243652], [101.05043751901422, 16.673442865063436], [101.04882501826748, 16.659714316171097], [101.06112260538708, 16.652139672765585], [101.05328380535181, 16.644728562724506], [101.05168564789196, 16.62863155194264], [101.07117391975957, 16.607665581510634], [101.06636914581658, 16.60052947665564], [101.07165311194316, 16.599045982614324], [101.06737731339763, 16.59546551676181], [101.07494672055634, 16.58912327023176], [101.05721773757413, 16.586777443048405], [101.05779648981041, 16.58095880834624]]]]}}, {"type": "Feature", "properties": {"amp_code": "6005", "amp_th": "บรรพตพิสัย", "amp_en": "Banphot Phisai", "pro_code": "60", "pro_th": "นครสวรรค์", "pro_en": "Nakhon Sawan", "reg_nesdb": "LowwerNorth", "reg_royin": "Central", "perimeter": 142.17314021553, "area_sqkm": 721.39292540135}, "geometry": {"type": "MultiPolygon", "coordinates": [[[[100.0324695602147, 15.894505529570047], [100.0492887748411, 15.884619231670765], [100.05695802765494, 15.874779978109705], [100.01304449450475, 15.861230984320851], [99.99674170684322, 15.84518938471124], [99.9969999349899, 15.840485448029188], [99.99339991062931, 15.846047649586762], [99.9859455265683, 15.844819553563756], [99.97590719050028, 15.849729329024735], [99.96899879484309, 15.84380106063222], [99.9436775142874, 15.845037049129695], [99.92982810273071, 15.837876548918862], [99.90802169284474, 15.876421105988388], [99.90044873079111, 15.889666363978629], [99.88761231467383, 15.90718055293592], [99.88055260761693, 15.91307840875799], [99.86457556810423, 15.909807336786209], [99.86714316976695, 15.90419134041973], [99.86182404601814, 15.901202419646346], [99.83838070005672, 15.914563780088141], [99.83505290474687, 15.911078312211465], [99.81914648718859, 15.915836493227424], [99.80471291590287, 15.920429851259806], [99.80727018986039, 15.943773322633463], [99.82521721487785, 15.95005914216565], [99.8277575223895, 15.962594206544715], [99.84622548376902, 15.981405076527171], [99.84574415277548, 16.00111670736987], [99.84509676510453, 16.01732046917345], [99.87170963007766, 16.04286032977408], [99.89437370954067, 16.05390585996017], [99.91698632894486, 16.04935497635197], [99.931781493092, 16.053856049460943], [99.93862294807631, 16.068664292074832], [99.95056857613753, 16.080914098493988], [99.98487346625969, 16.117725949982827], [99.99867873052348, 16.135089333379085], [100.01586693816779, 16.152829902474874], [100.02163894625059, 16.163719263200274], [100.0252743492254, 16.191825701008934], [100.03761199738634, 16.182533619628494], [100.03857265855305, 16.177416231485537], [100.04430715908596, 16.16843953783348], [100.05553616499573, 16.167342418520544], [100.06309860215728, 16.15956403594245], [100.07563706829801, 16.163148304380886], [100.07678940037867, 16.147301716699726], [100.08555232975259, 16.143456393847096], [100.07739126252717, 16.12489333597335], [100.09493828406369, 16.111039988004233], [100.09626995269228, 16.09461730069317], [100.11436930995374, 16.07908751366917], [100.10912470748183, 16.076250553988253], [100.11233716148533, 16.069425305663785], [100.11933265468392, 16.055012441008266], [100.11582617833035, 16.047152167763763], [100.1307863197825, 16.035534469331193], [100.12837411769902, 16.02594670998455], [100.13750850115593, 16.01268360239687], [100.14882139595277, 15.989089497999169], [100.16127591568674, 15.97970126194012], [100.16035745163029, 15.967972619704804], [100.1605164909212, 15.961010688687091], [100.15064058592094, 15.953400934864986], [100.14169908599047, 15.95806740328664], [100.1347073867455, 15.955648009873226], [100.13603472404397, 15.937613920270902], [100.12296993622512, 15.93123866364825], [100.11827625298166, 15.9331386444194], [100.09689413912356, 15.945047822815846], [100.08391688306546, 15.945076182569842], [100.0524019275685, 15.965450727457275], [100.03369268139467, 15.955927021572222], [100.03625993261176, 15.914781657728913], [100.02411001387617, 15.8983338876778], [100.0324695602147, 15.894505529570047]]]]}}, {"type": "Feature", "properties": {"amp_code": "6006", "amp_th": "เก้าเลี้ยว", "amp_en": "Kao Liao", "pro_code": "60", "pro_th": "นครสวรรค์", "pro_en": "Nakhon Sawan", "reg_nesdb": "LowwerNorth", "reg_royin": "Central", "perimeter": 79.71680800644, "area_sqkm": 235.68841442581}, "geometry": {"type": "MultiPolygon", "coordinates": [[[[100.13176943344192, 15.820749200942513], [100.12139728834157, 15.821242557931646], [100.11887727828218, 15.816634313329565], [100.10961180680954, 15.814478571205646], [100.07882657799824, 15.816396346803765], [100.05267819038957, 15.806504637022396], [100.0537602179776, 15.814996325693366], [100.02119444112006, 15.818150726914645], [99.9969999349899, 15.840485448029188], [99.99674170684322, 15.84518938471124], [100.01304449450475, 15.861230984320851], [100.05695802765494, 15.874779978109705], [100.0492887748411, 15.884619231670765], [100.0324695602147, 15.894505529570047], [100.02411001387617, 15.8983338876778], [100.03625993261176, 15.914781657728913], [100.03369268139467, 15.955927021572222], [100.0524019275685, 15.965450727457275], [100.08391688306546, 15.945076182569842], [100.09689413912356, 15.945047822815846], [100.11827625298166, 15.9331386444194], [100.12296993622512, 15.93123866364825], [100.13603472404397, 15.937613920270902], [100.1347073867455, 15.955648009873226], [100.14169908599047, 15.95806740328664], [100.15064058592094, 15.953400934864986], [100.1605164909212, 15.961010688687091], [100.1682195161003, 15.956413450658571], [100.17507347584719, 15.934120230255399], [100.167862272778, 15.93232224143981], [100.17278832792584, 15.924785332635091], [100.16894869915359, 15.914737959379785], [100.17396010020535, 15.88837141035847], [100.17014647159863, 15.880470591642043], [100.17642700675269, 15.870381865407651], [100.18321079604029, 15.868126969659068], [100.17464958794567, 15.863610062201076], [100.17429039069187, 15.858625908807266], [100.18821344305225, 15.852178685307479], [100.18446737404335, 15.837204759457135], [100.17999217670982, 15.836654052876385], [100.18251279387474, 15.831760430446348], [100.16444253270903, 15.823499375468206], [100.16420266508304, 15.81247873595305], [100.1520428593205, 15.812805713652732], [100.13761660133693, 15.822428149779272], [100.13176943344192, 15.820749200942513]]]]}}, {"type": "Feature", "properties": {"amp_code": "6710", "amp_th": "วังโป่ง", "amp_en": "Wang Pong", "pro_code": "67", "pro_th": "เพชรบูรณ์", "pro_en": "Phetchabun", "reg_nesdb": "LowwerNorth", "reg_royin": "Central", "perimeter": 108.8992853022, "area_sqkm": 494.21766047704}, "geometry": {"type": "MultiPolygon", "coordinates": [[[[100.84271081882636, 16.30495124016991], [100.84719833875653, 16.290324227567197], [100.84132117022484, 16.283016605488427], [100.8386485978338, 16.267787778829355], [100.83066639824229, 16.26936488921335], [100.82009782928873, 16.281779332691634], [100.80572349862774, 16.27976654657597], [100.79098162466215, 16.27131399921307], [100.78160796182974, 16.27182121304013], [100.78012652856034, 16.267371901067527], [100.77079116115797, 16.26770321618453], [100.76274037203838, 16.26043721421749], [100.75444250125778, 16.26360341858481], [100.74112734925991, 16.25666584329597], [100.71773727746951, 16.257643003696515], [100.71444074819907, 16.253864093003358], [100.70774733021557, 16.255830567848385], [100.69412473434748, 16.249294455667595], [100.67748857477424, 16.24800912456825], [100.66916845197633, 16.250479780738186], [100.66857501151745, 16.25477701669282], [100.67325004986759, 16.256205261175328], [100.67632083312797, 16.262609635281752], [100.67160830311201, 16.257252953592626], [100.66283349414513, 16.267795885420806], [100.65005723398176, 16.297480799298388], [100.6489788331975, 16.30817773831209], [100.65377267797363, 16.31957091602452], [100.65260201842419, 16.321974883785234], [100.66698727079869, 16.350918836415843], [100.70688654267454, 16.385659727983356], [100.70375336753072, 16.411209345134388], [100.70943078029634, 16.418003991564916], [100.723971526826, 16.422965955999352], [100.74091482510453, 16.418820676697486], [100.76229032588489, 16.431681976565592], [100.77219463788654, 16.426306605183083], [100.77512646588679, 16.438104834839883], [100.78659471981072, 16.449215926403635], [100.80522228434818, 16.44989784136036], [100.83652976659846, 16.430247876743017], [100.8425076722099, 16.435622791352746], [100.85467826770893, 16.43634798770365], [100.87223718617987, 16.43352186725573], [100.88401655948962, 16.442727948051346], [100.90862697816543, 16.413485669239748], [100.92344325948294, 16.41232832534504], [100.93138156334126, 16.4008568783562], [100.95412513494854, 16.390954764196835], [100.96082889569203, 16.39194726694225], [100.97471455062045, 16.38168505354006], [100.9819213710127, 16.38316574786483], [100.98566321436992, 16.37712409634491], [100.99424231377007, 16.36537589032029], [100.99346348274109, 16.3539420610542], [100.97341905058138, 16.32844930096425], [100.9722236530278, 16.321388971559298], [100.9640952919986, 16.316693934827867], [100.94249340519174, 16.308702869089792], [100.92179515222254, 16.303567826531282], [100.91069083840502, 16.3198993053574], [100.90294691657841, 16.319087124296015], [100.88420431193946, 16.330195612746518], [100.86372690760815, 16.33000024643604], [100.84588460051918, 16.31525642903647], [100.84271081882636, 16.30495124016991]]]]}}, {"type": "Feature", "properties": {"amp_code": "6708", "amp_th": "บึงสามพัน", "amp_en": "Bueng Sam Phan", "pro_code": "67", "pro_th": "เพชรบูรณ์", "pro_en": "Phetchabun", "reg_nesdb": "LowwerNorth", "reg_royin": "Central", "perimeter": 187.66475232306, "area_sqkm": 786.97891451828}, "geometry": {"type": "MultiPolygon", "coordinates": [[[[100.91458790598759, 15.706656867510315], [100.89649723584378, 15.699837428984708], [100.85993433286863, 15.698482186403496], [100.84653767710383, 15.700774756503996], [100.84177467644972, 15.707767548522257], [100.81873308211784, 15.712359272497254], [100.81968580106958, 15.747375533923606], [100.81201374572854, 15.75977013023943], [100.80817111675624, 15.779214187389718], [100.80666633789808, 15.784489479204451], [100.79758699356712, 15.828711697812325], [100.78986418282051, 15.844401312382432], [100.79974698627825, 15.865135616470965], [100.79775853948728, 15.8916004043877], [100.77934891344586, 15.896992943010398], [100.79821711452571, 15.926372111531707], [100.80851827749328, 15.92494180228797], [100.82116339061332, 15.910951821486675], [100.84153897263084, 15.909784990400926], [100.85724426197913, 15.928917320425844], [100.88079855208365, 15.922286132296328], [100.8917244584046, 15.900235796871415], [100.90186842095895, 15.896993081195642], [100.9074703888592, 15.897563815478488], [100.91601680959252, 15.900687018218246], [100.92542764983936, 15.892266361937468], [100.9248500169416, 15.907367544999667], [100.94016739498271, 15.90152757605717], [100.93954682098264, 15.907164893207932], [100.94955971632993, 15.911100292047326], [100.98128157757792, 15.901131826433977], [101.00414136277706, 15.908622845960714], [101.02212373715611, 15.900247390899597], [101.03926213366962, 15.881931446637314], [101.0524221367131, 15.88156073198062], [101.0605172182378, 15.886460076193192], [101.05832158895878, 15.875962482078345], [101.06335393909848, 15.872509276644916], [101.07360280129468, 15.87293648576797], [101.13225747966469, 15.866653901963524], [101.17662185070597, 15.868379557457487], [101.20090872780321, 15.866865655242774], [101.21231640989714, 15.886510664674342], [101.22311559572717, 15.893574573601303], [101.2320014372967, 15.89279069758424], [101.23807210333341, 15.899354813764885], [101.23749290122073, 15.909446844138593], [101.24234184682525, 15.912543966116774], [101.24809638597984, 15.912686262242204], [101.26202454101447, 15.919681393275164], [101.26546649439689, 15.927299733245247], [101.27819238469445, 15.929495435116275], [101.2833780505508, 15.925276878773854], [101.27766204754728, 15.915222167901678], [101.28922970001099, 15.90702872633494], [101.29934703680094, 15.921099415236657], [101.3012517840183, 15.938362790279374], [101.3091251885588, 15.943238373334472], [101.34336531657638, 15.932340711007422], [101.35218012922874, 15.934275118192312], [101.36024585488803, 15.928978899796768], [101.3636856225043, 15.931658178693962], [101.360799745865, 15.92294945519489], [101.37433465613829, 15.919457252376471], [101.36899771910775, 15.910177114140524], [101.36256051495361, 15.907703472661675], [101.35253983682581, 15.888622395185388], [101.34052473991693, 15.888355334546779], [101.33243401134767, 15.88112627524573], [101.32862028572234, 15.858374191943751], [101.32665881198439, 15.851939227025136], [101.31804454976373, 15.843683957174184], [101.30860403516283, 15.847396193233356], [101.30268051925621, 15.86518342070354], [101.28657855779025, 15.871873572933827], [101.27330371285846, 15.865343770454471], [101.27590505961841, 15.860723542771696], [101.2720010835668, 15.857120266737958], [101.26614785159927, 15.85760396545993], [101.25998084018383, 15.866212831686981], [101.24664982366, 15.864313193011428], [101.2339676759259, 15.833257853558099], [101.19801514416885, 15.833637701759457], [101.19010641497957, 15.808164679113503], [101.17460216324261, 15.80429878382054], [101.14043885273418, 15.805632016707115], [101.12366858734666, 15.800991006092495], [101.09218625230825, 15.796240023365476], [101.0884298240985, 15.780152361661965], [101.07603228267685, 15.760722648930942], [101.0694326839692, 15.756792873072373], [101.05527763917485, 15.76067331902053], [101.04500523680773, 15.771130593855514], [101.01348511126587, 15.747464817687304], [100.98988718026229, 15.738904257996712], [100.9666387807238, 15.737469508451024], [100.9636323420164, 15.733346772543015], [100.95126181881173, 15.731813219700985], [100.91458790598759, 15.706656867510315]]]]}}, {"type": "Feature", "properties": {"amp_code": "6709", "amp_th": "น้ำหนาว", "amp_en": "Nam Nao", "pro_code": "67", "pro_th": "เพชรบูรณ์", "pro_en": "Phetchabun", "reg_nesdb": "LowwerNorth", "reg_royin": "Central", "perimeter": 200.02978160592, "area_sqkm": 931.47541906243}, "geometry": {"type": "MultiPolygon", "coordinates": [[[[101.78292053948229, 16.75407249578575], [101.78972906625478, 16.746920641693553], [101.78586543842505, 16.742797240725775], [101.79162130021847, 16.72674732360166], [101.77643540281554, 16.712635865926316], [101.77225210827979, 16.687431349261114], [101.76592569671439, 16.679913056214197], [101.75164835284123, 16.677490000663777], [101.75075152846644, 16.668012488660782], [101.74415811191521, 16.66946479393838], [101.74128677379366, 16.660323769467336], [101.73691283234986, 16.66120230803802], [101.7313896400581, 16.652399751652627], [101.72461785161806, 16.651446896814758], [101.706533455798, 16.670570720097306], [101.70261492744743, 16.668510808229], [101.7013188883817, 16.67926155572143], [101.69834709028918, 16.67707068596927], [101.6886981212918, 16.686190473950465], [101.65651902274111, 16.688502797418213], [101.63439340341421, 16.680238237382024], [101.61788895613817, 16.685673749134093], [101.60168095092646, 16.707711936450707], [101.59178364513596, 16.709210291628448], [101.59250849317993, 16.71837663774417], [101.58747735492541, 16.72386800204764], [101.56781997997446, 16.725776428578595], [101.55983889368852, 16.730666001367332], [101.55395269036022, 16.728101486295234], [101.55401720045005, 16.711564843063968], [101.56257030789742, 16.697038980165626], [101.57117136368338, 16.692227574377995], [101.57765871610522, 16.67273558200969], [101.57186146634427, 16.648334884045614], [101.5612555749067, 16.649463114024165], [101.54719643773696, 16.66827460675655], [101.53787619617346, 16.666142210502855], [101.52700415421322, 16.679395923482502], [101.51339580770069, 16.680958266663158], [101.51049624584198, 16.75729804948407], [101.51633728949217, 16.761244025084434], [101.52532148535192, 16.784645502692726], [101.51909537343752, 16.808124815401328], [101.5165175946749, 16.827784982622404], [101.50540379821771, 16.855030707453952], [101.49065356827819, 16.860483117425495], [101.48206413646582, 16.85882704991903], [101.47951429216968, 16.84374858568623], [101.46883398188523, 16.83689056922894], [101.46898955863259, 16.8330656113433], [101.46138134043044, 16.82776102436995], [101.45684530007256, 16.83093050819633], [101.44065991011583, 16.825401196335577], [101.44253249435292, 16.836671121794986], [101.43768764169477, 16.837239063521366], [101.43319584323461, 16.851531567626346], [101.39881335953076, 16.857485072744026], [101.40848632293518, 16.86810291487731], [101.40713338840511, 16.88575349810696], [101.4239437302499, 16.893928703670262], [101.42089136879027, 16.910728784994156], [101.42509804827317, 16.92754445473515], [101.42292639866002, 16.93232377172889], [101.41707459701915, 16.931766438339444], [101.42627824558092, 16.944389145077047], [101.42246443092779, 16.956335241079703], [101.43413264557688, 16.979795659696464], [101.43418748332881, 16.98745593099853], [101.42972408170704, 16.989742580939815], [101.43196714884866, 17.00648629664703], [101.42629077534602, 17.01102868253056], [101.4433779723367, 17.012892672349526], [101.45479875928478, 17.006054079052735], [101.48838637942727, 17.005442900823606], [101.5042992120796, 17.010236946370096], [101.53322593739271, 17.023352587664128], [101.54442353774655, 17.015311903932236], [101.55103127566245, 16.994858371110368], [101.5627253949148, 16.990119852314457], [101.57523097584253, 16.983593434466243], [101.5825468543071, 16.986858439156087], [101.5874289221298, 16.99627318887934], [101.6075582045295, 16.99898781178142], [101.62891169741282, 17.045469840587906], [101.64397697432825, 17.039210708470645], [101.65008041739448, 17.041532416192332], [101.64539600175192, 17.028924533382508], [101.65540385487553, 17.01166134038313], [101.65425312857954, 17.005066447390906], [101.67529752361972, 16.975706490915165], [101.67230711584763, 16.957585850603564], [101.67799591223232, 16.93984701122434], [101.69170782309536, 16.9360744996581], [101.68708085174518, 16.930827275270623], [101.69189010255683, 16.923286035618872], [101.68495749026135, 16.9221896220817], [101.6847083866041, 16.901547216966687], [101.67816684392122, 16.88377899194368], [101.68357095556064, 16.868626951961957], [101.67660728558464, 16.866844002200363], [101.68087511171687, 16.85758633828265], [101.68810587635605, 16.85817579835616], [101.68448462178341, 16.84859915902443], [101.68716193406344, 16.84496961529361], [101.69047891756121, 16.84844950798871], [101.69259119452354, 16.835548727144214], [101.6985633156125, 16.833990297750816], [101.69970797524711, 16.828118438295686], [101.70632655814894, 16.829800323955165], [101.72147254809032, 16.806750103698587], [101.7193170425202, 16.79971057244123], [101.70066878415687, 16.809728196719803], [101.68696415233866, 16.798608365718017], [101.70481522439242, 16.783489653411593], [101.71870083414355, 16.758838834993767], [101.72774004329978, 16.753321006085642], [101.73820609051243, 16.75552358507022], [101.76323983573654, 16.75604521916061], [101.78792860298371, 16.76427059977991], [101.78292053948229, 16.75407249578575]]]]}}, {"type": "Feature", "properties": {"amp_code": "6706", "amp_th": "ศรีเทพ", "amp_en": "Si Thep", "pro_code": "67", "pro_th": "เพชรบูรณ์", "pro_en": "Phetchabun", "reg_nesdb": "LowwerNorth", "reg_royin": "Central", "perimeter": 151.97171586965, "area_sqkm": 813.22185413838}, "geometry": {"type": "MultiPolygon", "coordinates": [[[[101.3025654807991, 15.501182837450484], [101.30686815033197, 15.472346000096902], [101.29762472100211, 15.455909925476044], [101.3021435295192, 15.438798925282311], [101.30746602566344, 15.434942317755624], [101.3028639925051, 15.430809374492057], [101.30545283660068, 15.392657591768636], [101.29890136261277, 15.38071270517362], [101.28487954869608, 15.374170268045061], [101.27846643601048, 15.363222594095351], [101.25348600040871, 15.351797910061947], [101.24770849698857, 15.35369146185413], [101.2263532082019, 15.341087262838276], [101.20691742501505, 15.329239874535878], [101.20209215569811, 15.325601156897953], [101.18932768729574, 15.330200275245701], [101.18282432157424, 15.326993178512598], [101.17559065475737, 15.33416783082689], [101.15262356921806, 15.333125577518285], [101.1473857242685, 15.339385677636828], [101.12756405354385, 15.334634238438198], [101.12346497400154, 15.341372058179934], [101.1243651035392, 15.33612057560486], [101.11538023978646, 15.33920011971739], [101.11052305112466, 15.336447316137248], [101.11184925356854, 15.342060605069857], [101.10545485212575, 15.339978457899841], [101.10628071950248, 15.344107883759428], [101.08226977556068, 15.35228823559294], [101.06566212803764, 15.327788270384323], [101.05371257507892, 15.319836160510393], [101.04078773220692, 15.325829172259102], [101.02919869958917, 15.322522534552462], [101.0227681139873, 15.338517192578223], [101.0124670495267, 15.3281645306162], [100.99442906302295, 15.32049534397695], [100.98561842553862, 15.324724889636986], [100.97820498063687, 15.33702587607806], [100.98392190449991, 15.348011829061583], [100.978406779951, 15.367025781087902], [100.97529366456584, 15.416669475912641], [100.9636297060259, 15.411017879931203], [100.95367463870596, 15.411807086363071], [100.9483345463584, 15.406098912397955], [100.93226738903189, 15.414531286749584], [100.9308026283155, 15.427519288216818], [100.92432025171915, 15.43475960233339], [100.92753064088869, 15.46264655842503], [100.9328827435252, 15.468962710315596], [100.92689322124548, 15.483188604338578], [100.93120542221982, 15.488030684682494], [100.967037206373, 15.500247117947394], [100.98976338522225, 15.493207853660211], [101.0172338559181, 15.496638881336926], [101.03232963983227, 15.492916738618892], [101.04128313035278, 15.484939135334008], [101.0559727947655, 15.48835419275312], [101.07625390209502, 15.482338944085393], [101.08979973172735, 15.486662619062512], [101.08620157360971, 15.490345875341658], [101.08385865618808, 15.488599224145021], [101.08727749506943, 15.497856802060097], [101.08356783925242, 15.501884449611902], [101.09028085725257, 15.501153549617248], [101.09096253065621, 15.50968579999838], [101.09587397680355, 15.512903378457063], [101.09043539305182, 15.51436787153366], [101.09049163172669, 15.518275259439763], [101.08213590767981, 15.51718409104541], [101.08946698409486, 15.528674832002794], [101.08820395906864, 15.53889142950459], [101.08184444256105, 15.540721420135037], [101.07858233724573, 15.55151935076819], [101.08239515264881, 15.553493790399324], [101.08040104906979, 15.557549315498953], [101.08310766863484, 15.554599572581925], [101.09067500320559, 15.557134675278375], [101.0926266037314, 15.552238042157928], [101.09355604256501, 15.56119479856763], [101.1081887416338, 15.552477107872825], [101.10914938422658, 15.54441386139298], [101.14312041485188, 15.569689067403603], [101.15448428473802, 15.567913387712723], [101.16220001795773, 15.560128410423554], [101.18372582841968, 15.557676454313855], [101.2723863953675, 15.56430671837222], [101.3109695879424, 15.574205575171346], [101.30636204821161, 15.550087766435789], [101.28807106306935, 15.531073118165546], [101.28930815639048, 15.526960828829386], [101.29787672862808, 15.529293030391027], [101.30335593566461, 15.519002022502631], [101.3025654807991, 15.501182837450484]]]]}}, {"type": "Feature", "properties": {"amp_code": "6707", "amp_th": "หนองไผ่", "amp_en": "Nong Phai", "pro_code": "67", "pro_th": "เพชรบูรณ์", "pro_en": "Phetchabun", "reg_nesdb": "LowwerNorth", "reg_royin": "Central", "perimeter": 225.83065276508, "area_sqkm": 1258.96865991063}, "geometry": {"type": "MultiPolygon", "coordinates": [[[[101.24234184682525, 15.912543966116774], [101.23749290122073, 15.909446844138593], [101.23807210333341, 15.899354813764885], [101.2320014372967, 15.89279069758424], [101.22311559572717, 15.893574573601303], [101.21231640989714, 15.886510664674342], [101.20090872780321, 15.866865655242774], [101.17662185070597, 15.868379557457487], [101.13225747966469, 15.866653901963524], [101.07360280129468, 15.87293648576797], [101.06335393909848, 15.872509276644916], [101.05832158895878, 15.875962482078345], [101.0605172182378, 15.886460076193192], [101.0524221367131, 15.88156073198062], [101.03926213366962, 15.881931446637314], [101.02212373715611, 15.900247390899597], [101.00414136277706, 15.908622845960714], [100.98128157757792, 15.901131826433977], [100.94955971632993, 15.911100292047326], [100.93954682098264, 15.907164893207932], [100.94016739498271, 15.90152757605717], [100.9248500169416, 15.907367544999667], [100.92542764983936, 15.892266361937468], [100.91601680959252, 15.900687018218246], [100.9074703888592, 15.897563815478488], [100.90186842095895, 15.896993081195642], [100.89681996332463, 15.90149234567828], [100.89768709499533, 15.915910018432008], [100.87976747159807, 15.956154262215534], [100.88780432735575, 15.962157479738842], [100.88780529023339, 15.966995269670482], [100.89338849569397, 15.96492549643083], [100.89581427698063, 15.969593956795674], [100.90223037581634, 15.987217805763564], [100.93009000290549, 15.978610007864951], [100.94249685840545, 15.980026540288552], [100.92932472655328, 15.985441373475659], [100.94340202589912, 15.990509175837582], [100.96055000395032, 15.987027104319052], [100.97284838479723, 15.995660198881957], [100.98353496202479, 15.988712667951807], [100.98664602405243, 16.005062467380228], [100.98414641487452, 16.02414547285592], [100.98916488278613, 16.03140668329228], [100.9886375747691, 16.04194614770083], [100.97970665150312, 16.051160631122894], [100.9827277676331, 16.06284193152395], [100.9815193785573, 16.066145531438675], [100.97459959519614, 16.060710057089185], [100.9675015547185, 16.061642840780742], [100.94597921771897, 16.07178020430926], [100.93929500157668, 16.063707382997414], [100.93286784598817, 16.06357123472684], [100.93383422693111, 16.074001340591945], [100.9251170767314, 16.07799142327381], [100.9073937870426, 16.107271270525555], [100.9245778555366, 16.13287647838829], [100.94130631873684, 16.125657641815707], [100.9451893505048, 16.136927309878114], [100.95117864032845, 16.133935927230098], [100.97306836585699, 16.145894394171368], [100.97518550359881, 16.13714285783264], [100.97960554315661, 16.1335056417798], [100.98150741977491, 16.135986356800927], [100.98633982963973, 16.138857666448445], [100.98227416884738, 16.152907643436333], [100.98452782753755, 16.16590709530181], [100.99703755349836, 16.170684025445087], [100.99794614002772, 16.160499122412915], [101.00722729194842, 16.15583982683027], [101.01655281703312, 16.16061963645496], [101.02124000994321, 16.169908885065546], [101.04078141633046, 16.168747698004147], [101.08420316079533, 16.151193876222816], [101.0856241608599, 16.1413281884407], [101.09311356794622, 16.139328021012368], [101.09374340987908, 16.125154653671345], [101.09524293653003, 16.11791855357773], [101.10855694099229, 16.100026611035155], [101.13198439707314, 16.10335728777287], [101.14233987937837, 16.090806862241077], [101.15330182585774, 16.10083163333503], [101.16896526356031, 16.105528267200214], [101.17113374222713, 16.117253758996256], [101.1652080332071, 16.14122126884383], [101.1760773693315, 16.145498087553435], [101.19229457279803, 16.14812696762977], [101.19592152138154, 16.179080746549804], [101.20470967288455, 16.179398649409396], [101.2070489308857, 16.17095189144052], [101.21901106679731, 16.170270731335574], [101.22072866181114, 16.166696599036193], [101.22648986718839, 16.171780423922915], [101.24207808985258, 16.166196091703256], [101.25200912330124, 16.18173988186801], [101.26860666868726, 16.181056421981094], [101.27150600991759, 16.17682003040524], [101.29631595082657, 16.190273078237247], [101.29810905787743, 16.187432801427416], [101.31209846764801, 16.19089020574066], [101.31641372561214, 16.184189677662488], [101.32404569169086, 16.187330390490832], [101.33559283222476, 16.173094012811458], [101.33979496427524, 16.18119527311313], [101.35820927510963, 16.18388493615793], [101.35983484941016, 16.191905822190613], [101.37750707429775, 16.18714008585972], [101.3632475129896, 16.18560525811502], [101.36251376797179, 16.176725327618485], [101.35608110081563, 16.17416219765423], [101.35422666893335, 16.16503599648834], [101.34079578173758, 16.153658015306856], [101.34455826364187, 16.143318010573743], [101.33535141164229, 16.118363475102612], [101.33771832071622, 16.111899749948595], [101.33094738908429, 16.076190157287446], [101.32532250317891, 16.061312470198832], [101.3299134710272, 16.054098573055096], [101.32291742518083, 16.040983706331954], [101.33008611271649, 16.03419811578236], [101.33054311543026, 16.02318065602012], [101.34143812212008, 16.012460637333742], [101.34343523845203, 16.001853274388846], [101.337249333831, 15.99172013702246], [101.34729257736169, 15.9826975267591], [101.35807502082318, 15.96315999071101], [101.37394340320145, 15.968469104424893], [101.37228166226406, 15.95572146612486], [101.36996972294537, 15.939310914258858], [101.3636856225043, 15.931658178693962], [101.36024585488803, 15.928978899796768], [101.35218012922874, 15.934275118192312], [101.34336531657638, 15.932340711007422], [101.3091251885588, 15.943238373334472], [101.3012517840183, 15.938362790279374], [101.29934703680094, 15.921099415236657], [101.28922970001099, 15.90702872633494], [101.27766204754728, 15.915222167901678], [101.2833780505508, 15.925276878773854], [101.27819238469445, 15.929495435116275], [101.26546649439689, 15.927299733245247], [101.26202454101447, 15.919681393275164], [101.24809638597984, 15.912686262242204], [101.24234184682525, 15.912543966116774]]]]}}, {"type": "Feature", "properties": {"amp_code": "6605", "amp_th": "บางมูลนาก", "amp_en": "Bang Mun Nak", "pro_code": "66", "pro_th": "พิจิตร", "pro_en": "Phichit", "reg_nesdb": "LowwerNorth", "reg_royin": "Central", "perimeter": 105.65944316076, "area_sqkm": 392.49751042723}, "geometry": {"type": "MultiPolygon", "coordinates": [[[[100.47431892182969, 15.936459018352972], [100.46106604549895, 15.938347778516574], [100.45897107712145, 15.941628066165878], [100.44897587160355, 15.934303505618303], [100.41630690984647, 15.945131285540388], [100.41021865747574, 15.936710365357031], [100.39878281222181, 15.932687156697545], [100.3877460444305, 15.938591496602367], [100.36576062338564, 15.940600542995327], [100.33147805080742, 15.941117775988284], [100.34273208790492, 15.96518492133733], [100.33891713467298, 15.978508623329892], [100.32220836498169, 15.987779157960599], [100.3234511739108, 15.97411223151861], [100.31320324963123, 15.97794177966632], [100.30621543464423, 15.973518189969782], [100.3008207110056, 15.981267461853054], [100.30258703088383, 15.986828984555485], [100.3187354706026, 16.000888091913787], [100.32263661455627, 15.99819778989647], [100.32887983801454, 16.0012955893527], [100.32412589288624, 16.0069784434101], [100.32784846826934, 16.012347976243877], [100.32536213263498, 16.022085226900032], [100.33295836295666, 16.023337443342317], [100.34216857808889, 16.037432889143993], [100.34217293951276, 16.05518180015905], [100.35426763822579, 16.06490991221243], [100.36867915051918, 16.091243645712563], [100.36547175551567, 16.098557962288133], [100.37212962854561, 16.107189680602026], [100.36676749224034, 16.107399172765923], [100.36550039412067, 16.114192676882094], [100.35801699641237, 16.117943797741138], [100.3603942333742, 16.123690496209598], [100.36667222280101, 16.122666356148738], [100.37179598685788, 16.12291479596448], [100.3890575239502, 16.15153967537243], [100.3961772702162, 16.155191957000568], [100.42748326332321, 16.15671864047538], [100.43724049013045, 16.153187000851467], [100.4318736128197, 16.140285359842895], [100.43647140003688, 16.14071875545612], [100.44903287166656, 16.126426223507703], [100.44556235852758, 16.122807494743856], [100.43266623062442, 16.122583776665874], [100.43453250832694, 16.11719706268785], [100.4634729126873, 16.11961934451412], [100.47164581112139, 16.115295049711836], [100.47416304011486, 16.095977452644387], [100.4811365392908, 16.094978013593035], [100.4967183587439, 16.09364598809402], [100.51654179633597, 16.091266056035593], [100.5226308776037, 16.09540833313556], [100.52920498697422, 16.094568348048302], [100.54364060326627, 16.079034056131857], [100.54048468831319, 16.049883424190455], [100.52111436957375, 16.0165235846972], [100.53247028755524, 16.015760476671225], [100.53085219489255, 16.011195566406656], [100.51080505669009, 15.99921000753563], [100.49445581244024, 16.00730472512443], [100.49201164680406, 16.001079971105504], [100.4997389053535, 15.977953782223862], [100.50382319266107, 15.937609827308043], [100.47431892182969, 15.936459018352972]]]]}}, {"type": "Feature", "properties": {"amp_code": "6606", "amp_th": "โพทะเล", "amp_en": "Pho Thale", "pro_code": "66", "pro_th": "พิจิตร", "pro_en": "Phichit", "reg_nesdb": "LowwerNorth", "reg_royin": "Central", "perimeter": 112.23824247409, "area_sqkm": 526.1396839942}, "geometry": {"type": "MultiPolygon", "coordinates": [[[[100.30258703088383, 15.986828984555485], [100.3008207110056, 15.981267461853054], [100.30621543464423, 15.973518189969782], [100.30933902068051, 15.961211430913536], [100.27627188464307, 15.943633339844052], [100.26714448602236, 15.939868376250743], [100.25752688509097, 15.954545791931919], [100.24196859931324, 15.953215845654064], [100.23928612590579, 15.94969942903094], [100.24427982079152, 15.941306496760136], [100.24022554260237, 15.934295500868506], [100.21678684615502, 15.92763524964801], [100.20222837457739, 15.93432874202986], [100.18658240642641, 15.935182557227547], [100.18128647935697, 15.92874884640328], [100.17507347584719, 15.934120230255399], [100.1682195161003, 15.956413450658571], [100.1605164909212, 15.961010688687091], [100.16035745163029, 15.967972619704804], [100.16127591568674, 15.97970126194012], [100.14882139595277, 15.989089497999169], [100.13750850115593, 16.01268360239687], [100.12837411769902, 16.02594670998455], [100.1307863197825, 16.035534469331193], [100.11582617833035, 16.047152167763763], [100.11933265468392, 16.055012441008266], [100.11233716148533, 16.069425305663785], [100.10912470748183, 16.076250553988253], [100.11436930995374, 16.07908751366917], [100.12886202424264, 16.070571480835344], [100.1345810625517, 16.09604439201601], [100.16203721297371, 16.106347974485434], [100.1710233303333, 16.147594592599987], [100.17401381230174, 16.151799214813966], [100.17592823504738, 16.146982331905146], [100.18198080626394, 16.161096641715375], [100.18316887781235, 16.180597729537364], [100.19735569244473, 16.189553577666445], [100.22322250094665, 16.190193838931588], [100.23007451749237, 16.16997017031353], [100.24533024297372, 16.15742756432536], [100.25467989669897, 16.15797827745856], [100.25031972638935, 16.178370975270774], [100.26084403240169, 16.17871560150415], [100.25814623414551, 16.18932235528087], [100.27361005061867, 16.184700938820587], [100.28827684658539, 16.187641585759213], [100.31704021041143, 16.16871891598483], [100.33169985875404, 16.16852603795475], [100.33026984217808, 16.159395066853644], [100.33610056539041, 16.152233065099512], [100.3332553361258, 16.145770473076247], [100.3439819475245, 16.14528057326922], [100.34500742320988, 16.139967551534742], [100.35038628801757, 16.12863468351667], [100.36908520560978, 16.127871546299627], [100.36667222280101, 16.122666356148738], [100.3603942333742, 16.123690496209598], [100.35801699641237, 16.117943797741138], [100.36550039412067, 16.114192676882094], [100.36676749224034, 16.107399172765923], [100.37212962854561, 16.107189680602026], [100.36547175551567, 16.098557962288133], [100.36867915051918, 16.091243645712563], [100.35426763822579, 16.06490991221243], [100.34217293951276, 16.05518180015905], [100.34216857808889, 16.037432889143993], [100.33295836295666, 16.023337443342317], [100.32536213263498, 16.022085226900032], [100.32784846826934, 16.012347976243877], [100.32412589288624, 16.0069784434101], [100.32887983801454, 16.0012955893527], [100.32263661455627, 15.99819778989647], [100.3187354706026, 16.000888091913787], [100.30258703088383, 15.986828984555485]]]]}}, {"type": "Feature", "properties": {"amp_code": "6603", "amp_th": "โพธิ์ประทับช้าง", "amp_en": "Pho Prathap Chang", "pro_code": "66", "pro_th": "พิจิตร", "pro_en": "Phichit", "reg_nesdb": "LowwerNorth", "reg_royin": "Central", "perimeter": 97.62295815836, "area_sqkm": 405.10115866868}, "geometry": {"type": "MultiPolygon", "coordinates": [[[[100.2137118120705, 16.24522748239567], [100.18884441244798, 16.24949676460033], [100.15197253322641, 16.243197043674577], [100.12509311430541, 16.24726645990378], [100.11594193869776, 16.255178565924442], [100.10310007409537, 16.255089891320992], [100.08612432352557, 16.26366393135509], [100.0597822911193, 16.26214213293495], [100.04033834446967, 16.275324667650832], [100.0356493864135, 16.268758261446276], [100.02854651313206, 16.270397303364586], [100.03313257573451, 16.283824946704083], [100.01886791940315, 16.300965372463214], [100.02198788881289, 16.307688856923427], [100.01921325608373, 16.322488871500397], [100.027278321357, 16.33154068842457], [100.0531492801734, 16.332071860106524], [100.05585194575472, 16.35032474261653], [100.07214379270842, 16.360114007160696], [100.11510227912483, 16.378453070068268], [100.14234197392086, 16.3722624232255], [100.16848329987103, 16.3739503956554], [100.19796898840144, 16.382239008578487], [100.2182556093707, 16.389074182258305], [100.2168184814323, 16.39917498307625], [100.23527113815328, 16.41744565599247], [100.24177713046178, 16.398820028341902], [100.26558754336966, 16.394244783231688], [100.2700919475332, 16.391193208290634], [100.27950192108025, 16.363852067509107], [100.31553600450115, 16.36138976627357], [100.33198491846115, 16.332075333941397], [100.33414226499075, 16.31436173393041], [100.32252987761734, 16.288651207594192], [100.31180679292962, 16.27616168278699], [100.3047713805948, 16.28132758453876], [100.28711301638344, 16.28154872420655], [100.28967710971574, 16.293637593223387], [100.28248268716301, 16.29234933906126], [100.2719531692732, 16.293309992214496], [100.26486531108688, 16.282811560895375], [100.26821413195411, 16.261387612885425], [100.26077687628779, 16.255108546354812], [100.26057075280876, 16.241025726307353], [100.25198651530772, 16.23619471544996], [100.24582760759729, 16.237231986384504], [100.24462354731253, 16.243912803778255], [100.21381705921544, 16.245225749955544], [100.2137118120705, 16.24522748239567]]]]}}, {"type": "Feature", "properties": {"amp_code": "6604", "amp_th": "ตะพานหิน", "amp_en": "Taphan Hin", "pro_code": "66", "pro_th": "พิจิตร", "pro_en": "Phichit", "reg_nesdb": "LowwerNorth", "reg_royin": "Central", "perimeter": 139.80622131997, "area_sqkm": 442.73573775947}, "geometry": {"type": "MultiPolygon", "coordinates": [[[[100.51057619747564, 16.111375330543435], [100.51470197115201, 16.100664719545183], [100.5226308776037, 16.09540833313556], [100.51654179633597, 16.091266056035593], [100.4967183587439, 16.09364598809402], [100.4811365392908, 16.094978013593035], [100.47416304011486, 16.095977452644387], [100.47164581112139, 16.115295049711836], [100.4634729126873, 16.11961934451412], [100.43453250832694, 16.11719706268785], [100.43266623062442, 16.122583776665874], [100.44556235852758, 16.122807494743856], [100.44903287166656, 16.126426223507703], [100.43647140003688, 16.14071875545612], [100.4318736128197, 16.140285359842895], [100.43724049013045, 16.153187000851467], [100.42748326332321, 16.15671864047538], [100.3961772702162, 16.155191957000568], [100.3890575239502, 16.15153967537243], [100.37179598685788, 16.12291479596448], [100.36667222280101, 16.122666356148738], [100.36908520560978, 16.127871546299627], [100.35038628801757, 16.12863468351667], [100.34500742320988, 16.139967551534742], [100.3439819475245, 16.14528057326922], [100.3332553361258, 16.145770473076247], [100.33610056539041, 16.152233065099512], [100.33026984217808, 16.159395066853644], [100.33169985875404, 16.16852603795475], [100.31704021041143, 16.16871891598483], [100.28827684658539, 16.187641585759213], [100.27361005061867, 16.184700938820587], [100.25814623414551, 16.18932235528087], [100.25311443917376, 16.19355268242404], [100.25912535690614, 16.20129133822239], [100.2528958608895, 16.220864717294802], [100.25412639695129, 16.226462396768387], [100.26074219562898, 16.22598370414406], [100.26415112009155, 16.234612022892506], [100.26057075280876, 16.241025726307353], [100.26077687628779, 16.255108546354812], [100.26821413195411, 16.261387612885425], [100.26486531108688, 16.282811560895375], [100.2719531692732, 16.293309992214496], [100.28248268716301, 16.29234933906126], [100.28967710971574, 16.293637593223387], [100.28711301638344, 16.28154872420655], [100.3047713805948, 16.28132758453876], [100.31180679292962, 16.27616168278699], [100.32252987761734, 16.288651207594192], [100.31900357561064, 16.280500465482987], [100.32311876464628, 16.274680180762555], [100.3487613552436, 16.272296085265683], [100.3462758684962, 16.259852889483284], [100.35621057612539, 16.253006439472557], [100.36270624033875, 16.25353416359097], [100.36140046716154, 16.260497342356434], [100.36809563185825, 16.26311364551763], [100.36956823146524, 16.270466727303713], [100.39806575858086, 16.270934565023012], [100.3969741192042, 16.275674258437864], [100.40849652274851, 16.289480077763905], [100.40544050671741, 16.294387647744], [100.40960243970663, 16.29986400170675], [100.41527762715027, 16.30980046642172], [100.45746611465302, 16.29015482885504], [100.48130980566553, 16.295138338386657], [100.48131743389047, 16.2951416740309], [100.52031273170581, 16.299237852733615], [100.4757979259717, 16.253884928345638], [100.48682668324012, 16.2380936119791], [100.51277349977045, 16.236658403814275], [100.52744083817761, 16.24280610208223], [100.5763480779941, 16.24930178545515], [100.58101422741055, 16.240623967297594], [100.58072265811903, 16.23530316001042], [100.5739605937353, 16.231127360756506], [100.5667055410006, 16.222168539518584], [100.54045220395703, 16.212762901451644], [100.5315209036519, 16.203640862340375], [100.53209706223629, 16.197554453567115], [100.54284840132807, 16.200953851582394], [100.53308633000877, 16.19031390886739], [100.53218778188896, 16.180601644646092], [100.52308558123848, 16.18385501203817], [100.52131713367031, 16.172292785099806], [100.5151198582948, 16.147438355498313], [100.51057619747564, 16.111375330543435]]]]}}, {"type": "Feature", "properties": {"amp_code": "6601", "amp_th": "เมืองพิจิตร", "amp_en": "Mueang Phichit", "pro_code": "66", "pro_th": "พิจิตร", "pro_en": "Phichit", "reg_nesdb": "LowwerNorth", "reg_royin": "Central", "perimeter": 131.57351490964, "area_sqkm": 545.39797645612}, "geometry": {"type": "MultiPolygon", "coordinates": [[[[100.40960243970663, 16.29986400170675], [100.40544050671741, 16.294387647744], [100.40849652274851, 16.289480077763905], [100.3969741192042, 16.275674258437864], [100.39806575858086, 16.270934565023012], [100.36956823146524, 16.270466727303713], [100.36809563185825, 16.26311364551763], [100.36140046716154, 16.260497342356434], [100.36270624033875, 16.25353416359097], [100.35621057612539, 16.253006439472557], [100.3462758684962, 16.259852889483284], [100.3487613552436, 16.272296085265683], [100.32311876464628, 16.274680180762555], [100.31900357561064, 16.280500465482987], [100.32252987761734, 16.288651207594192], [100.33414226499075, 16.31436173393041], [100.33198491846115, 16.332075333941397], [100.31553600450115, 16.36138976627357], [100.27950192108025, 16.363852067509107], [100.2700919475332, 16.391193208290634], [100.26558754336966, 16.394244783231688], [100.24177713046178, 16.398820028341902], [100.23527113815328, 16.41744565599247], [100.24204869102518, 16.42740993542517], [100.2409102267851, 16.438834275410407], [100.25271615046023, 16.44854686953173], [100.25450334697756, 16.460762639644987], [100.2474785010183, 16.474122417455714], [100.24943794589971, 16.48689980902582], [100.25319369543229, 16.49106768287975], [100.24969448369163, 16.495855140064865], [100.25001763533763, 16.530096642818677], [100.2646506009933, 16.537429938962], [100.28568344356509, 16.5313238568967], [100.32362088345882, 16.525682039735564], [100.36028437015335, 16.535256973708787], [100.37687339213859, 16.546406993192477], [100.36942746521014, 16.550451852504377], [100.38604757342037, 16.553567380597116], [100.42541127966612, 16.535833378349242], [100.43051876572744, 16.51586483852445], [100.41267236787786, 16.497254544905616], [100.4096744889865, 16.48671195084728], [100.40856132749727, 16.47186029836687], [100.41513063887096, 16.4534502328937], [100.40994839891867, 16.448647704711153], [100.4128302531868, 16.44415236449949], [100.41144570535408, 16.43617683777714], [100.40288491744886, 16.42701232959109], [100.41283061980516, 16.420560446966793], [100.42962234146859, 16.426616151397102], [100.44290010061798, 16.43492805484042], [100.47760384104791, 16.43415443675935], [100.47928884526553, 16.426574764671845], [100.49499475796269, 16.423986090419707], [100.51426158392687, 16.412211198213313], [100.51647368895355, 16.40224504576611], [100.5220406753764, 16.40212685675635], [100.52134011123236, 16.39465347533744], [100.52843018287938, 16.39283298829584], [100.52831768296635, 16.379679883172205], [100.5192295685394, 16.376695559253772], [100.50992531614008, 16.376308382656113], [100.4939703839072, 16.38461587687604], [100.48419113175706, 16.38298603710789], [100.47604221788649, 16.376078779147438], [100.46700504831601, 16.364307200923836], [100.46988578243675, 16.358035344619523], [100.4670937223879, 16.35166407212236], [100.46860554176907, 16.33985491415335], [100.47788073460795, 16.339088574924116], [100.47301256664934, 16.324107743511924], [100.48130980566553, 16.295138338386657], [100.45746611465302, 16.29015482885504], [100.41527762715027, 16.30980046642172], [100.40960243970663, 16.29986400170675]]]]}}, {"type": "Feature", "properties": {"amp_code": "6602", "amp_th": "วังทรายพูน", "amp_en": "Wang Sai Phun", "pro_code": "66", "pro_th": "พิจิตร", "pro_en": "Phichit", "reg_nesdb": "LowwerNorth", "reg_royin": "Central", "perimeter": 98.20070437563, "area_sqkm": 257.51712375275}, "geometry": {"type": "MultiPolygon", "coordinates": [[[[100.50992531614008, 16.376308382656113], [100.5192295685394, 16.376695559253772], [100.52831768296635, 16.379679883172205], [100.52843018287938, 16.39283298829584], [100.52134011123236, 16.39465347533744], [100.5220406753764, 16.40212685675635], [100.51647368895355, 16.40224504576611], [100.51426158392687, 16.412211198213313], [100.49499475796269, 16.423986090419707], [100.47928884526553, 16.426574764671845], [100.47760384104791, 16.43415443675935], [100.44290010061798, 16.43492805484042], [100.42962234146859, 16.426616151397102], [100.41283061980516, 16.420560446966793], [100.40288491744886, 16.42701232959109], [100.41144570535408, 16.43617683777714], [100.4128302531868, 16.44415236449949], [100.40994839891867, 16.448647704711153], [100.41513063887096, 16.4534502328937], [100.42148778566697, 16.43306106741443], [100.42664988003988, 16.43520976867454], [100.43541158777317, 16.45319709506927], [100.44780424502147, 16.455144194779148], [100.45029536452775, 16.46064216889089], [100.46141650587988, 16.459844147371815], [100.47484064163436, 16.467145032913713], [100.49391279665582, 16.461960189571055], [100.51911224019297, 16.462785518405624], [100.52690417899522, 16.458712903978533], [100.53039082353033, 16.4627147244612], [100.54753875804741, 16.460448050973156], [100.55481490151396, 16.46571033327558], [100.56389205274456, 16.458420901324903], [100.56830864048075, 16.45983948943704], [100.57926034388898, 16.440179359125594], [100.59524137646329, 16.415755361217542], [100.6063540237086, 16.417517612212873], [100.60430466533685, 16.412236413972195], [100.61326645950489, 16.40517873855989], [100.62401279341069, 16.405452923938554], [100.63034649044425, 16.398070350581296], [100.63555600854475, 16.37515160018925], [100.62306344977416, 16.35941425098227], [100.61973697118118, 16.348978303317164], [100.62365748724825, 16.33048200079252], [100.62550739512818, 16.326913925629512], [100.63436670364659, 16.327349313675057], [100.62492332061426, 16.317593279865015], [100.61164424186076, 16.316925773017246], [100.60524484769779, 16.30881056991277], [100.58438519657126, 16.307272442735417], [100.5617776341495, 16.293865572103634], [100.54206184475085, 16.294360499558344], [100.52253103794189, 16.30308879563706], [100.52031273170581, 16.299237852733615], [100.48131743389047, 16.2951416740309], [100.48130980566553, 16.295138338386657], [100.47301256664934, 16.324107743511924], [100.47788073460795, 16.339088574924116], [100.46860554176907, 16.33985491415335], [100.4670937223879, 16.35166407212236], [100.46988578243675, 16.358035344619523], [100.46700504831601, 16.364307200923836], [100.47604221788649, 16.376078779147438], [100.48419113175706, 16.38298603710789], [100.4939703839072, 16.38461587687604], [100.50992531614008, 16.376308382656113]]]]}}]}