101	t	18.5721,100.7426 18.5735,100.7426 18.5751,100.7427 18.5772,100.7427 18.5812,100.7419 18.5838,100.7413 18.5864,100.7406 18.5887,100.7401 18.5901,100.7402 18.5911,100.7409
101	p	19.1768,100.9022 19.1752,100.9065 19.1750,100.9082 19.1752,100.9102 19.1753,100.9118 19.1762,100.9134 19.1777,100.9150 19.1791,100.9165 19.1805,100.9179 19.1819,100.9194 19.1822,100.9198
101	p	19.0975,100.8086 19.0991,100.8085 19.1006,100.8085 19.1026,100.8083 19.1041,100.8086 19.1060,100.8094 19.1075,100.8099 19.1103,100.8100 19.1132,100.8100 19.1149,100.8100 19.1184,100.8101 19.1198,100.8104 19.1209,100.8114 19.1219,100.8124
1	t	19.7482,99.7275 19.7508,99.7295 19.7529,99.7307 19.7544,99.7317 19.7560,99.7326 19.7562,99.7327
	p	18.7960,98.9864 18.7958,98.9869
11	t	18.8079,98.9727 18.8089,98.9741 18.8096,98.9754 18.8103,98.9768
118	p	18.8038,99.0181 18.8040,99.0184
11	t	18.7815,99.0271 18.7725,99.0284 18.7641,99.0296 18.7606,99.0301 18.7591,99.0304 18.7576,99.0308
11	t	18.6468,99.0534 18.6454,99.0535 18.6439,99.0534 18.6425,99.0533 18.6406,99.0528 18.6388,99.0523 18.6376,99.0520
11	t	18.7859,99.0263 18.7881,99.0256 18.7894,99.0249 18.7907,99.0242 18.7919,99.0235 18.7925,99.0231
ชม.3029	p	18.7490,99.0226 18.7485,99.0215
108	p	18.7042,98.9327 18.7060,98.9340 18.7078,98.9352 18.7090,98.9360
1365	p	18.8418,98.9710 18.8412,98.9692 18.8405,98.9671 18.8400,98.9658
1141	p	18.7731,98.9763 18.7715,98.9761 18.7712,98.9761
121	p	18.7550,98.9410 18.7564,98.9409 18.7569,98.9425 18.7583,98.9432 18.7598,98.9434 18.7611,98.9441 18.7627,98.9445
121	p	18.7210,98.9612 18.7206,98.9628 18.7203,98.9645 18.7201,98.9659 18.7199,98.9679
ชม.3029	p	18.7494,98.9409 18.7494,98.9409
ชม.3029	p	18.7485,98.9472 18.7482,98.9489 18.7474,98.9509 18.7468,98.9525 18.7461,98.9542 18.7454,98.9558 18.7448,98.9570
121	p	18.7276,98.9264 18.7292,98.9263 18.7328,98.9263 18.7342,98.9266 18.7350,98.9290 18.7354,98.9304 18.7374,98.9316 18.7382,98.9321
121	p	18.8340,99.0364 18.8348,99.0349 18.8358,99.0329 18.8365,99.0314 18.8381,99.0281 18.8383,99.0278
ชม.3029	p	18.7492,99.0226 18.7508,99.0268
ชม.3029	p	18.7513,99.0281 18.7515,99.0287
ชม.3029	p	18.7520,99.0301 18.7525,99.0317
ชม.3029	p	18.7531,99.0337 18.7537,99.0352 18.7548,99.0361 18.7551,99.0362
11	t	17.9553,99.9694 17.9556,99.9679 17.9555,99.9664 17.9545,99.9639 17.9539,99.9624 17.9537,99.9609 17.9536,99.9593 17.9536,99.9577 17.9539,99.9520 17.9541,99.9497 17.9541,99.9474 17.9537,99.9446 17.9534,99.9429 17.9537,99.9409 17.9546,99.9393 17.9564,99.9373 17.9575,99.9357 17.9586,99.9332 17.9590,99.9321
106	p	17.3352,99.4867 17.3354,99.4832 17.3355,99.4809 17.3356,99.4793 17.3357,99.4770 17.3372,99.4757 17.3385,99.4748 17.3396,99.4736 17.3418,99.4705 17.3425,99.4693 17.3428,99.4677 17.3427,99.4659 17.3426,99.4632 17.3425,99.4611 17.3424,99.4576 17.3422,99.4552 17.3443,99.4479 17.3449,99.4460 17.3454,99.4444 17.3462,99.4417 17.3467,99.4400 17.3474,99.4378 17.3483,99.4366 17.3499,99.4351 17.3505,99.4338 17.3498,99.4244 17.3496,99.4210 17.3497,99.4174 17.3536,99.4142 17.3619,99.4123 17.3641,99.4118 17.3658,99.4088 17.3684,99.4068 17.3780,99.4010 17.3829,99.3995 17.3852,99.3989 17.3871,99.3983 17.3885,99.3979 17.3959,99.3921 17.3973,99.3916 17.3989,99.3915 17.4013,99.3910 17.4053,99.3900 17.4087,99.3890
108	p	18.4326,98.6842 18.4343,98.6855 18.4354,98.6864 18.4383,98.6885 18.4397,98.6896 18.4412,98.6911 18.4418,98.6917
108	p	18.4417,98.6918 18.4406,98.6906 18.4388,98.6891 18.4366,98.6874 18.4331,98.6848 18.4315,98.6836 18.4302,98.6827 18.4296,98.6822
11	t	18.4237,99.2096 18.4218,99.2095 18.4199,99.2095 18.4184,99.2093 18.4169,99.2090 18.4156,99.2094 18.4137,99.2095 18.4123,99.2099 18.4106,99.2098 18.4089,99.2106 18.4073,99.2114 18.4059,99.2122 18.4044,99.2128 18.4030,99.2128 18.4014,99.2138 18.4001,99.2144 18.3984,99.2144 18.3970,99.2153 18.3955,99.2156 18.3946,99.2157
107	p	19.3502,98.9594 19.3491,98.9603 19.3485,98.9606
121	p	18.7578,99.0624 18.7563,99.0612 18.7556,99.0605
121	p	18.7347,99.0351 18.7356,99.0370 18.7367,99.0396
121	p	18.7200,98.9970 18.7201,98.9984 18.7202,99.0003 18.7206,99.0023 18.7211,99.0043 18.7216,99.0059
121	p	18.7199,98.9850 18.7200,98.9887
108	p	18.2029,98.6148 18.2016,98.6141
108	p	18.2016,98.6141 18.2000,98.6132 18.1986,98.6124 18.1970,98.6116 18.1961,98.6113
108	p	18.5742,97.9367 18.5762,97.9380 18.5759,97.9396 18.5768,97.9408 18.5774,97.9419
106	p	17.7618,98.9954 17.7622,98.9971 17.7621,98.9987 17.7616,99.0003 17.7611,99.0021 17.7589,99.0059 17.7581,99.0090 17.7577,99.0105 17.7566,99.0130 17.7551,99.0157 17.7534,99.0179 17.7527,99.0194 17.7510,99.0210 17.7487,99.0222 17.7472,99.0230 17.7453,99.0237 17.7438,99.0244 17.7423,99.0250 17.7410,99.0262 17.7400,99.0277 17.7388,99.0290 17.7383,99.0311 17.7381,99.0333 17.7379,99.0354 17.7375,99.0369 17.7356,99.0381 17.7338,99.0388 17.7323,99.0397 17.7308,99.0409 17.7292,99.0415 17.7263,99.0421 17.7246,99.0418 17.7222,99.0434 17.7203,99.0435 17.7193,99.0446 17.7188,99.0461 17.7178,99.0471 17.7171,99.0484 17.7157,99.0499 17.7151,99.0529 17.7150,99.0550 17.7144,99.0565 17.7129,99.0574 17.7099,99.0581 17.7085,99.0584 17.7075,99.0596 17.7062,99.0604 17.7045,99.0606 17.7032,99.0618 17.7013,99.0625 17.6999,99.0625 17.6985,99.0627 17.6969,99.0632 17.6962,99.0648 17.6948,99.0650 17.6932,99.0637 17.6924,99.0625 17.6911,99.0626 17.6898,99.0643 17.6883,99.0652 17.6875,99.0664 17.6865,99.0674 17.6846,99.0676 17.6829,99.0675 17.6833,99.0690 17.6817,99.0682 17.6812,99.0667 17.6808,99.0654 17.6799,99.0666 17.6786,99.0659 17.6790,99.0675 17.6796,99.0690 17.6787,99.0703 17.6800,99.0704 17.6809,99.0715 17.6824,99.0724 17.6822,99.0739 17.6834,99.0749 17.6819,99.0755 17.6832,99.0763 17.6840,99.0775 17.6848,99.0792 17.6836,99.0800 17.6845,99.0811 17.6834,99.0821 17.6828,99.0837 17.6814,99.0836 17.6799,99.0838 17.6791,99.0822 17.6784,99.0835 17.6782,99.0852 17.6775,99.0865 17.6781,99.0881 17.6767,99.0886 17.6753,99.0890 17.6756,99.0906 17.6743,99.0921 17.6736,99.0935 17.6726,99.0945 17.6720,99.0958 17.6707,99.0963 17.6699,99.0976 17.6693,99.0989 17.6707,99.0993 17.6711,99.1007 17.6719,99.1020 17.6737,99.1022 17.6752,99.1028 17.6749,99.1048 17.6743,99.1062 17.6741,99.1078 17.6742,99.1095 17.6754,99.1105 17.6739,99.1109 17.6729,99.1119 17.6715,99.1125 17.6706,99.1137 17.6696,99.1147 17.6678,99.1151 17.6659,99.1154 17.6643,99.1153 17.6630,99.1159 17.6618,99.1153 17.6605,99.1161 17.6596,99.1181 17.6587,99.1193 17.6572,99.1194 17.6558,99.1197 17.6544,99.1201 17.6536,99.1214 17.6522,99.1212 17.6522,99.1226 17.6512,99.1237 17.6502,99.1248 17.6508,99.1268 17.6520,99.1281 17.6537,99.1298 17.6550,99.1316 17.6563,99.1326 17.6573,99.1338 17.6573,99.1352 17.6569,99.1368 17.6566,99.1384 17.6565,99.1403 17.6587,99.1453 17.6587,99.1477 17.6585,99.1503 17.6583,99.1520 17.6582,99.1538 17.6579,99.1567 17.6571,99.1644
106	p	18.0757,98.8943 18.0750,98.8929 18.0747,98.8915
1	t	17.6461,99.2427 17.6475,99.2437 17.6485,99.2450 17.6495,99.2466 17.6504,99.2480 17.6512,99.2491 17.6524,99.2502 17.6537,99.2508 17.6552,99.2510 17.6568,99.2507 17.6582,99.2500 17.6592,99.2491 17.6610,99.2469 17.6619,99.2456 17.6631,99.2448 17.6647,99.2444 17.6663,99.2446 17.6684,99.2450 17.6698,99.2450 17.6734,99.2437 17.6768,99.2424
1	t	18.0125,99.3578 18.0108,99.3567 18.0020,99.3555 18.0017,99.3555
11	t	18.6962,99.0490 18.6976,99.0489 18.6990,99.0486 18.7008,99.0481
108	p	19.1890,97.9837 19.1907,97.9835 19.1931,97.9833 19.1946,97.9836 19.1960,97.9846 19.1972,97.9854 19.1986,97.9857 19.1996,97.9845 19.2010,97.9835 19.2027,97.9828 19.2051,97.9821 19.2067,97.9824 19.2085,97.9823 19.2099,97.9818 19.2112,97.9813 19.2127,97.9795 19.2148,97.9763 19.2159,97.9752 19.2164,97.9738 19.2175,97.9726 19.2194,97.9709 19.2219,97.9701 19.2237,97.9698 19.2256,97.9694 19.2272,97.9693 19.2289,97.9693 19.2308,97.9690 19.2321,97.9685 19.2341,97.9692 19.2363,97.9701 19.2387,97.9710 19.2401,97.9716 19.2414,97.9722 19.2428,97.9721 19.2448,97.9721 19.2465,97.9726 19.2479,97.9726 19.2494,97.9728 19.2513,97.9721 19.2528,97.9718 19.2541,97.9708 19.2552,97.9690 19.2560,97.9678 19.2573,97.9663 19.2591,97.9656 19.2606,97.9653 19.2622,97.9660 19.2640,97.9657 19.2658,97.9655 19.2676,97.9651 19.2696,97.9645 19.2711,97.9634 19.2718,97.9618 19.2720,97.9604 19.2730,97.9591 19.2745,97.9581 19.2760,97.9577 19.2777,97.9579 19.2799,97.9589 19.2811,97.9596 19.2824,97.9602
108	p	19.0652,97.9967 19.0669,97.9957 19.0682,97.9952 19.0696,97.9953 19.0707,97.9942 19.0718,97.9932 19.0736,97.9924 19.0751,97.9919 19.0766,97.9919 19.0783,97.9923 19.0805,97.9923 19.0820,97.9922 19.0832,97.9930 19.0843,97.9917 19.0864,97.9919 19.0883,97.9912 19.0898,97.9912 19.0912,97.9918 19.0926,97.9932 19.0928,97.9948 19.0941,97.9961 19.0956,97.9961 19.0971,97.9960 19.0986,97.9964 19.1002,97.9967 19.1015,97.9962 19.1026,97.9951 19.1040,97.9955 19.1055,97.9954 19.1073,97.9951 19.1081,97.9938 19.1095,97.9938 19.1113,97.9935 19.1126,97.9927 19.1140,97.9933 19.1154,97.9929 19.1166,97.9936 19.1173,97.9923 19.1183,97.9913 19.1193,97.9927 19.1208,97.9932 19.1224,97.9920 19.1237,97.9905 19.1250,97.9900
108	p	18.9499,97.9679 18.9505,97.9664 18.9527,97.9662 18.9543,97.9669 18.9530,97.9684 18.9532,97.9698 18.9551,97.9689
108	p	18.8498,97.9447 18.8531,97.9451 18.8562,97.9456 18.8578,97.9461 18.8613,97.9474 18.8632,97.9480 18.8670,97.9494 18.8718,97.9482 18.8742,97.9474 18.8755,97.9465 18.8771,97.9448 18.8780,97.9434 18.8801,97.9422 18.8815,97.9411 18.8832,97.9377 18.8834,97.9361 18.8843,97.9350 18.8857,97.9345 18.8870,97.9321 18.8880,97.9303 18.8893,97.9298 18.8902,97.9308 18.8918,97.9310 18.8931,97.9311 18.8932,97.9292 18.8948,97.9292 18.8964,97.9294 18.8974,97.9306 18.8977,97.9321 18.8992,97.9316 18.9005,97.9319 18.8995,97.9340 18.9002,97.9352 18.9017,97.9358 18.9031,97.9361 18.9037,97.9375 18.9055,97.9393 18.9056,97.9408 18.9067,97.9416 18.9081,97.9425 18.9097,97.9433 18.9109,97.9442
108	p	18.7556,97.9276 18.7568,97.9286 18.7573,97.9300 18.7591,97.9315 18.7623,97.9326 18.7650,97.9345 18.7660,97.9356 18.7670,97.9375 18.7683,97.9388 18.7700,97.9388 18.7721,97.9385 18.7734,97.9393 18.7742,97.9405 18.7761,97.9404 18.7766,97.9387 18.7780,97.9378 18.7794,97.9383 18.7793,97.9397 18.7807,97.9405 18.7818,97.9393 18.7832,97.9388 18.7847,97.9384 18.7863,97.9380 18.7884,97.9373 18.7893,97.9359 18.7905,97.9349 18.7914,97.9336 18.7930,97.9328 18.7945,97.9327 18.7964,97.9323 18.7977,97.9315 18.7994,97.9312 18.8010,97.9310 18.8030,97.9307 18.8044,97.9302 18.8051,97.9303
108	p	18.6966,97.9188 18.6982,97.9186 18.7005,97.9173 18.7018,97.9168 18.7032,97.9166 18.7033,97.9151 18.7043,97.9139 18.7055,97.9131 18.7068,97.9123 18.7081,97.9116 18.7091,97.9106 18.7106,97.9111 18.7126,97.9109 18.7141,97.9093 18.7154,97.9086 18.7168,97.9083 18.7187,97.9082 18.7209,97.9077 18.7226,97.9078 18.7240,97.9080 18.7276,97.9115 18.7279,97.9122
108	p	18.6520,97.9298 18.6537,97.9305 18.6549,97.9310 18.6564,97.9307 18.6579,97.9311 18.6596,97.9306 18.6608,97.9299 18.6615,97.9284 18.6635,97.9278 18.6649,97.9286 18.6667,97.9293 18.6680,97.9284 18.6696,97.9275 18.6709,97.9269 18.6720,97.9258 18.6733,97.9246 18.6748,97.9244 18.6766,97.9232 18.6781,97.9220 18.6797,97.9213 18.6816,97.9202 18.6829,97.9197 18.6847,97.9198 18.6865,97.9194 18.6879,97.9196 18.6905,97.9216 18.6928,97.9220 18.6951,97.9214 18.6960,97.9202 18.6962,97.9198
128	p	19.3324,97.9500 19.3307,97.9501 19.3280,97.9500 19.3257,97.9500 19.3224,97.9498 19.3188,97.9496 19.3149,97.9497 19.3131,97.9498 19.3105,97.9499 19.3055,97.9501 19.3016,97.9503 19.2965,97.9506 19.2930,97.9509 19.2919,97.9510
128	p	19.3339,97.9500 19.3324,97.9500
128	p	19.2900,97.9521 19.2898,97.9537 19.2885,97.9566 19.2876,97.9579 19.2862,97.9585 19.2843,97.9588
105	p	18.1573,97.9416 18.1559,97.9414 18.1545,97.9414 18.1529,97.9411 18.1514,97.9406 18.1498,97.9402 18.1482,97.9393 18.1468,97.9390 18.1454,97.9394 18.1440,97.9402 18.1426,97.9406 18.1411,97.9408 18.1392,97.9411 18.1370,97.9411 18.1354,97.9414 18.1340,97.9416 18.1313,97.9412 18.1299,97.9410 18.1271,97.9396 18.1255,97.9386 18.1243,97.9379 18.1220,97.9381 18.1197,97.9387 18.1182,97.9388 18.1169,97.9382 18.1166,97.9367 18.1152,97.9368 18.1140,97.9373 18.1125,97.9370 18.1110,97.9366 18.1091,97.9367 18.1074,97.9368 18.1059,97.9369 18.1039,97.9367 18.0988,97.9358 18.0959,97.9360 18.0942,97.9367 18.0924,97.9380 18.0909,97.9383 18.0895,97.9378 18.0880,97.9372 18.0867,97.9367 18.0852,97.9366 18.0830,97.9371 18.0806,97.9358 18.0791,97.9349 18.0766,97.9345 18.0753,97.9341 18.0736,97.9341 18.0714,97.9342 18.0685,97.9334 18.0670,97.9328 18.0652,97.9321 18.0638,97.9317 18.0621,97.9316 18.0597,97.9325 18.0583,97.9329 18.0564,97.9329 18.0544,97.9330 18.0526,97.9330 18.0511,97.9329 18.0494,97.9327 18.0480,97.9325 18.0461,97.9321 18.0447,97.9314 18.0434,97.9304 18.0417,97.9300 18.0403,97.9300 18.0389,97.9299 18.0377,97.9307 18.0355,97.9310 18.0340,97.9315 18.0326,97.9314 18.0311,97.9310 18.0297,97.9316 18.0285,97.9309 18.0263,97.9303 18.0251,97.9295 18.0247,97.9273 18.0244,97.9258 18.0240,97.9243 18.0245,97.9227 18.0252,97.9214 18.0247,97.9206
105	p	18.0244,97.9204 18.0231,97.9191 18.0218,97.9182 18.0200,97.9177 18.0186,97.9177 18.0177,97.9189 18.0157,97.9210 18.0143,97.9216 18.0110,97.9212 18.0095,97.9205 18.0086,97.9190 18.0088,97.9173 18.0084,97.9157 18.0042,97.9153 18.0029,97.9159 18.0022,97.9173 18.0005,97.9176 17.9989,97.9180 17.9982,97.9196 17.9976,97.9209 17.9961,97.9223 17.9931,97.9233 17.9918,97.9237 17.9904,97.9251 17.9891,97.9263 17.9876,97.9275 17.9860,97.9281 17.9836,97.9288 17.9819,97.9293 17.9805,97.9292 17.9790,97.9293 17.9769,97.9281 17.9748,97.9275 17.9734,97.9275 17.9713,97.9288 17.9696,97.9289 17.9680,97.9287 17.9661,97.9281 17.9628,97.9304 17.9618,97.9313 17.9608,97.9322 17.9596,97.9330 17.9586,97.9343 17.9561,97.9354 17.9541,97.9364 17.9527,97.9377 17.9517,97.9388 17.9502,97.9398 17.9489,97.9407 17.9479,97.9418 17.9471,97.9430 17.9460,97.9440 17.9445,97.9445 17.9433,97.9454 17.9418,97.9457 17.9406,97.9451 17.9394,97.9461 17.9392,97.9479 17.9382,97.9492 17.9369,97.9493 17.9354,97.9494 17.9341,97.9486 17.9322,97.9500 17.9310,97.9509 17.9315,97.9523 17.9326,97.9531 17.9324,97.9546 17.9331,97.9559 17.9317,97.9561 17.9307,97.9568
105	p	17.9302,97.9578 17.9282,97.9579 17.9253,97.9578 17.9239,97.9580 17.9225,97.9579 17.9196,97.9585 17.9181,97.9586 17.9166,97.9595 17.9152,97.9595 17.9136,97.9600 17.9122,97.9602 17.9105,97.9602 17.9087,97.9599 17.9067,97.9599 17.9053,97.9604 17.9039,97.9605 17.9024,97.9603 17.9009,97.9606 17.8997,97.9598 17.8982,97.9612 17.8967,97.9616 17.8960,97.9629 17.8946,97.9620 17.8937,97.9630 17.8928,97.9642 17.8917,97.9650 17.8901,97.9651 17.8896,97.9665 17.8882,97.9654 17.8870,97.9648 17.8856,97.9646 17.8844,97.9653 17.8831,97.9658 17.8815,97.9658 17.8803,97.9650 17.8788,97.9656 17.8773,97.9650
105	p	17.8661,97.9668 17.8654,97.9675
1	t	19.1507,99.9124 19.1525,99.9127 19.1546,99.9131 19.1549,99.9132
1016	p	20.1558,99.8601 20.1562,99.8613
107	p	20.1377,99.8567 20.1383,99.8553 20.1382,99.8546
1	t	18.2645,99.4681 18.2657,99.4693 18.2670,99.4709 18.2678,99.4721 18.2693,99.4741 18.2703,99.4755 18.2729,99.4791
1	t	18.2840,99.5118 18.2831,99.5107 18.2830,99.5105
120	p	19.1055,99.6910 19.1040,99.6919 19.1030,99.6930 19.1022,99.6954 19.1000,99.6976 19.0993,99.6993 19.1003,99.7030 19.1004,99.7052 19.0982,99.7096 19.0957,99.7109 19.0932,99.7138 19.0916,99.7139 19.0902,99.7133 19.0873,99.7129 19.0859,99.7134 19.0829,99.7157 19.0809,99.7153 19.0795,99.7147 19.0782,99.7156 19.0770,99.7179 19.0748,99.7185 19.0741,99.7198 19.0745,99.7226 19.0747,99.7240 19.0740,99.7261 19.0726,99.7271 19.0713,99.7278 19.0701,99.7288 19.0684,99.7290 19.0669,99.7284 19.0655,99.7281 19.0640,99.7288 19.0640,99.7308 19.0653,99.7314 19.0665,99.7347 19.0652,99.7434 19.0652,99.7452 19.0642,99.7473 19.0635,99.7490 19.0627,99.7503 19.0630,99.7519 19.0629,99.7534 19.0638,99.7546 19.0651,99.7550 19.0656,99.7564 19.0665,99.7576 19.0663,99.7592 19.0676,99.7600 19.0686,99.7610 19.0685,99.7628 19.0691,99.7641 19.0698,99.7654 19.0715,99.7665 19.0720,99.7679 19.0706,99.7678 19.0699,99.7693 19.0715,99.7706 19.0728,99.7717 19.0717,99.7727 19.0703,99.7728 19.0689,99.7724 19.0676,99.7718 19.0661,99.7721 19.0646,99.7725 19.0632,99.7730 19.0625,99.7743 19.0617,99.7759 19.0613,99.7769
1	t	19.1663,99.9104 19.1680,99.9089 19.1694,99.9078
121	p	18.7500,99.0546 18.7516,99.0560 18.7519,99.0564
121	p	18.7584,99.0626 18.7600,99.0637 18.7614,99.0645 18.7627,99.0651 18.7644,99.0656 18.7660,99.0661 18.7670,99.0664
11	t	18.7928,99.0231 18.7897,99.0249 18.7882,99.0257 18.7866,99.0263 18.7860,99.0264
11	t	18.8099,99.0049 18.8101,99.0023
11	t	18.8102,99.0023 18.8101,99.0049
11	t	18.8101,99.0049 18.8100,99.0061
106	p	17.6405,99.2357 17.6407,99.2343
106	p	17.6407,99.2343 17.6406,99.2357
127	t	18.2511,99.5352 18.2514,99.5367 18.2522,99.5381 18.2533,99.5390 18.2564,99.5402
11	t	18.8103,98.9997 18.8106,98.9976 18.8109,98.9960
11	t	18.8120,98.9843 18.8122,98.9863 18.8122,98.9877
11	t	18.8013,98.9678 18.8014,98.9679
101	p	19.5819,101.0523 19.5820,101.0494 19.5825,101.0474 19.5831,101.0462 19.5823,101.0449 19.5822,101.0435 19.5824,101.0419 19.5811,101.0415 19.5794,101.0409 19.5777,101.0406 19.5762,101.0405 19.5741,101.0394 19.5727,101.0385 19.5740,101.0379 19.5751,101.0393 19.5767,101.0392 19.5771,101.0377 19.5784,101.0372 19.5778,101.0357 19.5766,101.0348 19.5756,101.0338 19.5758,101.0321 19.5775,101.0319 19.5776,101.0305 19.5790,101.0302 19.5800,101.0287 19.5810,101.0276 19.5823,101.0264 19.5832,101.0248 19.5841,101.0238 19.5839,101.0222 19.5837,101.0204 19.5822,101.0196 19.5809,101.0186 19.5806,101.0165 19.5817,101.0148 19.5827,101.0136 19.5835,101.0122 19.5866,101.0109 19.5878,101.0101 19.5894,101.0099 19.5900,101.0084 19.5900,101.0070 19.5908,101.0056 19.5917,101.0044 19.5931,101.0040 19.5942,101.0031 19.5944,101.0013 19.5945,100.9996 19.5956,100.9988 19.5957,100.9969 19.5954,100.9954 19.5940,100.9948 19.5942,100.9930 19.5953,100.9917 19.5964,100.9908 19.5968,100.9890 19.5973,100.9859 19.5973,100.9835 19.5977,100.9820 19.5972,100.9805 19.5962,100.9793 19.5968,100.9775 19.5974,100.9788 19.5984,100.9775 19.5984,100.9760 19.5977,100.9748 19.5965,100.9741 19.5970,100.9712 19.5956,100.9713 19.5945,100.9705 19.5934,100.9689 19.5926,100.9676 19.5925,100.9660 19.5920,100.9647 19.5909,100.9636 19.5914,100.9622 19.5899,100.9623 19.5892,100.9637 19.5879,100.9641 19.5860,100.9628 19.5845,100.9628 19.5836,100.9617 19.5826,100.9606 19.5824,100.9591 19.5828,100.9577 19.5824,100.9562 19.5820,100.9542 19.5821,100.9526 19.5813,100.9506 19.5810,100.9487 19.5809,100.9471 19.5797,100.9451 19.5785,100.9436 19.5761,100.9410 19.5750,100.9393 19.5753,100.9372 19.5740,100.9363 19.5726,100.9357 19.5724,100.9337 19.5714,100.9327 19.5711,100.9312 19.5725,100.9306 19.5728,100.9292 19.5712,100.9274 19.5695,100.9258 19.5686,100.9247 19.5675,100.9239 19.5662,100.9230 19.5651,100.9216 19.5636,100.9217 19.5613,100.9219 19.5597,100.9223 19.5583,100.9227 19.5564,100.9233 19.5523,100.9222 19.5508,100.9208 19.5483,100.9202 19.5470,100.9196 19.5455,100.9181 19.5427,100.9178 19.5409,100.9178 19.5382,100.9188 19.5370,100.9206 19.5362,100.9226 19.5349,100.9244 19.5339,100.9263 19.5328,100.9276 19.5300,100.9284 19.5287,100.9288 19.5270,100.9293 19.5257,100.9299 19.5249,100.9297
101	p	19.4885,100.8971 19.4861,100.8963 19.4847,100.8966 19.4834,100.8966 19.4807,100.8964 19.4791,100.8960 19.4765,100.8952 19.4750,100.8947 19.4723,100.8953 19.4704,100.8959 19.4690,100.8961 19.4665,100.8948 19.4644,100.8946 19.4621,100.8946 19.4593,100.8951 19.4575,100.8949 19.4508,100.8912 19.4491,100.8902 19.4478,100.8897 19.4463,100.8898 19.4448,100.8902 19.4434,100.8901 19.4421,100.8887 19.4408,100.8872 19.4394,100.8857 19.4381,100.8845 19.4367,100.8834 19.4355,100.8825 19.4342,100.8819 19.4328,100.8817 19.4292,100.8827 19.4266,100.8822 19.4239,100.8812 19.4224,100.8803 19.4210,100.8795 19.4196,100.8795 19.4181,100.8794 19.4164,100.8798 19.4148,100.8803 19.4132,100.8807 19.4119,100.8810 19.4097,100.8811 19.4076,100.8811 19.4056,100.8810 19.4053,100.8810
101	p	19.5193,100.9278 19.5183,100.9273
101	p	19.4049,100.8810 19.4026,100.8810 19.3997,100.8809 19.3982,100.8808 19.3967,100.8807 19.3951,100.8804 19.3934,100.8797 19.3917,100.8790 19.3904,100.8785 19.3883,100.8776 19.3867,100.8770 19.3848,100.8762 19.3813,100.8748 19.3794,100.8744 19.3776,100.8741 19.3755,100.8744 19.3741,100.8749 19.3716,100.8757 19.3702,100.8762 19.3688,100.8767 19.3675,100.8771 19.3653,100.8779 19.3635,100.8783 19.3615,100.8778 19.3486,100.8715 19.3472,100.8708 19.3459,100.8698 19.3448,100.8688 19.3435,100.8676 19.3418,100.8669 19.3405,100.8667 19.3391,100.8665 19.3369,100.8663 19.3353,100.8661 19.3315,100.8664 19.3293,100.8667 19.3279,100.8666 19.3264,100.8662
101	p	19.5819,101.0523 19.5834,101.0527 19.5844,101.0537 19.5861,101.0541 19.5874,101.0536 19.5890,101.0538 19.5897,101.0550 19.5907,101.0561 19.5921,101.0574 19.5934,101.0580 19.5949,101.0585 19.5960,101.0601 19.5974,101.0605 19.5996,101.0610 19.6002,101.0623 19.6001,101.0642 19.5995,101.0660 19.5993,101.0674 19.5984,101.0688 19.5976,101.0702 19.5971,101.0718 19.5970,101.0733 19.5971,101.0749 19.5960,101.0762 19.5950,101.0773 19.5944,101.0787 19.5934,101.0799 19.5927,101.0814 19.5938,101.0825 19.5961,101.0830 19.5966,101.0844 19.5963,101.0858 19.5963,101.0860
101	p	19.0155,100.7812 19.0149,100.7792
101	p	18.7839,100.7747 18.7853,100.7746 18.7861,100.7752
101	p	18.7757,100.7659 18.7753,100.7679 18.7754,100.7694 18.7755,100.7711 18.7757,100.7719
1	p	19.9201,99.8463 19.9222,99.8455
1	t	20.1527,99.8585 20.1539,99.8594 20.1553,99.8601 20.1560,99.8601
107	p	20.0615,99.3622 20.0607,99.3617
107	p	20.0571,99.3601 20.0556,99.3596 20.0542,99.3588 20.0531,99.3578 20.0519,99.3571 20.0508,99.3559 20.0503,99.3545 20.0501,99.3530 20.0495,99.3505 20.0495,99.3475 20.0491,99.3455 20.0489,99.3438 20.0491,99.3413 20.0491,99.3393 20.0485,99.3376 20.0469,99.3361 20.0452,99.3346 20.0441,99.3335 20.0428,99.3322 20.0417,99.3307 20.0410,99.3283 20.0401,99.3251 20.0397,99.3234 20.0393,99.3219 20.0389,99.3202
107	p	20.1088,99.6602 20.1073,99.6591 20.1060,99.6572 20.1052,99.6556 20.1050,99.6529 20.1048,99.6503 20.1053,99.6480 20.1044,99.6468 20.1053,99.6455 20.1038,99.6433 20.1050,99.6424 20.1051,99.6409 20.1041,99.6399 20.1048,99.6387 20.1045,99.6373 20.1046,99.6359 20.1046,99.6343 20.1054,99.6331 20.1042,99.6323 20.1042,99.6308 20.1044,99.6294 20.1040,99.6275 20.1029,99.6266 20.1033,99.6251 20.1028,99.6234 20.1015,99.6221 20.1029,99.6206 20.1035,99.6188 20.1035,99.6171 20.1036,99.6168
107	p	19.9520,99.2364 19.9521,99.2374
ชม.3029	p	18.8351,99.0028 18.8338,99.0035 18.8322,99.0044 18.8309,99.0051 18.8297,99.0057 18.8280,99.0064
ชม.3029	p	18.8431,98.9827 18.8451,98.9867
ชม.3029	p	18.8425,98.9817 18.8415,98.9799 18.8408,98.9786 18.8405,98.9778
ชม.3029	p	18.8450,98.9868 18.8429,98.9827
ชม.3029	p	18.7434,98.9592 18.7447,98.9569
ชม.3029	p	18.7430,98.9599 18.7418,98.9618 18.7416,98.9623
ชม.3029	p	18.7530,99.0337 18.7524,99.0317
ชม.3029	p	18.7515,99.0289 18.7509,99.0276
ชม.3029	p	18.7507,99.0269 18.7490,99.0226
107	p	19.4560,98.9919 19.4572,98.9913 19.4583,98.9925 19.4592,98.9938 19.4604,98.9953 19.4637,98.9981 19.4650,98.9990 19.4665,98.9999 19.4697,99.0019 19.4714,99.0029 19.4724,99.0041 19.4731,99.0054 19.4741,99.0066 19.4748,99.0078 19.4765,99.0080 19.4782,99.0083 19.4789,99.0101 19.4787,99.0117 19.4804,99.0132 19.4813,99.0154
1020	t	20.1362,100.4215 20.1367,100.4209
118	p	18.8963,99.1795 18.8948,99.1786 18.8936,99.1775 18.8930,99.1761 18.8929,99.1746 18.8931,99.1729 18.8928,99.1712 18.8923,99.1695 18.8913,99.1681 18.8903,99.1671 18.8892,99.1660 18.8881,99.1635 18.8875,99.1623
1021	p	19.5983,100.2952 19.5959,100.2965 19.5943,100.2973 19.5929,100.2979 19.5875,100.2988 19.5854,100.2990 19.5833,100.2991 19.5827,100.2991
1021	p	19.5398,100.2985 19.5398,100.2981
103	p	18.3104,100.2897 18.3118,100.2886 18.3143,100.2866 18.3172,100.2843 18.3198,100.2823 18.3214,100.2810 18.3228,100.2801 18.3250,100.2788 18.3273,100.2773
108	p	18.7224,98.9454 18.7199,98.9437 18.7180,98.9424 18.7167,98.9414 18.7151,98.9404 18.7147,98.9401
11	t	18.8014,98.9680 18.8013,98.9679
ชม.3029	p	18.8398,98.9742 18.8400,98.9735
1020	t	20.1376,100.4197 20.1383,100.4184 20.1393,100.4172 20.1408,100.4166 20.1424,100.4161 20.1437,100.4154 20.1458,100.4141 20.1475,100.4131 20.1493,100.4121 20.1509,100.4110 20.1530,100.4097 20.1547,100.4090 20.1564,100.4087 20.1622,100.4084 20.1655,100.4081 20.1677,100.4079 20.1746,100.4071 20.1763,100.4069 20.1777,100.4067 20.1814,100.4063 20.1838,100.4062 20.1856,100.4062 20.1873,100.4059 20.1891,100.4058 20.1911,100.4061 20.1937,100.4059 20.1958,100.4058 20.1974,100.4056 20.1987,100.4053 20.2005,100.4048 20.2020,100.4045 20.2035,100.4040 20.2049,100.4034 20.2065,100.4034 20.2093,100.4032 20.2107,100.4032 20.2125,100.4038 20.2152,100.4043 20.2153,100.4043
121	p	18.7234,98.9383 18.7236,98.9367 18.7238,98.9337 18.7240,98.9322 18.7241,98.9310
121	p	18.8437,98.9624 18.8450,98.9603 18.8467,98.9597 18.8488,98.9606 18.8520,98.9617 18.8533,98.9621 18.8560,98.9624 18.8599,98.9610 18.8648,98.9591 18.8662,98.9593 18.8671,98.9605 18.8671,98.9627
121	p	18.8123,98.9632 18.8127,98.9634
ชม.3029	p	18.7461,98.9819 18.7460,98.9811
ชม.3029	p	18.7448,98.9897 18.7442,98.9940 18.7439,98.9957 18.7435,98.9973 18.7430,98.9988 18.7425,99.0004 18.7424,99.0021 18.7426,99.0037 18.7430,99.0063 18.7433,99.0079 18.7437,99.0097 18.7441,99.0114
ชม.3029	p	18.7462,98.9825 18.7460,98.9840 18.7455,98.9866
ชม.3029	p	18.7453,98.9865 18.7460,98.9838 18.7461,98.9827
1136	p	18.6110,99.0290 18.6116,99.0276
1136	p	18.6139,99.0449 18.6142,99.0431
1136	p	18.6110,99.0293 18.6109,99.0298
108	p	18.2222,98.4817 18.2216,98.4804 18.2212,98.4792
108	p	18.2117,98.5884 18.2131,98.5882 18.2135,98.5868 18.2137,98.5853 18.2142,98.5839 18.2147,98.5824 18.2155,98.5811 18.2164,98.5799 18.2174,98.5789 18.2187,98.5776 18.2194,98.5763 18.2209,98.5752 18.2217,98.5739 18.2226,98.5722 18.2238,98.5714 18.2248,98.5703 18.2248,98.5684 18.2254,98.5669 18.2269,98.5663 18.2278,98.5649 18.2277,98.5635 18.2283,98.5613 18.2289,98.5600 18.2301,98.5592 18.2309,98.5578 18.2318,98.5564 18.2329,98.5547 18.2331,98.5530 18.2328,98.5516 18.2328,98.5499 18.2336,98.5487 18.2343,98.5464 18.2339,98.5439 18.2337,98.5423 18.2340,98.5409 18.2342,98.5393 18.2348,98.5368 18.2350,98.5353 18.2351,98.5338 18.2353,98.5323 18.2351,98.5313
ชม.3029	p	18.7801,99.0422 18.7775,99.0424
ชม.3029	p	18.7806,99.0422 18.7801,99.0422
ชม.3029	p	18.7801,99.0421 18.7806,99.0421
ชม.3029	p	18.7806,99.0421 18.7833,99.0419
11	t	18.8119,98.9838 18.8120,98.9843
11	t	18.8119,98.9844 18.8118,98.9838
11	t	18.8118,98.9838 18.8115,98.9812 18.8110,98.9789 18.8107,98.9781
121	p	18.7674,99.0665 18.7688,99.0670 18.7705,99.0675 18.7713,99.0678
ชม.3029	p	18.8400,98.9736 18.8398,98.9742
ชม.3029	p	18.8400,98.9735 18.8418,98.9726 18.8421,98.9719
129	t	18.1803,100.1830 18.1786,100.1825 18.1766,100.1818 18.1749,100.1813 18.1699,100.1797 18.1681,100.1791 18.1643,100.1778 18.1628,100.1773 18.1612,100.1769 18.1599,100.1764 18.1575,100.1757 18.1549,100.1749 18.1536,100.1745 18.1518,100.1739 18.1503,100.1734 18.1488,100.1729 18.1467,100.1722 18.1440,100.1714 18.1436,100.1713
121	p	18.8668,98.9735 18.8668,98.9754
121	p	18.8668,98.9754 18.8666,98.9805
106	p	18.5415,98.9389 18.5401,98.9386 18.5394,98.9388
106	p	18.5423,98.9392 18.5415,98.9389
128	p	19.3467,97.9607 19.3473,97.9613
128	p	19.3460,97.9599 19.3403,97.9533 19.3393,97.9522 19.3374,97.9508 19.3353,97.9501 19.3339,97.9500
114	p	18.5742,99.0092 18.5745,99.0087
1020	t	19.9466,100.3117 19.9480,100.3121 19.9496,100.3123 19.9512,100.3123 19.9529,100.3125 19.9544,100.3131 19.9562,100.3140 19.9581,100.3147 19.9599,100.3153 19.9638,100.3165 19.9653,100.3171 19.9665,100.3178 19.9682,100.3187 19.9701,100.3196 19.9714,100.3203 19.9728,100.3209 19.9748,100.3217 19.9760,100.3223 19.9787,100.3241 19.9801,100.3248 19.9812,100.3257 19.9826,100.3270 19.9838,100.3282 19.9851,100.3291 19.9863,100.3297 19.9875,100.3305 19.9893,100.3321 19.9903,100.3332 19.9912,100.3343 19.9924,100.3355 19.9935,100.3364 19.9946,100.3374 19.9957,100.3385 19.9971,100.3401 19.9981,100.3412 19.9999,100.3427
ชร.5023	p	19.9208,99.8615 19.9189,99.8609 19.9164,99.8604 19.9138,99.8599
ชร.5023	p	19.9262,99.8628 19.9240,99.8622 19.9229,99.8621
1020	t	20.1367,100.4209 20.1376,100.4197
1016	p	20.1562,99.8613 20.1579,99.8628 20.1601,99.8641 20.1622,99.8652 20.1642,99.8663 20.1659,99.8680 20.1669,99.8690 20.1684,99.8702 20.1695,99.8712 20.1709,99.8719 20.1722,99.8732 20.1733,99.8752 20.1750,99.8770 20.1769,99.8783 20.1789,99.8798 20.1804,99.8808 20.1810,99.8813
ชม.3029	p	18.8073,99.0283 18.8060,99.0293 18.8048,99.0301 18.8025,99.0312 18.8009,99.0321 18.7997,99.0329 18.7990,99.0344 18.7980,99.0355 18.7967,99.0359 18.7947,99.0369 18.7931,99.0377 18.7902,99.0394 18.7892,99.0399
ชม.3029	p	18.8099,99.0260 18.8122,99.0241 18.8128,99.0235
ชม.3029	p	18.8091,99.0266 18.8099,99.0260
ชม.3029	p	18.8099,99.0261 18.8092,99.0267
	p	18.7813,98.9778 18.7810,98.9775
107	p	19.4238,98.9748 19.4259,98.9757 19.4276,98.9766 19.4279,98.9768
116	p	18.4790,98.9469 18.4751,98.9498 18.4739,98.9508 18.4731,98.9522 18.4720,98.9541 18.4717,98.9548
1020	p	19.7881,100.2314 19.7860,100.2304 19.7844,100.2297 19.7831,100.2294 19.7814,100.2296 19.7801,100.2300 19.7784,100.2303 19.7770,100.2304 19.7754,100.2301 19.7740,100.2296 19.7724,100.2293 19.7706,100.2290 19.7689,100.2290 19.7665,100.2295 19.7645,100.2301 19.7626,100.2304 19.7602,100.2305 19.7586,100.2305 19.7573,100.2308 19.7550,100.2307 19.7534,100.2307 19.7524,100.2307
1020	p	19.7524,100.2307 19.7507,100.2306 19.7494,100.2301 19.7478,100.2291 19.7464,100.2285 19.7448,100.2278 19.7432,100.2275 19.7402,100.2274 19.7380,100.2279 19.7356,100.2284 19.7342,100.2285 19.7327,100.2284 19.7310,100.2287 19.7293,100.2292 19.7280,100.2299 19.7259,100.2304 19.7244,100.2307 19.7229,100.2310 19.7213,100.2313 19.7198,100.2314 19.7182,100.2311 19.7161,100.2304 19.7148,100.2296 19.7138,100.2284 19.7130,100.2266 19.7125,100.2250 19.7117,100.2235 19.7109,100.2221 19.7095,100.2202 19.7087,100.2189 19.7072,100.2172 19.7059,100.2152 19.7050,100.2140 19.7039,100.2127 19.7031,100.2119
1020	p	19.8086,100.2388 19.8102,100.2392 19.8118,100.2399
1290	p	20.2692,100.0771 20.2621,100.0818 20.2610,100.0828 20.2602,100.0844 20.2600,100.0860 20.2605,100.0903 20.2607,100.0919
121	p	18.7482,99.0530 18.7493,99.0541 18.7500,99.0546
121	p	18.7367,99.0396 18.7378,99.0419 18.7380,99.0422
121	p	18.7402,99.0455 18.7390,99.0442 18.7379,99.0428
ชม.3029	p	18.7640,99.0391 18.7625,99.0387
ชม.3029	p	18.7626,99.0386 18.7640,99.0390
ชม.3029	p	18.7549,99.0365 18.7538,99.0356 18.7530,99.0337
1141	p	18.7706,98.9757 18.7725,98.9760 18.7734,98.9762
121	p	18.8472,99.0141 18.8464,99.0153 18.8456,99.0165 18.8449,99.0173
121	p	18.8487,99.0118 18.8481,99.0128
121	p	18.8471,99.0137 18.8472,99.0135
109	p	19.8645,99.1803 19.8632,99.1820 19.8631,99.1821
116	p	18.5292,98.8656 18.5306,98.8633 18.5307,98.8631
121	p	18.7346,99.0352 18.7337,99.0329
121	p	18.7337,99.0329 18.7326,99.0303
101	p	18.7757,100.7719 18.7756,100.7730
	p	18.7957,98.9862 18.7960,98.9864
121	p	18.7245,98.9274 18.7243,98.9301 18.7241,98.9319 18.7241,98.9320
11	t	18.8035,99.0183 18.8040,99.0181
11	t	18.8040,99.0181 18.8055,99.0173 18.8068,99.0162 18.8070,99.0160
11	t	18.8041,99.0182 18.8036,99.0184
11	t	18.7837,99.0269 18.7832,99.0269
11	t	18.7832,99.0268 18.7837,99.0267
ชม.3029	p	18.7434,98.9592 18.7430,98.9599
107	p	20.1375,99.8522 20.1369,99.8503 20.1360,99.8476
1016	p	20.1562,99.8615 20.1560,99.8601
	p	20.1376,99.8525 20.1375,99.8522
107	p	19.1220,98.9443 19.1209,98.9430 19.1195,98.9422 19.1174,98.9413 19.1130,98.9395 19.1102,98.9383 19.1084,98.9375
107	p	19.1221,98.9442 19.1224,98.9446
107	p	19.1223,98.9447 19.1220,98.9443
107	p	19.1224,98.9446 19.1248,98.9474 19.1258,98.9485 19.1297,98.9491 19.1311,98.9492 19.1340,98.9488 19.1359,98.9485 19.1372,98.9482 19.1385,98.9477
116	p	18.5518,99.0374 18.5536,99.0389 18.5550,99.0401 18.5566,99.0413 18.5568,99.0415
107	p	18.9273,98.9396 18.9278,98.9398
ชม.3029	p	18.7493,98.9412 18.7493,98.9412
116	p	18.4889,98.9215 18.4893,98.9188 18.4896,98.9152 18.4898,98.9111 18.4900,98.9092 18.4902,98.9069 18.4905,98.9047 18.4907,98.9025 18.4910,98.9003 18.4914,98.8987 18.4920,98.8974 18.4934,98.8953 18.4946,98.8937 18.4963,98.8916 18.4986,98.8886 18.5003,98.8864 18.5013,98.8850 18.5029,98.8834 18.5047,98.8823 18.5073,98.8811
116	p	18.5073,98.8811 18.5108,98.8796 18.5118,98.8791
108	p	18.5592,98.8688 18.5566,98.8684 18.5551,98.8681 18.5538,98.8677 18.5508,98.8668 18.5470,98.8656 18.5447,98.8650 18.5431,98.8646 18.5414,98.8644 18.5399,98.8644 18.5383,98.8643 18.5365,98.8641 18.5347,98.8639 18.5311,98.8632 18.5295,98.8609 18.5286,98.8591 18.5285,98.8582
106	p	18.6489,99.0422 18.6486,99.0423
101	p	18.7756,100.7730 18.7773,100.7734 18.7789,100.7739 18.7806,100.7745 18.7826,100.7747 18.7839,100.7747
101	t	18.5715,100.7426 18.5687,100.7425 18.5676,100.7415 18.5672,100.7396 18.5668,100.7378 18.5662,100.7352 18.5658,100.7333 18.5653,100.7314 18.5649,100.7293 18.5646,100.7277 18.5633,100.7257 18.5615,100.7230 18.5599,100.7213 18.5580,100.7195 18.5569,100.7185 18.5558,100.7175 18.5547,100.7164 18.5536,100.7154 18.5525,100.7141 18.5493,100.7097 18.5484,100.7084 18.5472,100.7058 18.5463,100.7039 18.5456,100.7024 18.5451,100.7009 18.5454,100.6994 18.5458,100.6973 18.5460,100.6957 18.5456,100.6924 18.5455,100.6909 18.5456,100.6891 18.5454,100.6877 18.5448,100.6859 18.5438,100.6841 18.5431,100.6826 18.5416,100.6796 18.5401,100.6762 18.5389,100.6745 18.5377,100.6732 18.5373,100.6717 18.5374,100.6701 18.5372,100.6687
101	p	18.7960,100.7794 18.7954,100.7794
101	p	18.7960,100.7791 18.7967,100.7791
ชม.3029	p	18.7640,99.0390 18.7661,99.0396 18.7680,99.0401 18.7698,99.0406 18.7718,99.0412 18.7733,99.0416 18.7750,99.0421 18.7768,99.0423 18.7775,99.0423
ชม.3029	p	18.8398,98.9742 18.8402,98.9760
109	p	19.6557,99.5402 19.6558,99.5401
ชม.3029	p	18.8220,99.0161 18.8221,99.0159
ชม.3029	p	18.8222,99.0160 18.8221,99.0162
ชม.3029	p	18.8224,99.0156 18.8227,99.0151
ชม.3029	p	18.8221,99.0162 18.8192,99.0185 18.8171,99.0202 18.8170,99.0203
103	p	18.4238,100.1774 18.4234,100.1777
103	p	18.4275,100.1747 18.4256,100.1761 18.4238,100.1774
101	t	18.2860,100.2505 18.2885,100.2531 18.2899,100.2545 18.2911,100.2561 18.2919,100.2577 18.2926,100.2632 18.2928,100.2649 18.2931,100.2665 18.2936,100.2705 18.2939,100.2725 18.2941,100.2744 18.2947,100.2758 18.2963,100.2780 18.2974,100.2795 18.3003,100.2834 18.3013,100.2847 18.3024,100.2862 18.3035,100.2879 18.3044,100.2891 18.3058,100.2910 18.3068,100.2926 18.3080,100.2942 18.3091,100.2957 18.3102,100.2972 18.3113,100.2986 18.3121,100.2998 18.3134,100.3009 18.3149,100.3020 18.3164,100.3031 18.3176,100.3041 18.3189,100.3050 18.3206,100.3059 18.3218,100.3066 18.3230,100.3074 18.3247,100.3086 18.3263,100.3096 18.3276,100.3103 18.3288,100.3111 18.3308,100.3126 18.3322,100.3136 18.3333,100.3146
101	t	18.2857,100.2503 18.2860,100.2505
11	t	18.4636,99.1578 18.4629,99.1588
11	t	18.4627,99.1587 18.4634,99.1577
11	t	18.4634,99.1577 18.4644,99.1568 18.4654,99.1556 18.4659,99.1541 18.4660,99.1519 18.4658,99.1502 18.4660,99.1485
11	t	18.4662,99.1483 18.4668,99.1469 18.4672,99.1453 18.4671,99.1436 18.4666,99.1423 18.4655,99.1405 18.4644,99.1388 18.4638,99.1373 18.4634,99.1359 18.4626,99.1345 18.4623,99.1329 18.4630,99.1315 18.4639,99.1298 18.4647,99.1284 18.4661,99.1277 18.4695,99.1275 18.4760,99.1271 18.4778,99.1272 18.4794,99.1275 18.4824,99.1286 18.4864,99.1303 18.4867,99.1304
11	t	18.4662,99.1487 18.4660,99.1505 18.4663,99.1527 18.4660,99.1544 18.4655,99.1559 18.4636,99.1578
11	t	18.4660,99.1485 18.4662,99.1483
11	t	18.4663,99.1485 18.4662,99.1487
106	p	17.6413,99.2325 17.6407,99.2343
106	p	17.6416,99.2315 17.6413,99.2325
106	p	17.6304,99.2380 17.6301,99.2386
109	p	19.8035,99.2757 19.8029,99.2773 19.8022,99.2790 19.8016,99.2805 19.8005,99.2822 19.7997,99.2836 19.7999,99.2851 19.8007,99.2865 19.7999,99.2897 19.7998,99.2912 19.8002,99.2932 19.7998,99.2947 19.7995,99.2966 19.7984,99.2977 19.7979,99.3003 19.7975,99.3018 19.7967,99.3034 19.7956,99.3051 19.7953,99.3066 19.7960,99.3079 19.7961,99.3095 19.7940,99.3115 19.7921,99.3116 19.7912,99.3128 19.7898,99.3143 19.7887,99.3156 19.7879,99.3168 19.7870,99.3181 19.7857,99.3174 19.7844,99.3179 19.7837,99.3194 19.7834,99.3208 19.7819,99.3216 19.7807,99.3223 19.7793,99.3227 19.7778,99.3231 19.7761,99.3236 19.7750,99.3247 19.7736,99.3247 19.7724,99.3257 19.7726,99.3271 19.7738,99.3284 19.7742,99.3299 19.7746,99.3315 19.7737,99.3326 19.7731,99.3342 19.7732,99.3361 19.7724,99.3376 19.7719,99.3390 19.7698,99.3407 19.7692,99.3420 19.7695,99.3434 19.7710,99.3435 19.7697,99.3444 19.7686,99.3454 19.7673,99.3449 19.7666,99.3462 19.7669,99.3478 19.7653,99.3480 19.7643,99.3493 19.7641,99.3509 19.7644,99.3523 19.7644,99.3539 19.7635,99.3556 19.7621,99.3557 19.7617,99.3572 19.7606,99.3581 19.7591,99.3582 19.7581,99.3594 19.7567,99.3600 19.7552,99.3599 19.7542,99.3609 19.7548,99.3623 19.7537,99.3633 19.7525,99.3625 19.7512,99.3628 19.7499,99.3619 19.7484,99.3617 19.7475,99.3616
1	t	19.2179,99.8673 19.2216,99.8658 19.2249,99.8644
1	t	19.1849,99.8931 19.1865,99.8912 19.1875,99.8900 19.1886,99.8885 19.1897,99.8866 19.1910,99.8844
1	t	19.2300,99.8633 19.2285,99.8634 19.2266,99.8640 19.2250,99.8646
1	t	19.3311,99.8251 19.3332,99.8220 19.3335,99.8215
1	t	19.3386,99.8136 19.3376,99.8153 19.3368,99.8166
พย.ถ3-0001	p	19.1699,99.8971 19.1695,99.8985 19.1690,99.8999 19.1684,99.9014 19.1688,99.9033 19.1689,99.9035
พย.ถ1-0060	p	19.1893,99.8786 19.1879,99.8789 19.1864,99.8797 19.1851,99.8807 19.1845,99.8811
พย.ถ1-0060	p	19.1844,99.8811 19.1863,99.8796 19.1876,99.8789 19.1894,99.8784
พย.ถ3-0001	p	19.1709,99.8962 19.1719,99.8952 19.1727,99.8944
1	t	19.7138,99.7182 19.7160,99.7170
1	t	19.7160,99.7170 19.7175,99.7162 19.7191,99.7158 19.7226,99.7159 19.7239,99.7160 19.7256,99.7162 19.7272,99.7164 19.7297,99.7176 19.7340,99.7198 19.7373,99.7215 19.7389,99.7224 19.7407,99.7233 19.7424,99.7243 19.7449,99.7256 19.7450,99.7257
1	t	19.7161,99.7172 19.7139,99.7184
1	t	19.5001,99.7472 19.5005,99.7471
1	t	19.5005,99.7473 19.5001,99.7474
1	t	19.5760,99.7463 19.5773,99.7457 19.5790,99.7454 19.5806,99.7451 19.5823,99.7448 19.5837,99.7449 19.5862,99.7455 19.5889,99.7461 19.5908,99.7465 19.5926,99.7471 19.5952,99.7482 19.5970,99.7486 19.5987,99.7488 19.6006,99.7489 19.6020,99.7489 19.6039,99.7486 19.6070,99.7479 19.6085,99.7476 19.6102,99.7472 19.6118,99.7467 19.6133,99.7460 19.6147,99.7454 19.6175,99.7441 19.6193,99.7432 19.6207,99.7428 19.6266,99.7427 19.6296,99.7427 19.6330,99.7428 19.6361,99.7428 19.6378,99.7425 19.6403,99.7412 19.6416,99.7404 19.6431,99.7394 19.6448,99.7384 19.6464,99.7375 19.6487,99.7371 19.6506,99.7369 19.6519,99.7367 19.6536,99.7365 19.6555,99.7360 19.6571,99.7356 19.6595,99.7351 19.6655,99.7340 19.6671,99.7337 19.6686,99.7331 19.6702,99.7319 19.6717,99.7308 19.6740,99.7299 19.6762,99.7291 19.6782,99.7283 19.6799,99.7276 19.6828,99.7269 19.6845,99.7266 19.6858,99.7258 19.6881,99.7237 19.6898,99.7226 19.6917,99.7221 19.6934,99.7216 19.6951,99.7211 19.6977,99.7204 19.6997,99.7199 19.7018,99.7193 19.7038,99.7188 19.7052,99.7187 19.7075,99.7196 19.7091,99.7201 19.7106,99.7200 19.7138,99.7182
1	t	19.8263,99.7716 19.8267,99.7731 19.8272,99.7747 19.8277,99.7760 19.8293,99.7780
1	t	19.7990,99.7527 19.7967,99.7513 19.7945,99.7495 19.7911,99.7478 19.7897,99.7472 19.7876,99.7463
1020	t	19.8575,99.8441 19.8561,99.8453
1020	p	19.8702,99.8344 19.8716,99.8337 19.8734,99.8327 19.8755,99.8317 19.8766,99.8311
1020	t	19.8560,99.8451 19.8574,99.8440
1	p	19.9026,99.8402 19.9040,99.8406 19.9057,99.8408 19.9067,99.8407
1	p	19.9156,99.8465 19.9147,99.8454 19.9139,99.8437 19.9134,99.8427
1	p	19.9504,99.8488 19.9521,99.8495 19.9534,99.8501 19.9548,99.8507 19.9566,99.8515
1	p	19.9222,99.8457 19.9203,99.8464
1	p	19.9566,99.8515 19.9568,99.8517
1	t	19.9914,99.8637 19.9928,99.8642 19.9946,99.8647 19.9961,99.8652 19.9976,99.8656 19.9992,99.8661 20.0005,99.8664 20.0025,99.8668 20.0028,99.8669
1	p	19.9567,99.8518 19.9565,99.8517
1	p	19.9451,99.8471 19.9422,99.8462 19.9402,99.8456 19.9393,99.8454
1418	p	19.9567,99.8612 19.9568,99.8597 19.9582,99.8559 19.9588,99.8546 19.9594,99.8531
1	t	19.9727,99.8581 19.9690,99.8570 19.9675,99.8565 19.9661,99.8560 19.9653,99.8557
1	t	20.0506,99.8758 20.0521,99.8755 20.0538,99.8754 20.0552,99.8753 20.0565,99.8753 20.0581,99.8754 20.0638,99.8755 20.0671,99.8756 20.0697,99.8755 20.0717,99.8756 20.0733,99.8756 20.0749,99.8756 20.0767,99.8754 20.0786,99.8751 20.0804,99.8750 20.0820,99.8748 20.0846,99.8746 20.0865,99.8746 20.0888,99.8747 20.0903,99.8748 20.0923,99.8747 20.0939,99.8746 20.0963,99.8744 20.0982,99.8742 20.0996,99.8741 20.1036,99.8738
	p	20.1376,99.8522 20.1377,99.8525
107	p	20.1100,99.6849 20.1109,99.6835 20.1116,99.6822 20.1118,99.6805 20.1116,99.6789 20.1126,99.6779 20.1135,99.6762 20.1144,99.6747 20.1146,99.6733 20.1145,99.6730
1	t	20.1393,99.8565 20.1427,99.8568 20.1451,99.8571 20.1468,99.8573
107	p	20.1370,99.8503 20.1376,99.8522
1	t	20.1573,99.8596 20.1578,99.8594
1	t	20.1578,99.8595 20.1573,99.8597
1	t	20.1468,99.8575 20.1455,99.8573 20.1439,99.8571 20.1404,99.8567 20.1389,99.8567 20.1376,99.8574 20.1362,99.8589 20.1347,99.8606 20.1328,99.8620 20.1310,99.8635 20.1299,99.8644 20.1286,99.8655 20.1271,99.8670 20.1258,99.8676 20.1244,99.8679 20.1229,99.8680 20.1209,99.8687 20.1197,99.8692 20.1185,99.8701 20.1175,99.8711 20.1162,99.8724 20.1134,99.8731 20.1117,99.8732 20.1094,99.8734 20.1072,99.8736 20.1038,99.8739 20.1035,99.8739
1	t	20.1725,99.8527 20.1742,99.8528 20.1766,99.8528 20.1781,99.8531 20.1802,99.8538 20.1820,99.8544 20.1839,99.8550 20.1852,99.8554 20.1874,99.8561 20.1889,99.8566 20.1907,99.8572 20.1967,99.8592 20.1995,99.8591 20.2014,99.8590 20.2035,99.8588 20.2072,99.8586 20.2091,99.8584 20.2108,99.8582 20.2124,99.8581 20.2140,99.8580 20.2161,99.8578 20.2178,99.8571 20.2180,99.8570
1	t	20.1560,99.8601 20.1573,99.8596
1	t	20.2180,99.8572 20.2167,99.8578 20.2139,99.8581 20.2108,99.8583 20.2094,99.8585 20.2075,99.8587 20.2058,99.8588 20.2036,99.8590 20.2021,99.8591 20.1997,99.8593 20.1977,99.8595 20.1937,99.8584 20.1909,99.8574 20.1891,99.8568 20.1878,99.8564 20.1853,99.8556 20.1839,99.8551 20.1818,99.8545 20.1790,99.8536 20.1775,99.8531 20.1759,99.8530 20.1744,99.8529 20.1730,99.8529 20.1725,99.8529
1	t	20.2180,99.8570 20.2185,99.8568
1	t	20.2186,99.8569 20.2180,99.8572
1	t	20.2185,99.8568 20.2209,99.8563 20.2229,99.8562 20.2243,99.8562 20.2262,99.8561 20.2287,99.8561 20.2302,99.8561 20.2350,99.8561 20.2374,99.8560 20.2412,99.8560 20.2431,99.8560 20.2445,99.8560 20.2468,99.8559 20.2485,99.8559 20.2505,99.8559 20.2535,99.8559 20.2563,99.8558 20.2585,99.8560 20.2602,99.8562 20.2617,99.8564 20.2625,99.8567
1	p	20.4435,99.8809 20.4423,99.8814 20.4409,99.8820 20.4392,99.8828 20.4376,99.8834 20.4362,99.8840 20.4342,99.8849 20.4327,99.8852 20.4307,99.8851 20.4293,99.8848 20.4279,99.8844 20.4265,99.8837 20.4250,99.8830 20.4236,99.8826 20.4222,99.8831 20.4203,99.8837 20.4189,99.8842
101	t	18.5320,100.6579 18.5330,100.6591 18.5356,100.6637 18.5365,100.6655 18.5372,100.6687
101	t	18.5320,100.6579 18.5319,100.6560 18.5317,100.6539 18.5308,100.6522 18.5311,100.6505 18.5310,100.6489 18.5305,100.6466 18.5304,100.6446 18.5306,100.6431 18.5330,100.6415 18.5349,100.6404 18.5355,100.6387 18.5343,100.6375 18.5328,100.6351 18.5323,100.6325 18.5301,100.6274 18.5293,100.6238 18.5286,100.6222 18.5271,100.6208 18.5263,100.6190 18.5263,100.6163 18.5256,100.6148 18.5244,100.6137 18.5236,100.6117 18.5221,100.6099 18.5211,100.6089 18.5199,100.6054 18.5192,100.6039 18.5184,100.6021 18.5173,100.6011 18.5166,100.5999 18.5163,100.5982 18.5170,100.5962 18.5174,100.5946 18.5172,100.5926 18.5178,100.5912 18.5182,100.5895 18.5189,100.5875 18.5199,100.5853 18.5209,100.5828 18.5216,100.5810 18.5219,100.5789 18.5221,100.5770 18.5227,100.5757 18.5237,100.5745 18.5241,100.5731 18.5242,100.5713 18.5241,100.5686 18.5241,100.5669 18.5236,100.5654 18.5229,100.5640 18.5224,100.5625 18.5211,100.5596 18.5236,100.5562 18.5234,100.5536 18.5228,100.5523
101	t	18.0089,100.1052 18.0105,100.1055 18.0121,100.1059 18.0135,100.1065 18.0153,100.1073 18.0169,100.1080 18.0196,100.1090 18.0224,100.1100 18.0246,100.1108 18.0260,100.1109 18.0290,100.1108 18.0309,100.1106 18.0329,100.1106 18.0357,100.1109 18.0371,100.1110 18.0387,100.1111 18.0416,100.1114 18.0431,100.1115 18.0459,100.1118 18.0483,100.1121 18.0497,100.1123 18.0512,100.1126 18.0526,100.1132 18.0540,100.1143 18.0553,100.1149 18.0566,100.1155 18.0590,100.1165 18.0605,100.1171 18.0618,100.1177 18.0636,100.1185 18.0652,100.1191 18.0667,100.1194 18.0681,100.1198 18.0701,100.1203 18.0719,100.1208 18.0738,100.1214 18.0758,100.1221 18.0801,100.1237 18.0825,100.1248 18.0857,100.1266 18.0869,100.1273 18.0882,100.1280 18.0898,100.1289 18.0914,100.1298 18.0936,100.1310 18.0952,100.1317 18.0966,100.1321 18.0989,100.1327 18.1004,100.1332 18.1029,100.1341 18.1057,100.1351 18.1071,100.1357
101	p	18.1807,100.1823 18.1807,100.1829
101	t	18.2107,100.1992 18.2089,100.1993 18.2075,100.1988 18.2063,100.1980
120	p	19.2111,99.5196 19.2105,99.5260 19.2102,99.5295 19.2101,99.5297
1356	t	20.2162,100.4335 20.2163,100.4320 20.2164,100.4301 20.2165,100.4282 20.2164,100.4262 20.2161,100.4232 20.2153,100.4176 20.2149,100.4145 20.2146,100.4130 20.2146,100.4123
101	t	18.1096,100.1377 18.1084,100.1365 18.1068,100.1357 18.1045,100.1349 18.1028,100.1342 18.1013,100.1337 18.0999,100.1333 18.0984,100.1328 18.0968,100.1323 18.0951,100.1318 18.0937,100.1313 18.0910,100.1298 18.0877,100.1279 18.0862,100.1270 18.0848,100.1262 18.0830,100.1253 18.0812,100.1244 18.0790,100.1235 18.0777,100.1230 18.0764,100.1225 18.0739,100.1216 18.0723,100.1210 18.0701,100.1205 18.0678,100.1199 18.0652,100.1192 18.0632,100.1186 18.0617,100.1179 18.0594,100.1169 18.0579,100.1162 18.0561,100.1155 18.0548,100.1149 18.0535,100.1141 18.0523,100.1131 18.0507,100.1128 18.0492,100.1125 18.0466,100.1121 18.0438,100.1118 18.0417,100.1116 18.0396,100.1114 18.0354,100.1110 18.0329,100.1108 18.0313,100.1108 18.0297,100.1109 18.0259,100.1111 18.0245,100.1110 18.0228,100.1103 18.0212,100.1098 18.0195,100.1091 18.0162,100.1079 18.0127,100.1063 18.0111,100.1058 18.0091,100.1054 18.0090,100.1054
101	t	17.9693,100.0656 17.9698,100.0670 17.9705,100.0690 17.9710,100.0705 17.9719,100.0731
11	t	17.9693,100.0656 17.9692,100.0657
108	p	18.2223,98.4818 18.2222,98.4817
101	t	18.1806,100.1829 18.1807,100.1829
101	t	18.0090,100.1054 18.0086,100.1053
11	t	17.9687,100.0638 17.9693,100.0655
101	p	18.1101,100.1381 18.1114,100.1374 18.1138,100.1380 18.1153,100.1386
101	p	17.9547,99.9692 17.9553,99.9694
11	t	17.9692,100.0655 17.9686,100.0640 17.9686,100.0638
11	t	17.9677,100.0610 17.9686,100.0634
11	t	17.9692,100.0655 17.9693,100.0655
11	t	17.9686,100.0638 17.9684,100.0635
11	t	17.9684,100.0635 17.9676,100.0610 17.9672,100.0596 17.9668,100.0580
101	p	17.9552,99.9696 17.9544,99.9690
	t	17.9692,100.0657 17.9692,100.0655
101	t	18.0086,100.1052 18.0089,100.1052
11	t	17.9668,100.0580 17.9664,100.0562
101	p	17.9544,99.9690 17.9547,99.9692
11	t	17.9686,100.0634 17.9687,100.0638
	t	17.9693,100.0655 17.9693,100.0656
11	t	17.9664,100.0562 17.9660,100.0544 17.9658,100.0529 17.9692,100.0480 17.9711,100.0452 17.9721,100.0437
101	t	18.0086,100.1053 18.0069,100.1049 18.0047,100.1044 18.0032,100.1040 18.0010,100.1033 17.9993,100.1027 17.9962,100.1002 17.9950,100.0993 17.9932,100.0986 17.9908,100.0975 17.9895,100.0969 17.9867,100.0953 17.9843,100.0939 17.9831,100.0932 17.9812,100.0920 17.9796,100.0909 17.9782,100.0898 17.9774,100.0886 17.9766,100.0873 17.9760,100.0855 17.9755,100.0840 17.9749,100.0823 17.9741,100.0798 17.9731,100.0768
129	t	18.1111,100.1401 18.1118,100.1416 18.1138,100.1456 18.1146,100.1472 18.1153,100.1485 18.1160,100.1498 18.1168,100.1514 18.1176,100.1532 18.1183,100.1554 18.1188,100.1575 18.1198,100.1611 18.1202,100.1628 18.1209,100.1642 18.1224,100.1652 18.1236,100.1659 18.1253,100.1670 18.1273,100.1682 18.1289,100.1689 18.1321,100.1689 18.1355,100.1687 18.1369,100.1690 18.1384,100.1695 18.1406,100.1701
101	t	18.1106,100.1396 18.1099,100.1383 18.1096,100.1377
	t	18.1110,100.1398 18.1111,100.1401
	t	18.1109,100.1401 18.1108,100.1399
11	t	18.5473,99.0560 18.5485,99.0541 18.5503,99.0511 18.5512,99.0498 18.5524,99.0486 18.5529,99.0481
11	t	18.2703,99.4634 18.2694,99.4640
11	t	18.2388,99.5801 18.2396,99.5779 18.2400,99.5755 18.2404,99.5740 18.2412,99.5723 18.2422,99.5708 18.2442,99.5689 18.2458,99.5673 18.2465,99.5668
11	t	18.2312,99.5924 18.2318,99.5913
127	t	18.2515,99.4986 18.2514,99.4970 18.2514,99.4952 18.2514,99.4935 18.2517,99.4913 18.2520,99.4896 18.2526,99.4877
11	t	18.2695,99.4638 18.2703,99.4633
11	t	18.5529,99.0481 18.5542,99.0472 18.5557,99.0465 18.5572,99.0460 18.5591,99.0457
114	p	18.5743,99.0092 18.5738,99.0107
114	p	18.5737,99.0107 18.5742,99.0092
118	p	19.6708,99.5524 19.6709,99.5525
118	p	19.3606,99.5040 19.3610,99.5038
118	p	19.7462,99.7077 19.7463,99.7097 19.7463,99.7134 19.7463,99.7151 19.7465,99.7170 19.7466,99.7178
118	p	19.3268,99.5130 19.3273,99.5129
118	p	19.1862,99.5081 19.1870,99.5094 19.1882,99.5101 19.1896,99.5112 19.1914,99.5122 19.1930,99.5134 19.1934,99.5137
120	p	19.2111,99.5196 19.2111,99.5179
118	p	19.1383,99.4942 19.1360,99.4948 19.1347,99.4952 19.1330,99.4948 19.1314,99.4942 19.1302,99.4937 19.1282,99.4919 19.1273,99.4908 19.1263,99.4888 19.1256,99.4873 19.1250,99.4853 19.1245,99.4839 19.1238,99.4827 19.1229,99.4816 19.1216,99.4801 19.1206,99.4784 19.1199,99.4771 19.1200,99.4756 19.1208,99.4742 19.1213,99.4726 19.1212,99.4710 19.1207,99.4701
118	p	19.7460,99.7262 19.7469,99.7240 19.7472,99.7225 19.7468,99.7199 19.7466,99.7184 19.7466,99.7178
118	p	19.1140,99.4617 19.1148,99.4630 19.1158,99.4642 19.1169,99.4650 19.1180,99.4660 19.1189,99.4677 19.1200,99.4688 19.1209,99.4701
118	p	19.1843,99.5057 19.1848,99.5060
118	p	19.3260,99.5130 19.3249,99.5129
118	p	19.1862,99.5081 19.1855,99.5068 19.1847,99.5061
118	p	19.1138,99.4615 19.1140,99.4617
118	p	19.3610,99.5038 19.3623,99.5039
118	p	19.6709,99.5525 19.6727,99.5531 19.6734,99.5545 19.6737,99.5569 19.6727,99.5593 19.6715,99.5601 19.6712,99.5617 19.6764,99.5651 19.6775,99.5661 19.6782,99.5674 19.6801,99.5670 19.6811,99.5660 19.6825,99.5658 19.6848,99.5637 19.6862,99.5635 19.6872,99.5646 19.6877,99.5664 19.6878,99.5678 19.6877,99.5691
118	p	19.6530,99.5382 19.6543,99.5389 19.6553,99.5398 19.6555,99.5401
118	p	19.1383,99.4942 19.1385,99.4942
118	p	19.3251,99.5129 19.3260,99.5129
118	p	19.1385,99.4943 19.1383,99.4942
118	p	19.7466,99.7178 19.7469,99.7200 19.7472,99.7215 19.7473,99.7231 19.7467,99.7249
118	p	19.1138,99.4616 19.1130,99.4604 19.1125,99.4588 19.1118,99.4574 19.1103,99.4568 19.1099,99.4567
118	p	19.7462,99.6901 19.7462,99.6918 19.7461,99.6924
118	p	19.7460,99.6901 19.7460,99.6886 19.7461,99.6879
118	p	19.4881,99.4782 19.4897,99.4771 19.4924,99.4755 19.4937,99.4750 19.4951,99.4749 19.4987,99.4750 19.5007,99.4750 19.5021,99.4748 19.5034,99.4744 19.5048,99.4746 19.5059,99.4754 19.5075,99.4763 19.5089,99.4767 19.5104,99.4768 19.5118,99.4770 19.5136,99.4779 19.5149,99.4783 19.5185,99.4789 19.5200,99.4792 19.5214,99.4798 19.5227,99.4804 19.5241,99.4811 19.5257,99.4821 19.5278,99.4834 19.5306,99.4853 19.5318,99.4860 19.5333,99.4867 19.5353,99.4870 19.5367,99.4872 19.5380,99.4877 19.5391,99.4885 19.5401,99.4895 19.5412,99.4906 19.5424,99.4914 19.5444,99.4921 19.5458,99.4925 19.5474,99.4929 19.5491,99.4931 19.5505,99.4932 19.5520,99.4932 19.5550,99.4932 19.5564,99.4933 19.5581,99.4937 19.5595,99.4941 19.5609,99.4941 19.5625,99.4937 19.5640,99.4934 19.5657,99.4931 19.5678,99.4927 19.5689,99.4926
118	p	19.1848,99.5060 19.1858,99.5071 19.1862,99.5081
118	p	19.4878,99.4783 19.4881,99.4782
118	p	19.1385,99.4942 19.1402,99.4951 19.1414,99.4958 19.1428,99.4964 19.1449,99.4974 19.1471,99.4984 19.1492,99.4993 19.1506,99.4998 19.1523,99.5002 19.1538,99.5004 19.1562,99.5007 19.1576,99.5009 19.1589,99.5016 19.1621,99.5035 19.1639,99.5045 19.1653,99.5051 19.1687,99.5050 19.1719,99.5048 19.1741,99.5048 19.1757,99.5049
118	p	19.1847,99.5061 19.1842,99.5058
118	p	19.6521,99.5378 19.6530,99.5382
118	p	19.1139,99.4618 19.1138,99.4616
118	p	19.1842,99.5058 19.1821,99.5043 19.1807,99.5040 19.1787,99.5048 19.1773,99.5052 19.1757,99.5051
118	p	19.3625,99.5039 19.3639,99.5037 19.3656,99.5037 19.3679,99.5034 19.3694,99.5032 19.3711,99.5029 19.3726,99.5027 19.3740,99.5025 19.3787,99.5023
118	p	19.3623,99.5039 19.3625,99.5039
1020	p	19.8766,99.8311 19.8768,99.8311
1	p	19.8642,99.8221 19.8663,99.8234 19.8677,99.8242 19.8692,99.8251 19.8705,99.8259
1	t	19.7563,99.7329 19.7532,99.7311 19.7514,99.7302 19.7502,99.7293 19.7481,99.7277
1	t	19.8296,99.7788 19.8278,99.7763 19.8270,99.7747 19.8266,99.7733 19.8261,99.7716
1	t	19.7635,99.7351 19.7639,99.7352
1020	p	19.8702,99.8345 19.8687,99.8352 19.8669,99.8361 19.8655,99.8370 19.8643,99.8381 19.8632,99.8390 19.8620,99.8400 19.8616,99.8404
1	t	19.8329,99.7829 19.8326,99.7826
1020	p	19.8769,99.8312 19.8767,99.8312
1	t	19.7639,99.7354 19.7635,99.7353
1	t	19.8328,99.7825 19.8330,99.7828
1020	t	19.8561,99.8453 19.8541,99.8475
1020	t	19.8457,99.8666 19.8465,99.8655 19.8467,99.8636 19.8471,99.8622 19.8480,99.8610 19.8487,99.8598 19.8490,99.8593
1020	t	19.8497,99.8587 19.8488,99.8598 19.8481,99.8611 19.8472,99.8622 19.8468,99.8636 19.8467,99.8652 19.8463,99.8659
1020	t	19.8541,99.8475 19.8539,99.8478
1020	t	19.8540,99.8474 19.8555,99.8456 19.8560,99.8451
1020	t	19.8403,99.8745 19.8401,99.8747
1020	t	19.8538,99.8477 19.8540,99.8474
1020	t	19.8401,99.8747 19.8400,99.8749
101	t	18.6917,100.7478 18.6901,100.7478 18.6886,100.7477 18.6871,100.7477 18.6841,100.7476 18.6811,100.7481 18.6782,100.7487 18.6748,100.7494
101	t	18.7087,100.7506 18.7080,100.7505
101	t	18.6438,100.7409 18.6444,100.7410
101	t	18.6919,100.7478 18.6917,100.7478
101	t	18.6973,100.7478 18.6988,100.7479 18.7002,100.7482 18.7018,100.7486 18.7034,100.7489
101	t	18.7707,100.7648 18.7686,100.7644 18.7664,100.7636 18.7648,100.7630 18.7635,100.7624 18.7616,100.7617 18.7590,100.7607 18.7576,100.7601 18.7563,100.7596 18.7549,100.7591 18.7537,100.7585
101	t	18.6973,100.7479 18.6971,100.7479
101	t	18.6971,100.7479 18.6943,100.7478 18.6919,100.7478
101	t	18.7034,100.7490 18.7018,100.7487 18.6995,100.7481 18.6980,100.7479 18.6973,100.7479
101	t	18.7037,100.7490 18.7034,100.7490
101	t	18.7537,100.7584 18.7551,100.7590 18.7577,100.7600 18.7590,100.7606 18.7606,100.7612 18.7620,100.7617 18.7637,100.7624 18.7657,100.7632 18.7675,100.7640 18.7694,100.7645 18.7707,100.7648
101	t	18.7533,100.7582 18.7537,100.7584
101	t	18.7532,100.7583 18.7519,100.7580 18.7501,100.7578 18.7481,100.7572 18.7449,100.7561 18.7435,100.7557 18.7401,100.7553 18.7379,100.7552 18.7354,100.7550 18.7331,100.7548 18.7308,100.7546 18.7293,100.7545 18.7279,100.7543 18.7254,100.7537 18.7213,100.7525 18.7193,100.7519 18.7180,100.7517 18.7165,100.7516 18.7142,100.7511 18.7128,100.7508 18.7114,100.7505 18.7090,100.7507 18.7087,100.7506
101	t	18.7537,100.7585 18.7532,100.7583
101	t	18.5715,100.7425 18.5721,100.7426
ชม.3029	p	18.7454,98.9795 18.7458,98.9803
ชม.3029	p	18.7453,98.9795 18.7451,98.9792
ชม.3029	p	18.7452,98.9792 18.7454,98.9795
118	p	18.8463,99.0783 18.8471,99.0796 18.8480,99.0815 18.8508,99.0874 18.8515,99.0888 18.8521,99.0902 18.8528,99.0916 18.8543,99.0952 18.8559,99.0989
120	p	19.2101,99.5299 19.2100,99.5315
120	p	19.2099,99.5319 19.2098,99.5336 19.2094,99.5351 19.2067,99.5354 19.2029,99.5348 19.2011,99.5345 19.1962,99.5338 19.1948,99.5335 19.1930,99.5333 19.1917,99.5338 19.1906,99.5347 19.1881,99.5365
120	p	19.2101,99.5297 19.2101,99.5299
120	p	19.2100,99.5315 19.2099,99.5319
120	p	19.1445,99.6214 19.1444,99.6223
	p	18.8054,98.9603 18.8055,98.9601
121	p	18.8054,98.9603 18.8041,98.9596 18.8033,98.9595
4A	t	19.5976,101.0890 19.5984,101.0904 19.5994,101.0919 19.6001,101.0938 19.6010,101.0950
121	p	18.8056,98.9601 18.8066,98.9611 18.8073,98.9624 18.8081,98.9625
	p	18.8056,98.9601 18.8055,98.9603
101	p	19.1822,100.9198 19.1812,100.9189 19.1799,100.9175 19.1788,100.9164 19.1777,100.9153 19.1766,100.9141 19.1756,100.9131 19.1751,100.9116 19.1750,100.9097 19.1749,100.9081 19.1751,100.9065 19.1761,100.9031 19.1768,100.9022
107	p	19.1386,98.9478 19.1372,98.9483 19.1359,98.9486 19.1341,98.9489 19.1325,98.9492 19.1311,98.9493 19.1284,98.9491 19.1268,98.9490 19.1255,98.9484 19.1245,98.9473 19.1225,98.9448 19.1223,98.9447
108	p	18.8319,97.9360 18.8338,97.9373 18.8354,97.9378 18.8368,97.9387 18.8380,97.9396 18.8384,97.9410 18.8390,97.9422
108	p	18.8319,97.9360 18.8314,97.9352
108	p	18.8314,97.9352 18.8319,97.9360
108	p	18.6862,98.9193 18.6846,98.9189 18.6830,98.9186 18.6811,98.9182 18.6798,98.9179 18.6784,98.9174 18.6781,98.9173
108	p	18.1936,98.6116 18.1936,98.6116
108	p	18.1932,98.6093 18.1929,98.6071 18.1926,98.6055 18.1926,98.6041 18.1934,98.6026 18.1956,98.6006 18.1960,98.6003
108	p	18.1932,98.6093 18.1935,98.6112 18.1935,98.6115
108	p	18.1934,98.6116 18.1932,98.6100 18.1932,98.6093
108	p	18.1961,98.6113 18.1936,98.6118
108	p	18.1936,98.6116 18.1950,98.6114 18.1961,98.6113
121	p	18.8196,99.0517 18.8198,99.0516
106	p	17.7916,98.9529 17.7934,98.9529 17.7949,98.9528 17.7973,98.9515 17.7985,98.9509 17.7995,98.9505
106	p	17.8080,98.9434 17.8063,98.9452 17.8049,98.9468 17.8035,98.9484 17.8023,98.9495 17.7996,98.9506
106	p	17.7995,98.9505 17.8009,98.9499 17.8015,98.9497
108	p	18.6781,98.9173 18.6765,98.9168 18.6749,98.9160 18.6725,98.9148 18.6707,98.9139 18.6689,98.9130 18.6647,98.9109 18.6618,98.9094 18.6599,98.9085 18.6577,98.9074 18.6560,98.9066 18.6541,98.9057 18.6523,98.9050 18.6505,98.9043 18.6489,98.9037 18.6476,98.9031 18.6460,98.9026 18.6447,98.9021 18.6423,98.9012 18.6403,98.9004 18.6383,98.8997 18.6369,98.8992 18.6344,98.8984 18.6330,98.8979
108	p	18.6330,98.8979 18.6368,98.8990 18.6383,98.8996 18.6396,98.9000 18.6416,98.9007 18.6431,98.9013 18.6446,98.9019 18.6465,98.9026 18.6488,98.9035 18.6502,98.9040 18.6521,98.9048 18.6535,98.9053 18.6548,98.9059 18.6565,98.9066 18.6580,98.9074 18.6593,98.9080 18.6607,98.9087 18.6623,98.9095 18.6640,98.9104 18.6664,98.9116 18.6680,98.9124 18.6699,98.9134 18.6717,98.9143 18.6754,98.9161 18.6769,98.9168 18.6781,98.9173
108	p	18.6330,98.8979 18.6308,98.8972 18.6294,98.8967 18.6281,98.8963 18.6265,98.8957 18.6244,98.8953 18.6228,98.8954 18.6216,98.8958
109	p	19.8560,99.1960 19.8560,99.1977 19.8553,99.1990 19.8544,99.2006 19.8534,99.2025 19.8531,99.2031
11	t	18.6471,99.0534 18.6468,99.0534
11	t	18.6468,99.0533 18.6471,99.0533
11	t	18.6471,99.0533 18.6514,99.0529 18.6527,99.0528 18.6543,99.0526 18.6569,99.0524 18.6587,99.0523 18.6613,99.0520
1	t	18.3398,99.5418 18.3387,99.5410
1	t	18.2736,99.4802 18.2728,99.4791
1	t	18.2729,99.4791 18.2737,99.4802
1	t	18.3388,99.5408 18.3405,99.5422 18.3419,99.5437 18.3430,99.5448 18.3441,99.5460 18.3451,99.5470 18.3462,99.5483 18.3470,99.5496 18.3487,99.5526 18.3499,99.5546 18.3519,99.5579 18.3529,99.5597 18.3538,99.5612 18.3564,99.5653 18.3572,99.5668 18.3585,99.5689 18.3596,99.5709 18.3619,99.5748 18.3631,99.5768 18.3644,99.5790 18.3655,99.5808 18.3665,99.5824 18.3696,99.5876 18.3717,99.5912 18.3726,99.5927 18.3737,99.5945
1	t	18.2702,99.4756 18.2669,99.4710 18.2660,99.4698 18.2645,99.4682 18.2644,99.4682
11	t	18.2319,99.5915 18.2314,99.5924
11	t	18.2314,99.5924 18.2303,99.5939 18.2301,99.5940
11	p	18.2712,99.5260 18.2692,99.5286 18.2682,99.5301 18.2670,99.5318 18.2659,99.5330 18.2645,99.5340 18.2641,99.5342
11	t	18.1329,99.6213 18.1314,99.6221
118	p	18.8078,99.0240 18.8076,99.0237
118	p	18.8077,99.0236 18.8079,99.0239
118	p	18.8097,99.0264 18.8103,99.0273
1136	p	18.6141,99.0422 18.6131,99.0393 18.6125,99.0374 18.6120,99.0360 18.6116,99.0347
1136	p	18.6142,99.0431 18.6142,99.0440
108	p	18.7594,98.9709 18.7578,98.9697 18.7567,98.9689 18.7555,98.9681 18.7543,98.9673 18.7538,98.9669
107	p	19.3485,98.9606 19.3469,98.9611 19.3452,98.9609 19.3435,98.9605 19.3415,98.9599 19.3393,98.9591 19.3376,98.9585 19.3349,98.9572 19.3333,98.9565 19.3318,98.9558 19.3302,98.9552 19.3279,98.9544 19.3260,98.9541
116	p	18.5515,99.0372 18.5518,99.0374
101	p	19.1296,100.8185 19.1274,100.8174 19.1259,100.8167 19.1245,100.8154 19.1230,100.8139 19.1213,100.8122 19.1202,100.8111 19.1189,100.8103 19.1132,100.8102 19.1114,100.8102 19.1097,100.8102 19.1078,100.8102 19.1064,100.8099 19.1050,100.8093 19.1033,100.8086 19.1016,100.8086 19.1000,100.8086 19.0975,100.8087
107	p	20.0010,99.2589 20.0001,99.2575 19.9991,99.2562 19.9980,99.2552 19.9966,99.2546 19.9951,99.2541 19.9939,99.2534 19.9925,99.2525 19.9909,99.2510 19.9892,99.2497 19.9878,99.2490 19.9860,99.2484 19.9844,99.2478 19.9825,99.2475 19.9809,99.2474 19.9786,99.2470 19.9772,99.2466 19.9742,99.2457 19.9717,99.2450 19.9691,99.2443 19.9672,99.2439 19.9658,99.2437 19.9643,99.2434 19.9629,99.2429 19.9612,99.2423 19.9592,99.2409 19.9578,99.2399 19.9544,99.2382 19.9536,99.2379
107	p	20.0143,99.2669 20.0139,99.2667
ชร.5023	t	19.8583,99.8390 19.8542,99.8353 19.8531,99.8344 19.8508,99.8310 19.8503,99.8297 19.8500,99.8277 19.8498,99.8258 19.8496,99.8242 19.8492,99.8225 19.8488,99.8210 19.8486,99.8179 19.8484,99.8163 19.8484,99.8146 19.8484,99.8128 19.8484,99.8113 19.8484,99.8099 19.8494,99.8087
ชร.5023	p	19.9304,99.8639 19.9287,99.8636 19.9269,99.8630
ชร.5023	p	19.9269,99.8629 19.9289,99.8635
ชร.5023	t	19.8493,99.8089 19.8487,99.8105 19.8486,99.8123 19.8486,99.8145 19.8486,99.8160 19.8487,99.8178 19.8489,99.8207 19.8494,99.8224 19.8498,99.8241 19.8500,99.8257 19.8501,99.8277 19.8503,99.8291 19.8509,99.8308 19.8529,99.8338 19.8538,99.8348 19.8558,99.8365 19.8581,99.8385 19.8587,99.8390
ชร.5023	p	19.9229,99.8619 19.9245,99.8622 19.9262,99.8627
106	p	18.2922,98.8155 18.2937,98.8157 18.2955,98.8160 18.2969,98.8157 18.2984,98.8154 18.2999,98.8151 18.3019,98.8167 18.3028,98.8179 18.3037,98.8192 18.3049,98.8198 18.3067,98.8204 18.3081,98.8209 18.3104,98.8228
106	p	18.0757,98.8943 18.0770,98.8948 18.0792,98.8946 18.0814,98.8944 18.0832,98.8943 18.0857,98.8941 18.0875,98.8939 18.0888,98.8938 18.0906,98.8936 18.0922,98.8935 18.0968,98.8930 18.0986,98.8929 18.1015,98.8932 18.1030,98.8933 18.1056,98.8935 18.1074,98.8937 18.1089,98.8931 18.1096,98.8928
106	p	18.3292,98.8175 18.3270,98.8175 18.3256,98.8174 18.3236,98.8173 18.3221,98.8175 18.3182,98.8202 18.3168,98.8216 18.3158,98.8230 18.3145,98.8240 18.3126,98.8244 18.3111,98.8238
118	p	18.8571,99.1020 18.8564,99.1002 18.8554,99.0979 18.8542,99.0953 18.8525,99.0914 18.8518,99.0899 18.8508,99.0877 18.8485,99.0827 18.8477,99.0810 18.8473,99.0804
118	p	19.0160,99.3033 19.0172,99.3053 19.0181,99.3068 19.0191,99.3080 19.0205,99.3088 19.0208,99.3091
1	t	19.1594,99.9142 19.1603,99.9142
	p	18.8099,98.9848 18.8077,98.9851 18.8054,98.9854 18.8053,98.9854
	p	18.7960,98.9864 18.7973,98.9863
	p	18.8121,98.9841 18.8117,98.9842
	p	18.8117,98.9841 18.8121,98.9840
107	p	18.8205,98.9807 18.8227,98.9801 18.8249,98.9795 18.8263,98.9792 18.8280,98.9788 18.8302,98.9777 18.8335,98.9763 18.8349,98.9758 18.8358,98.9754
	p	18.8004,98.9860 18.8009,98.9859
	p	18.7985,98.9862 18.7987,98.9862
	p	18.8009,98.9859 18.8026,98.9857 18.8038,98.9855
ชม.3029	p	18.8231,99.0116 18.8231,99.0123
ชม.3029	p	18.8230,99.0123 18.8230,99.0116
ชม.3029	p	18.8239,99.0088 18.8233,99.0102 18.8232,99.0104
ชม.3029	p	18.8230,99.0116 18.8232,99.0104
ชม.3029	p	18.8231,99.0123 18.8230,99.0137
ชม.3029	p	18.8227,99.0151 18.8229,99.0137
123	t	20.3775,99.8847 20.3775,99.8849
107	p	19.4557,98.9922 19.4560,98.9919
107	p	19.4407,98.9817 19.4436,98.9821 19.4451,98.9821 19.4465,98.9824 19.4479,98.9831 19.4489,98.9842 19.4493,98.9857 19.4503,98.9871 19.4515,98.9882 19.4531,98.9906 19.4543,98.9926 19.4557,98.9922
107	p	19.4405,98.9816 19.4407,98.9817
1290	p	20.2270,100.1289 20.2289,100.1281
106	p	18.1793,98.8557 18.1812,98.8546 18.1834,98.8532 18.1846,98.8525 18.1858,98.8518 18.1870,98.8510 18.1881,98.8500 18.1894,98.8496 18.1912,98.8492
106	p	18.1788,98.8560 18.1793,98.8557
106	p	18.1471,98.8660 18.1473,98.8660
106	p	18.1473,98.8660 18.1532,98.8664 18.1552,98.8646 18.1569,98.8637 18.1590,98.8626 18.1607,98.8624 18.1622,98.8624 18.1636,98.8630 18.1669,98.8621 18.1683,98.8617 18.1698,98.8612 18.1715,98.8606 18.1730,98.8599 18.1744,98.8591 18.1761,98.8577 18.1781,98.8564 18.1788,98.8560
ชม.3029	p	18.8408,98.9983 18.8419,98.9973 18.8431,98.9963 18.8447,98.9949 18.8458,98.9937 18.8463,98.9923 18.8465,98.9906 18.8460,98.9890 18.8450,98.9868
ชม.3029	p	18.8227,99.0152 18.8222,99.0160
ชม.3029	p	18.8421,98.9716 18.8416,98.9727
1016	p	20.2105,99.9325 20.2094,99.9313 20.2081,99.9298 20.2057,99.9271 20.2033,99.9244 20.2023,99.9229 20.2004,99.9183 20.1997,99.9165 20.1974,99.9109 20.1968,99.9095 20.1962,99.9079 20.1953,99.9063 20.1946,99.9047 20.1944,99.9032 20.1942,99.9015 20.1938,99.8998 20.1921,99.8975 20.1912,99.8963 20.1885,99.8928 20.1874,99.8914 20.1859,99.8894 20.1849,99.8878 20.1841,99.8863 20.1823,99.8832 20.1823,99.8831
1	p	19.9084,99.8407 19.9067,99.8410 19.9052,99.8410 19.9037,99.8408
1	p	19.9157,99.8463 19.9171,99.8467 19.9186,99.8467 19.9201,99.8463
107	p	20.1380,99.8571 20.1377,99.8567
108	p	18.5679,98.8755 18.5699,98.8771 18.5712,98.8782 18.5726,98.8791 18.5742,98.8797 18.5756,98.8804 18.5770,98.8809 18.5785,98.8813 18.5805,98.8823 18.5821,98.8835 18.5836,98.8848 18.5851,98.8856 18.5865,98.8863 18.5881,98.8873 18.5895,98.8881 18.5911,98.8888 18.5925,98.8890 18.5944,98.8889 18.5959,98.8888 18.5973,98.8887 18.5987,98.8887 18.6000,98.8890 18.6014,98.8897 18.6035,98.8906 18.6049,98.8914 18.6061,98.8921 18.6073,98.8927 18.6087,98.8935 18.6097,98.8946 18.6108,98.8954 18.6127,98.8966 18.6140,98.8972 18.6153,98.8975 18.6169,98.8973 18.6184,98.8968 18.6203,98.8962 18.6216,98.8958
108	p	18.5679,98.8755 18.5668,98.8745 18.5659,98.8731 18.5652,98.8718 18.5639,98.8704 18.5625,98.8696 18.5611,98.8691 18.5592,98.8688
108	p	18.6216,98.8958 18.6203,98.8963 18.6186,98.8968 18.6172,98.8973 18.6154,98.8976 18.6141,98.8973 18.6127,98.8968 18.6111,98.8957 18.6097,98.8947 18.6087,98.8937 18.6069,98.8927 18.6052,98.8918 18.6041,98.8910 18.6026,98.8903 18.6011,98.8896 18.5996,98.8890 18.5980,98.8888 18.5962,98.8889 18.5947,98.8890 18.5932,98.8891 18.5916,98.8890 18.5900,98.8885 18.5881,98.8874 18.5865,98.8864 18.5851,98.8857 18.5838,98.8851 18.5828,98.8842 18.5814,98.8831 18.5792,98.8818 18.5779,98.8812 18.5766,98.8809 18.5750,98.8802 18.5728,98.8792 18.5715,98.8786 18.5701,98.8775 18.5690,98.8764 18.5679,98.8755
1016	p	20.2144,99.9368 20.2178,99.9409 20.2189,99.9422 20.2204,99.9439 20.2216,99.9454 20.2230,99.9469 20.2242,99.9481 20.2254,99.9495 20.2301,99.9546 20.2326,99.9576 20.2341,99.9593 20.2354,99.9603 20.2368,99.9609 20.2377,99.9619 20.2415,99.9672 20.2431,99.9693 20.2457,99.9725 20.2469,99.9740 20.2486,99.9761 20.2499,99.9776 20.2516,99.9793 20.2531,99.9805 20.2551,99.9823 20.2570,99.9839 20.2585,99.9852 20.2595,99.9861 20.2607,99.9868 20.2623,99.9875 20.2680,99.9897 20.2694,99.9902 20.2712,99.9907 20.2727,99.9912 20.2744,99.9923 20.2756,99.9938 20.2761,99.9953 20.2762,99.9974 20.2770,99.9996 20.2774,100.0010 20.2773,100.0026 20.2764,100.0048 20.2762,100.0063 20.2762,100.0079 20.2760,100.0099 20.2766,100.0113 20.2780,100.0118 20.2790,100.0129 20.2798,100.0146 20.2805,100.0163 20.2810,100.0179 20.2822,100.0192 20.2834,100.0216 20.2838,100.0230 20.2846,100.0258 20.2850,100.0273 20.2841,100.0304 20.2837,100.0320 20.2835,100.0337 20.2826,100.0366 20.2822,100.0383 20.2821,100.0398 20.2822,100.0413 20.2819,100.0429 20.2809,100.0442 20.2794,100.0452 20.2754,100.0483 20.2733,100.0498 20.2724,100.0509 20.2721,100.0530 20.2717,100.0544 20.2703,100.0563 20.2699,100.0577 20.2698,100.0596 20.2698,100.0651 20.2694,100.0665 20.2689,100.0679
1016	p	20.2688,100.0679 20.2694,100.0660 20.2696,100.0631 20.2697,100.0595 20.2697,100.0577 20.2702,100.0562 20.2711,100.0550 20.2719,100.0534 20.2721,100.0516 20.2726,100.0503 20.2743,100.0490 20.2790,100.0453 20.2808,100.0441 20.2817,100.0429 20.2821,100.0413 20.2820,100.0396 20.2821,100.0379 20.2833,100.0340 20.2835,100.0325 20.2839,100.0309 20.2849,100.0273 20.2845,100.0258 20.2841,100.0243 20.2836,100.0225 20.2827,100.0200 20.2815,100.0189 20.2807,100.0173 20.2803,100.0159 20.2794,100.0139 20.2786,100.0124 20.2768,100.0115 20.2759,100.0103 20.2760,100.0081 20.2761,100.0064 20.2763,100.0047 20.2774,100.0021 20.2773,100.0006 20.2764,99.9986 20.2760,99.9957 20.2756,99.9941 20.2748,99.9929 20.2733,99.9917 20.2720,99.9912 20.2697,99.9904 20.2680,99.9898 20.2630,99.9879 20.2614,99.9873 20.2599,99.9866 20.2576,99.9846 20.2558,99.9831 20.2540,99.9815 20.2529,99.9806 20.2515,99.9793 20.2501,99.9780 20.2488,99.9766 20.2474,99.9748 20.2465,99.9737 20.2454,99.9723 20.2430,99.9694 20.2421,99.9682 20.2409,99.9665 20.2377,99.9620 20.2365,99.9608 20.2350,99.9603 20.2332,99.9584 20.2321,99.9572 20.2300,99.9547 20.2267,99.9511 20.2255,99.9498 20.2232,99.9473 20.2217,99.9456 20.2201,99.9438 20.2190,99.9426 20.2171,99.9403 20.2154,99.9384 20.2143,99.9370 20.2128,99.9353 20.2110,99.9332 20.2105,99.9325
101	p	19.1864,100.9219 19.1839,100.9208 19.1824,100.9199 19.1822,100.9198
101	p	19.1871,100.9222 19.1864,100.9219
101	p	19.2034,100.9243 19.2027,100.9246
101	p	19.2027,100.9246 19.2010,100.9251 19.1998,100.9256
107	p	19.3022,98.9567 19.3033,98.9568
107	p	19.3260,98.9540 19.3275,98.9542 19.3293,98.9548 19.3307,98.9553 19.3321,98.9558 19.3342,98.9568 19.3355,98.9574 19.3374,98.9583 19.3402,98.9593 19.3428,98.9603 19.3453,98.9608 19.3469,98.9609 19.3483,98.9606 19.3485,98.9605
107	p	19.2839,98.9683 19.2824,98.9684 19.2809,98.9675 19.2786,98.9672 19.2779,98.9689 19.2765,98.9707 19.2752,98.9716 19.2736,98.9719 19.2722,98.9713 19.2707,98.9701 19.2694,98.9697 19.2680,98.9697 19.2662,98.9693 19.2644,98.9685 19.2634,98.9688
107	p	19.2335,98.9683 19.2354,98.9678 19.2368,98.9682 19.2381,98.9678 19.2396,98.9683 19.2406,98.9693 19.2418,98.9701 19.2433,98.9695 19.2446,98.9690 19.2461,98.9691 19.2476,98.9686
107	p	19.0149,98.9445 19.0134,98.9445 19.0121,98.9445 19.0091,98.9445 19.0053,98.9446 19.0036,98.9447 19.0019,98.9448 18.9997,98.9455 18.9981,98.9460 18.9967,98.9463 18.9947,98.9459 18.9905,98.9457 18.9893,98.9456
107	p	19.0149,98.9444 19.0151,98.9444
107	p	19.0151,98.9445 19.0149,98.9445
107	p	18.9630,98.9442 18.9614,98.9442 18.9599,98.9443 18.9582,98.9445 18.9553,98.9450 18.9536,98.9449 18.9516,98.9445 18.9494,98.9442 18.9472,98.9438 18.9457,98.9434 18.9442,98.9431 18.9421,98.9433 18.9404,98.9434 18.9389,98.9434 18.9368,98.9426 18.9352,98.9417 18.9338,98.9410 18.9334,98.9408
107	p	18.9877,98.9454 18.9899,98.9455 18.9917,98.9456 18.9939,98.9458 18.9956,98.9460 18.9970,98.9462 18.9997,98.9454 19.0010,98.9449 19.0040,98.9446 19.0074,98.9445 19.0089,98.9445 19.0116,98.9444 19.0140,98.9444 19.0149,98.9444
	p	18.8053,98.9853 18.8056,98.9853
	p	18.7984,98.9862 18.7985,98.9862
107	p	20.1377,99.8525 20.1382,99.8541 20.1384,99.8556 20.1382,99.8564
1016	p	20.1823,99.8831 20.1821,99.8827
1016	p	20.1824,99.8831 20.1834,99.8848 20.1842,99.8862 20.1850,99.8877 20.1858,99.8890 20.1868,99.8903 20.1878,99.8917 20.1902,99.8948 20.1917,99.8967 20.1930,99.8983 20.1939,99.8997 20.1943,99.9015 20.1946,99.9031 20.1948,99.9047 20.1954,99.9063 20.1962,99.9076 20.1970,99.9096 20.1976,99.9111 20.1992,99.9151 20.2003,99.9177 20.2009,99.9192 20.2024,99.9228 20.2034,99.9243 20.2073,99.9287 20.2091,99.9307 20.2100,99.9318 20.2106,99.9324
1016	p	20.1809,99.8814 20.1794,99.8804 20.1772,99.8788 20.1760,99.8779 20.1741,99.8765 20.1732,99.8753 20.1723,99.8736 20.1714,99.8724 20.1697,99.8715 20.1683,99.8703 20.1668,99.8691 20.1658,99.8681 20.1647,99.8668 20.1632,99.8658 20.1608,99.8646 20.1596,99.8639 20.1582,99.8631 20.1562,99.8615
1016	p	20.1822,99.8826 20.1824,99.8831
108	p	18.4296,98.6822 18.4282,98.6814 18.4266,98.6808 18.4246,98.6797 18.4233,98.6792 18.4219,98.6788 18.4205,98.6779 18.4192,98.6777 18.4192,98.6777
127	t	18.2550,99.4827 18.2543,99.4839 18.2539,99.4847
	p	20.2693,100.0766 20.2693,100.0766
106	p	18.3395,98.8159 18.3413,98.8149 18.3426,98.8138 18.3433,98.8123 18.3443,98.8103 18.3454,98.8092 18.3469,98.8087 18.3494,98.8081 18.3512,98.8083 18.3532,98.8089 18.3551,98.8094 18.3603,98.8108 18.3619,98.8112 18.3627,98.8115
106	p	18.3627,98.8115 18.3603,98.8109 18.3583,98.8104 18.3559,98.8097 18.3532,98.8090 18.3512,98.8085 18.3499,98.8082 18.3469,98.8088 18.3455,98.8093 18.3444,98.8103 18.3434,98.8124 18.3427,98.8138 18.3413,98.8150 18.3395,98.8159
11	t	18.0009,99.7731 18.0005,99.7718
	p	18.7974,98.9863 18.7975,98.9863
	p	18.7975,98.9863 18.7977,98.9863
121	p	18.8093,98.9627 18.8113,98.9630 18.8117,98.9631
120	p	19.1828,99.5458 19.1824,99.5473 19.1805,99.5514 19.1786,99.5526 19.1734,99.5544 19.1722,99.5554 19.1713,99.5579 19.1705,99.5593 19.1692,99.5614 19.1676,99.5629
120	p	19.1453,99.6012 19.1447,99.6031 19.1450,99.6061 19.1450,99.6065
120	p	19.1644,99.5695 19.1641,99.5726 19.1636,99.5765 19.1631,99.5780 19.1608,99.5815 19.1606,99.5841 19.1602,99.5857 19.1587,99.5873 19.1576,99.5882 19.1534,99.5897 19.1520,99.5908 19.1512,99.5929 19.1504,99.5941 19.1482,99.5952 19.1468,99.5975 19.1453,99.6012
120	p	19.1676,99.5629 19.1655,99.5648 19.1648,99.5661 19.1644,99.5695
120	p	19.1455,99.6133 19.1455,99.6140
120	p	19.1453,99.6127 19.1452,99.6111 19.1453,99.6108
120	p	19.0894,99.8114 19.0891,99.8132 19.0878,99.8147 19.0864,99.8159 19.0853,99.8170 19.0846,99.8185 19.0860,99.8195 19.0877,99.8207 19.0885,99.8220 19.0888,99.8235 19.0899,99.8246 19.0911,99.8256 19.0921,99.8268 19.0923,99.8284 19.0918,99.8310 19.0915,99.8327 19.0909,99.8364 19.0898,99.8426 19.0889,99.8473 19.0883,99.8490 19.0877,99.8503 19.0844,99.8567 19.0836,99.8583 19.0813,99.8626 19.0805,99.8641 19.0796,99.8658 19.0793,99.8676 19.0799,99.8696 19.0822,99.8763 19.0832,99.8790 19.0844,99.8822 19.0849,99.8842 19.0857,99.8890 19.0867,99.8955 19.0872,99.8972 19.0881,99.8988 19.0891,99.9008 19.0899,99.9023 19.0909,99.9041 19.0915,99.9052
120	p	19.0613,99.7769 19.0607,99.7783 19.0603,99.7798 19.0612,99.7810 19.0609,99.7825 19.0598,99.7837 19.0577,99.7866 19.0573,99.7882 19.0575,99.7896 19.0582,99.7910 19.0599,99.7916 19.0612,99.7925 19.0615,99.7940 19.0608,99.7958 19.0601,99.7986 19.0612,99.8001 19.0627,99.8020 19.0642,99.8027 19.0655,99.8035 19.0669,99.8026 19.0679,99.8035 19.0653,99.8048 19.0645,99.8063 19.0664,99.8084 19.0679,99.8088 19.0682,99.8105 19.0696,99.8107 19.0703,99.8122 19.0724,99.8138 19.0733,99.8149 19.0745,99.8157 19.0759,99.8152 19.0778,99.8154 19.0790,99.8147 19.0795,99.8132 19.0809,99.8121 19.0823,99.8125 19.0836,99.8118 19.0840,99.8104 19.0850,99.8091 19.0864,99.8102 19.0878,99.8101 19.0892,99.8105 19.0894,99.8114
1	t	19.0468,99.9354 19.0484,99.9356 19.0499,99.9356 19.0514,99.9350 19.0532,99.9334 19.0543,99.9326 19.0551,99.9322
1	t	19.1698,99.9078 19.1685,99.9088 19.1672,99.9099 19.1664,99.9106
1	t	19.1604,99.9144 19.1594,99.9144
1	t	19.1550,99.9135 19.1533,99.9130 19.1517,99.9128 19.1498,99.9125 19.1479,99.9122
109	p	19.8560,99.1954 19.8560,99.1960
109	p	19.6491,99.4643 19.6490,99.4640
109	p	19.6490,99.4640 19.6487,99.4620 19.6485,99.4606 19.6494,99.4593 19.6527,99.4582 19.6542,99.4575 19.6553,99.4565 19.6573,99.4558 19.6591,99.4544 19.6599,99.4525 19.6606,99.4512 19.6628,99.4509 19.6644,99.4501 19.6674,99.4495 19.6687,99.4487 19.6697,99.4471 19.6709,99.4458 19.6729,99.4438 19.6738,99.4422 19.6749,99.4413 19.6762,99.4408 19.6764,99.4388 19.6777,99.4379 19.6791,99.4370 19.6798,99.4355 19.6813,99.4351 19.6821,99.4337 19.6832,99.4324 19.6846,99.4325 19.6850,99.4304 19.6860,99.4289 19.6874,99.4284 19.6879,99.4270 19.6888,99.4258 19.6899,99.4249 19.6904,99.4235 19.6905,99.4220 19.6915,99.4208 19.6922,99.4193 19.6932,99.4183 19.6944,99.4190 19.6947,99.4175 19.6954,99.4162 19.6966,99.4156 19.6965,99.4140 19.6957,99.4126 19.6967,99.4116 19.6981,99.4114 19.6999,99.4114 19.6996,99.4100 19.6978,99.4099 19.6974,99.4083 19.6977,99.4069 19.6987,99.4058 19.6973,99.4054 19.6963,99.4048
11	t	18.3198,99.3478 18.3199,99.3472
11	t	18.3200,99.3472 18.3199,99.3477
11	t	18.3199,99.3226 18.3197,99.3203 18.3193,99.3167 18.3192,99.3149 18.3192,99.3128 18.3193,99.3109
11	t	18.2947,99.4187 18.2940,99.4201 18.2933,99.4218 18.2927,99.4236 18.2920,99.4260 18.2915,99.4278 18.2913,99.4289
108	p	18.3873,98.6787 18.3880,98.6787
116	p	18.4717,98.9548 18.4714,98.9553
121	p	18.7225,98.9496 18.7223,98.9509
121	p	18.7241,98.9320 18.7240,98.9336 18.7236,98.9378 18.7235,98.9387
121	p	18.7380,99.0422 18.7387,99.0434 18.7399,99.0449 18.7407,99.0458
121	p	18.7326,99.0303 18.7321,99.0292
127	t	18.2640,99.4678 18.2629,99.4688 18.2620,99.4702
11	t	18.2645,99.4673 18.2685,99.4644
121	p	18.8316,99.0413 18.8319,99.0407
121	p	18.7713,99.0678 18.7727,99.0682 18.7757,99.0691 18.7772,99.0695 18.7788,99.0697 18.7807,99.0699 18.7830,99.0700 18.7847,99.0699 18.7863,99.0697 18.7877,99.0695 18.7891,99.0691 18.7911,99.0685 18.7928,99.0678 18.7942,99.0671 18.7959,99.0662 18.7976,99.0651 18.8003,99.0635
121	p	18.7455,98.9417 18.7441,98.9414 18.7428,98.9394 18.7427,98.9392
	t	20.2147,100.4502 20.2132,100.4562
1356	t	20.2147,100.4502 20.2150,100.4471 20.2154,100.4454 20.2153,100.4439 20.2151,100.4423 20.2157,100.4383 20.2157,100.4368 20.2157,100.4353 20.2160,100.4339 20.2162,100.4335
121	p	18.8081,98.9628 18.8067,98.9623 18.8064,98.9612
121	p	18.8277,98.9648 18.8264,98.9657 18.8235,98.9655
121	p	18.7379,98.9322 18.7363,98.9313 18.7359,98.9311
121	p	18.7359,98.9311 18.7349,98.9300 18.7346,98.9280 18.7339,98.9267 18.7318,98.9266 18.7285,98.9265 18.7269,98.9269 18.7256,98.9272 18.7252,98.9272
109	p	19.8630,99.1823 19.8614,99.1845 19.8594,99.1877 19.8587,99.1889 19.8568,99.1921 19.8560,99.1936 19.8560,99.1954
109	p	19.8631,99.1821 19.8630,99.1823
109	p	19.8036,99.2754 19.8035,99.2757
128	p	19.3460,97.9599 19.3467,97.9607
108	p	18.4418,98.6917 18.4420,98.6919
108	p	18.4419,98.6920 18.4417,98.6918
108	p	18.9112,97.9445 18.9123,97.9456 18.9124,97.9474 18.9131,97.9491 18.9140,97.9503 18.9147,97.9517 18.9158,97.9526 18.9161,97.9545 18.9175,97.9538 18.9188,97.9532 18.9204,97.9532 18.9220,97.9533 18.9235,97.9535 18.9243,97.9547 18.9259,97.9540 18.9272,97.9543 18.9293,97.9546 18.9310,97.9551 18.9325,97.9555 18.9343,97.9559 18.9360,97.9560 18.9374,97.9566 18.9390,97.9570 18.9401,97.9580 18.9426,97.9577 18.9437,97.9585 18.9443,97.9599 18.9454,97.9611 18.9470,97.9608 18.9481,97.9617 18.9495,97.9616 18.9505,97.9627 18.9501,97.9643 18.9493,97.9658 18.9495,97.9674 18.9499,97.9679
108	p	18.9109,97.9442 18.9112,97.9445
11	t	18.5876,99.0422 18.5859,99.0422 18.5857,99.0422
11	t	18.5931,99.0425 18.5956,99.0426 18.5987,99.0428 18.6002,99.0429 18.6016,99.0430 18.6031,99.0431 18.6050,99.0433
11	t	18.5876,99.0421 18.5917,99.0424
	t	18.5931,99.0426 18.5912,99.0426 18.5896,99.0425 18.5874,99.0423 18.5859,99.0422
11	t	18.5917,99.0425 18.5876,99.0422
11	t	18.5857,99.0421 18.5876,99.0421
11	t	18.5857,99.0422 18.5855,99.0422
11	t	18.5855,99.0421 18.5857,99.0421
101	p	19.1762,100.9134 19.1766,100.9141
	p	19.1708,99.9063 19.1710,99.9064
	p	19.0907,100.8089 19.0914,100.8088
1	t	18.1460,99.3956 18.1465,99.3977
1	t	18.1463,99.3977 18.1458,99.3956
1	t	18.1847,99.4081 18.1874,99.4074 18.1891,99.4069 18.1905,99.4066 18.1918,99.4065 18.1934,99.4065 18.1942,99.4065
11	t	18.7331,99.0381 18.7433,99.0350 18.7466,99.0340 18.7497,99.0330 18.7530,99.0320 18.7552,99.0313 18.7570,99.0308 18.7583,99.0304
108	p	18.2113,98.5881 18.2117,98.5884
108	p	18.2351,98.5313 18.2350,98.5310
108	p	18.2350,98.5310 18.2341,98.5298 18.2335,98.5284 18.2330,98.5270 18.2325,98.5256 18.2323,98.5246
106	p	18.3104,98.8228 18.3112,98.8237
106	p	18.3111,98.8238 18.3103,98.8229
106	p	18.3103,98.8229 18.3089,98.8216 18.3075,98.8207 18.3050,98.8200 18.3037,98.8194 18.3016,98.8165 18.3005,98.8154 18.2982,98.8156 18.2967,98.8159 18.2951,98.8161 18.2937,98.8159 18.2923,98.8157 18.2922,98.8155
107	p	19.0532,98.9435 19.0519,98.9443 19.0507,98.9453 19.0494,98.9462 19.0471,98.9466 19.0447,98.9467 19.0432,98.9467 19.0411,98.9467 19.0384,98.9467 19.0361,98.9466 19.0344,98.9462 19.0319,98.9455 19.0306,98.9452 19.0277,98.9450 19.0254,98.9448 19.0222,98.9446 19.0190,98.9444 19.0151,98.9445
107	p	19.0151,98.9444 19.0174,98.9444 19.0190,98.9443 19.0209,98.9444 19.0250,98.9447 19.0270,98.9448 19.0288,98.9449 19.0306,98.9451 19.0320,98.9455 19.0336,98.9459 19.0353,98.9464 19.0378,98.9466 19.0392,98.9466 19.0410,98.9466 19.0432,98.9466 19.0447,98.9466 19.0468,98.9465 19.0483,98.9465 19.0497,98.9460 19.0514,98.9445 19.0532,98.9434
107	p	18.9273,98.9397 18.9252,98.9394 18.9234,98.9401 18.9233,98.9402
107	p	18.9237,98.9399 18.9251,98.9392 18.9266,98.9395 18.9273,98.9396
107	p	19.8201,99.1678 19.8217,99.1681 19.8231,99.1683 19.8246,99.1690 19.8261,99.1694 19.8276,99.1695 19.8292,99.1699 19.8309,99.1702 19.8323,99.1706 19.8339,99.1710 19.8353,99.1714 19.8380,99.1717 19.8394,99.1720 19.8412,99.1724 19.8429,99.1728 19.8452,99.1731 19.8484,99.1736 19.8524,99.1743 19.8544,99.1748 19.8559,99.1752 19.8573,99.1758 19.8590,99.1768 19.8604,99.1775 19.8617,99.1782 19.8626,99.1787
11	t	18.2177,99.5925 18.2191,99.5928 18.2214,99.5937 18.2227,99.5945 18.2241,99.5952 18.2261,99.5955 18.2276,99.5953
11	t	18.0570,99.6922 18.0565,99.6906 18.0569,99.6891 18.0567,99.6874 18.0571,99.6859 18.0568,99.6842 18.0573,99.6826 18.0573,99.6778 18.0567,99.6758 18.0561,99.6741 18.0568,99.6726 18.0585,99.6715 18.0597,99.6700 18.0612,99.6688 18.0632,99.6657 18.0641,99.6643 18.0657,99.6638 18.0670,99.6642 18.0684,99.6641 18.0699,99.6639 18.0717,99.6643 18.0731,99.6637 18.0738,99.6625 18.0750,99.6617 18.0755,99.6603 18.0756,99.6588 18.0763,99.6570 18.0777,99.6565 18.0789,99.6558 18.0802,99.6546 18.0818,99.6548 18.0833,99.6542 18.0848,99.6540 18.0863,99.6544 18.0878,99.6540 18.0881,99.6538
11	t	18.0570,99.6922 18.0586,99.6924 18.0605,99.6928 18.0610,99.6942
11	t	18.0610,99.6942 18.0599,99.6927 18.0585,99.6925 18.0571,99.6923 18.0570,99.6922
ชม.3029	p	18.7443,99.0137 18.7446,99.0153 18.7463,99.0169 18.7472,99.0179 18.7480,99.0197 18.7482,99.0203
ชม.3029	p	18.7442,99.0137 18.7442,99.0134
ชม.3029	p	18.7443,99.0134 18.7443,99.0137
ชม.3029	p	18.7440,99.0114 18.7436,99.0100 18.7432,99.0084 18.7430,99.0067 18.7427,99.0049 18.7425,99.0034 18.7422,99.0018 18.7424,99.0000 18.7436,98.9965 18.7440,98.9942 18.7445,98.9907 18.7447,98.9896
114	p	18.5745,99.0087 18.5743,99.0092
ชม.3029	p	18.7775,99.0424 18.7761,99.0424 18.7740,99.0419 18.7715,99.0412 18.7693,99.0406 18.7680,99.0402 18.7664,99.0398 18.7661,99.0397
ชม.3029	p	18.7833,99.0420 18.7806,99.0422
ชม.3029	p	18.7775,99.0423 18.7801,99.0421
ชม.3029	p	18.7833,99.0419 18.7847,99.0417 18.7869,99.0410 18.7881,99.0403 18.7889,99.0399
107	p	18.8965,98.9519 18.8961,98.9520
107	p	18.8961,98.9520 18.8965,98.9519
107	p	18.8965,98.9519 18.8983,98.9513 18.9001,98.9506 18.9020,98.9500 18.9036,98.9495 18.9048,98.9490 18.9062,98.9485
107	p	18.8961,98.9520 18.8945,98.9526 18.8928,98.9532 18.8907,98.9541 18.8889,98.9549 18.8877,98.9555 18.8865,98.9564 18.8856,98.9570
106	p	17.9242,98.9091 17.9187,98.9107 17.9171,98.9112 17.9154,98.9102 17.9139,98.9093 17.9124,98.9090 17.9108,98.9095 17.9092,98.9104 17.9078,98.9107 17.9064,98.9106 17.9050,98.9111 17.9037,98.9106 17.9017,98.9116 17.9000,98.9129 17.8965,98.9156 17.8952,98.9164 17.8937,98.9169 17.8923,98.9173 17.8905,98.9189 17.8891,98.9196 17.8870,98.9202 17.8848,98.9209 17.8823,98.9217 17.8810,98.9221 17.8794,98.9226 17.8773,98.9232 17.8754,98.9238 17.8739,98.9243 17.8709,98.9252 17.8683,98.9260 17.8669,98.9264 17.8652,98.9270 17.8623,98.9279 17.8609,98.9283 17.8593,98.9286 17.8575,98.9281 17.8553,98.9274 17.8525,98.9276 17.8470,98.9281 17.8444,98.9284 17.8408,98.9288 17.8392,98.9290 17.8376,98.9291 17.8322,98.9297 17.8298,98.9300 17.8283,98.9301 17.8260,98.9304 17.8256,98.9304
1356	t	20.2147,100.4123 20.2150,100.4145 20.2155,100.4182 20.2158,100.4202 20.2160,100.4218 20.2162,100.4233 20.2164,100.4248 20.2165,100.4271 20.2166,100.4293 20.2166,100.4311 20.2164,100.4332 20.2163,100.4336
1356	t	20.2163,100.4336 20.2165,100.4354 20.2161,100.4370 20.2156,100.4413 20.2156,100.4430 20.2150,100.4444 20.2150,100.4459 20.2147,100.4502
	t	20.2146,100.4123 20.2146,100.4115
	t	20.2151,100.4053 20.2151,100.4052
	t	20.2152,100.4052 20.2152,100.4054
	t	20.2147,100.4115 20.2147,100.4123
1356	t	20.2151,100.4052 20.2152,100.4043
1356	t	20.2153,100.4043 20.2152,100.4052
1356	t	20.2152,100.4054 20.2149,100.4079 20.2147,100.4102 20.2147,100.4115
1356	t	20.2146,100.4115 20.2146,100.4093 20.2151,100.4053
ชร.5023	p	19.8729,99.8470 19.8743,99.8475 19.8760,99.8483 19.8774,99.8489 19.8812,99.8506 19.8828,99.8512 19.8840,99.8518 19.8868,99.8530 19.8883,99.8536 19.8913,99.8550 19.8929,99.8555 19.8942,99.8559 19.8977,99.8570 19.8993,99.8575 19.9014,99.8581
ชร.5023	p	19.9014,99.8581 19.9017,99.8582
ชร.5023	p	19.8721,99.8466 19.8723,99.8467
ชร.5023	p	19.8722,99.8468 19.8720,99.8467
ชร.5023	p	19.9015,99.8583 19.9013,99.8582
ชร.5023	p	19.9017,99.8582 19.9040,99.8589 19.9067,99.8597 19.9085,99.8595 19.9088,99.8594
121	p	18.7379,99.0428 18.7373,99.0415 18.7365,99.0397
108	p	18.6962,97.9198 18.6966,97.9188
11	t	18.6092,99.0437 18.6097,99.0439
11	t	18.6097,99.0440 18.6091,99.0439
11	t	18.6097,99.0439 18.6111,99.0442
11	t	18.6091,99.0439 18.6074,99.0436
101	p	19.4053,100.8810 19.4049,100.8810
101	p	19.3264,100.8662 19.3258,100.8661
101	p	19.3258,100.8661 19.3236,100.8655 19.3214,100.8657 19.3201,100.8659 19.3181,100.8658 19.3155,100.8646 19.3100,100.8629 19.3084,100.8624 19.3068,100.8625 19.3045,100.8635 19.3017,100.8647 19.3001,100.8656 19.2989,100.8666 19.2979,100.8677 19.2963,100.8695 19.2940,100.8722 19.2928,100.8734 19.2894,100.8771 19.2878,100.8789 19.2859,100.8810 19.2838,100.8832
101	p	19.2838,100.8832 19.2834,100.8836
101	p	19.2834,100.8836 19.2817,100.8854 19.2800,100.8869 19.2775,100.8888 19.2757,100.8903
1	t	18.3737,99.5945 18.3739,99.5948
1	t	18.3737,99.5949 18.3735,99.5946
1	t	18.4216,99.7415 18.4210,99.7394 18.4202,99.7380 18.4200,99.7364 18.4201,99.7348 18.4201,99.7333 18.4189,99.7302 18.4188,99.7286 18.4195,99.7271 18.4205,99.7260 18.4225,99.7253 18.4246,99.7246 18.4265,99.7234 18.4276,99.7223 18.4282,99.7210 18.4284,99.7194 18.4289,99.7180 18.4293,99.7159 18.4292,99.7137 18.4292,99.7118 18.4292,99.7102 18.4282,99.7087 18.4280,99.7072 18.4277,99.7041 18.4276,99.7021 18.4271,99.7007 18.4267,99.6990 18.4264,99.6967 18.4256,99.6953 18.4247,99.6940 18.4238,99.6929 18.4235,99.6914 18.4235,99.6899 18.4232,99.6884 18.4232,99.6883
1	t	18.4218,99.7417 18.4216,99.7415
1	t	18.3769,99.5998 18.3779,99.6015 18.3788,99.6030 18.3796,99.6043
1	t	18.4217,99.7413 18.4219,99.7415
1	t	18.5773,99.8858 18.5790,99.8875 18.5796,99.8888 18.5806,99.8900 18.5814,99.8912 18.5826,99.8921 18.5841,99.8928 18.5854,99.8934 18.5868,99.8935 18.5882,99.8943 18.5893,99.8952 18.5894,99.8956
1	t	18.4219,99.7415 18.4225,99.7430 18.4221,99.7454 18.4218,99.7474 18.4232,99.7497 18.4247,99.7505 18.4257,99.7514 18.4256,99.7536 18.4264,99.7559 18.4273,99.7574 18.4282,99.7586 18.4292,99.7598 18.4308,99.7621 18.4341,99.7669 18.4349,99.7684 18.4355,99.7698 18.4366,99.7707 18.4374,99.7718 18.4390,99.7717 18.4403,99.7725 18.4411,99.7738 18.4428,99.7753 18.4451,99.7781 18.4470,99.7806 18.4478,99.7819 18.4487,99.7837 18.4489,99.7852 18.4515,99.7878 18.4527,99.7897 18.4523,99.7917 18.4526,99.7932 18.4537,99.7942 18.4545,99.7961 18.4559,99.7973 18.4570,99.7983 18.4581,99.7994 18.4609,99.8019 18.4622,99.8026 18.4635,99.8036 18.4649,99.8043 18.4663,99.8037 18.4680,99.8035 18.4725,99.8051 18.4739,99.8050 18.4752,99.8052 18.4766,99.8055 18.4775,99.8060
1	t	18.5770,99.8858 18.5756,99.8854 18.5743,99.8846 18.5733,99.8837 18.5721,99.8827 18.5712,99.8815 18.5700,99.8803 18.5678,99.8788 18.5664,99.8780 18.5653,99.8770 18.5646,99.8757 18.5638,99.8744 18.5639,99.8730 18.5634,99.8714 18.5634,99.8699 18.5627,99.8677 18.5617,99.8666 18.5604,99.8658 18.5601,99.8640 18.5597,99.8626 18.5585,99.8606 18.5574,99.8597 18.5569,99.8580 18.5565,99.8562 18.5561,99.8548 18.5549,99.8539 18.5535,99.8536 18.5529,99.8523 18.5517,99.8511 18.5505,99.8502 18.5496,99.8489 18.5483,99.8480 18.5471,99.8470 18.5457,99.8442 18.5449,99.8422 18.5440,99.8407 18.5427,99.8399 18.5412,99.8395 18.5392,99.8380 18.5376,99.8372 18.5358,99.8354 18.5347,99.8340 18.5326,99.8326 18.5314,99.8318 18.5303,99.8306 18.5292,99.8297 18.5274,99.8289 18.5259,99.8283 18.5243,99.8272 18.5200,99.8245 18.5179,99.8236 18.5166,99.8231 18.5152,99.8220 18.5139,99.8212 18.5138,99.8198 18.5147,99.8191
1	t	18.5773,99.8859 18.5770,99.8858
1	t	18.5770,99.8857 18.5773,99.8858
1	t	18.5893,99.8956 18.5883,99.8944 18.5869,99.8937 18.5855,99.8935 18.5842,99.8930 18.5830,99.8923 18.5816,99.8917 18.5807,99.8903 18.5797,99.8891 18.5791,99.8877 18.5783,99.8865 18.5773,99.8859
107	p	19.3604,98.9532 19.3619,98.9525 19.3632,98.9519 19.3646,98.9512 19.3664,98.9502 19.3670,98.9499
107	p	19.3899,98.9548 19.3915,98.9560 19.3977,98.9607 19.3993,98.9618 19.4005,98.9623 19.4020,98.9627 19.4036,98.9626 19.4050,98.9623 19.4063,98.9620 19.4085,98.9615 19.4099,98.9612 19.4117,98.9607 19.4135,98.9608 19.4154,98.9616
107	p	19.3670,98.9499 19.3677,98.9496
107	p	19.3593,98.9537 19.3604,98.9532
101	t	18.2667,100.2377 18.2682,100.2383 18.2697,100.2393 18.2727,100.2412 18.2739,100.2420 18.2754,100.2428 18.2776,100.2443 18.2795,100.2457 18.2813,100.2469 18.2827,100.2479 18.2843,100.2491 18.2857,100.2503
101	t	18.2661,100.2375 18.2667,100.2377
101	t	18.2859,100.2506 18.2856,100.2504
101	t	18.2476,100.2247 18.2493,100.2262 18.2514,100.2279 18.2537,100.2296 18.2591,100.2336 18.2608,100.2348 18.2625,100.2358 18.2644,100.2369 18.2661,100.2375
101	t	18.2856,100.2504 18.2844,100.2493 18.2829,100.2482 18.2802,100.2463 18.2789,100.2454 18.2761,100.2435 18.2746,100.2425 18.2727,100.2413 18.2709,100.2401 18.2685,100.2386 18.2671,100.2380 18.2666,100.2378
101	t	18.2666,100.2378 18.2660,100.2376
101	t	18.2660,100.2376 18.2646,100.2371 18.2631,100.2363 18.2618,100.2356 18.2600,100.2343 18.2566,100.2319 18.2539,100.2299 18.2525,100.2289 18.2513,100.2280 18.2501,100.2270 18.2475,100.2248
1020	t	20.1369,100.4210 20.1363,100.4216
118	p	18.9792,99.2586 18.9779,99.2564 18.9768,99.2554 18.9754,99.2554 18.9740,99.2547 18.9732,99.2534 18.9722,99.2514
118	p	18.9906,99.2748 18.9903,99.2729 18.9900,99.2715 18.9887,99.2704 18.9877,99.2694 18.9867,99.2677 18.9857,99.2663 18.9846,99.2650 18.9833,99.2635 18.9814,99.2617 18.9802,99.2602 18.9796,99.2592
118	p	19.0005,99.2876 19.0002,99.2873
118	p	19.0161,99.3028 19.0160,99.3033
118	p	18.9796,99.2592 18.9792,99.2586
118	p	18.9907,99.2753 18.9906,99.2748
118	p	18.9722,99.2514 18.9719,99.2509
118	p	18.9966,99.2812 18.9957,99.2799 18.9951,99.2782 18.9940,99.2774 18.9925,99.2775 18.9912,99.2767 18.9907,99.2753
118	p	18.9719,99.2509 18.9713,99.2494 18.9701,99.2476 18.9691,99.2459 18.9666,99.2415 18.9658,99.2400 18.9652,99.2387 18.9644,99.2377
118	p	18.9644,99.2377 18.9640,99.2374
118	p	18.9229,99.2404 18.9223,99.2403
118	p	18.9350,99.2384 18.9335,99.2385 18.9320,99.2380 18.9307,99.2372 18.9294,99.2372 18.9277,99.2381 18.9255,99.2392 18.9238,99.2401 18.9229,99.2404
101	t	18.6444,100.7410 18.6457,100.7415 18.6487,100.7436 18.6512,100.7472 18.6529,100.7499 18.6538,100.7511 18.6550,100.7519 18.6563,100.7525 18.6578,100.7527 18.6606,100.7522 18.6639,100.7515 18.6658,100.7511 18.6709,100.7501 18.6739,100.7495 18.6746,100.7493
101	t	18.3333,100.3146 18.3345,100.3155 18.3359,100.3162 18.3377,100.3167 18.3391,100.3175 18.3407,100.3177 18.3421,100.3179 18.3434,100.3182
101	t	18.3333,100.3146 18.3307,100.3127 18.3293,100.3116 18.3275,100.3104 18.3262,100.3097 18.3250,100.3089 18.3227,100.3074 18.3211,100.3063 18.3189,100.3051 18.3175,100.3042 18.3163,100.3032 18.3152,100.3023 18.3133,100.3010 18.3121,100.2999 18.3108,100.2983 18.3095,100.2964 18.3075,100.2938 18.3066,100.2924 18.3042,100.2890 18.3029,100.2871 18.3017,100.2855 18.2995,100.2826 18.2984,100.2811 18.2973,100.2796 18.2962,100.2781 18.2947,100.2761 18.2940,100.2744 18.2938,100.2728 18.2931,100.2678 18.2927,100.2651 18.2922,100.2611 18.2919,100.2589 18.2916,100.2574 18.2905,100.2555 18.2892,100.2539 18.2877,100.2524 18.2862,100.2510 18.2859,100.2506
101	t	18.3869,100.4362 18.3869,100.4368
101	t	18.5228,100.5523 18.5226,100.5519
101	t	18.5226,100.5519 18.5211,100.5499 18.5207,100.5481 18.5201,100.5464 18.5188,100.5457 18.5173,100.5456 18.5160,100.5452 18.5149,100.5443 18.5142,100.5426 18.5131,100.5408 18.5125,100.5393 18.5128,100.5378 18.5122,100.5364 18.5105,100.5352 18.5091,100.5332 18.5077,100.5328 18.5062,100.5296 18.5050,100.5286 18.5035,100.5278 18.5029,100.5259 18.5018,100.5242 18.5006,100.5231 18.4990,100.5220 18.4977,100.5210 18.4970,100.5183 18.4950,100.5158 18.4936,100.5149 18.4922,100.5117 18.4873,100.5088 18.4863,100.5079 18.4851,100.5069 18.4824,100.5055 18.4807,100.5049 18.4758,100.5058 18.4735,100.5034 18.4719,100.5012 18.4707,100.4985 18.4691,100.4985 18.4680,100.4995 18.4668,100.4976 18.4666,100.4959 18.4638,100.4936 18.4639,100.4914 18.4630,100.4893 18.4615,100.4889 18.4605,100.4874 18.4589,100.4871 18.4572,100.4869 18.4555,100.4868 18.4531,100.4852 18.4487,100.4860 18.4470,100.4857 18.4449,100.4863 18.4433,100.4866 18.4405,100.4848 18.4372,100.4840 18.4358,100.4831 18.4344,100.4825 18.4329,100.4816 18.4303,100.4818 18.4285,100.4816 18.4267,100.4806 18.4245,100.4804 18.4211,100.4791 18.4199,100.4783 18.4188,100.4773 18.4174,100.4773 18.4164,100.4760 18.4144,100.4758 18.4134,100.4743 18.4114,100.4726 18.4097,100.4720 18.4082,100.4716 18.4073,100.4702 18.4057,100.4697 18.4042,100.4679 18.4031,100.4668 18.4020,100.4659 18.4014,100.4656
1021	p	19.5546,100.2973 19.5571,100.2975 19.5596,100.2977 19.5616,100.2980 19.5624,100.2982
1021	p	19.5624,100.2982 19.5627,100.2982
1020	t	20.2153,100.4045 20.2139,100.4042 20.2125,100.4039 20.2111,100.4033 20.2095,100.4033 20.2078,100.4036 20.2056,100.4035 20.2038,100.4040 20.2024,100.4045 20.2007,100.4049 20.1991,100.4053 20.1976,100.4057 20.1957,100.4060 20.1942,100.4060 20.1925,100.4061 20.1908,100.4062 20.1891,100.4059 20.1873,100.4060 20.1856,100.4063 20.1840,100.4063 20.1820,100.4063 20.1792,100.4067 20.1746,100.4072 20.1708,100.4076 20.1655,100.4083 20.1610,100.4086 20.1575,100.4088 20.1559,100.4089 20.1540,100.4093 20.1526,100.4101 20.1514,100.4109 20.1497,100.4119 20.1484,100.4126 20.1470,100.4135 20.1450,100.4147 20.1438,100.4155 20.1425,100.4162 20.1408,100.4167 20.1393,100.4174 20.1381,100.4191 20.1377,100.4198
1	t	18.9830,99.9063 18.9843,99.9058 18.9879,99.9053 18.9894,99.9051 18.9905,99.9042 18.9917,99.9034 18.9930,99.9029 18.9945,99.9027 18.9950,99.9025
1	t	18.9948,99.9029 18.9930,99.9031 18.9915,99.9037 18.9904,99.9047 18.9889,99.9054 18.9854,99.9057 18.9830,99.9064
108	p	18.1382,98.0042 18.1382,98.0022
108	p	18.1372,97.9999 18.1363,97.9985 18.1367,97.9955 18.1379,97.9942 18.1385,97.9928 18.1387,97.9913 18.1382,97.9885 18.1379,97.9846 18.1384,97.9824 18.1393,97.9812 18.1420,97.9791 18.1431,97.9776 18.1441,97.9755 18.1456,97.9745 18.1466,97.9731 18.1469,97.9715 18.1481,97.9703 18.1496,97.9696 18.1511,97.9687 18.1537,97.9676 18.1553,97.9677 18.1568,97.9670 18.1578,97.9654 18.1579,97.9650
108	p	18.1375,98.0003 18.1372,97.9999
108	p	18.1383,98.0047 18.1382,98.0042
108	p	18.1579,97.9650 18.1580,97.9648
108	p	18.1580,97.9648 18.1586,97.9632 18.1609,97.9619 18.1623,97.9612 18.1635,97.9601 18.1643,97.9587 18.1645,97.9573 18.1641,97.9559 18.1642,97.9553
108	p	18.2958,97.9175 18.2954,97.9177
108	p	18.2954,97.9177 18.2928,97.9182 18.2915,97.9196 18.2911,97.9216 18.2918,97.9233 18.2923,97.9247 18.2923,97.9261 18.2925,97.9276 18.2928,97.9290 18.2921,97.9304 18.2928,97.9320
108	p	18.2928,97.9320 18.2928,97.9328
108	p	18.3787,97.9423 18.3780,97.9422
108	p	18.3780,97.9422 18.3758,97.9418 18.3740,97.9385 18.3729,97.9357 18.3713,97.9345 18.3699,97.9340 18.3689,97.9329 18.3677,97.9318 18.3658,97.9309 18.3640,97.9296 18.3626,97.9297 18.3608,97.9302 18.3595,97.9312 18.3576,97.9314 18.3559,97.9300 18.3536,97.9298 18.3514,97.9295 18.3500,97.9294 18.3485,97.9300 18.3474,97.9287 18.3455,97.9279 18.3441,97.9275 18.3433,97.9262 18.3416,97.9247 18.3401,97.9228 18.3385,97.9206 18.3376,97.9193 18.3367,97.9181 18.3354,97.9163 18.3343,97.9148 18.3332,97.9134 18.3321,97.9122 18.3311,97.9110 18.3299,97.9099 18.3284,97.9088 18.3269,97.9081 18.3236,97.9083 18.3221,97.9084 18.3189,97.9079 18.3165,97.9079 18.3129,97.9096 18.3104,97.9110 18.3089,97.9129 18.3072,97.9163 18.3059,97.9176 18.3047,97.9182 18.3035,97.9192 18.3000,97.9189 18.2987,97.9182 18.2976,97.9173 18.2962,97.9172 18.2958,97.9175
108	p	18.4520,97.9378 18.4516,97.9377
108	p	18.4516,97.9377 18.4488,97.9371 18.4470,97.9369 18.4457,97.9374 18.4445,97.9388 18.4440,97.9404 18.4441,97.9420 18.4430,97.9431 18.4413,97.9434 18.4398,97.9428 18.4377,97.9432 18.4359,97.9432 18.4342,97.9432 18.4320,97.9426 18.4299,97.9429 18.4283,97.9427 18.4272,97.9418 18.4253,97.9394 18.4225,97.9400 18.4208,97.9398 18.4193,97.9399 18.4177,97.9396 18.4165,97.9388 18.4152,97.9394 18.4151,97.9410 18.4136,97.9417 18.4123,97.9420 18.4110,97.9412 18.4094,97.9407 18.4078,97.9425 18.4071,97.9437 18.4059,97.9430 18.4049,97.9418 18.4033,97.9419 18.4016,97.9411 18.4000,97.9403 18.3982,97.9396 18.3959,97.9387 18.3940,97.9382 18.3909,97.9376 18.3880,97.9379 18.3851,97.9385 18.3835,97.9389 18.3825,97.9402 18.3815,97.9416 18.3813,97.9419
108	p	18.5335,97.9350 18.5330,97.9349
108	p	18.5330,97.9349 18.5312,97.9346 18.5305,97.9344
108	p	18.5742,97.9367 18.5736,97.9354 18.5721,97.9352 18.5717,97.9338 18.5705,97.9328 18.5692,97.9323 18.5692,97.9308 18.5685,97.9295 18.5673,97.9287 18.5664,97.9284
108	p	18.6491,97.9395 18.6495,97.9391
108	p	18.6495,97.9391 18.6487,97.9378 18.6492,97.9361 18.6501,97.9346 18.6506,97.9321 18.6511,97.9303 18.6520,97.9298
108	p	18.7280,97.9129 18.7291,97.9145 18.7309,97.9164 18.7326,97.9187 18.7347,97.9207 18.7363,97.9221 18.7377,97.9231 18.7392,97.9239 18.7405,97.9246 18.7415,97.9256 18.7428,97.9265 18.7442,97.9269 18.7455,97.9275 18.7468,97.9270 18.7483,97.9272 18.7499,97.9272 18.7514,97.9273 18.7530,97.9271 18.7544,97.9276 18.7556,97.9276
108	p	18.7279,97.9122 18.7280,97.9129
108	p	18.8496,97.9447 18.8498,97.9447
108	p	18.9551,97.9689 18.9554,97.9688
108	p	18.9554,97.9688 18.9569,97.9686 18.9583,97.9690 18.9601,97.9690 18.9618,97.9684 18.9634,97.9683 18.9652,97.9685 18.9668,97.9684 18.9687,97.9692 18.9712,97.9688 18.9726,97.9689 18.9740,97.9687 18.9750,97.9697 18.9767,97.9697 18.9797,97.9698 18.9814,97.9702 18.9835,97.9701 18.9860,97.9706 18.9875,97.9707 18.9888,97.9710 18.9900,97.9720 18.9950,97.9741 18.9968,97.9741 18.9985,97.9744 19.0001,97.9745 19.0018,97.9745 19.0032,97.9753 19.0046,97.9752 19.0058,97.9742 19.0071,97.9738 19.0086,97.9744 19.0098,97.9733 19.0111,97.9729
128	p	19.2908,97.9511 19.2900,97.9521
128	p	19.2900,97.9521 19.2908,97.9511
128	p	19.2919,97.9510 19.2911,97.9510
128	p	19.2911,97.9510 19.2908,97.9511
121	p	18.7241,99.0117 18.7253,99.0143 18.7261,99.0162 18.7267,99.0176 18.7281,99.0206 18.7286,99.0219 18.7293,99.0233
101	p	19.0155,100.7812 19.0159,100.7826 19.0168,100.7845 19.0178,100.7860 19.0186,100.7874 19.0194,100.7886 19.0206,100.7904 19.0214,100.7918 19.0228,100.7938 19.0239,100.7956 19.0248,100.7968 19.0271,100.7980 19.0300,100.7993 19.0315,100.8001 19.0331,100.8008 19.0347,100.8015 19.0360,100.8022 19.0382,100.8031 19.0398,100.8038 19.0414,100.8046 19.0436,100.8056 19.0450,100.8062 19.0465,100.8066 19.0511,100.8068 19.0530,100.8069 19.0562,100.8070 19.0575,100.8071 19.0599,100.8071 19.0616,100.8072 19.0634,100.8073 19.0649,100.8073 19.0672,100.8075 19.0705,100.8076 19.0719,100.8077 19.0751,100.8084 19.0786,100.8092 19.0811,100.8093 19.0846,100.8091
101	p	18.9818,100.7760 18.9824,100.7760
101	p	18.9824,100.7760 18.9843,100.7767 18.9860,100.7771 18.9874,100.7765 18.9877,100.7746 18.9880,100.7725 18.9886,100.7711 18.9896,100.7699 18.9906,100.7675 18.9913,100.7663 18.9943,100.7672 18.9955,100.7679 18.9970,100.7681 18.9983,100.7687 18.9997,100.7707 19.0013,100.7718 19.0035,100.7728 19.0068,100.7743 19.0082,100.7749 19.0099,100.7757 19.0120,100.7766 19.0136,100.7771 19.0146,100.7783 19.0149,100.7792
1021	p	19.5393,100.2957 19.5390,100.2941 19.5384,100.2926 19.5373,100.2913 19.5358,100.2910 19.5322,100.2923 19.5306,100.2929 19.5291,100.2934 19.5259,100.2946 19.5246,100.2951 19.5225,100.2953 19.5199,100.2955
1021	p	19.5394,100.2962 19.5393,100.2957
1290	p	20.2450,100.1100 20.2445,100.1117 20.2442,100.1132 20.2442,100.1147 20.2443,100.1173 20.2444,100.1191 20.2443,100.1208 20.2437,100.1221 20.2429,100.1232 20.2415,100.1240 20.2401,100.1248 20.2388,100.1257 20.2372,100.1255 20.2356,100.1254 20.2295,100.1280 20.2289,100.1282
1290	p	20.2289,100.1281 20.2345,100.1255 20.2362,100.1252 20.2385,100.1256 20.2398,100.1250 20.2417,100.1238 20.2430,100.1229 20.2439,100.1215 20.2443,100.1201 20.2442,100.1173 20.2441,100.1144 20.2442,100.1127 20.2448,100.1105 20.2450,100.1100
121	p	18.8670,98.9625 18.8670,98.9611 18.8666,98.9597 18.8652,98.9591 18.8616,98.9605 18.8602,98.9611 18.8575,98.9621 18.8561,98.9625 18.8541,98.9623 18.8525,98.9620 18.8520,98.9619
ชม.3029	p	18.8229,99.0137 18.8230,99.0123
ชม.3029	p	18.8230,99.0137 18.8227,99.0152
ชม.3029	p	18.8232,99.0104 18.8231,99.0116
ชม.3029	p	18.8232,99.0104 18.8237,99.0089 18.8237,99.0088
1	t	18.7611,99.9728 18.7602,99.9720
1	t	18.7602,99.9720 18.7590,99.9711
1	t	18.9277,99.9319 18.9292,99.9313 18.9316,99.9317 18.9332,99.9319 18.9348,99.9316 18.9390,99.9285 18.9407,99.9278 18.9424,99.9269 18.9435,99.9264
1	t	18.9567,99.9220 18.9552,99.9225 18.9539,99.9226
1	t	18.8990,99.9456 18.9015,99.9446 18.9034,99.9441 18.9049,99.9438 18.9084,99.9426 18.9107,99.9416 18.9171,99.9386 18.9184,99.9378 18.9195,99.9370 18.9208,99.9360
1	t	18.9229,99.9348 18.9214,99.9357 18.9208,99.9361
1	t	18.9260,99.9331 18.9277,99.9319
1	t	18.9592,99.9203 18.9608,99.9201
1	t	18.7603,99.9719 18.7612,99.9727
1	t	18.7670,99.9728 18.7648,99.9735 18.7631,99.9737 18.7611,99.9728
1	t	18.7954,99.9621 18.8034,99.9604 18.8048,99.9599 18.8062,99.9592 18.8083,99.9577
1	t	18.7096,99.9577 18.7090,99.9578
1	t	18.7089,99.9576 18.7096,99.9575
1	t	18.7096,99.9575 18.7110,99.9573 18.7126,99.9572 18.7139,99.9581 18.7149,99.9602 18.7161,99.9614 18.7185,99.9638 18.7195,99.9652 18.7211,99.9657 18.7229,99.9666 18.7246,99.9677 18.7261,99.9681 18.7279,99.9689 18.7291,99.9696 18.7303,99.9703 18.7320,99.9706 18.7335,99.9711 18.7347,99.9719 18.7357,99.9731 18.7370,99.9736 18.7385,99.9740 18.7403,99.9744 18.7417,99.9747
1	t	18.7090,99.9578 18.7076,99.9576 18.7065,99.9563 18.7049,99.9554 18.7030,99.9545 18.7005,99.9534 18.6991,99.9514 18.6987,99.9483 18.6974,99.9469 18.6910,99.9442 18.6890,99.9441 18.6875,99.9441 18.6833,99.9387 18.6807,99.9347 18.6771,99.9310 18.6753,99.9294 18.6739,99.9280 18.6726,99.9274 18.6705,99.9268 18.6686,99.9263 18.6667,99.9258 18.6576,99.9222 18.6565,99.9214 18.6555,99.9203 18.6511,99.9204 18.6489,99.9201 18.6475,99.9198 18.6456,99.9184 18.6438,99.9181 18.6420,99.9179 18.6404,99.9169 18.6386,99.9162 18.6373,99.9152 18.6360,99.9141 18.6349,99.9119 18.6320,99.9106 18.6306,99.9101 18.6293,99.9097 18.6262,99.9088 18.6246,99.9090 18.6229,99.9083 18.6196,99.9078 18.6186,99.9065 18.6156,99.9076 18.6122,99.9069 18.6084,99.9046 18.6071,99.9043 18.6056,99.9039 18.6043,99.9033 18.6031,99.9025 18.6028,99.9022
ชม.3035	p	18.6192,98.8374 18.6176,98.8370 18.6141,98.8364 18.6116,98.8359 18.6092,98.8354 18.6077,98.8351 18.6061,98.8350
ชม.3035	p	18.6054,98.8349 18.6034,98.8348 18.6019,98.8346 18.6001,98.8342
ชม.3035	p	18.6061,98.8349 18.6077,98.8350 18.6091,98.8352 18.6107,98.8356 18.6118,98.8359
ชม.3035	p	18.6001,98.8340 18.6018,98.8345 18.6034,98.8347 18.6054,98.8348
ชม.3035	p	18.6193,98.8371 18.6213,98.8375
ชม.3035	p	18.6212,98.8378 18.6192,98.8374
ชม.3035	p	18.5959,98.8340 18.5977,98.8337 18.5996,98.8339 18.6001,98.8340
ชม.3035	p	18.6288,98.8392 18.6238,98.8383 18.6212,98.8378
108	p	18.5285,98.8582 18.5286,98.8575
108	p	18.5286,98.8582 18.5296,98.8608 18.5303,98.8623 18.5314,98.8631 18.5342,98.8637 18.5370,98.8639 18.5384,98.8642 18.5399,98.8643 18.5414,98.8643 18.5433,98.8646 18.5458,98.8651 18.5498,98.8663 18.5512,98.8667 18.5528,98.8672 18.5552,98.8680 18.5570,98.8684 18.5588,98.8687 18.5592,98.8688
108	p	18.5287,98.8575 18.5286,98.8582
ชม.3035	p	18.5375,98.8569 18.5379,98.8567
ชม.3035	p	18.5379,98.8567 18.5389,98.8557 18.5408,98.8541 18.5419,98.8531 18.5444,98.8510 18.5456,98.8500
ชม.3035	p	18.5380,98.8568 18.5376,98.8571
ชม.3035	p	18.5357,98.8586 18.5367,98.8577
ชม.3035	p	18.5367,98.8577 18.5375,98.8569
ชม.3035	p	18.5368,98.8578 18.5359,98.8587
ชม.3035	p	18.5376,98.8571 18.5368,98.8578
ชม.3035	p	18.5947,98.8346 18.5959,98.8340
ชม.3035	p	18.5960,98.8342 18.5947,98.8347
118	p	18.9353,99.2383 18.9350,99.2384
118	p	18.9640,99.2374 18.9626,99.2366 18.9613,99.2352 18.9601,99.2342 18.9596,99.2341
118	p	18.9126,99.2257 18.9124,99.2239 18.9122,99.2224 18.9108,99.2187 18.9099,99.2172 18.9079,99.2146 18.9072,99.2130 18.9068,99.2113 18.9060,99.2066 18.9056,99.2051 18.9043,99.2030 18.9035,99.2019 18.9017,99.1994 18.9008,99.1982 18.8998,99.1971 18.8997,99.1956 18.9001,99.1942 18.8994,99.1926 18.8983,99.1918 18.8974,99.1906 18.8968,99.1893 18.8960,99.1880 18.8955,99.1871
118	p	18.8573,99.1020 18.8574,99.1023
118	p	18.8573,99.1023 18.8571,99.1020
118	p	18.8599,99.1078 18.8611,99.1105 18.8621,99.1125 18.8622,99.1128
108	p	18.7092,98.9363 18.7090,98.9362
108	p	18.7041,98.9328 18.7021,98.9315 18.7008,98.9306 18.6990,98.9293 18.6986,98.9290
108	p	18.7090,98.9360 18.7091,98.9361
108	p	18.7113,98.9376 18.7124,98.9384 18.7142,98.9396 18.7156,98.9406 18.7176,98.9419 18.7191,98.9430 18.7219,98.9449
ชม.3035	p	18.5359,98.8587 18.5333,98.8609 18.5314,98.8627 18.5310,98.8631
ชม.3035	p	18.5308,98.8629 18.5326,98.8613 18.5349,98.8593 18.5357,98.8586
107	p	19.1020,98.9360 19.1040,98.9362 19.1062,98.9367 19.1073,98.9369
107	p	19.1017,98.9360 19.1020,98.9360
107	p	19.1019,98.9362 19.1017,98.9361
107	p	19.0551,98.9427 19.0550,98.9427
107	p	19.0550,98.9426 19.0551,98.9426
107	p	19.0532,98.9434 19.0533,98.9434
107	p	19.0534,98.9435 19.0532,98.9435
107	p	19.0551,98.9426 19.0564,98.9422 19.0585,98.9424 19.0601,98.9421 19.0618,98.9406 19.0633,98.9400 19.0663,98.9395 19.0680,98.9393 19.0700,98.9389 19.0719,98.9386 19.0745,98.9382 19.0762,98.9379 19.0788,98.9376 19.0810,98.9372 19.0826,98.9370 19.0840,98.9370 19.0857,98.9369 19.0871,98.9369 19.0904,98.9367 19.0923,98.9366 19.0944,98.9364 19.0964,98.9360 19.0981,98.9357 19.0995,98.9358 19.1017,98.9360
107	p	19.0533,98.9434 19.0550,98.9427 19.0550,98.9426
107	p	19.0550,98.9427 19.0534,98.9435
101	t	18.6444,100.7411 18.6438,100.7410
ชม.3035	p	18.6332,98.8396 18.6350,98.8399 18.6373,98.8403 18.6386,98.8407 18.6399,98.8416 18.6401,98.8418
ชม.3035	p	18.6401,98.8418 18.6405,98.8422
ชม.3035	p	18.6292,98.8389 18.6306,98.8392 18.6324,98.8395 18.6328,98.8396
ชม.3035	p	18.6291,98.8392 18.6288,98.8392
ชม.3035	p	18.6289,98.8388 18.6292,98.8389
ชม.3035	p	18.6332,98.8400 18.6328,98.8399
ชม.3035	p	18.6328,98.8399 18.6306,98.8395 18.6291,98.8392
ชม.3035	p	18.6328,98.8396 18.6332,98.8396
ชม.3035	p	18.6213,98.8375 18.6239,98.8379 18.6287,98.8388 18.6289,98.8388
ชม.3035	p	18.5947,98.8347 18.5921,98.8363 18.5889,98.8382 18.5871,98.8392 18.5838,98.8411 18.5825,98.8418 18.5810,98.8427 18.5789,98.8437 18.5772,98.8445 18.5731,98.8466 18.5713,98.8475 18.5681,98.8491 18.5666,98.8497 18.5649,98.8501 18.5634,98.8502 18.5619,98.8501 18.5584,98.8499
ชม.3035	p	18.5584,98.8499 18.5578,98.8498
ชม.3035	p	18.5578,98.8498 18.5564,98.8497 18.5534,98.8496 18.5515,98.8494 18.5502,98.8493 18.5486,98.8493 18.5470,98.8495 18.5462,98.8499
ชม.3035	p	18.5462,98.8499 18.5457,98.8502
ชม.3035	p	18.5457,98.8502 18.5421,98.8533 18.5390,98.8559 18.5380,98.8568
ชม.3035	p	18.5584,98.8497 18.5619,98.8500 18.5634,98.8500 18.5649,98.8500 18.5664,98.8496 18.5686,98.8486 18.5704,98.8476 18.5737,98.8460 18.5763,98.8447 18.5788,98.8436 18.5809,98.8425 18.5825,98.8417 18.5841,98.8407 18.5864,98.8393 18.5899,98.8373 18.5920,98.8361 18.5947,98.8346
ชม.3035	p	18.5462,98.8497 18.5475,98.8492 18.5492,98.8490 18.5516,98.8491 18.5535,98.8493 18.5558,98.8495 18.5578,98.8496
ชม.3035	p	18.5456,98.8500 18.5462,98.8497
ชม.3035	p	18.5578,98.8496 18.5584,98.8497
ชม.3035	p	18.6001,98.8340 18.6019,98.8344 18.6046,98.8347 18.6062,98.8348 18.6079,98.8349 18.6102,98.8354 18.6117,98.8358 18.6118,98.8359
116	p	18.5567,99.0416 18.5546,99.0398 18.5528,99.0384 18.5517,99.0375
116	p	18.5517,99.0375 18.5514,99.0373
116	p	18.5374,99.0258 18.5391,99.0271 18.5403,99.0281 18.5423,99.0297 18.5458,99.0326 18.5470,99.0335 18.5496,99.0356 18.5514,99.0371 18.5515,99.0372
116	p	18.5514,99.0373 18.5503,99.0364 18.5463,99.0332 18.5407,99.0286 18.5396,99.0277 18.5377,99.0262 18.5373,99.0259
ชม.3029	p	18.7447,98.9569 18.7455,98.9554 18.7464,98.9531 18.7471,98.9513 18.7478,98.9497 18.7483,98.9477
ชม.3029	p	18.7448,98.9570 18.7434,98.9592
ชม.3029	p	18.7416,98.9623 18.7411,98.9637 18.7410,98.9653 18.7414,98.9694 18.7416,98.9712 18.7418,98.9727 18.7427,98.9747 18.7435,98.9761 18.7443,98.9774 18.7450,98.9789 18.7452,98.9792
ชม.3029	p	18.7415,98.9623 18.7430,98.9598
1021	p	19.6776,100.2165 19.6770,100.2186 19.6769,100.2204 19.6766,100.2219 19.6755,100.2241 19.6753,100.2255 19.6758,100.2270 19.6759,100.2286 19.6757,100.2301 19.6757,100.2316 19.6763,100.2338 19.6769,100.2359 19.6773,100.2380 19.6776,100.2400 19.6779,100.2414 19.6785,100.2440 19.6788,100.2455 19.6790,100.2467
1021	p	19.6531,100.2774 19.6530,100.2790 19.6536,100.2803 19.6531,100.2820 19.6524,100.2834 19.6518,100.2848 19.6505,100.2859 19.6483,100.2866 19.6468,100.2869 19.6450,100.2881 19.6438,100.2894 19.6429,100.2906 19.6411,100.2919
1021	p	19.6790,100.2467 19.6791,100.2481 19.6787,100.2495 19.6780,100.2509 19.6778,100.2512
1021	p	19.6778,100.2511 19.6785,100.2497 19.6789,100.2480 19.6789,100.2467
101	p	19.1219,100.8124 19.1236,100.8141 19.1246,100.8152 19.1257,100.8162 19.1271,100.8170 19.1288,100.8180 19.1296,100.8185
11	t	18.2558,99.5471 18.2558,99.5475
11	t	18.2558,99.5475 18.2557,99.5492 18.2557,99.5495
11	t	18.5086,99.1290 18.5089,99.1288
11	t	18.5090,99.1290 18.5087,99.1292
11	t	18.5089,99.1288 18.5101,99.1279 18.5107,99.1266 18.5106,99.1250 18.5069,99.1197 18.5063,99.1183 18.5065,99.1146 18.5073,99.1092
11	t	18.5087,99.1292 18.5068,99.1305 18.5037,99.1322 18.5020,99.1334 18.5006,99.1345
101	t	17.9719,100.0731 17.9720,100.0735
101	t	17.9719,100.0736 17.9718,100.0731
101	t	17.9718,100.0731 17.9711,100.0711 17.9700,100.0679 17.9695,100.0665 17.9692,100.0657
11	t	18.3265,99.2795 18.3263,99.2791
11	t	18.3264,99.2790 18.3266,99.2795
11	t	18.3263,99.2791 18.3257,99.2775 18.3257,99.2760 18.3262,99.2747 18.3267,99.2732 18.3267,99.2717 18.3257,99.2693 18.3252,99.2679 18.3254,99.2663 18.3262,99.2650 18.3280,99.2638
11	t	18.3266,99.2795 18.3270,99.2811 18.3253,99.2885
118	p	18.8408,99.0692 18.8410,99.0694
118	p	18.8421,99.0713 18.8422,99.0715
118	p	18.8408,99.0694 18.8406,99.0692
118	p	18.8421,99.0716 18.8420,99.0714
118	p	18.8410,99.0694 18.8417,99.0706
118	p	18.8420,99.0714 18.8411,99.0699 18.8408,99.0694
11	t	18.8122,98.9891 18.8120,98.9907
11	t	18.8121,98.9884 18.8121,98.9865 18.8119,98.9844
11	t	18.8089,98.9743 18.8080,98.9731 18.8066,98.9714 18.8055,98.9705
11	t	18.8107,98.9777 18.8113,98.9797 18.8117,98.9818 18.8119,98.9838
106	p	17.7617,98.9951 17.7618,98.9954
11	t	18.3196,99.3105 18.3195,99.3109
11	t	18.3193,99.3109 18.3194,99.3105
11	t	18.3417,99.2469 18.3420,99.2468
11	t	18.3420,99.2470 18.3416,99.2470
11	t	18.3213,99.3347 18.3213,99.3365 18.3213,99.3380 18.3212,99.3393
11	t	18.3220,99.2998 18.3245,99.2909 18.3251,99.2884 18.3262,99.2846 18.3267,99.2828 18.3269,99.2813 18.3265,99.2795
11	t	18.3920,99.2166 18.3941,99.2157 18.3956,99.2154 18.3974,99.2149 18.3986,99.2142 18.4001,99.2142 18.4015,99.2135 18.4028,99.2127 18.4044,99.2126 18.4057,99.2121 18.4069,99.2114 18.4089,99.2104 18.4102,99.2097 18.4117,99.2098 18.4133,99.2094 18.4149,99.2094 18.4164,99.2089 18.4177,99.2089 18.4194,99.2093 18.4216,99.2093 18.4232,99.2093 18.4247,99.2089 18.4262,99.2083 18.4279,99.2080 18.4288,99.2076
11	t	18.3416,99.2470 18.3395,99.2468 18.3379,99.2471 18.3364,99.2481 18.3347,99.2500 18.3332,99.2510 18.3321,99.2519 18.3313,99.2532 18.3297,99.2544 18.3290,99.2558 18.3296,99.2575 18.3308,99.2587 18.3314,99.2601 18.3312,99.2616 18.3303,99.2627 18.3291,99.2634
11	t	17.9928,99.8542 17.9936,99.8525 17.9936,99.8505 17.9937,99.8486 17.9945,99.8465 17.9951,99.8451 17.9954,99.8437 17.9949,99.8423 17.9951,99.8403 17.9956,99.8390 17.9965,99.8366 17.9972,99.8349 17.9981,99.8328 17.9996,99.8306 18.0010,99.8279 18.0013,99.8264 18.0005,99.8252 17.9991,99.8247 17.9981,99.8236 17.9977,99.8222 17.9983,99.8209 17.9974,99.8190 17.9966,99.8174 17.9955,99.8149 17.9955,99.8134 17.9967,99.8120 17.9984,99.8105 18.0000,99.8092
11	t	17.9927,99.8543 17.9928,99.8542
11	t	17.9631,99.9880 17.9637,99.9884
11	t	17.9766,100.0383 17.9764,100.0385
11	t	17.9034,100.0636 17.9040,100.0650 17.9053,100.0658 17.9068,100.0655 17.9082,100.0654 17.9094,100.0662 17.9105,100.0673 17.9122,100.0679 17.9165,100.0691 17.9178,100.0690 17.9199,100.0668 17.9212,100.0659 17.9227,100.0656 17.9241,100.0652 17.9256,100.0652 17.9270,100.0645 17.9280,100.0631 17.9291,100.0622 17.9314,100.0623 17.9338,100.0619 17.9360,100.0616 17.9377,100.0609 17.9392,100.0608 17.9426,100.0634 17.9440,100.0645
11	t	17.9032,100.0632 17.9025,100.0616 17.9015,100.0592 17.9007,100.0570 17.8997,100.0557 17.8982,100.0554 17.8964,100.0554 17.8952,100.0545 17.8950,100.0512 17.8943,100.0496 17.8930,100.0486 17.8912,100.0484 17.8894,100.0489 17.8877,100.0492 17.8864,100.0487 17.8844,100.0468 17.8831,100.0462 17.8810,100.0464 17.8796,100.0461 17.8783,100.0452 17.8769,100.0448 17.8741,100.0461 17.8727,100.0461 17.8687,100.0407 17.8674,100.0397 17.8658,100.0395 17.8644,100.0402 17.8630,100.0424 17.8618,100.0438 17.8581,100.0461 17.8566,100.0466 17.8549,100.0463 17.8531,100.0455 17.8515,100.0451 17.8500,100.0459 17.8464,100.0501 17.8452,100.0510 17.8419,100.0525 17.8397,100.0536 17.8384,100.0548 17.8373,100.0568 17.8358,100.0595 17.8345,100.0601 17.8333,100.0593 17.8320,100.0589 17.8305,100.0606 17.8302,100.0628 17.8292,100.0642 17.8281,100.0652 17.8270,100.0666 17.8261,100.0683 17.8245,100.0732 17.8233,100.0753 17.8222,100.0776 17.8214,100.0794 17.8212,100.0812 17.8216,100.0827
11	t	17.9033,100.0637 17.9032,100.0632
11	t	17.9033,100.0632 17.9034,100.0636
127	t	18.2514,99.5055 18.2514,99.5079 18.2514,99.5095 18.2514,99.5114 18.2513,99.5129 18.2513,99.5150 18.2512,99.5239 18.2511,99.5307 18.2511,99.5312
127	t	18.2511,99.5348 18.2511,99.5352
108	p	18.1576,98.2184 18.1560,98.2168 18.1548,98.2154 18.1535,98.2145 18.1523,98.2139 18.1518,98.2125 18.1512,98.2098 18.1508,98.2080 18.1487,98.2057 18.1476,98.2043 18.1462,98.2036 18.1435,98.2034 18.1424,98.2026 18.1411,98.2019 18.1398,98.2015 18.1384,98.1994 18.1389,98.1975 18.1390,98.1964
108	p	18.1581,98.2189 18.1576,98.2184
1	t	18.4227,99.6798 18.4228,99.6824 18.4223,99.6838 18.4224,99.6853 18.4230,99.6866 18.4233,99.6883 18.4236,99.6899 18.4236,99.6919 18.4241,99.6933 18.4251,99.6942 18.4263,99.6960 18.4269,99.6978 18.4268,99.6993 18.4274,99.7012 18.4277,99.7029 18.4281,99.7060 18.4281,99.7077 18.4289,99.7092 18.4293,99.7111 18.4292,99.7125 18.4294,99.7148 18.4294,99.7168 18.4288,99.7188 18.4284,99.7208 18.4277,99.7225 18.4266,99.7235 18.4254,99.7244 18.4217,99.7257 18.4204,99.7262 18.4191,99.7279 18.4188,99.7295 18.4200,99.7323 18.4203,99.7348 18.4202,99.7364 18.4204,99.7379 18.4211,99.7391 18.4213,99.7406 18.4217,99.7413
1	t	18.3828,99.6100 18.3827,99.6098
1	t	18.3829,99.6098 18.3830,99.6100
1	t	18.3765,99.5996 18.3756,99.5981 18.3746,99.5964
108	p	18.3352,98.6756 18.3365,98.6766 18.3377,98.6773 18.3399,98.6778 18.3425,98.6790 18.3439,98.6797 18.3459,98.6802 18.3475,98.6802 18.3496,98.6798 18.3512,98.6795 18.3527,98.6792 18.3551,98.6792 18.3569,98.6793 18.3585,98.6793 18.3604,98.6797 18.3628,98.6801 18.3650,98.6801 18.3694,98.6799
108	p	18.3694,98.6799 18.3713,98.6796 18.3760,98.6790 18.3782,98.6794 18.3811,98.6798 18.3842,98.6787 18.3873,98.6787
108	p	18.3873,98.6788 18.3852,98.6787 18.3819,98.6798 18.3788,98.6796 18.3772,98.6792 18.3725,98.6797 18.3705,98.6800 18.3694,98.6801
ชม.3029	p	18.7460,98.9808 18.7461,98.9812
ชม.3029	p	18.7460,98.9811 18.7459,98.9808
ชม.3029	p	18.7456,98.9803 18.7453,98.9795
ชม.3029	p	18.7461,98.9812 18.7462,98.9820
101	t	18.6438,100.7410 18.6420,100.7408 18.6354,100.7402 18.6339,100.7401 18.6314,100.7398 18.6293,100.7396 18.6275,100.7394 18.6244,100.7391 18.6229,100.7393 18.6212,100.7397 18.6158,100.7409 18.6145,100.7413 18.6124,100.7419 18.6100,100.7428 18.6085,100.7429 18.6060,100.7428 18.6032,100.7429 18.6007,100.7431 18.5990,100.7441 18.5977,100.7448 18.5962,100.7442 18.5946,100.7437 18.5929,100.7425 18.5913,100.7412
101	t	18.5911,100.7409 18.5914,100.7412
101	t	18.5721,100.7426 18.5715,100.7426
101	t	18.5913,100.7412 18.5910,100.7410
101	t	18.5914,100.7412 18.5927,100.7422 18.5942,100.7433 18.5956,100.7440 18.5972,100.7446 18.5986,100.7444 18.5995,100.7433 18.6027,100.7428 18.6060,100.7427 18.6078,100.7428 18.6092,100.7430 18.6114,100.7421 18.6144,100.7412 18.6158,100.7408 18.6229,100.7392 18.6242,100.7390 18.6268,100.7393 18.6293,100.7395 18.6307,100.7397 18.6333,100.7399 18.6354,100.7401 18.6410,100.7406 18.6425,100.7407 18.6438,100.7409
101	t	18.5910,100.7410 18.5898,100.7402 18.5871,100.7406 18.5850,100.7411 18.5835,100.7415 18.5812,100.7420 18.5781,100.7427 18.5751,100.7428 18.5735,100.7427 18.5721,100.7426
121	p	18.7516,99.0566 18.7504,99.0555 18.7497,99.0548
121	p	18.7519,99.0564 18.7522,99.0567
121	p	18.7519,99.0570 18.7516,99.0566
118	p	19.0684,99.3838 19.0688,99.3853 19.0698,99.3864 19.0710,99.3874 19.0719,99.3886 19.0730,99.3901 19.0740,99.3917 19.0754,99.3936 19.0768,99.3948 19.0780,99.3954 19.0782,99.3978 19.0784,99.3993 19.0794,99.4002 19.0812,99.3994 19.0825,99.3996 19.0831,99.4009 19.0840,99.4020 19.0842,99.4023
ชม.3029	p	18.7889,99.0399 18.7892,99.0397
ชม.3029	p	18.7892,99.0399 18.7889,99.0401
ชม.3029	p	18.7892,99.0397 18.7937,99.0373 18.7951,99.0365 18.7963,99.0359
ชม.3029	p	18.7889,99.0401 18.7874,99.0409 18.7859,99.0416 18.7833,99.0420
118	p	19.0211,99.3095 19.0220,99.3110 19.0244,99.3144 19.0252,99.3159 19.0260,99.3175 19.0268,99.3188 19.0280,99.3199 19.0302,99.3212
118	p	19.0899,99.4181 19.0900,99.4183
118	p	19.0949,99.4350 19.0951,99.4354
118	p	19.0842,99.4023 19.0844,99.4027
118	p	19.0302,99.3212 19.0305,99.3214
118	p	19.0381,99.3277 19.0382,99.3280
118	p	19.0208,99.3091 19.0211,99.3095
118	p	19.0844,99.4027 19.0843,99.4042 19.0850,99.4057 19.0852,99.4071 19.0859,99.4084 19.0870,99.4096 19.0877,99.4111 19.0885,99.4123 19.0892,99.4127
118	p	19.0900,99.4183 19.0913,99.4195 19.0917,99.4208
118	p	19.0951,99.4354 19.0953,99.4369 19.0953,99.4387 19.0959,99.4401 19.0970,99.4412 19.0978,99.4426 19.0978,99.4449
118	p	18.8641,99.1172 18.8621,99.1130 18.8611,99.1108 18.8598,99.1080 18.8598,99.1079
118	p	18.8679,99.1250 18.8680,99.1251
118	p	18.8678,99.1252 18.8677,99.1250
118	p	18.8680,99.1251 18.8682,99.1255
118	p	19.0978,99.4453 19.0982,99.4469 19.0997,99.4482 19.1011,99.4494 19.1024,99.4499
118	p	19.0978,99.4449 19.0978,99.4453
118	p	19.1024,99.4499 19.1026,99.4499
118	p	19.1026,99.4499 19.1040,99.4499 19.1055,99.4503 19.1079,99.4523 19.1086,99.4536 19.1085,99.4548
118	p	19.6362,99.5169 19.6359,99.5166
118	p	19.6636,99.5498 19.6638,99.5499
118	p	19.6638,99.5499 19.6651,99.5506 19.6670,99.5512 19.6676,99.5514
118	p	19.6476,99.5328 19.6464,99.5307 19.6447,99.5274 19.6437,99.5260 19.6425,99.5248 19.6412,99.5234 19.6403,99.5223 19.6390,99.5201 19.6375,99.5183 19.6366,99.5173 19.6362,99.5169
101	t	18.6971,100.7478 18.6973,100.7478
101	t	18.7037,100.7489 18.7056,100.7498
101	t	18.7034,100.7489 18.7037,100.7489
101	t	18.7056,100.7498 18.7066,100.7501
101	t	18.7078,100.7505 18.7063,100.7501 18.7045,100.7492 18.7037,100.7490
101	t	18.7066,100.7501 18.7078,100.7504
118	p	19.5841,99.4936 19.5858,99.4947 19.5871,99.4954 19.5884,99.4960 19.5902,99.4975 19.5914,99.4988 19.5923,99.5001 19.5931,99.5014 19.5946,99.5033 19.5961,99.5050 19.5971,99.5059 19.5982,99.5068 19.5995,99.5076 19.6010,99.5079 19.6028,99.5082 19.6047,99.5085 19.6067,99.5088 19.6081,99.5090 19.6095,99.5092 19.6110,99.5094 19.6132,99.5094 19.6152,99.5094 19.6164,99.5098 19.6181,99.5119 19.6197,99.5140 19.6208,99.5156 19.6228,99.5182 19.6241,99.5189 19.6256,99.5187 19.6269,99.5179 19.6283,99.5169 19.6295,99.5161 19.6310,99.5158 19.6325,99.5158 19.6340,99.5158
118	p	19.7097,99.5886 19.7098,99.5886
118	p	19.6676,99.5514 19.6678,99.5514
118	p	19.5839,99.4935 19.5841,99.4936
118	p	19.7352,99.6313 19.7357,99.6327 19.7363,99.6340 19.7364,99.6355 19.7378,99.6374 19.7385,99.6386 19.7391,99.6400 19.7393,99.6415 19.7404,99.6426 19.7414,99.6439 19.7427,99.6456 19.7436,99.6470 19.7445,99.6490 19.7461,99.6507 19.7470,99.6519 19.7474,99.6534 19.7477,99.6568 19.7470,99.6588 19.7467,99.6602 19.7459,99.6615 19.7448,99.6625 19.7442,99.6640 19.7442,99.6658 19.7440,99.6679 19.7455,99.6758 19.7460,99.6772 19.7471,99.6780 19.7475,99.6795 19.7468,99.6827 19.7462,99.6847 19.7461,99.6879
118	p	19.6678,99.5514 19.6691,99.5518
1	t	20.3304,99.8844 20.3337,99.8851 20.3369,99.8857 20.3426,99.8868 20.3445,99.8870 20.3469,99.8869 20.3495,99.8868 20.3516,99.8865 20.3581,99.8858 20.3634,99.8851 20.3656,99.8848 20.3671,99.8846 20.3685,99.8850 20.3719,99.8855 20.3732,99.8855 20.3746,99.8852 20.3775,99.8847
1	t	20.3301,99.8843 20.3304,99.8844
1	t	20.3303,99.8845 20.3301,99.8845
118	p	19.6691,99.5518 19.6692,99.5519
118	p	19.6692,99.5519 19.6708,99.5524
118	p	19.0892,99.4130 19.0888,99.4146 19.0892,99.4168 19.0899,99.4181
118	p	19.0892,99.4127 19.0892,99.4130
118	p	19.0917,99.4208 19.0918,99.4210
118	p	19.0918,99.4210 19.0927,99.4221 19.0935,99.4235 19.0935,99.4251 19.0934,99.4272 19.0946,99.4290 19.0942,99.4306 19.0944,99.4334 19.0949,99.4350
108	p	18.4575,98.7743 18.4587,98.7763 18.4597,98.7773 18.4615,98.7792 18.4628,98.7805 18.4642,98.7821 18.4652,98.7831 18.4676,98.7856 18.4689,98.7870 18.4706,98.7888 18.4730,98.7912 18.4743,98.7926 18.4762,98.7946 18.4788,98.7975 18.4809,98.7997 18.4824,98.8013 18.4838,98.8027 18.4848,98.8038 18.4859,98.8050 18.4884,98.8076 18.4906,98.8100 18.4926,98.8122 18.4932,98.8129
108	p	18.4510,98.7516 18.4510,98.7513
108	p	18.4512,98.7513 18.4512,98.7516
108	p	18.4510,98.7513 18.4511,98.7488 18.4512,98.7468 18.4513,98.7419 18.4513,98.7404 18.4513,98.7383 18.4514,98.7361 18.4514,98.7339 18.4515,98.7313 18.4515,98.7295 18.4516,98.7261 18.4517,98.7243
1	t	17.6373,99.2392 17.6391,99.2394 17.6407,99.2398 17.6419,99.2404 17.6441,99.2416 17.6447,99.2420
1	t	17.6314,99.2385 17.6330,99.2387
1	t	17.6305,99.2385 17.6314,99.2385
101	t	18.6917,100.7476 18.6919,100.7476
101	t	18.6919,100.7476 18.6943,100.7477 18.6971,100.7478
101	t	18.5372,100.6687 18.5374,100.6701 18.5373,100.6716 18.5378,100.6732 18.5389,100.6745 18.5399,100.6757 18.5409,100.6778 18.5417,100.6794 18.5424,100.6809 18.5437,100.6834 18.5447,100.6854 18.5453,100.6867 18.5457,100.6884 18.5457,100.6901 18.5456,100.6918 18.5459,100.6937 18.5461,100.6955 18.5457,100.6983 18.5452,100.7006 18.5455,100.7020 18.5464,100.7038 18.5476,100.7066 18.5482,100.7079 18.5493,100.7096 18.5510,100.7118 18.5521,100.7133 18.5530,100.7147 18.5541,100.7158 18.5575,100.7189 18.5600,100.7212 18.5612,100.7225 18.5646,100.7274 18.5649,100.7288 18.5652,100.7305 18.5656,100.7322 18.5661,100.7341 18.5665,100.7361 18.5672,100.7394 18.5676,100.7411 18.5684,100.7423 18.5704,100.7425 18.5715,100.7425
127	t	18.2531,99.4862 18.2534,99.4852
127	t	18.2620,99.4702 18.2609,99.4722 18.2601,99.4739 18.2593,99.4754 18.2583,99.4773 18.2571,99.4791 18.2568,99.4798
106	p	18.5394,98.9388 18.5374,98.9392 18.5360,98.9395 18.5347,98.9398 18.5326,98.9403 18.5311,98.9405 18.5290,98.9405 18.5269,98.9400 18.5255,98.9396 18.5241,98.9396 18.5220,98.9402 18.5206,98.9404 18.5191,98.9411 18.5177,98.9417 18.5161,98.9418 18.5140,98.9418 18.5126,98.9418 18.5110,98.9422 18.5096,98.9430 18.5082,98.9435 18.5067,98.9437 18.5053,98.9434 18.5043,98.9425
1421	t	19.8820,100.0616 19.8827,100.0628 19.8844,100.0676 19.8846,100.0695 19.8846,100.0713 19.8846,100.0728 19.8847,100.0746 19.8849,100.0766 19.8850,100.0783 19.8856,100.0799 19.8865,100.0819 19.8874,100.0839 19.8879,100.0854 19.8885,100.0870 19.8890,100.0887 19.8898,100.0917 19.8908,100.0959 19.8910,100.0974 19.8909,100.0999 19.8909,100.1014 19.8908,100.1042 19.8908,100.1057 19.8908,100.1065
101	t	18.3620,100.3602 18.3625,100.3580 18.3630,100.3560 18.3624,100.3537 18.3621,100.3521 18.3621,100.3500 18.3620,100.3484 18.3603,100.3465 18.3593,100.3452 18.3591,100.3430 18.3590,100.3411 18.3597,100.3391 18.3591,100.3368 18.3586,100.3351 18.3581,100.3334 18.3574,100.3315 18.3567,100.3298 18.3557,100.3279 18.3549,100.3265 18.3535,100.3255 18.3517,100.3242 18.3486,100.3223 18.3473,100.3214 18.3460,100.3203 18.3445,100.3189 18.3434,100.3182
101	t	18.2195,100.1978 18.2162,100.1983
101	t	18.2161,100.1982 18.2182,100.1979 18.2195,100.1977
106	p	18.6486,99.0423 18.6485,99.0424
1	t	18.2599,99.4632 18.2621,99.4655 18.2636,99.4672
1	t	18.2498,99.4522 18.2497,99.4521
1	t	18.2498,99.4520 18.2499,99.4521
1	t	18.1696,99.4065 18.1662,99.4056 18.1649,99.4052 18.1632,99.4048 18.1596,99.4038 18.1571,99.4032 18.1556,99.4030 18.1517,99.4023
1	t	17.6452,99.2422 17.6459,99.2426
1	t	17.6446,99.2421 17.6431,99.2413 17.6414,99.2404 17.6400,99.2398 17.6367,99.2394 17.6313,99.2387 17.6299,99.2386 17.6280,99.2383 17.6265,99.2380 17.6251,99.2376 17.6233,99.2370 17.6219,99.2364 17.6210,99.2357
1	t	17.6447,99.2420 17.6452,99.2422
1	t	17.6450,99.2424 17.6446,99.2421
105	p	18.1581,97.9418 18.1595,97.9423 18.1605,97.9420
105	p	18.1573,97.9416 18.1581,97.9418
108	p	18.5774,97.9419 18.5776,97.9419
108	p	18.5782,97.9423 18.5782,97.9425
108	p	18.5664,97.9284 18.5663,97.9284
108	p	18.5782,97.9425 18.5796,97.9422 18.5812,97.9422 18.5823,97.9412 18.5837,97.9415 18.5849,97.9409 18.5863,97.9416 18.5877,97.9420 18.5881,97.9434 18.5898,97.9433 18.5911,97.9428 18.5917,97.9414 18.5928,97.9401 18.5943,97.9399 18.5954,97.9410 18.5968,97.9417 18.5981,97.9424 18.5998,97.9420 18.6013,97.9422 18.6041,97.9406 18.6055,97.9405 18.6069,97.9399 18.6086,97.9410 18.6096,97.9422 18.6110,97.9431 18.6126,97.9435 18.6141,97.9434 18.6159,97.9435 18.6173,97.9449 18.6181,97.9462 18.6190,97.9475 18.6204,97.9472 18.6221,97.9469 18.6235,97.9468 18.6252,97.9469 18.6266,97.9474 18.6295,97.9466 18.6311,97.9465 18.6327,97.9461 18.6345,97.9459 18.6366,97.9446 18.6382,97.9440 18.6397,97.9429 18.6411,97.9425 18.6426,97.9424 18.6440,97.9426 18.6448,97.9413 18.6460,97.9404 18.6473,97.9413 18.6491,97.9396 18.6491,97.9395
108	p	18.5663,97.9284 18.5649,97.9279 18.5632,97.9265 18.5621,97.9256 18.5620,97.9241 18.5612,97.9229 18.5599,97.9220 18.5586,97.9217 18.5580,97.9231 18.5575,97.9244 18.5567,97.9257 18.5568,97.9273 18.5567,97.9289 18.5567,97.9305 18.5569,97.9330 18.5569,97.9346 18.5573,97.9360 18.5571,97.9375 18.5566,97.9392 18.5567,97.9406 18.5571,97.9428 18.5559,97.9417 18.5555,97.9401 18.5542,97.9396 18.5552,97.9385 18.5540,97.9377 18.5526,97.9370 18.5530,97.9353 18.5515,97.9351 18.5502,97.9354 18.5496,97.9338 18.5477,97.9352 18.5465,97.9361 18.5448,97.9370 18.5432,97.9378 18.5417,97.9381 18.5398,97.9380 18.5378,97.9371 18.5364,97.9364 18.5352,97.9355 18.5335,97.9350
108	p	18.5776,97.9419 18.5782,97.9423
118	p	18.8822,99.1507 18.8821,99.1505
118	p	18.8823,99.1506 18.8824,99.1508
118	p	18.8785,99.1428 18.8771,99.1397 18.8764,99.1383 18.8754,99.1368 18.8744,99.1355 18.8719,99.1326
118	p	18.8877,99.1622 18.8889,99.1650 18.8897,99.1664 18.8912,99.1677 18.8921,99.1688 18.8928,99.1706 18.8931,99.1720 18.8932,99.1736 18.8930,99.1751 18.8934,99.1769 18.8942,99.1782 18.8955,99.1787 18.8963,99.1794
118	p	19.7047,99.5851 19.7063,99.5868 19.7070,99.5880 19.7080,99.5891 19.7093,99.5887
118	p	19.6877,99.5691 19.6878,99.5694
1290	p	20.2609,100.0937 20.2593,100.0954
107	p	20.1141,99.6709 20.1135,99.6695 20.1123,99.6688 20.1100,99.6649 20.1100,99.6633 20.1098,99.6619
107	p	20.1142,99.6714 20.1141,99.6709
107	p	20.1145,99.6730 20.1145,99.6727
107	p	20.1091,99.6604 20.1088,99.6602
107	p	20.1098,99.6619 20.1097,99.6614
107	p	20.1097,99.6614 20.1091,99.6604
107	p	20.1145,99.6727 20.1142,99.6714
107	p	18.8359,98.9755 18.8345,98.9760 18.8332,98.9765 18.8311,98.9774 18.8294,98.9782 18.8281,98.9788 18.8263,98.9793 18.8250,98.9796 18.8230,98.9802 18.8216,98.9806 18.8201,98.9810 18.8188,98.9815 18.8182,98.9817
1365	p	18.8423,98.9719 18.8425,98.9724
108	p	18.1970,98.4511 18.1963,98.4514
108	p	18.1757,98.4511 18.1750,98.4507
108	p	18.1750,98.4507 18.1741,98.4492 18.1735,98.4468 18.1728,98.4455 18.1714,98.4452 18.1700,98.4440 18.1685,98.4435 18.1654,98.4404 18.1641,98.4395 18.1628,98.4385 18.1619,98.4371 18.1614,98.4355 18.1609,98.4340 18.1597,98.4325 18.1587,98.4314 18.1571,98.4307 18.1554,98.4298 18.1541,98.4291 18.1528,98.4285 18.1518,98.4271 18.1505,98.4238 18.1504,98.4221 18.1510,98.4200 18.1514,98.4182 18.1518,98.4168 18.1529,98.4148 18.1541,98.4134 18.1554,98.4122 18.1564,98.4113 18.1570,98.4097 18.1579,98.4084 18.1583,98.4071 18.1577,98.4045 18.1572,98.4030 18.1577,98.4007 18.1581,98.3992 18.1588,98.3963 18.1588,98.3949 18.1585,98.3933 18.1580,98.3913 18.1575,98.3895 18.1564,98.3878 18.1556,98.3865 18.1536,98.3852 18.1521,98.3847 18.1503,98.3845 18.1488,98.3843 18.1468,98.3830 18.1453,98.3813 18.1447,98.3800 18.1445,98.3783 18.1438,98.3768 18.1426,98.3757 18.1416,98.3746 18.1412,98.3732 18.1409,98.3717 18.1413,98.3696 18.1424,98.3673 18.1439,98.3650 18.1447,98.3637 18.1455,98.3605 18.1457,98.3587 18.1460,98.3564 18.1465,98.3535 18.1467,98.3518 18.1470,98.3498 18.1472,98.3483 18.1470,98.3469 18.1463,98.3438 18.1458,98.3421 18.1435,98.3400 18.1421,98.3387 18.1409,98.3375 18.1394,98.3362 18.1390,98.3344 18.1383,98.3327 18.1381,98.3311 18.1390,98.3299 18.1396,98.3280 18.1399,98.3263 18.1409,98.3252 18.1425,98.3244 18.1445,98.3223 18.1449,98.3198 18.1445,98.3182 18.1441,98.3167 18.1438,98.3147 18.1446,98.3128 18.1457,98.3112 18.1467,98.3100 18.1479,98.3090 18.1486,98.3075 18.1489,98.3045 18.1494,98.3031 18.1496,98.3013 18.1507,98.3000 18.1510,98.2985 18.1500,98.2967
108	p	18.1963,98.4514 18.1948,98.4512 18.1933,98.4510 18.1919,98.4502 18.1893,98.4500 18.1879,98.4508
108	p	18.2230,98.4605 18.2232,98.4602
108	p	18.2220,98.4624 18.2220,98.4620
108	p	18.2220,98.4620 18.2230,98.4605
108	p	18.2169,98.4454 18.2157,98.4462 18.2139,98.4461 18.2095,98.4473 18.2081,98.4480 18.2069,98.4488 18.2053,98.4489 18.2033,98.4489 18.2019,98.4498 18.2005,98.4507 18.1990,98.4502 18.1977,98.4509 18.1970,98.4511
108	p	18.1642,97.9553 18.1644,97.9549
108	p	18.1644,97.9549 18.1655,97.9532 18.1658,97.9517 18.1655,97.9500 18.1651,97.9483 18.1638,97.9472 18.1626,97.9463 18.1616,97.9442
108	p	18.1406,98.0856 18.1387,98.0843 18.1378,98.0830 18.1367,98.0821 18.1354,98.0811 18.1348,98.0795 18.1355,98.0776 18.1371,98.0769 18.1391,98.0760 18.1409,98.0747 18.1432,98.0735 18.1450,98.0723 18.1471,98.0733 18.1494,98.0728 18.1514,98.0718 18.1527,98.0710 18.1535,98.0698 18.1547,98.0677 18.1558,98.0668 18.1615,98.0673 18.1631,98.0674 18.1645,98.0675 18.1658,98.0669 18.1674,98.0662 18.1682,98.0649 18.1672,98.0633 18.1671,98.0617 18.1656,98.0606 18.1646,98.0596 18.1641,98.0579 18.1632,98.0566 18.1631,98.0547 18.1624,98.0533 18.1622,98.0517 18.1621,98.0502 18.1603,98.0496 18.1586,98.0487 18.1576,98.0472 18.1578,98.0451 18.1589,98.0436 18.1604,98.0430 18.1619,98.0417 18.1630,98.0403 18.1636,98.0386 18.1634,98.0380
108	p	18.1420,98.0863 18.1416,98.0859
108	p	18.1411,98.0856 18.1406,98.0856
108	p	18.1416,98.0859 18.1411,98.0856
108	p	18.5302,97.9343 18.5287,97.9340 18.5272,97.9335 18.5259,97.9325 18.5247,97.9314 18.5227,97.9308 18.5212,97.9306 18.5197,97.9300 18.5183,97.9287 18.5172,97.9277 18.5151,97.9284 18.5132,97.9304 18.5121,97.9316 18.5114,97.9330 18.5099,97.9337 18.5068,97.9325 18.5052,97.9322 18.5036,97.9322 18.5022,97.9318 18.5003,97.9305 18.4974,97.9300 18.4952,97.9285 18.4909,97.9316 18.4897,97.9328 18.4884,97.9341 18.4866,97.9354 18.4855,97.9362 18.4848,97.9374 18.4846,97.9389 18.4833,97.9399 18.4817,97.9398 18.4802,97.9397 18.4782,97.9402 18.4764,97.9404 18.4738,97.9399 18.4709,97.9393 18.4662,97.9382 18.4644,97.9378 18.4622,97.9367 18.4594,97.9352 18.4579,97.9346 18.4563,97.9345 18.4550,97.9351 18.4536,97.9372 18.4520,97.9378
108	p	18.5305,97.9344 18.5302,97.9343
108	p	18.8072,97.9306 18.8076,97.9307
108	p	18.8051,97.9303 18.8054,97.9303
108	p	18.8054,97.9303 18.8070,97.9306 18.8072,97.9306
108	p	18.8076,97.9307 18.8091,97.9311 18.8108,97.9321 18.8124,97.9334 18.8138,97.9345
108	p	18.4192,98.6777 18.4189,98.6776
108	p	18.4189,98.6776 18.4175,98.6773 18.4163,98.6763 18.4151,98.6753 18.4138,98.6747 18.4124,98.6745 18.4101,98.6742 18.4098,98.6742
108	p	18.3350,98.6754 18.3352,98.6756
108	p	18.3320,98.6715 18.3311,98.6702 18.3302,98.6691 18.3290,98.6680 18.3277,98.6671 18.3262,98.6662 18.3248,98.6656 18.3234,98.6651
ชม.3035	p	18.6054,98.8348 18.6061,98.8349
ชม.3035	p	18.6061,98.8350 18.6054,98.8349
105	p	17.9307,97.9568 17.9302,97.9578
105	p	18.0247,97.9206 18.0244,97.9204
105	p	17.8773,97.9650 17.8769,97.9650
105	p	17.8769,97.9650 17.8755,97.9639 17.8742,97.9633 17.8725,97.9630 17.8710,97.9628 17.8691,97.9632 17.8678,97.9639 17.8669,97.9656 17.8661,97.9668
1	t	17.3482,99.1495 17.3512,99.1495 17.3527,99.1493 17.3542,99.1490
1	t	17.3478,99.1495 17.3482,99.1495
1	t	17.3482,99.1497 17.3478,99.1497
1	t	17.5765,99.2059 17.5751,99.2039 17.5748,99.2036
1	t	17.5750,99.2035 17.5762,99.2052 17.5766,99.2058
1	t	17.5766,99.2058 17.5798,99.2107 17.5811,99.2126 17.5836,99.2163
1	t	17.5748,99.2036 17.5733,99.2025 17.5719,99.2021 17.5682,99.2025 17.5667,99.2028 17.5650,99.2031
106	p	17.6542,99.1949 17.6540,99.1965 17.6529,99.1998 17.6510,99.2051 17.6487,99.2115 17.6477,99.2143 17.6468,99.2170 17.6448,99.2227 17.6440,99.2247 17.6435,99.2261 17.6425,99.2289 17.6417,99.2312 17.6416,99.2315
106	p	17.6571,99.1644 17.6571,99.1646
106	p	17.6543,99.1945 17.6542,99.1949
106	p	17.6571,99.1646 17.6567,99.1688 17.6566,99.1703 17.6563,99.1731 17.6561,99.1747 17.6555,99.1810 17.6543,99.1939 17.6543,99.1945
106	p	17.8131,98.9375 17.8128,98.9379
106	p	17.8128,98.9379 17.8116,98.9393 17.8102,98.9409 17.8091,98.9422 17.8080,98.9434
106	p	17.8256,98.9304 17.8271,98.9301 17.8322,98.9296 17.8341,98.9294 17.8355,98.9292 17.8371,98.9290 17.8386,98.9289 17.8403,98.9287 17.8419,98.9285 17.8451,98.9282 17.8466,98.9280 17.8525,98.9274 17.8543,98.9272 17.8562,98.9276 17.8576,98.9280 17.8590,98.9283 17.8606,98.9282 17.8623,98.9277 17.8648,98.9269 17.8665,98.9264 17.8699,98.9254 17.8735,98.9243 17.8759,98.9235 17.8773,98.9231 17.8787,98.9226 17.8823,98.9215 17.8847,98.9208 17.8875,98.9199 17.8891,98.9195 17.8904,98.9188 17.8916,98.9177 17.8930,98.9169 17.8944,98.9167 17.8960,98.9158 17.8990,98.9135 17.9003,98.9125 17.9015,98.9115 17.9028,98.9105 17.9046,98.9109 17.9061,98.9105 17.9079,98.9105 17.9096,98.9100 17.9111,98.9091 17.9127,98.9089 17.9142,98.9091 17.9153,98.9099 17.9163,98.9109 17.9177,98.9108 17.9191,98.9104 17.9223,98.9095 17.9237,98.9090 17.9256,98.9083 17.9270,98.9076 17.9283,98.9071 17.9323,98.9065 17.9354,98.9062 17.9384,98.9059 17.9399,98.9055 17.9426,98.9043 17.9447,98.9033 17.9461,98.9027 17.9473,98.9020 17.9487,98.9012 17.9504,98.9001 17.9528,98.8986 17.9547,98.8974 17.9577,98.8957 17.9595,98.8947 17.9609,98.8941 17.9626,98.8933 17.9639,98.8927 17.9672,98.8888 17.9686,98.8871 17.9695,98.8860 17.9706,98.8845 17.9715,98.8830 17.9722,98.8813 17.9728,98.8798 17.9738,98.8782
106	p	17.9985,98.8766 17.9960,98.8762 17.9932,98.8759 17.9916,98.8756 17.9897,98.8749 17.9884,98.8749
106	p	17.9738,98.8782 17.9740,98.8781
106	p	17.9882,98.8749 17.9884,98.8749
106	p	18.0006,98.8769 18.0004,98.8769
106	p	17.9882,98.8749 17.9866,98.8752 17.9823,98.8758 17.9759,98.8767 17.9745,98.8774 17.9740,98.8781
106	p	18.0747,98.8915 18.0747,98.8913
106	p	18.0510,98.8819 18.0482,98.8811 18.0467,98.8808 18.0452,98.8810 18.0438,98.8815 18.0416,98.8822 18.0394,98.8828 18.0375,98.8832 18.0358,98.8837 18.0332,98.8843 18.0316,98.8847 18.0298,98.8851 18.0283,98.8855 18.0269,98.8854 18.0254,98.8851 18.0235,98.8848 18.0214,98.8843 18.0199,98.8840 18.0176,98.8835 18.0156,98.8831 18.0137,98.8827 18.0121,98.8822 18.0101,98.8809 18.0081,98.8797 18.0066,98.8787 18.0052,98.8778 18.0036,98.8773 18.0014,98.8770 18.0006,98.8769
106	p	18.2500,98.8256 18.2501,98.8256
106	p	18.2904,98.8155 18.2912,98.8155
106	p	18.2902,98.8155 18.2904,98.8155
106	p	18.2912,98.8155 18.2922,98.8155
106	p	18.2501,98.8256 18.2522,98.8257 18.2539,98.8251 18.2552,98.8243 18.2564,98.8237 18.2578,98.8230 18.2594,98.8221 18.2632,98.8227 18.2652,98.8216 18.2666,98.8211 18.2684,98.8213 18.2699,98.8208 18.2727,98.8217 18.2743,98.8207 18.2756,98.8199 18.2762,98.8199
106	p	18.3859,98.8209 18.3832,98.8181 18.3819,98.8168 18.3793,98.8159 18.3740,98.8145 18.3717,98.8139 18.3699,98.8134 18.3676,98.8127 18.3657,98.8122 18.3637,98.8117 18.3627,98.8115
106	p	18.3861,98.8211 18.3859,98.8209
106	p	17.7641,98.9659 17.7641,98.9665
106	p	17.7641,98.9665 17.7643,98.9681 17.7645,98.9700 17.7642,98.9727 17.7642,98.9744 17.7647,98.9765 17.7642,98.9780 17.7635,98.9803 17.7638,98.9821 17.7641,98.9841 17.7645,98.9859 17.7651,98.9873 17.7650,98.9887 17.7645,98.9901 17.7633,98.9917 17.7624,98.9928 17.7617,98.9941 17.7617,98.9951
121	p	18.8330,99.0390 18.8329,99.0393
121	p	18.8327,99.0391 18.8328,99.0388
121	p	18.8314,99.0422 18.8305,99.0436 18.8297,99.0450 18.8296,99.0452
121	p	18.8328,99.0388 18.8337,99.0370
121	p	18.8448,99.0173 18.8459,99.0156 18.8463,99.0150
1	t	17.6460,99.2429 17.6457,99.2427
1	t	17.6457,99.2427 17.6450,99.2424
1	t	17.6459,99.2426 17.6461,99.2427
1290	p	20.2453,100.1089 20.2456,100.1073 20.2456,100.1058 20.2465,100.1042 20.2473,100.1029 20.2481,100.1027
1290	p	20.2481,100.1028 20.2470,100.1036 20.2459,100.1053 20.2457,100.1070 20.2454,100.1085 20.2453,100.1089
1290	p	20.2453,100.1089 20.2450,100.1100
108	p	18.1476,98.1617 18.1491,98.1608 18.1489,98.1593 18.1477,98.1586 18.1468,98.1574 18.1463,98.1560 18.1469,98.1547 18.1474,98.1533 18.1473,98.1517 18.1478,98.1487 18.1481,98.1471 18.1482,98.1453 18.1489,98.1440 18.1492,98.1425 18.1502,98.1416 18.1508,98.1396 18.1515,98.1372 18.1513,98.1356 18.1506,98.1343 18.1510,98.1328 18.1507,98.1295 18.1508,98.1281 18.1520,98.1273 18.1527,98.1261 18.1520,98.1248 18.1487,98.1248 18.1468,98.1249 18.1455,98.1240 18.1443,98.1228 18.1440,98.1213 18.1446,98.1181 18.1449,98.1163 18.1445,98.1147 18.1415,98.1141 18.1402,98.1136 18.1402,98.1121 18.1412,98.1110 18.1425,98.1102 18.1423,98.1087 18.1409,98.1074 18.1420,98.1048 18.1434,98.1038 18.1448,98.1027 18.1464,98.1007 18.1475,98.0995 18.1486,98.0981 18.1498,98.0964 18.1501,98.0949 18.1490,98.0934 18.1472,98.0936 18.1458,98.0942 18.1446,98.0932 18.1433,98.0924 18.1419,98.0921 18.1427,98.0893 18.1432,98.0880 18.1424,98.0868 18.1420,98.0863
108	p	18.1469,98.1624 18.1476,98.1617
108	p	18.1634,98.0380 18.1630,98.0374
108	p	18.1630,98.0374 18.1626,98.0356 18.1628,98.0342 18.1614,98.0329 18.1600,98.0325 18.1589,98.0315 18.1582,98.0303 18.1574,98.0287 18.1550,98.0282 18.1533,98.0274 18.1518,98.0269 18.1508,98.0258 18.1480,98.0244 18.1463,98.0234 18.1454,98.0224 18.1441,98.0216 18.1427,98.0212 18.1418,98.0201 18.1417,98.0186 18.1420,98.0172 18.1416,98.0155 18.1400,98.0136 18.1383,98.0117 18.1384,98.0087 18.1387,98.0068 18.1383,98.0047
121	p	18.8058,99.0601 18.8060,99.0600
1365	p	18.8398,98.9651 18.8405,98.9670
107	p	19.7395,99.1429 19.7411,99.1430 19.7427,99.1433 19.7457,99.1441 19.7475,99.1446 19.7491,99.1453 19.7509,99.1464 19.7526,99.1476 19.7540,99.1486 19.7551,99.1494 19.7564,99.1503 19.7577,99.1510 19.7592,99.1516 19.7609,99.1523 19.7622,99.1530 19.7646,99.1547 19.7659,99.1557 19.7672,99.1569
107	p	19.7672,99.1569 19.7658,99.1559 19.7645,99.1548 19.7631,99.1537 19.7608,99.1525 19.7594,99.1518 19.7579,99.1512 19.7563,99.1504 19.7551,99.1496 19.7539,99.1487 19.7526,99.1477 19.7509,99.1466 19.7495,99.1457 19.7480,99.1449 19.7465,99.1444 19.7432,99.1435 19.7418,99.1433 19.7402,99.1431 19.7395,99.1431
107	p	19.8626,99.1787 19.8645,99.1803 19.8659,99.1815 19.8670,99.1825 19.8682,99.1837 19.8695,99.1848 19.8707,99.1856 19.8723,99.1865 19.8738,99.1876 19.8753,99.1888 19.8764,99.1897 19.8776,99.1908 19.8788,99.1917 19.8801,99.1925 19.8817,99.1933 19.8832,99.1941 19.8854,99.1951 19.8872,99.1959 19.8886,99.1966 19.8898,99.1973 19.8923,99.1988 19.8935,99.1995 19.8950,99.1998 19.8968,99.2000 19.8982,99.2001
11	t	18.8110,98.9960 18.8108,98.9977 18.8104,98.9997
11	t	18.8118,98.9909 18.8119,98.9908
11	t	18.8120,98.9907 18.8120,98.9909
11	t	18.8119,98.9908 18.8120,98.9893 18.8121,98.9887
ชม.3029	p	18.7481,99.0203 18.7475,99.0189 18.7468,99.0175 18.7451,99.0162 18.7443,99.0148 18.7442,99.0137
ชม.3029	p	18.7482,99.0203 18.7483,99.0205
ชม.3029	p	18.7481,99.0204 18.7481,99.0203
ชม.3029	p	18.7483,99.0205 18.7488,99.0215
116	p	18.5228,99.0140 18.5247,99.0154 18.5262,99.0167 18.5275,99.0178 18.5303,99.0200 18.5317,99.0212 18.5357,99.0244 18.5368,99.0253 18.5374,99.0258
116	p	18.5087,99.0024 18.5089,99.0026
106	p	18.1096,98.8928 18.1098,98.8926
106	p	18.1161,98.8894 18.1164,98.8892
106	p	18.1976,98.8462 18.1979,98.8460
106	p	18.1912,98.8492 18.1916,98.8491
106	p	18.2762,98.8199 18.2764,98.8199
106	p	18.2764,98.8199 18.2780,98.8201 18.2800,98.8197 18.2812,98.8189 18.2826,98.8179 18.2849,98.8176 18.2864,98.8173 18.2881,98.8165 18.2896,98.8155 18.2902,98.8155
106	p	18.1164,98.8892 18.1187,98.8880 18.1207,98.8870 18.1227,98.8861 18.1255,98.8850 18.1268,98.8845 18.1293,98.8824 18.1307,98.8808 18.1330,98.8766 18.1342,98.8758 18.1371,98.8751 18.1391,98.8729 18.1405,98.8722 18.1417,98.8706 18.1429,98.8684 18.1444,98.8670 18.1457,98.8661 18.1471,98.8660
106	p	18.1979,98.8460 18.1990,98.8450 18.2001,98.8441 18.2013,98.8432 18.2032,98.8422 18.2058,98.8410 18.2104,98.8388 18.2135,98.8373 18.2150,98.8368 18.2166,98.8368 18.2189,98.8373 18.2203,98.8368 18.2215,98.8361 18.2245,98.8342 18.2264,98.8342 18.2280,98.8344 18.2298,98.8344 18.2314,98.8341 18.2329,98.8335 18.2345,98.8305 18.2355,98.8288 18.2363,98.8272 18.2374,98.8263 18.2389,98.8256 18.2411,98.8250 18.2434,98.8251 18.2461,98.8253 18.2479,98.8254 18.2499,98.8256 18.2500,98.8256
106	p	18.1916,98.8491 18.1930,98.8488 18.1946,98.8484 18.1962,98.8474 18.1976,98.8462
106	p	18.1098,98.8926 18.1111,98.8919 18.1128,98.8911 18.1154,98.8898 18.1161,98.8894
106	p	18.4314,98.8680 18.4316,98.8683
106	p	18.4316,98.8683 18.4327,98.8694
106	p	18.4240,98.8603 18.4243,98.8606
106	p	18.3918,98.8270 18.3916,98.8268
106	p	18.4329,98.8696 18.4327,98.8694
106	p	18.3916,98.8268 18.3902,98.8253 18.3861,98.8211
106	p	18.4243,98.8606 18.4256,98.8620 18.4268,98.8632 18.4286,98.8651 18.4301,98.8667 18.4311,98.8677 18.4314,98.8680
106	p	18.4234,98.8598 18.4184,98.8546 18.4075,98.8432 18.4029,98.8385 18.4017,98.8373 18.3980,98.8334 18.3970,98.8324 18.3949,98.8303 18.3935,98.8288 18.3918,98.8270
1	t	17.5650,99.2029 17.5682,99.2023 17.5701,99.2020 17.5720,99.2019 17.5735,99.2024 17.5750,99.2035
1	t	17.5650,99.2031 17.5649,99.2031
1	t	17.5489,99.1986 17.5491,99.1987
1	t	17.5648,99.2029 17.5650,99.2029
1	t	17.5491,99.1987 17.5519,99.1999 17.5547,99.2011
1	t	17.5549,99.2014 17.5546,99.2013
1	t	17.5547,99.2011 17.5550,99.2012
1	t	17.5546,99.2013 17.5532,99.2006 17.5491,99.1988
1	t	17.5649,99.2031 17.5618,99.2036 17.5603,99.2036 17.5589,99.2032 17.5549,99.2014
1	t	17.5550,99.2012 17.5563,99.2018 17.5595,99.2032 17.5611,99.2035 17.5648,99.2029
108	p	18.3076,98.6489 18.3075,98.6487
108	p	18.2860,98.6398 18.2842,98.6394 18.2827,98.6392 18.2812,98.6388 18.2793,98.6382 18.2777,98.6378 18.2762,98.6378 18.2748,98.6379 18.2722,98.6368 18.2705,98.6358 18.2694,98.6339 18.2688,98.6326 18.2669,98.6311
108	p	18.2256,98.4988 18.2254,98.4972 18.2260,98.4958 18.2265,98.4944 18.2263,98.4929
108	p	18.2212,98.4792 18.2212,98.4788
108	p	18.2263,98.4929 18.2256,98.4915
108	p	18.1497,98.2490 18.1503,98.2475
108	p	18.1390,98.1964 18.1390,98.1950
108	p	18.2258,98.4991 18.2256,98.4988
108	p	18.1960,98.6003 18.1962,98.6001
108	p	18.2323,98.5246 18.2322,98.5242
108	p	18.2256,98.4915 18.2247,98.4905 18.2251,98.4890 18.2245,98.4871 18.2243,98.4854 18.2236,98.4841 18.2225,98.4821 18.2223,98.4818
108	p	18.2212,98.4788 18.2213,98.4774 18.2216,98.4758 18.2221,98.4740 18.2222,98.4725 18.2224,98.4710 18.2225,98.4704
108	p	18.2322,98.5242 18.2312,98.5228 18.2307,98.5208 18.2304,98.5189 18.2301,98.5174 18.2304,98.5158 18.2300,98.5137 18.2298,98.5116 18.2296,98.5101 18.2295,98.5087 18.2291,98.5073 18.2289,98.5057 18.2278,98.5047 18.2268,98.5036 18.2267,98.5014 18.2263,98.4998 18.2258,98.4991
108	p	18.1962,98.6001 18.1978,98.5987 18.1993,98.5973 18.2010,98.5965 18.2025,98.5961 18.2045,98.5951 18.2059,98.5957 18.2082,98.5952 18.2086,98.5937 18.2077,98.5924 18.2068,98.5912 18.2077,98.5892 18.2090,98.5887 18.2106,98.5881 18.2113,98.5881
108	p	18.1390,98.1950 18.1377,98.1924 18.1371,98.1900 18.1369,98.1881 18.1356,98.1867 18.1345,98.1859 18.1330,98.1848 18.1325,98.1834 18.1335,98.1822 18.1338,98.1806 18.1345,98.1793 18.1360,98.1767 18.1373,98.1751 18.1386,98.1736 18.1399,98.1726 18.1409,98.1709 18.1423,98.1697 18.1429,98.1676 18.1438,98.1660 18.1445,98.1643 18.1459,98.1632 18.1469,98.1624
108	p	18.1503,98.2475 18.1509,98.2461 18.1516,98.2445 18.1520,98.2427 18.1534,98.2418 18.1543,98.2402 18.1547,98.2386 18.1536,98.2374 18.1532,98.2359 18.1547,98.2349 18.1553,98.2346
121	p	18.8521,99.0066 18.8505,99.0090
121	p	18.8489,99.0115 18.8487,99.0118
121	p	18.7463,99.0511 18.7473,99.0521 18.7482,99.0530
121	p	18.7407,99.0458 18.7430,99.0479 18.7447,99.0496 18.7463,99.0511
121	p	18.7327,99.0302 18.7338,99.0328
107	p	18.8714,98.9633 18.8700,98.9636 18.8678,98.9641
107	p	18.8678,98.9641 18.8663,98.9644
107	p	18.8663,98.9644 18.8635,98.9653
107	p	18.8635,98.9652 18.8662,98.9644
107	p	18.8662,98.9644 18.8677,98.9640
107	p	18.8677,98.9640 18.8704,98.9634
1	t	17.5491,99.1988 17.5488,99.1987
1	t	17.5488,99.1987 17.5446,99.1968
118	p	18.8717,99.1324 18.8706,99.1311
118	p	18.8706,99.1311 18.8700,99.1298 18.8699,99.1297
118	p	18.8684,99.1263 18.8678,99.1252
107	p	18.9062,98.9486 18.9047,98.9492 18.9033,98.9497 18.9019,98.9501 18.9003,98.9507 18.8989,98.9511 18.8965,98.9519
107	p	18.9159,98.9446 18.9159,98.9446
107	p	19.3485,98.9605 19.3498,98.9597 19.3502,98.9594
107	p	19.3502,98.9594 19.3517,98.9584 19.3529,98.9575 19.3542,98.9566 19.3556,98.9556 19.3575,98.9545 19.3593,98.9537
107	p	19.4279,98.9768 19.4265,98.9761 19.4238,98.9749
107	p	19.4229,98.9745 19.4238,98.9748
107	p	19.4279,98.9768 19.4292,98.9779 19.4310,98.9788 19.4322,98.9796 19.4340,98.9813 19.4351,98.9826 19.4365,98.9824 19.4377,98.9818 19.4392,98.9814 19.4405,98.9816
107	p	19.8982,99.2002 19.8984,99.1993
107	p	19.8984,99.1993 19.8983,99.2003
121	p	18.7560,99.0603 18.7571,99.0614 18.7584,99.0626
121	p	18.7556,99.0605 18.7554,99.0603
121	p	18.7554,99.0603 18.7544,99.0593
121	p	18.7556,99.0599 18.7560,99.0603
118	p	19.6363,99.5168 19.6379,99.5186 19.6390,99.5199 19.6403,99.5222 19.6413,99.5233 19.6432,99.5253 19.6442,99.5264 19.6456,99.5289 19.6467,99.5309 19.6474,99.5323 19.6476,99.5328
107	p	19.1081,98.9374 19.1068,98.9369 19.1046,98.9365 19.1019,98.9362
107	p	19.1082,98.9373 19.1109,98.9384 19.1123,98.9390 19.1193,98.9420 19.1206,98.9425 19.1219,98.9439 19.1221,98.9442
107	p	19.1857,98.9552 19.1844,98.9544 19.1825,98.9536 19.1812,98.9530 19.1784,98.9516 19.1762,98.9505 19.1744,98.9496 19.1710,98.9490 19.1682,98.9486 19.1661,98.9483 19.1647,98.9481 19.1629,98.9481 19.1607,98.9482 19.1583,98.9484 19.1566,98.9484 19.1529,98.9482 19.1510,98.9478
107	p	19.1857,98.9551 19.1862,98.9554
107	p	19.1861,98.9555 19.1857,98.9552
107	p	19.1991,98.9643 19.2007,98.9643 19.2029,98.9656 19.2036,98.9670 19.2049,98.9680 19.2072,98.9685 19.2086,98.9683 19.2097,98.9674 19.2112,98.9676 19.2131,98.9687 19.2156,98.9704 19.2169,98.9711 19.2186,98.9718 19.2207,98.9724 19.2221,98.9721 19.2234,98.9709 19.2249,98.9700 19.2271,98.9696 19.2287,98.9696 19.2302,98.9689 19.2304,98.9687
107	p	19.2304,98.9688 19.2287,98.9697 19.2273,98.9698 19.2258,98.9698 19.2244,98.9703 19.2231,98.9713 19.2219,98.9724 19.2196,98.9722 19.2178,98.9716 19.2164,98.9710 19.2139,98.9694 19.2122,98.9682 19.2107,98.9675 19.2093,98.9676 19.2080,98.9685 19.2049,98.9681 19.2037,98.9675 19.2032,98.9661 19.2009,98.9645 19.1996,98.9641 19.1991,98.9644
107	p	19.2476,98.9686 19.2462,98.9692 19.2448,98.9690 19.2433,98.9697 19.2420,98.9702 19.2405,98.9694 19.2395,98.9683 19.2381,98.9679 19.2367,98.9683 19.2354,98.9679 19.2338,98.9683 19.2336,98.9684
101	t	18.7080,100.7505 18.7078,100.7505
101	t	18.7080,100.7504 18.7096,100.7505 18.7111,100.7504 18.7126,100.7506 18.7139,100.7509 18.7159,100.7514 18.7173,100.7516 18.7187,100.7516 18.7201,100.7520 18.7248,100.7534 18.7265,100.7539 18.7279,100.7542 18.7293,100.7544 18.7308,100.7545 18.7331,100.7547 18.7361,100.7549 18.7377,100.7550 18.7390,100.7551 18.7408,100.7552 18.7426,100.7554 18.7470,100.7567 18.7494,100.7575 18.7509,100.7577 18.7523,100.7579 18.7533,100.7582
101	t	18.7078,100.7504 18.7080,100.7504
ชม.3029	p	18.7525,99.0317 18.7531,99.0337
107	p	19.2634,98.9688 19.2632,98.9689
107	p	19.2506,98.9704 19.2503,98.9689 19.2496,98.9674 19.2482,98.9676 19.2479,98.9681
11	t	18.8075,99.0157 18.8065,99.0167 18.8053,99.0176 18.8041,99.0182
ชม.3035	p	18.6001,98.8342 18.5986,98.8338 18.5972,98.8339 18.5960,98.8342
ชม.3035	p	18.6118,98.8359 18.6140,98.8363 18.6171,98.8368 18.6187,98.8370 18.6193,98.8371
106	p	18.7136,99.0355 18.7126,99.0367 18.7119,99.0382 18.7112,99.0395 18.7101,99.0405 18.7083,99.0404 18.7067,99.0400 18.7052,99.0400 18.7039,99.0404 18.7028,99.0413 18.7016,99.0424 18.7004,99.0431 18.6991,99.0434 18.6974,99.0437 18.6954,99.0443 18.6938,99.0446 18.6921,99.0436 18.6909,99.0428 18.6896,99.0422 18.6878,99.0425 18.6864,99.0430 18.6844,99.0435 18.6828,99.0435 18.6814,99.0430 18.6797,99.0419 18.6781,99.0413 18.6765,99.0410 18.6748,99.0409 18.6734,99.0405 18.6721,99.0395 18.6710,99.0377 18.6700,99.0367 18.6689,99.0365
106	p	18.7137,99.0354 18.7136,99.0355
121	p	18.8522,99.0063 18.8521,99.0066
121	p	18.8538,99.0040 18.8522,99.0063
121	p	18.8540,99.0037 18.8538,99.0040
121	p	18.8656,98.9856 18.8649,98.9871 18.8634,98.9894 18.8620,98.9915 18.8587,98.9966 18.8575,98.9984 18.8563,99.0001 18.8540,99.0037
107	p	20.0629,99.4495 20.0637,99.4483 20.0647,99.4470 20.0651,99.4455 20.0657,99.4442 20.0661,99.4421 20.0659,99.4404 20.0662,99.4389 20.0664,99.4374 20.0658,99.4358 20.0654,99.4342 20.0654,99.4325 20.0657,99.4308 20.0653,99.4293 20.0642,99.4280 20.0628,99.4244 20.0619,99.4231 20.0590,99.4212 20.0580,99.4196 20.0574,99.4183 20.0571,99.4169 20.0575,99.4153 20.0574,99.4134 20.0570,99.4120 20.0565,99.4105 20.0554,99.4082 20.0542,99.4068 20.0532,99.4056 20.0521,99.4036 20.0514,99.4020 20.0514,99.4005 20.0520,99.3992 20.0527,99.3978 20.0526,99.3961 20.0535,99.3946 20.0550,99.3917 20.0559,99.3905 20.0570,99.3887 20.0576,99.3872 20.0586,99.3858 20.0602,99.3853 20.0611,99.3842 20.0612,99.3825 20.0610,99.3806 20.0608,99.3791 20.0616,99.3778 20.0614,99.3761 20.0616,99.3747 20.0616,99.3732 20.0612,99.3716 20.0607,99.3701 20.0608,99.3685 20.0617,99.3664 20.0623,99.3649 20.0625,99.3633 20.0622,99.3628
118	p	18.8698,99.1294 18.8692,99.1281 18.8684,99.1263
118	p	18.8699,99.1297 18.8698,99.1294
118	p	18.8700,99.1294 18.8701,99.1296
118	p	18.8724,99.1330 18.8736,99.1343 18.8745,99.1354 18.8756,99.1367 18.8766,99.1382 18.8774,99.1398 18.8784,99.1421 18.8786,99.1426
1020	t	19.9999,100.3428 19.9985,100.3417 19.9970,100.3402 19.9956,100.3386 19.9945,100.3375 19.9935,100.3366 19.9924,100.3356 19.9913,100.3346 19.9899,100.3330 19.9884,100.3315 19.9868,100.3302 19.9850,100.3292 19.9837,100.3283 19.9823,100.3269 19.9811,100.3258 19.9799,100.3248 19.9786,100.3242 19.9768,100.3230 19.9753,100.3221 19.9727,100.3211 19.9714,100.3204 19.9701,100.3198 19.9687,100.3191 19.9670,100.3182 19.9652,100.3173 19.9638,100.3167 19.9620,100.3161 19.9604,100.3156 19.9580,100.3148 19.9562,100.3141 19.9548,100.3135 19.9533,100.3128 19.9519,100.3125 19.9502,100.3124 19.9486,100.3122 19.9466,100.3118
1020	p	19.8118,100.2400 19.8101,100.2393 19.8086,100.2388
1020	p	19.8086,100.2388 19.8070,100.2390 19.8055,100.2387 19.8044,100.2379 19.8031,100.2372 19.8012,100.2367 19.7993,100.2360 19.7979,100.2358 19.7963,100.2358 19.7944,100.2356 19.7927,100.2350 19.7910,100.2338 19.7898,100.2326 19.7886,100.2317 19.7881,100.2314
107	p	19.9536,99.2379 19.9521,99.2374 19.9520,99.2373
107	p	19.9520,99.2364 19.9520,99.2341 19.9521,99.2289 19.9522,99.2171 19.9523,99.2144 19.9523,99.2081 19.9521,99.2060 19.9513,99.2041 19.9506,99.2028 19.9494,99.2014 19.9476,99.2000 19.9454,99.1991 19.9436,99.1985 19.9377,99.1964 19.9339,99.1950 19.9322,99.1944 19.9309,99.1942 19.9294,99.1944 19.9273,99.1954 19.9252,99.1964 19.9238,99.1970 19.9208,99.1971 19.9180,99.1968 19.9136,99.1965 19.9109,99.1963 19.9096,99.1962
107	p	19.9520,99.2373 19.9520,99.2364
107	p	19.9520,99.2372 19.9533,99.2378 19.9536,99.2379
107	p	19.8983,99.2003 19.8948,99.1999 19.8935,99.1996 19.8922,99.1989 19.8909,99.1981 19.8893,99.1971 19.8879,99.1963 19.8866,99.1957 19.8836,99.1943 19.8819,99.1935 19.8798,99.1925 19.8783,99.1914 19.8771,99.1904 19.8759,99.1894 19.8743,99.1880 19.8731,99.1872 19.8707,99.1856 19.8691,99.1847 19.8678,99.1834 19.8660,99.1818 19.8648,99.1807 19.8637,99.1798 19.8629,99.1791
1	p	20.4268,99.8836 20.4282,99.8843 20.4295,99.8847 20.4318,99.8850 20.4331,99.8849 20.4348,99.8844 20.4364,99.8837 20.4379,99.8831 20.4392,99.8826 20.4409,99.8819 20.4422,99.8813 20.4435,99.8809
105	p	18.1612,97.9421 18.1605,97.9420
	p	18.1605,97.9420 18.1612,97.9420
108	p	18.1382,98.0022 18.1377,98.0007 18.1375,98.0003
108	p	18.2239,98.6134 18.2241,98.6134
108	p	18.2042,98.6155 18.2055,98.6161 18.2068,98.6167 18.2093,98.6162 18.2119,98.6156 18.2137,98.6153 18.2165,98.6151 18.2179,98.6152 18.2214,98.6143 18.2232,98.6137 18.2239,98.6134
108	p	18.1879,98.4508 18.1854,98.4509 18.1849,98.4510
108	p	18.1849,98.4510 18.1824,98.4519 18.1808,98.4525 18.1794,98.4523 18.1762,98.4513 18.1757,98.4511
1	t	17.3657,99.1471 17.3654,99.1470
1	t	17.3655,99.1469 17.3658,99.1469
1	t	17.3658,99.1469 17.3679,99.1475
1	t	17.3654,99.1470 17.3635,99.1468 17.3612,99.1473 17.3589,99.1479 17.3567,99.1485 17.3548,99.1490 17.3542,99.1492
1	t	19.1217,99.9078 19.1200,99.9071 19.1186,99.9066 19.1173,99.9062 19.1159,99.9058 19.1144,99.9056 19.1125,99.9061 19.1104,99.9075 19.1091,99.9082 19.1069,99.9091 19.1065,99.9092
120	p	19.0933,99.9085 19.0949,99.9112 19.0955,99.9124
121	p	18.8671,98.9641 18.8671,98.9643
121	p	18.8670,98.9643 18.8670,98.9641
121	p	18.8671,98.9645 18.8670,98.9667 18.8669,98.9694
121	p	18.8668,98.9680 18.8669,98.9663
120	p	19.1058,99.6909 19.1055,99.6910
120	p	19.1444,99.6223 19.1442,99.6242 19.1437,99.6272 19.1431,99.6286 19.1417,99.6296 19.1401,99.6302 19.1360,99.6317 19.1321,99.6331 19.1311,99.6342 19.1308,99.6365 19.1300,99.6384 19.1291,99.6400 19.1271,99.6436 19.1271,99.6469 19.1262,99.6498 19.1258,99.6518 19.1258,99.6519
1	t	19.0423,99.9331 19.0413,99.9318 19.0400,99.9308 19.0385,99.9303 19.0370,99.9293 19.0357,99.9284 19.0355,99.9284
121	p	18.7648,98.9465 18.7636,98.9453 18.7620,98.9447 18.7597,98.9436 18.7582,98.9434
11	t	18.8019,98.9681 18.8028,98.9685
108	p	18.6883,98.9205 18.6869,98.9196 18.6862,98.9193
108	p	18.6911,98.9228 18.6899,98.9218 18.6883,98.9205
108	p	18.7469,98.9621 18.7464,98.9618
108	p	18.7620,98.9725 18.7632,98.9733 18.7644,98.9741 18.7649,98.9744
108	p	18.7423,98.9589 18.7411,98.9581 18.7396,98.9571 18.7383,98.9562 18.7369,98.9553 18.7359,98.9546
108	p	18.7464,98.9616 18.7489,98.9633
101	t	18.3868,100.4368 18.3868,100.4362
101	t	18.3868,100.4362 18.3869,100.4342 18.3864,100.4327 18.3849,100.4324 18.3829,100.4311 18.3813,100.4295 18.3794,100.4279 18.3780,100.4268 18.3759,100.4243 18.3754,100.4235
101	t	18.3771,100.4137 18.3762,100.4148 18.3745,100.4159 18.3736,100.4176 18.3736,100.4205 18.3741,100.4219 18.3753,100.4232 18.3775,100.4261 18.3786,100.4271 18.3799,100.4281 18.3814,100.4294 18.3828,100.4309 18.3842,100.4318 18.3856,100.4323 18.3868,100.4330 18.3870,100.4346 18.3869,100.4362
101	t	18.3932,100.4573 18.3938,100.4591 18.3945,100.4606 18.3963,100.4623 18.3975,100.4633 18.3988,100.4642 18.4000,100.4651 18.4014,100.4656
101	t	18.3869,100.4368 18.3875,100.4383 18.3892,100.4400 18.3912,100.4414 18.3924,100.4421 18.3932,100.4434 18.3935,100.4449 18.3945,100.4459 18.3940,100.4483 18.3937,100.4504 18.3937,100.4523 18.3937,100.4539 18.3932,100.4562 18.3932,100.4573
101	t	18.4014,100.4656 18.3999,100.4652 18.3986,100.4642 18.3972,100.4633 18.3960,100.4623 18.3945,100.4609 18.3937,100.4593 18.3931,100.4575 18.3931,100.4573
101	t	18.3931,100.4573 18.3934,100.4552 18.3935,100.4517 18.3937,100.4487 18.3945,100.4472 18.3941,100.4457 18.3932,100.4446 18.3930,100.4430 18.3911,100.4416 18.3891,100.4401 18.3875,100.4384 18.3868,100.4372 18.3868,100.4368
101	t	18.3754,100.4235 18.3744,100.4224 18.3736,100.4212 18.3735,100.4193 18.3735,100.4170 18.3745,100.4157 18.3757,100.4149 18.3772,100.4132 18.3773,100.4117 18.3760,100.4109 18.3751,100.4096 18.3748,100.4072 18.3735,100.4045 18.3730,100.4031 18.3732,100.4014 18.3738,100.3996 18.3741,100.3980 18.3737,100.3966 18.3724,100.3952 18.3712,100.3943 18.3705,100.3920 18.3700,100.3905 18.3709,100.3892 18.3724,100.3890 18.3733,100.3871 18.3725,100.3860 18.3713,100.3851 18.3713,100.3836 18.3722,100.3825 18.3729,100.3806 18.3729,100.3791 18.3715,100.3788 18.3708,100.3774 18.3712,100.3759 18.3704,100.3747 18.3689,100.3750 18.3678,100.3759 18.3664,100.3760 18.3653,100.3749 18.3646,100.3733 18.3637,100.3716 18.3635,100.3702 18.3636,100.3686 18.3626,100.3673 18.3612,100.3647 18.3613,100.3628 18.3619,100.3608 18.3620,100.3602
101	t	18.3434,100.3182 18.3457,100.3199 18.3468,100.3208 18.3482,100.3219 18.3510,100.3236 18.3535,100.3253 18.3547,100.3261 18.3555,100.3273 18.3565,100.3292 18.3574,100.3312 18.3580,100.3326 18.3583,100.3341 18.3589,100.3356 18.3596,100.3376 18.3598,100.3391 18.3592,100.3404 18.3592,100.3430 18.3593,100.3448 18.3601,100.3463 18.3615,100.3471 18.3622,100.3483 18.3622,100.3507 18.3622,100.3524 18.3629,100.3549 18.3630,100.3567 18.3622,100.3588 18.3622,100.3604 18.3617,100.3620 18.3612,100.3634 18.3616,100.3652 18.3624,100.3668 18.3633,100.3679 18.3638,100.3692 18.3635,100.3707 18.3643,100.3723 18.3649,100.3738 18.3662,100.3756 18.3675,100.3760 18.3688,100.3749 18.3704,100.3746 18.3714,100.3757 18.3709,100.3772 18.3715,100.3787 18.3729,100.3789 18.3733,100.3803 18.3725,100.3816 18.3719,100.3832 18.3712,100.3846 18.3722,100.3858 18.3735,100.3864 18.3732,100.3879 18.3724,100.3891 18.3710,100.3893 18.3702,100.3907 18.3708,100.3928 18.3713,100.3942 18.3726,100.3952 18.3736,100.3963 18.3742,100.3978 18.3741,100.3993 18.3734,100.4010 18.3732,100.4028 18.3738,100.4047 18.3746,100.4062 18.3750,100.4085 18.3758,100.4103 18.3770,100.4113 18.3776,100.4125 18.3771,100.4137
1290	p	20.2270,100.1290 20.2256,100.1296 20.2241,100.1301 20.2226,100.1299 20.2212,100.1306 20.2205,100.1317
ชร.1063	p	20.1397,100.0384 20.1379,100.0384 20.1360,100.0386 20.1334,100.0396 20.1281,100.0417 20.1260,100.0425 20.1242,100.0429 20.1225,100.0426 20.1200,100.0413 20.1120,100.0371 20.1077,100.0348 20.1046,100.0332 20.1028,100.0325 20.0976,100.0314 20.0962,100.0308 20.0949,100.0295 20.0941,100.0282 20.0922,100.0252 20.0910,100.0234 20.0900,100.0222 20.0857,100.0191 20.0846,100.0181 20.0789,100.0092 20.0757,100.0040 20.0745,100.0021 20.0735,100.0009 20.0704,99.9981 20.0664,99.9945 20.0625,99.9911 20.0613,99.9900 20.0539,99.9834 20.0475,99.9777 20.0462,99.9767 20.0375,99.9730 20.0360,99.9723 20.0348,99.9711 20.0341,99.9699 20.0338,99.9685 20.0336,99.9658
121	p	18.7576,98.9435 18.7566,98.9425 18.7562,98.9411 18.7551,98.9412
121	p	18.7582,98.9434 18.7576,98.9435
108	p	18.2226,98.4702 18.2227,98.4686 18.2230,98.4672 18.2227,98.4655 18.2221,98.4640 18.2220,98.4624
108	p	18.2225,98.4704 18.2226,98.4702
108	p	18.2170,98.4452 18.2169,98.4454
108	p	18.2232,98.4602 18.2243,98.4592 18.2253,98.4581 18.2258,98.4567 18.2270,98.4553 18.2278,98.4541 18.2283,98.4525 18.2278,98.4502 18.2267,98.4494 18.2261,98.4480 18.2253,98.4467 18.2236,98.4450 18.2226,98.4449
ชม.3029	p	18.8406,98.9776 18.8414,98.9794 18.8421,98.9807 18.8426,98.9816
ชม.3029	p	18.8402,98.9763 18.8398,98.9746 18.8398,98.9742
11	t	18.8101,99.0023 18.8103,98.9997
106	p	18.3112,98.8237 18.3126,98.8243 18.3141,98.8241 18.3156,98.8231 18.3169,98.8213 18.3182,98.8201 18.3195,98.8191 18.3210,98.8180 18.3224,98.8173 18.3256,98.8173 18.3270,98.8174 18.3289,98.8174 18.3292,98.8175
106	p	18.3292,98.8175 18.3314,98.8176 18.3339,98.8176 18.3353,98.8177 18.3368,98.8173 18.3383,98.8165 18.3395,98.8159
107	p	19.2333,98.9683 19.2335,98.9683
107	p	19.2336,98.9684 19.2333,98.9684
107	p	19.2840,98.9682 19.2839,98.9683
107	p	19.3022,98.9567 19.3006,98.9566 19.2995,98.9574 19.2978,98.9597 19.2968,98.9614 19.2959,98.9626 19.2933,98.9641 19.2901,98.9641 19.2887,98.9647 19.2885,98.9661 19.2869,98.9661 19.2860,98.9676 19.2843,98.9682 19.2840,98.9682
ชม.3029	p	18.7449,98.9896 18.7448,98.9897
ชม.3029	p	18.7447,98.9896 18.7447,98.9895
ชม.3029	p	18.7449,98.9884 18.7451,98.9876
ชม.3029	p	18.7452,98.9876 18.7451,98.9884
ชม.3029	p	18.8416,98.9727 18.8403,98.9733 18.8400,98.9736
1	p	20.4435,99.8809 20.4443,99.8805
108	p	18.6915,98.9232 18.6911,98.9228
108	p	18.6977,98.9283 18.6961,98.9272 18.6950,98.9262 18.6943,98.9257
108	p	18.6911,98.9228 18.6915,98.9231
108	p	18.6935,98.9248 18.6947,98.9258 18.6959,98.9269 18.6969,98.9277
118	p	18.8042,99.0189 18.8039,99.0185
11	t	18.1313,99.6219 18.1328,99.6211
103	p	18.7152,99.9805 18.7158,99.9797
103	p	18.7158,99.9797 18.7188,99.9756 18.7202,99.9732 18.7217,99.9703
121	p	18.7467,98.9416 18.7461,98.9416
121	p	18.7490,98.9410 18.7493,98.9409
121	p	18.7486,98.9413 18.7480,98.9414
108	p	18.7342,98.9534 18.7330,98.9526 18.7316,98.9517 18.7303,98.9508 18.7277,98.9490 18.7274,98.9488
108	p	18.7352,98.9541 18.7342,98.9534
108	p	18.7342,98.9533 18.7359,98.9544
	t	20.4481,99.9047 20.4486,99.9046
11	t	18.7332,99.0383 18.7329,99.0384
11	t	18.7329,99.0382 18.7331,99.0381
11	t	18.7329,99.0384 18.7276,99.0400 18.7256,99.0406 18.7226,99.0416 18.7212,99.0420
121	p	18.7365,99.0397 18.7346,99.0352
1	t	19.3204,99.8390 19.3218,99.8381 19.3229,99.8371 19.3243,99.8350 19.3251,99.8338 19.3256,99.8331
1	t	19.3195,99.8399 19.3191,99.8401
1	t	19.3190,99.8400 19.3192,99.8399
1	t	19.3259,99.8332 19.3236,99.8365 19.3227,99.8376 19.3216,99.8385 19.3205,99.8392
11	t	18.8070,99.0160 18.8083,99.0143 18.8090,99.0129 18.8094,99.0113
11	t	18.8095,99.0113 18.8091,99.0129 18.8084,99.0144 18.8075,99.0157
121	p	18.7316,99.0282 18.7317,99.0284
ชม.3029	p	18.8170,99.0202 18.8185,99.0189 18.8214,99.0165 18.8220,99.0161
ชม.3029	p	18.8168,99.0203 18.8170,99.0202
ชม.3029	p	18.8129,99.0236 18.8106,99.0255 18.8099,99.0261
ชม.3029	p	18.8170,99.0203 18.8169,99.0204
101	p	18.1558,100.1608 18.1570,100.1616 18.1582,100.1627 18.1583,100.1629
101	p	18.1583,100.1629 18.1570,100.1618 18.1558,100.1608
101	p	18.1583,100.1629 18.1598,100.1642 18.1612,100.1653 18.1624,100.1663 18.1636,100.1672
103	p	18.4284,100.1741 18.4275,100.1747
121	p	18.7468,99.0519 18.7456,99.0507 18.7422,99.0474 18.7407,99.0459 18.7402,99.0455
11	t	18.6054,99.0433 18.6071,99.0434
11	t	18.6050,99.0433 18.6054,99.0433
11	t	18.6054,99.0435 18.6050,99.0434
1	t	19.0917,99.9137 19.0930,99.9129 19.0938,99.9126
1	t	19.1066,99.9089 19.1080,99.9084 19.1097,99.9077 19.1118,99.9063 19.1131,99.9056 19.1150,99.9055 19.1172,99.9059 19.1193,99.9067 19.1212,99.9074 19.1224,99.9078
1	t	19.0728,99.9275 19.0713,99.9275 19.0698,99.9275 19.0684,99.9277 19.0672,99.9281
1	t	19.0281,99.9246 19.0293,99.9255 19.0294,99.9255
1	t	18.9830,99.9064 18.9815,99.9072 18.9800,99.9084
1	t	18.9608,99.9201 18.9629,99.9200 18.9649,99.9200 18.9666,99.9196 18.9688,99.9178 18.9697,99.9165 18.9705,99.9153 18.9718,99.9146 18.9734,99.9144 18.9756,99.9132 18.9767,99.9120 18.9772,99.9106 18.9785,99.9095
101	p	19.1768,100.9022 19.1780,100.9013 19.1797,100.8970 19.1801,100.8951 19.1805,100.8934 19.1806,100.8920 19.1806,100.8905 19.1807,100.8885 19.1807,100.8863 19.1805,100.8847 19.1798,100.8826 19.1769,100.8750 19.1767,100.8720 19.1767,100.8704 19.1768,100.8687 19.1767,100.8671 19.1761,100.8653 19.1744,100.8610 19.1738,100.8594 19.1732,100.8579 19.1717,100.8543 19.1689,100.8471 19.1688,100.8447 19.1693,100.8430 19.1700,100.8411 19.1707,100.8396 19.1711,100.8382 19.1710,100.8368
129	t	18.1101,100.1381 18.1110,100.1398
106	p	17.4821,99.3511 17.4824,99.3511
106	p	17.4824,99.3511 17.4847,99.3505 17.4873,99.3499 17.4890,99.3494 17.4906,99.3490 17.4921,99.3489 17.4966,99.3496 17.4988,99.3500 17.5016,99.3505 17.5030,99.3507 17.5067,99.3506 17.5105,99.3506 17.5120,99.3505 17.5136,99.3505 17.5156,99.3505 17.5171,99.3504 17.5184,99.3499 17.5209,99.3480 17.5223,99.3473 17.5260,99.3464 17.5306,99.3454 17.5322,99.3447 17.5344,99.3432 17.5362,99.3420 17.5375,99.3411 17.5387,99.3403 17.5408,99.3389 17.5424,99.3382 17.5443,99.3380 17.5468,99.3382 17.5488,99.3383 17.5509,99.3384 17.5522,99.3385 17.5536,99.3382 17.5551,99.3375 17.5577,99.3349 17.5589,99.3340 17.5621,99.3325 17.5647,99.3314 17.5668,99.3305 17.5683,99.3299 17.5697,99.3293 17.5717,99.3292 17.5733,99.3292 17.5749,99.3292 17.5766,99.3292 17.5780,99.3292 17.5795,99.3292 17.5897,99.3310 17.5916,99.3314 17.5930,99.3316 17.5952,99.3318 17.5971,99.3319 17.5985,99.3320 17.5994,99.3306 17.5999,99.3292 17.6023,99.3279 17.6037,99.3275 17.6054,99.3273 17.6066,99.3267 17.6077,99.3258 17.6092,99.3254 17.6112,99.3254 17.6126,99.3250 17.6137,99.3241 17.6138,99.3227 17.6143,99.3212 17.6158,99.3213 17.6172,99.3211 17.6184,99.3204 17.6187,99.3189 17.6180,99.3176 17.6193,99.3170 17.6206,99.3164 17.6214,99.3150 17.6220,99.3137 17.6238,99.3134 17.6255,99.3130 17.6271,99.3123 17.6287,99.3120 17.6301,99.3115 17.6317,99.3112 17.6332,99.3112 17.6347,99.3106 17.6361,99.3104 17.6375,99.3099 17.6382,99.3087 17.6393,99.3078 17.6402,99.3065 17.6411,99.3053 17.6414,99.3039 17.6427,99.3030 17.6440,99.3026 17.6453,99.3022 17.6457,99.3007 17.6459,99.2992 17.6458,99.2977 17.6460,99.2963 17.6453,99.2950 17.6430,99.2928 17.6426,99.2914 17.6431,99.2899 17.6434,99.2885 17.6413,99.2844 17.6400,99.2822 17.6379,99.2790 17.6370,99.2774 17.6361,99.2761 17.6338,99.2741 17.6327,99.2732 17.6318,99.2721 17.6307,99.2700 17.6300,99.2684 17.6298,99.2668 17.6305,99.2602 17.6306,99.2585 17.6305,99.2563 17.6304,99.2524 17.6303,99.2497 17.6302,99.2459 17.6301,99.2440 17.6300,99.2422 17.6299,99.2397 17.6299,99.2395
	t	18.7757,100.7659 18.7743,100.7657 18.7728,100.7654 18.7711,100.7649
1020	t	20.1377,100.4198 20.1369,100.4210
1020	t	20.0657,100.3936 20.0686,100.3945 20.0700,100.3949 20.0719,100.3953 20.0736,100.3955 20.0752,100.3956 20.0768,100.3957 20.0782,100.3956 20.0800,100.3958 20.0817,100.3961 20.0832,100.3965 20.0849,100.3970 20.0864,100.3973 20.0878,100.3973 20.0894,100.3971 20.0908,100.3969 20.0923,100.3971 20.0941,100.3980 20.0962,100.3994 20.0974,100.4003 20.0992,100.4015 20.1011,100.4028 20.1024,100.4035 20.1042,100.4047 20.1059,100.4058 20.1076,100.4070 20.1088,100.4081 20.1103,100.4100 20.1115,100.4114 20.1133,100.4129 20.1150,100.4142 20.1170,100.4162 20.1183,100.4176 20.1208,100.4188 20.1223,100.4202 20.1233,100.4214 20.1245,100.4222 20.1270,100.4227 20.1286,100.4229 20.1294,100.4231
	t	20.4474,99.9047 20.4481,99.9047
11	t	18.2556,99.5474 18.2556,99.5471
127	t	18.2531,99.4862 18.2529,99.4869
11	t	18.2556,99.5502 18.2555,99.5486 18.2556,99.5474
11	p	18.2577,99.5400 18.2583,99.5384 18.2592,99.5369 18.2602,99.5359 18.2618,99.5350 18.2639,99.5341 18.2650,99.5334 18.2664,99.5321 18.2673,99.5310 18.2682,99.5298 18.2697,99.5277 18.2707,99.5263 18.2724,99.5239 18.2735,99.5227 18.2750,99.5217 18.2763,99.5213 18.2777,99.5211 18.2793,99.5209 18.2807,99.5205 18.2824,99.5193 18.2834,99.5181 18.2843,99.5161
11	t	18.2562,99.5538 18.2562,99.5559 18.2557,99.5579 18.2544,99.5604 18.2522,99.5637
103	p	18.4451,100.1573 18.4428,100.1603 18.4418,100.1617 18.4403,100.1636 18.4394,100.1649 18.4381,100.1666 18.4371,100.1677 18.4360,100.1686 18.4284,100.1741
103	p	18.4453,100.1570 18.4451,100.1573
ชร.5023	p	19.9843,99.8907 19.9856,99.8910 19.9890,99.8915 19.9901,99.8917
ชร.5023	p	20.0287,99.8974 20.0285,99.8973
1	p	19.9292,99.8445 19.9272,99.8443 19.9260,99.8444
1	p	19.9373,99.8451 19.9375,99.8451
	p	19.5329,99.0541 19.5333,99.0542
107	p	19.5747,99.0887 19.5738,99.0901 19.5740,99.0918 19.5751,99.0928 19.5761,99.0940 19.5770,99.0951 19.5782,99.0963 19.5795,99.0972 19.5804,99.0984 19.5801,99.0999 19.5812,99.1007 19.5825,99.1005 19.5835,99.1017 19.5848,99.1028 19.5862,99.1026 19.5874,99.1014 19.5885,99.1026 19.5894,99.1037 19.5907,99.1043 19.5906,99.1059 19.5923,99.1058 19.5936,99.1070 19.5948,99.1079 19.5959,99.1092 19.5964,99.1106 19.5944,99.1118 19.5934,99.1131 19.5925,99.1145 19.5925,99.1160 19.5938,99.1151 19.5947,99.1138 19.5956,99.1125 19.5969,99.1121 19.5979,99.1134 19.5990,99.1145 19.6003,99.1152 19.6008,99.1166 19.6019,99.1180 19.6030,99.1190 19.6044,99.1199 19.6050,99.1212 19.6064,99.1222 19.6077,99.1230 19.6085,99.1242 19.6101,99.1255 19.6120,99.1263 19.6133,99.1268 19.6145,99.1276 19.6159,99.1275 19.6188,99.1276 19.6202,99.1277 19.6218,99.1280 19.6234,99.1285 19.6248,99.1284 19.6262,99.1278 19.6271,99.1265 19.6289,99.1266 19.6303,99.1275 19.6317,99.1279 19.6329,99.1270 19.6343,99.1271 19.6348,99.1286 19.6363,99.1290 19.6375,99.1297 19.6384,99.1310 19.6397,99.1317 19.6411,99.1316 19.6415,99.1331 19.6420,99.1345 19.6432,99.1353 19.6441,99.1361
1	t	19.7990,99.7526 19.8009,99.7535 19.8022,99.7538 19.8049,99.7543 19.8066,99.7546 19.8083,99.7552 19.8113,99.7569 19.8127,99.7576 19.8152,99.7590 19.8167,99.7598
121	p	18.7317,99.0284 18.7327,99.0302
118	p	19.0826,99.4002 19.0814,99.3994 19.0802,99.4003 19.0787,99.3999 19.0780,99.3986 19.0783,99.3969 19.0778,99.3954 19.0763,99.3946 19.0752,99.3935 19.0746,99.3928
11	t	18.0927,99.6465 18.0914,99.6474 18.0904,99.6488 18.0893,99.6521 18.0885,99.6535 18.0881,99.6538
ชม.3029	p	18.7462,98.9820 18.7462,98.9821
ชม.3029	p	18.7461,98.9821 18.7461,98.9819
ชม.3029	p	18.7461,98.9826 18.7461,98.9821
1290	p	20.2608,100.0938 20.2606,100.0920 20.2603,100.0903 20.2600,100.0874 20.2599,100.0860 20.2601,100.0843 20.2609,100.0827 20.2620,100.0817 20.2646,100.0800 20.2686,100.0772 20.2690,100.0769
123	t	20.4214,99.9086 20.4237,99.9081 20.4251,99.9078 20.4267,99.9074 20.4268,99.9074
123	t	20.4133,99.9079 20.4133,99.9079
123	t	20.4097,99.9069 20.4113,99.9072 20.4133,99.9077
123	t	20.4167,99.9086 20.4140,99.9081 20.4133,99.9079
123	t	20.4133,99.9077 20.4134,99.9078
123	t	20.4133,99.9079 20.4117,99.9075 20.4097,99.9069
123	t	20.4134,99.9078 20.4156,99.9083 20.4167,99.9086
123	t	20.3775,99.8849 20.3776,99.8863 20.3777,99.8881 20.3779,99.8897 20.3785,99.8911 20.3795,99.8932 20.3804,99.8952 20.3814,99.8976 20.3822,99.8991 20.3837,99.9002 20.3854,99.9007 20.3875,99.9012 20.3890,99.9016 20.3901,99.9019
ชร.5023	p	19.9306,99.8637 19.9320,99.8637 19.9394,99.8679 19.9410,99.8689 19.9440,99.8706 19.9467,99.8722 19.9496,99.8739 19.9525,99.8755
ชร.5023	p	19.9579,99.8788 19.9564,99.8779 19.9555,99.8774
	p	19.9964,99.8923 19.9964,99.8925
ชร.5023	p	19.8720,99.8467 19.8681,99.8451 19.8664,99.8444 19.8641,99.8436 19.8625,99.8431 19.8614,99.8423
	p	19.8606,99.8415 19.8605,99.8414
	t	19.8587,99.8390 19.8605,99.8407 19.8606,99.8409
1	t	19.5483,99.7464 19.5485,99.7465
1	t	19.5483,99.7466 19.5481,99.7465
1	t	19.5005,99.7471 19.5018,99.7467 19.5050,99.7464 19.5066,99.7462 19.5101,99.7459 19.5122,99.7456 19.5143,99.7454 19.5205,99.7448 19.5229,99.7445 19.5260,99.7442 19.5301,99.7435 19.5310,99.7433
1	t	19.5312,99.7435 19.5285,99.7440 19.5260,99.7444 19.5215,99.7449 19.5188,99.7451 19.5107,99.7460 19.5081,99.7463 19.5062,99.7465 19.5035,99.7467 19.5021,99.7468 19.5005,99.7473
120	p	19.1199,99.6737 19.1198,99.6739
120	p	19.1087,99.6897 19.1084,99.6898
120	p	19.1198,99.6739 19.1188,99.6752 19.1189,99.6789 19.1188,99.6807 19.1170,99.6826 19.1154,99.6829 19.1133,99.6844 19.1124,99.6864 19.1117,99.6879 19.1102,99.6891 19.1087,99.6897
120	p	19.1084,99.6898 19.1071,99.6902 19.1058,99.6909
11	t	18.0881,99.6538 18.0891,99.6523 18.0900,99.6493 18.0908,99.6479 18.0921,99.6467 18.0928,99.6463
11	t	17.9692,100.0657 17.9677,100.0659 17.9646,100.0666 17.9618,100.0671 17.9601,100.0674 17.9586,100.0677 17.9567,100.0680 17.9551,100.0683 17.9538,100.0684 17.9524,100.0684 17.9509,100.0682 17.9494,100.0679 17.9477,100.0672 17.9465,100.0666 17.9447,100.0654 17.9439,100.0646
121	p	18.7385,98.9323 18.7390,98.9328
121	p	18.7428,98.9389 18.7438,98.9406 18.7450,98.9415 18.7453,98.9415
121	p	18.8202,98.9643 18.8183,98.9632 18.8169,98.9631
131	t	19.8764,99.7857 19.8751,99.7860
107	p	19.1017,98.9361 19.0995,98.9359 19.0981,98.9358 19.0944,98.9365 19.0926,98.9367 19.0905,98.9368 19.0878,98.9370 19.0864,98.9370 19.0839,98.9371 19.0820,98.9372 19.0788,98.9377 19.0742,98.9384 19.0726,98.9387 19.0699,98.9391 19.0663,98.9396 19.0632,98.9401 19.0618,98.9407 19.0602,98.9421 19.0586,98.9426 19.0570,98.9424 19.0551,98.9427
103	p	18.3459,100.2373 18.3445,100.2413 18.3435,100.2440 18.3421,100.2477 18.3413,100.2499 18.3408,100.2514 18.3400,100.2535 18.3394,100.2552 18.3388,100.2568 18.3367,100.2629 18.3358,100.2655 18.3348,100.2681 18.3342,100.2698 18.3331,100.2731 18.3322,100.2745 18.3314,100.2751
103	p	18.3534,100.2164 18.3527,100.2183 18.3515,100.2216 18.3509,100.2234 18.3503,100.2250 18.3495,100.2272 18.3486,100.2296 18.3472,100.2337 18.3462,100.2367
103	p	18.4234,100.1777 18.4221,100.1787 18.4192,100.1808 18.4179,100.1816 18.4167,100.1821
1	t	18.2821,99.5082 18.2819,99.5068 18.2819,99.5067
1	t	18.2830,99.5105 18.2826,99.5097
11	t	18.5526,99.0485 18.5513,99.0499 18.5504,99.0512 18.5485,99.0542 18.5475,99.0560 18.5465,99.0576 18.5454,99.0594 18.5452,99.0597
107	p	19.2632,98.9689 19.2619,98.9698 19.2603,98.9703 19.2594,98.9706
107	p	19.2594,98.9706 19.2581,98.9710 19.2569,98.9701 19.2563,98.9688 19.2555,98.9682
107	p	19.2530,98.9679 19.2526,98.9698 19.2521,98.9713 19.2508,98.9708 19.2506,98.9704
107	p	19.2555,98.9682 19.2540,98.9679 19.2531,98.9679
118	p	18.8444,99.0754 18.8442,99.0751
118	p	18.8444,99.0751 18.8446,99.0753
118	p	18.8430,99.0730 18.8421,99.0716
118	p	18.8422,99.0715 18.8431,99.0730 18.8439,99.0742
11	t	18.3629,99.2376 18.3631,99.2376
11	t	18.3454,99.2450 18.3465,99.2440 18.3481,99.2435 18.3501,99.2435 18.3518,99.2432 18.3532,99.2432 18.3545,99.2429 18.3558,99.2421 18.3575,99.2415 18.3587,99.2408 18.3596,99.2394 18.3605,99.2382 18.3619,99.2376 18.3629,99.2376
11	t	18.3532,99.2434 18.3529,99.2434
11	t	18.3631,99.2378 18.3629,99.2378
121	p	18.7321,99.0292 18.7316,99.0284
121	p	18.7316,99.0284 18.7315,99.0283
121	p	18.7197,98.9679 18.7199,98.9663 18.7201,98.9649 18.7204,98.9630 18.7207,98.9616
108	p	18.2860,98.6398 18.2878,98.6401 18.2896,98.6407 18.2916,98.6418 18.2921,98.6421
108	p	18.2921,98.6421 18.2908,98.6413 18.2889,98.6405 18.2871,98.6400 18.2860,98.6398
108	p	18.3075,98.6487 18.3053,98.6447 18.3045,98.6435 18.3034,98.6425 18.3020,98.6416 18.3005,98.6413 18.2992,98.6418 18.2976,98.6425 18.2959,98.6430 18.2944,98.6431 18.2925,98.6423
108	p	18.2922,98.6422 18.2921,98.6421
108	p	18.2925,98.6423 18.2922,98.6422
118	p	18.8874,99.1621 18.8868,99.1608
118	p	18.8870,99.1607 18.8877,99.1622
118	p	18.8875,99.1623 18.8874,99.1621
118	p	18.8868,99.1608 18.8863,99.1596
118	p	18.8865,99.1595 18.8870,99.1607
118	p	18.8863,99.1596 18.8857,99.1583 18.8844,99.1555 18.8831,99.1527 18.8822,99.1507
118	p	18.8150,99.0337 18.8139,99.0324 18.8129,99.0310 18.8118,99.0297 18.8113,99.0290
120	p	19.1257,99.6523 19.1253,99.6543 19.1254,99.6558 19.1267,99.6611 19.1271,99.6631 19.1269,99.6649 19.1221,99.6711 19.1199,99.6737
120	p	19.1258,99.6519 19.1257,99.6523
108	p	18.2928,97.9328 18.2921,97.9342 18.2887,97.9355 18.2856,97.9368 18.2838,97.9372 18.2822,97.9372 18.2808,97.9382 18.2790,97.9386 18.2777,97.9393 18.2762,97.9389 18.2733,97.9386 18.2717,97.9387 18.2697,97.9397 18.2685,97.9406 18.2682,97.9423 18.2655,97.9428 18.2629,97.9427 18.2611,97.9421 18.2598,97.9416 18.2584,97.9415 18.2562,97.9417 18.2534,97.9422 18.2520,97.9428 18.2506,97.9434 18.2476,97.9428 18.2458,97.9421 18.2439,97.9420 18.2424,97.9421 18.2405,97.9431 18.2380,97.9443 18.2362,97.9446 18.2344,97.9447 18.2316,97.9450 18.2286,97.9444 18.2254,97.9437 18.2237,97.9432 18.2217,97.9419 18.2201,97.9418 18.2171,97.9397 18.2155,97.9390 18.2137,97.9387 18.2106,97.9381 18.2082,97.9377 18.2060,97.9373 18.2039,97.9376 18.2012,97.9371 18.1997,97.9369 18.1978,97.9385 18.1964,97.9388 18.1955,97.9375 18.1950,97.9359 18.1936,97.9353 18.1924,97.9358 18.1911,97.9363 18.1895,97.9360 18.1881,97.9355 18.1862,97.9353 18.1845,97.9351 18.1829,97.9349 18.1808,97.9347 18.1784,97.9344 18.1760,97.9342 18.1741,97.9340 18.1724,97.9338 18.1709,97.9336 18.1695,97.9337 18.1681,97.9349 18.1668,97.9362
	p	18.7294,99.0240 18.7291,99.0234
121	p	18.7294,99.0240 18.7292,99.0234
121	p	18.7288,99.0226 18.7279,99.0206 18.7269,99.0183 18.7265,99.0175
121	p	18.7293,99.0233 18.7300,99.0249 18.7309,99.0268 18.7316,99.0282
121	p	18.7315,99.0283 18.7308,99.0270 18.7302,99.0259
121	p	18.7338,99.0328 18.7343,99.0341 18.7347,99.0351
116	p	18.5309,98.8631 18.5299,98.8647 18.5292,98.8656
116	p	18.5292,98.8656 18.5281,98.8672 18.5264,98.8700 18.5251,98.8720 18.5239,98.8741 18.5228,98.8753 18.5216,98.8760 18.5197,98.8765 18.5183,98.8769 18.5153,98.8778 18.5135,98.8783 18.5118,98.8791
1	t	19.7459,99.7264 19.7444,99.7256 19.7429,99.7247 19.7408,99.7236 19.7389,99.7226 19.7339,99.7200 19.7284,99.7172 19.7267,99.7166 19.7234,99.7162 19.7196,99.7160 19.7180,99.7162 19.7161,99.7172
	t	20.4474,99.9047 20.4465,99.9050
123	t	20.4400,99.9047 20.4418,99.9043
123	t	20.4418,99.9045 20.4400,99.9048
	t	20.4418,99.9043 20.4432,99.9041 20.4446,99.9043 20.4460,99.9046 20.4463,99.9044
	t	20.4463,99.9044 20.4465,99.9044
	t	20.4465,99.9044 20.4474,99.9047
	t	20.4463,99.9050 20.4449,99.9050 20.4436,99.9044 20.4422,99.9044 20.4418,99.9045
	t	20.4465,99.9050 20.4463,99.9050
	p	18.7960,100.7791 18.7961,100.7794
101	p	18.7954,100.7794 18.7959,100.7792
101	p	18.7966,100.7792 18.7961,100.7794
101	p	18.7954,100.7794 18.7940,100.7797 18.7918,100.7801
101	p	18.7967,100.7791 18.8005,100.7784 18.8021,100.7780 18.8037,100.7777 18.8046,100.7776
1020	t	19.9999,100.3427 20.0013,100.3437 20.0027,100.3446 20.0046,100.3459
1020	t	20.0657,100.3938 20.0644,100.3935 20.0626,100.3933 20.0612,100.3928 20.0596,100.3916 20.0581,100.3905 20.0568,100.3894 20.0556,100.3886 20.0546,100.3876 20.0529,100.3863 20.0514,100.3851 20.0492,100.3835 20.0476,100.3824 20.0458,100.3819 20.0442,100.3815 20.0425,100.3814 20.0405,100.3809 20.0391,100.3803 20.0377,100.3792 20.0359,100.3780 20.0341,100.3767 20.0328,100.3757 20.0314,100.3742 20.0303,100.3731 20.0291,100.3723 20.0280,100.3713 20.0270,100.3694 20.0260,100.3680 20.0245,100.3668 20.0232,100.3660 20.0222,100.3650 20.0203,100.3630 20.0191,100.3618 20.0180,100.3607 20.0168,100.3597 20.0150,100.3582 20.0128,100.3560 20.0119,100.3542 20.0108,100.3522 20.0098,100.3507 20.0088,100.3494 20.0077,100.3484 20.0063,100.3473 20.0047,100.3462
1020	t	20.0048,100.3461 20.0059,100.3469 20.0078,100.3483 20.0089,100.3493 20.0103,100.3511 20.0113,100.3527 20.0119,100.3540 20.0126,100.3555 20.0143,100.3574 20.0169,100.3596 20.0180,100.3606 20.0191,100.3616 20.0204,100.3629 20.0217,100.3642 20.0227,100.3654 20.0246,100.3667 20.0261,100.3679 20.0271,100.3693 20.0278,100.3708 20.0287,100.3719 20.0304,100.3730 20.0315,100.3741 20.0325,100.3752 20.0342,100.3766 20.0371,100.3786 20.0386,100.3798 20.0398,100.3805 20.0415,100.3811 20.0435,100.3812 20.0448,100.3816 20.0466,100.3818 20.0483,100.3827 20.0509,100.3845 20.0520,100.3854 20.0538,100.3867 20.0553,100.3881 20.0566,100.3890 20.0581,100.3904 20.0597,100.3915 20.0608,100.3924 20.0621,100.3930 20.0644,100.3934 20.0657,100.3936
1020	t	20.0046,100.3459 20.0048,100.3461
1020	t	20.0047,100.3462 20.0045,100.3461
1020	t	20.0045,100.3461 20.0026,100.3447 20.0013,100.3438 19.9999,100.3428
1020	t	20.1294,100.4232 20.1276,100.4229 20.1253,100.4224 20.1236,100.4219 20.1225,100.4207 20.1214,100.4194 20.1201,100.4187 20.1186,100.4180 20.1171,100.4165 20.1161,100.4155 20.1149,100.4143 20.1138,100.4133 20.1126,100.4124 20.1114,100.4115 20.1102,100.4100 20.1088,100.4082 20.1076,100.4071 20.1050,100.4054 20.1027,100.4038 20.1014,100.4030 20.0991,100.4016 20.0979,100.4008 20.0962,100.3995 20.0940,100.3981 20.0928,100.3974 20.0913,100.3970 20.0894,100.3973 20.0878,100.3974 20.0864,100.3974 20.0849,100.3971 20.0832,100.3966 20.0800,100.3959 20.0782,100.3957 20.0768,100.3958 20.0752,100.3957 20.0736,100.3956 20.0719,100.3954 20.0704,100.3951 20.0686,100.3946 20.0663,100.3939 20.0657,100.3938
121	p	18.7215,99.0060 18.7209,99.0043 18.7204,99.0023 18.7201,99.0008 18.7200,98.9992 18.7199,98.9976 18.7199,98.9971
121	p	18.7291,99.0234 18.7288,99.0226
121	p	18.7198,98.9850 18.7197,98.9816
121	p	18.7198,98.9887 18.7198,98.9862 18.7198,98.9850
118	p	18.8824,99.1508 18.8831,99.1522 18.8845,99.1553 18.8855,99.1576 18.8865,99.1595
	p	18.6005,99.0075 18.5992,99.0063 18.5951,99.0017 18.5939,99.0003 18.5924,98.9989 18.5913,98.9980 18.5894,98.9968 18.5880,98.9960 18.5863,98.9950 18.5839,98.9933 18.5820,98.9918 18.5808,98.9910 18.5793,98.9906 18.5776,98.9906 18.5759,98.9906 18.5742,98.9901 18.5723,98.9884 18.5699,98.9862 18.5683,98.9848 18.5670,98.9835 18.5662,98.9820 18.5653,98.9806 18.5642,98.9795 18.5630,98.9785 18.5618,98.9774 18.5603,98.9760 18.5593,98.9750 18.5577,98.9730 18.5567,98.9711 18.5558,98.9695 18.5555,98.9692
	p	18.5550,98.9685 18.5561,98.9697 18.5568,98.9710 18.5578,98.9729 18.5587,98.9742 18.5600,98.9756 18.5611,98.9766 18.5623,98.9778 18.5638,98.9790 18.5651,98.9801 18.5660,98.9813 18.5668,98.9829 18.5678,98.9842 18.5690,98.9852 18.5704,98.9865 18.5716,98.9876 18.5732,98.9891 18.5744,98.9900 18.5760,98.9905 18.5777,98.9904 18.5796,98.9904 18.5810,98.9907 18.5823,98.9916 18.5841,98.9930 18.5854,98.9940 18.5878,98.9957 18.5902,98.9971 18.5915,98.9980 18.5936,98.9999 18.5950,99.0015 18.5979,99.0047 18.5989,99.0059 18.6006,99.0074
11	t	18.8100,99.0061 18.8099,99.0075 18.8096,99.0105
11	t	18.8096,99.0105 18.8095,99.0113
11	t	18.8095,99.0104 18.8099,99.0058 18.8099,99.0049
11	t	18.8094,99.0113 18.8095,99.0104
1141	p	18.7758,98.9765 18.7775,98.9768 18.7779,98.9769
118	p	19.6582,99.5438 19.6575,99.5428
1021	p	19.6230,100.2971 19.6226,100.2968
1021	p	19.6226,100.2968 19.6214,100.2957 19.6193,100.2952 19.6178,100.2949 19.6144,100.2929 19.6134,100.2908 19.6126,100.2893 19.6113,100.2882 19.6100,100.2875 19.6084,100.2873 19.6066,100.2872 19.6055,100.2870
1021	p	19.5986,100.2950 19.5983,100.2952
118	p	19.6582,99.5438 19.6591,99.5452 19.6602,99.5468 19.6611,99.5481 19.6625,99.5491 19.6636,99.5498
108	p	18.2241,98.6134 18.2261,98.6127 18.2275,98.6121 18.2287,98.6113 18.2300,98.6105 18.2314,98.6102
108	p	18.3164,98.6616 18.3146,98.6596 18.3129,98.6576 18.3119,98.6565 18.3107,98.6550 18.3094,98.6528 18.3088,98.6515 18.3080,98.6500 18.3076,98.6489
108	p	18.3164,98.6616 18.3175,98.6629 18.3186,98.6639 18.3202,98.6642 18.3219,98.6645 18.3234,98.6651
108	p	18.3234,98.6651 18.3215,98.6644 18.3192,98.6641 18.3170,98.6624 18.3164,98.6616
1	p	19.9013,99.8399 19.9026,99.8402
ชร.1063	p	20.0286,99.8735 20.0282,99.8762
1	p	19.8976,99.8388 19.8983,99.8390
ชร.5023	p	19.9714,99.8875 19.9715,99.8876
ชร.5023	p	19.9715,99.8877 19.9714,99.8877
ชร.5023	p	19.9714,99.8877 19.9694,99.8865 19.9683,99.8857 19.9659,99.8838 19.9643,99.8827 19.9612,99.8808 19.9579,99.8788
ชร.5023	p	19.9556,99.8773 19.9579,99.8787
ชร.5023	p	19.9555,99.8774 19.9552,99.8772
ชร.5023	p	19.9524,99.8756 19.9410,99.8689 19.9336,99.8646 19.9323,99.8640 19.9308,99.8639 19.9307,99.8639
ชร.5023	p	19.9552,99.8771 19.9556,99.8773
ชร.1063	p	20.2195,100.1228 20.2193,100.1193
ชร.1063	p	20.2197,100.1228 20.2198,100.1246 20.2200,100.1260 20.2200,100.1276 20.2200,100.1301 20.2205,100.1315 20.2206,100.1316
ชร.1063	p	20.2195,100.1194 20.2197,100.1228
1	t	20.0109,99.8687 20.0107,99.8687
1	t	20.0461,99.8763 20.0444,99.8765 20.0422,99.8763 20.0409,99.8761 20.0393,99.8758 20.0359,99.8751 20.0343,99.8747 20.0322,99.8743 20.0299,99.8738 20.0286,99.8735
1	t	20.0286,99.8733 20.0305,99.8738 20.0322,99.8742 20.0350,99.8747 20.0382,99.8754 20.0401,99.8758 20.0418,99.8761 20.0439,99.8763 20.0454,99.8762 20.0461,99.8762
1	t	20.0107,99.8685 20.0109,99.8686
	t	20.2133,100.4562 20.2146,100.4506 20.2147,100.4502
107	p	18.9278,98.9399 18.9273,98.9397
107	p	18.9334,98.9408 18.9318,98.9403 18.9304,98.9405 18.9281,98.9400 18.9278,98.9399
107	p	18.9278,98.9398 18.9294,98.9403 18.9309,98.9402 18.9324,98.9403 18.9336,98.9408
1	t	19.3335,99.8215 19.3337,99.8213
1	t	19.3398,99.8116 19.3412,99.8101
1	t	19.3338,99.8214 19.3337,99.8217
1	t	19.3337,99.8217 19.3313,99.8253
1290	p	20.2481,100.1027 20.2486,100.1028
1290	p	20.2486,100.1028 20.2501,100.1021 20.2518,100.1008 20.2546,100.0989 20.2564,100.0977 20.2582,100.0963 20.2593,100.0954
1290	p	20.2485,100.1029 20.2481,100.1028
1290	p	20.2593,100.0954 20.2583,100.0963 20.2572,100.0973 20.2528,100.1003 20.2507,100.1017 20.2496,100.1027 20.2485,100.1029
1016	p	20.2682,100.0725 20.2684,100.0721
1016	p	20.2690,100.0769 20.2678,100.0757 20.2674,100.0742 20.2682,100.0725
1016	p	20.2685,100.0722 20.2683,100.0726
1016	p	20.2683,100.0726 20.2675,100.0739 20.2677,100.0753 20.2687,100.0764 20.2692,100.0766
ชร.5023	p	19.9842,99.8907 19.9843,99.8907
ชร.5023	p	19.9715,99.8876 19.9729,99.8880 19.9752,99.8885 19.9767,99.8888 19.9782,99.8892 19.9799,99.8896 19.9817,99.8901
ชร.5023	p	19.9817,99.8902 19.9798,99.8898 19.9782,99.8894 19.9769,99.8890 19.9752,99.8886 19.9728,99.8881 19.9715,99.8877
ชร.5023	p	19.9842,99.8908 19.9841,99.8908
ชร.5023	p	20.0026,99.8932 20.0024,99.8932
ชร.5023	p	20.0074,99.8936 20.0057,99.8935 20.0043,99.8934 20.0026,99.8932
ชร.5023	p	20.0024,99.8930 20.0027,99.8930
ชร.5023	p	20.0027,99.8930 20.0042,99.8932 20.0057,99.8933 20.0074,99.8933
101	t	17.9732,100.0767 17.9737,100.0784 17.9748,100.0815 17.9753,100.0829 17.9761,100.0852 17.9768,100.0872 17.9775,100.0886 17.9783,100.0897 17.9795,100.0907 17.9813,100.0919 17.9833,100.0931 17.9866,100.0951 17.9882,100.0961 17.9895,100.0968 17.9909,100.0974 17.9932,100.0984 17.9950,100.0992 17.9963,100.1001 17.9986,100.1021 17.9998,100.1028 18.0043,100.1041 18.0070,100.1048 18.0086,100.1052
1020	p	19.8126,100.2406 19.8125,100.2404
1020	p	19.8125,100.2404 19.8118,100.2400
1020	p	19.8125,100.2403 19.8126,100.2405
1020	p	19.8118,100.2399 19.8125,100.2403
1020	t	19.9141,100.2975 19.9146,100.2976
1020	t	19.9146,100.2977 19.9141,100.2976
1020	p	19.8895,100.2938 19.8879,100.2936 19.8863,100.2932 19.8842,100.2926 19.8815,100.2918 19.8799,100.2910 19.8786,100.2900 19.8770,100.2889 19.8726,100.2867 19.8712,100.2859 19.8690,100.2846 19.8676,100.2834 19.8663,100.2819 19.8651,100.2807 19.8626,100.2787 19.8608,100.2774 19.8594,100.2763 19.8579,100.2750 19.8566,100.2742 19.8550,100.2737 19.8532,100.2732 19.8513,100.2726 19.8483,100.2715 19.8459,100.2708 19.8439,100.2698 19.8426,100.2691 19.8413,100.2682 19.8397,100.2667 19.8380,100.2653 19.8359,100.2630 19.8336,100.2605 19.8314,100.2586 19.8302,100.2577 19.8288,100.2570 19.8275,100.2565 19.8262,100.2555 19.8236,100.2524 19.8213,100.2487 19.8204,100.2471 19.8190,100.2449 19.8177,100.2438 19.8161,100.2431 19.8143,100.2421 19.8131,100.2412 19.8126,100.2406
1020	p	19.8126,100.2405 19.8139,100.2417 19.8151,100.2425 19.8170,100.2433 19.8183,100.2438 19.8203,100.2467 19.8214,100.2486 19.8231,100.2515 19.8263,100.2553 19.8276,100.2564 19.8289,100.2568 19.8302,100.2575 19.8314,100.2585 19.8330,100.2597 19.8360,100.2629 19.8380,100.2652 19.8398,100.2666 19.8414,100.2681 19.8427,100.2689 19.8439,100.2696 19.8454,100.2704 19.8483,100.2714 19.8512,100.2724 19.8532,100.2731 19.8548,100.2735 19.8562,100.2738 19.8580,100.2750 19.8595,100.2761 19.8608,100.2772 19.8627,100.2786 19.8643,100.2799 19.8658,100.2811 19.8677,100.2833 19.8688,100.2842 19.8719,100.2861 19.8771,100.2888 19.8783,100.2895 19.8796,100.2906 19.8809,100.2914 19.8830,100.2921 19.8863,100.2930 19.8878,100.2934 19.8894,100.2935
1020	t	20.1296,100.4233 20.1294,100.4232
1020	t	20.1294,100.4231 20.1296,100.4232
1020	t	20.1296,100.4232 20.1313,100.4238 20.1330,100.4237 20.1344,100.4231 20.1356,100.4222 20.1362,100.4215
1020	t	20.1363,100.4216 20.1353,100.4226 20.1340,100.4235 20.1326,100.4239 20.1312,100.4239 20.1298,100.4234 20.1296,100.4233
1020	t	19.9466,100.3118 19.9464,100.3117
1020	t	19.9465,100.3116 19.9466,100.3117
1020	t	19.9371,100.3125 19.9391,100.3125 19.9408,100.3126 19.9425,100.3126 19.9439,100.3124 19.9456,100.3117 19.9465,100.3116
1020	t	19.9464,100.3117 19.9448,100.3122 19.9431,100.3127 19.9410,100.3127 19.9391,100.3127 19.9374,100.3127 19.9371,100.3126
1020	t	19.9371,100.3126 19.9369,100.3126
1020	t	19.9369,100.3126 19.9356,100.3120 19.9345,100.3111 19.9333,100.3102 19.9319,100.3096 19.9299,100.3089 19.9282,100.3083 19.9275,100.3080
1020	t	19.9370,100.3125 19.9371,100.3125
1020	t	19.9295,100.3087 19.9308,100.3091 19.9324,100.3097 19.9337,100.3104 19.9348,100.3112 19.9362,100.3121 19.9370,100.3125
1020	t	19.9291,100.3086 19.9295,100.3087
1020	t	19.9146,100.2976 19.9163,100.2983 19.9179,100.2992 19.9191,100.3003 19.9203,100.3018 19.9220,100.3046 19.9230,100.3057 19.9250,100.3067 19.9268,100.3075 19.9273,100.3077
1020	t	19.9273,100.3077 19.9276,100.3079
1020	t	19.9276,100.3079 19.9291,100.3086
1020	t	19.9275,100.3080 19.9273,100.3079
1020	t	19.9273,100.3079 19.9250,100.3067 19.9234,100.3060 19.9222,100.3051 19.9208,100.3030 19.9199,100.3015 19.9188,100.3002 19.9173,100.2989 19.9157,100.2981 19.9146,100.2977
	p	20.2289,100.1282 20.2270,100.1290
101	p	18.1305,100.1444 18.1281,100.1434 18.1255,100.1424 18.1240,100.1419 18.1227,100.1414 18.1202,100.1405 18.1187,100.1400 18.1165,100.1392 18.1157,100.1389
	p	18.1305,100.1444 18.1316,100.1448
118	p	19.1757,99.5049 19.1771,99.5050 19.1785,99.5048 19.1800,99.5041 19.1814,99.5039 19.1831,99.5049 19.1843,99.5057
118	p	19.1757,99.5051 19.1741,99.5049 19.1727,99.5048 19.1661,99.5052 19.1648,99.5051 19.1587,99.5015 19.1574,99.5009 19.1546,99.5006 19.1505,99.4999 19.1486,99.4992 19.1456,99.4978 19.1431,99.4966 19.1418,99.4960 19.1402,99.4952 19.1390,99.4944 19.1385,99.4943
107	p	18.8512,98.9693 18.8515,98.9691
107	p	18.8477,98.9706 18.8495,98.9699 18.8499,98.9697
107	p	18.8434,98.9723 18.8440,98.9721
107	p	18.8515,98.9691 18.8530,98.9686 18.8548,98.9680 18.8566,98.9674 18.8581,98.9669 18.8583,98.9669
101	p	18.7861,100.7752 18.7872,100.7762 18.7885,100.7773 18.7897,100.7783 18.7914,100.7797 18.7918,100.7801
1021	p	19.5627,100.2982 19.5644,100.2987 19.5658,100.2986 19.5680,100.2988 19.5696,100.2990
1021	p	19.5730,100.2994 19.5723,100.2994
1021	p	19.5459,100.2967 19.5474,100.2965 19.5494,100.2967 19.5512,100.2969 19.5528,100.2971 19.5540,100.2972
1021	p	19.5540,100.2972 19.5546,100.2973
101	t	18.2061,100.1979 18.2038,100.1963 18.2023,100.1954
101	t	18.2061,100.1977 18.2063,100.1979
101	t	18.2021,100.1952 18.2009,100.1945 18.1984,100.1930 18.1969,100.1920 18.1957,100.1913 18.1944,100.1905 18.1914,100.1886 18.1899,100.1877 18.1874,100.1861 18.1862,100.1854 18.1845,100.1844 18.1835,100.1840
101	t	18.2063,100.1980 18.2061,100.1979
101	t	18.2063,100.1979 18.2075,100.1987 18.2089,100.1992 18.2107,100.1991
101	t	18.2021,100.1951 18.2023,100.1953
101	t	18.2023,100.1953 18.2042,100.1965 18.2059,100.1976 18.2061,100.1977
101	t	18.2023,100.1954 18.2021,100.1952
118	p	19.5689,99.4926 19.5707,99.4928 19.5720,99.4931 19.5748,99.4930
118	p	19.5798,99.4926 19.5812,99.4927 19.5830,99.4931 19.5839,99.4935
120	p	19.2112,99.5179 19.2111,99.5196
1	t	18.2627,99.4664 18.2614,99.4650 18.2600,99.4636 18.2589,99.4624 18.2577,99.4609 18.2562,99.4591 18.2554,99.4582
129	t	18.1436,100.1711 18.1450,100.1716 18.1479,100.1725 18.1494,100.1729 18.1514,100.1736 18.1550,100.1747 18.1585,100.1758 18.1599,100.1763 18.1613,100.1767 18.1670,100.1786 18.1692,100.1793 18.1752,100.1812 18.1775,100.1819 18.1788,100.1823 18.1806,100.1829
129	t	18.1406,100.1703 18.1387,100.1697 18.1372,100.1692 18.1358,100.1689 18.1337,100.1690 18.1321,100.1690 18.1302,100.1691 18.1286,100.1689 18.1273,100.1683 18.1237,100.1662 18.1224,100.1655 18.1211,100.1646 18.1202,100.1632 18.1192,100.1597 18.1187,100.1577 18.1182,100.1557 18.1177,100.1539 18.1169,100.1518 18.1159,100.1499 18.1152,100.1485 18.1145,100.1472 18.1132,100.1447 18.1121,100.1427 18.1113,100.1409 18.1109,100.1401
1136	p	18.6141,99.0425 18.6141,99.0422
1136	p	18.6142,99.0431 18.6141,99.0425
131	t	19.8751,99.7859 19.8764,99.7856
131	t	19.8751,99.7860 19.8731,99.7864 19.8713,99.7867 19.8699,99.7868 19.8681,99.7867 19.8664,99.7865 19.8648,99.7861 19.8617,99.7850 19.8596,99.7842 19.8580,99.7838 19.8565,99.7838 19.8551,99.7842
131	t	19.8551,99.7840 19.8565,99.7837 19.8580,99.7837 19.8597,99.7841 19.8612,99.7847 19.8627,99.7853 19.8641,99.7858 19.8657,99.7862 19.8672,99.7865 19.8689,99.7867 19.8706,99.7866 19.8728,99.7864 19.8751,99.7859
131	t	19.8548,99.7842 19.8551,99.7840
131	t	19.8551,99.7842 19.8549,99.7843
131	t	19.8764,99.7856 19.8789,99.7851 19.8892,99.7831 19.8911,99.7828 19.8931,99.7824 19.8957,99.7818 19.8983,99.7814 19.9003,99.7810 19.9040,99.7803
131	t	19.8434,99.8001 19.8435,99.7999
131	t	19.8549,99.7843 19.8534,99.7852 19.8523,99.7863 19.8508,99.7887 19.8495,99.7908 19.8494,99.7909
131	t	19.9039,99.7804 19.9010,99.7810 19.8970,99.7818 19.8954,99.7821 19.8928,99.7826 19.8893,99.7833 19.8869,99.7838 19.8825,99.7846 19.8789,99.7853 19.8764,99.7857
	p	18.6086,99.0137 18.6110,99.0154 18.6121,99.0165 18.6129,99.0177 18.6133,99.0191 18.6135,99.0207 18.6138,99.0222 18.6137,99.0236 18.6133,99.0249
11	t	18.1497,99.5958 18.1470,99.5974 18.1451,99.5984 18.1433,99.5995 18.1419,99.6005 18.1400,99.6024 18.1387,99.6041 18.1376,99.6059 18.1368,99.6074 18.1363,99.6088 18.1357,99.6105 18.1350,99.6131 18.1347,99.6149 18.1347,99.6150
11	t	18.2463,99.5672 18.2445,99.5689 18.2433,99.5701 18.2418,99.5717 18.2408,99.5732 18.2403,99.5747 18.2400,99.5768 18.2395,99.5790 18.2386,99.5809
11	t	18.2491,99.5655 18.2511,99.5644 18.2543,99.5603 18.2553,99.5583 18.2558,99.5567 18.2560,99.5550 18.2560,99.5539
11	t	18.2298,99.5941 18.2307,99.5930 18.2312,99.5924
11	t	18.3185,99.3558 18.3188,99.3540 18.3195,99.3493 18.3198,99.3478
11	t	18.2779,99.4542 18.2763,99.4557 18.2747,99.4579 18.2728,99.4607 18.2719,99.4620 18.2708,99.4631 18.2703,99.4634
ชม.3029	p	18.8405,98.9778 18.8402,98.9763
ชม.3029	p	18.8402,98.9760 18.8405,98.9770
ชม.3029	p	18.8169,99.0204 18.8139,99.0228 18.8129,99.0236
ชม.3029	p	18.8128,99.0235 18.8142,99.0225 18.8156,99.0213 18.8168,99.0203
ชม.3029	p	18.8092,99.0267 18.8076,99.0280 18.8073,99.0283
ชม.3029	p	18.8067,99.0285 18.8091,99.0266
101	p	18.1153,100.1386 18.1157,100.1387
101	p	18.1157,100.1387 18.1182,100.1396 18.1203,100.1404 18.1220,100.1409 18.1237,100.1416 18.1252,100.1421 18.1271,100.1428 18.1296,100.1439 18.1305,100.1444
101	p	18.1157,100.1389 18.1153,100.1387
127	t	18.2514,99.5052 18.2514,99.5055
127	t	18.2515,99.5026 18.2514,99.5044 18.2514,99.5052
1	t	18.9539,99.9226 18.9521,99.9229 18.9465,99.9253 18.9440,99.9263
1	t	18.9435,99.9264 18.9440,99.9263
1	t	18.9440,99.9263 18.9461,99.9254 18.9486,99.9242 18.9508,99.9231 18.9539,99.9225
1	t	18.9436,99.9265 18.9420,99.9272 18.9407,99.9278 18.9393,99.9284 18.9358,99.9311 18.9345,99.9318 18.9329,99.9320 18.9315,99.9317 18.9299,99.9314 18.9285,99.9315 18.9278,99.9319
1	t	18.9440,99.9263 18.9436,99.9265
1	t	18.9800,99.9083 18.9811,99.9073 18.9830,99.9063
1	t	18.9778,99.9102 18.9768,99.9120 18.9741,99.9142 18.9721,99.9147 18.9707,99.9153 18.9698,99.9166 18.9688,99.9179 18.9675,99.9192 18.9662,99.9199 18.9620,99.9202 18.9608,99.9202
1	t	18.9208,99.9361 18.9196,99.9371 18.9184,99.9379 18.9172,99.9386 18.9107,99.9417 18.9094,99.9423 18.9055,99.9437 18.9034,99.9442 18.9020,99.9445 18.8988,99.9458
1	t	18.7418,99.9749 18.7365,99.9737 18.7348,99.9722 18.7332,99.9711 18.7313,99.9706 18.7299,99.9703 18.7282,99.9693 18.7269,99.9685 18.7255,99.9682 18.7240,99.9675 18.7227,99.9667 18.7215,99.9660 18.7199,99.9657 18.7190,99.9646 18.7176,99.9631 18.7153,99.9609 18.7141,99.9589 18.7132,99.9577 18.7109,99.9575 18.7096,99.9577
103	p	18.7235,99.9670 18.7228,99.9685 18.7219,99.9703
103	p	18.7218,99.9702 18.7227,99.9684 18.7234,99.9671 18.7234,99.9670
103	p	18.5515,100.1072 18.5527,100.1062 18.5540,100.1054 18.5554,100.1053 18.5572,100.1052 18.5579,100.1037 18.5592,100.1034 18.5606,100.1026 18.5609,100.1011 18.5609,100.1005
103	p	18.5097,100.1314 18.5153,100.1305
103	p	18.5858,100.0852 18.5864,100.0838 18.5874,100.0826 18.5873,100.0808 18.5869,100.0792 18.5865,100.0777 18.5869,100.0761 18.5894,100.0735 18.5906,100.0728 18.5918,100.0722 18.5934,100.0704 18.5945,100.0689 18.5968,100.0668 18.5978,100.0658 18.5986,100.0642 18.5997,100.0619 18.6007,100.0600 18.6029,100.0574 18.6037,100.0548 18.6041,100.0528 18.6044,100.0510 18.6061,100.0464 18.6072,100.0437 18.6076,100.0426
103	p	18.5762,100.0881 18.5777,100.0885 18.5793,100.0875 18.5807,100.0872 18.5822,100.0871 18.5836,100.0880 18.5849,100.0876 18.5858,100.0852
103	p	18.4450,100.1572 18.4452,100.1570
103	p	18.4284,100.1740 18.4359,100.1685 18.4371,100.1676 18.4388,100.1655 18.4403,100.1635 18.4420,100.1612 18.4450,100.1572
103	p	18.4726,100.1376 18.4750,100.1372 18.4810,100.1363 18.4832,100.1359 18.4847,100.1357 18.4861,100.1354 18.4890,100.1349 18.4940,100.1341 18.4984,100.1333 18.5020,100.1327 18.5058,100.1320 18.5081,100.1317 18.5097,100.1314
103	p	18.4725,100.1378 18.4708,100.1381 18.4671,100.1387 18.4615,100.1396 18.4597,100.1399 18.4582,100.1404 18.4571,100.1413 18.4554,100.1435 18.4518,100.1484 18.4453,100.1570
103	p	18.4727,100.1378 18.4725,100.1378
103	p	18.4452,100.1570 18.4495,100.1513 18.4516,100.1485 18.4564,100.1419 18.4574,100.1408 18.4587,100.1400 18.4615,100.1395 18.4671,100.1386 18.4700,100.1381 18.4718,100.1378 18.4724,100.1377
103	p	18.4236,100.1774 18.4256,100.1761 18.4273,100.1748 18.4275,100.1747
103	p	18.5097,100.1314 18.5079,100.1318 18.5058,100.1322 18.5026,100.1327 18.5004,100.1331 18.4953,100.1340 18.4938,100.1342 18.4890,100.1350 18.4861,100.1355 18.4847,100.1358 18.4752,100.1374 18.4727,100.1378
103	p	18.4275,100.1747 18.4284,100.1740
103	p	18.4724,100.1377 18.4726,100.1376
103	p	18.3532,100.2163 18.3538,100.2149 18.3548,100.2137 18.3568,100.2125 18.3584,100.2116 18.3611,100.2100 18.3628,100.2091 18.3642,100.2082 18.3664,100.2070 18.3677,100.2062 18.3707,100.2045 18.3719,100.2038 18.3735,100.2029 18.3755,100.2017 18.3775,100.2006 18.3812,100.1984 18.3832,100.1973 18.3859,100.1957 18.3877,100.1947 18.3890,100.1940 18.3909,100.1928 18.3937,100.1912 18.3953,100.1902 18.3974,100.1889 18.3998,100.1875 18.4011,100.1867 18.4029,100.1856 18.4047,100.1848 18.4066,100.1842 18.4080,100.1837 18.4097,100.1832 18.4112,100.1827 18.4126,100.1826 18.4144,100.1824 18.4159,100.1821 18.4167,100.1819
103	p	18.4236,100.1774 18.4233,100.1777
103	p	18.3309,100.2753 18.3313,100.2750
103	p	18.3461,100.2366 18.3467,100.2346 18.3476,100.2321 18.3486,100.2292 18.3491,100.2277 18.3497,100.2260 18.3507,100.2234 18.3512,100.2220 18.3520,100.2197 18.3526,100.2180 18.3532,100.2163
103	p	18.3314,100.2751 18.3309,100.2754
103	p	18.3458,100.2373 18.3461,100.2366
103	p	18.3462,100.2367 18.3459,100.2373
103	p	18.3313,100.2750 18.3324,100.2741 18.3338,100.2707 18.3347,100.2682 18.3352,100.2666 18.3365,100.2628 18.3377,100.2595 18.3386,100.2569 18.3393,100.2549 18.3411,100.2498 18.3417,100.2482 18.3422,100.2468 18.3429,100.2450 18.3439,100.2424 18.3458,100.2373
103	p	18.3274,100.2775 18.3259,100.2784 18.3244,100.2794 18.3229,100.2803 18.3211,100.2815 18.3199,100.2824 18.3181,100.2838 18.3162,100.2853 18.3133,100.2876 18.3109,100.2895
ชม.3035	p	18.6401,98.8423 18.6398,98.8419
ชม.3035	p	18.6398,98.8419 18.6386,98.8411 18.6367,98.8406 18.6350,98.8403 18.6334,98.8400 18.6332,98.8400
131	t	19.9595,99.8529 19.9601,99.8513 19.9604,99.8495 19.9602,99.8477 19.9597,99.8463 19.9590,99.8451 19.9563,99.8410 19.9545,99.8382 19.9536,99.8368 19.9517,99.8336 19.9508,99.8318 19.9501,99.8304 19.9483,99.8254 19.9455,99.8178 19.9447,99.8158 19.9441,99.8146 19.9431,99.8133 19.9420,99.8118 19.9413,99.8103 19.9407,99.8088 19.9401,99.8074 19.9390,99.8047 19.9371,99.8003
131	t	19.9373,99.8003 19.9399,99.8067 19.9408,99.8088 19.9414,99.8101 19.9423,99.8119 19.9433,99.8133 19.9442,99.8145 19.9449,99.8158 19.9456,99.8176 19.9465,99.8200 19.9488,99.8262 19.9499,99.8293 19.9506,99.8310 19.9513,99.8326 19.9527,99.8350 19.9537,99.8367 19.9546,99.8381 19.9557,99.8397 19.9572,99.8420 19.9592,99.8450 19.9599,99.8463 19.9604,99.8478 19.9606,99.8497 19.9604,99.8515 19.9601,99.8526
	p	18.1316,100.1448 18.1331,100.1455 18.1345,100.1461 18.1359,100.1467 18.1378,100.1475 18.1391,100.1481 18.1412,100.1483 18.1429,100.1485 18.1444,100.1487 18.1468,100.1490 18.1481,100.1491 18.1501,100.1493 18.1510,100.1507 18.1514,100.1524 18.1518,100.1538
1	t	19.2161,99.8683 19.2147,99.8689 19.2129,99.8696 19.2109,99.8703 19.2075,99.8712 19.2066,99.8713
1	t	19.2338,99.8629 19.2355,99.8628 19.2371,99.8624 19.2386,99.8617 19.2411,99.8606 19.2425,99.8600 19.2456,99.8591
1	t	19.3462,99.8067 19.3482,99.8054 19.3500,99.8041 19.3530,99.8021
1	t	19.4382,99.7594 19.4406,99.7585 19.4419,99.7580 19.4436,99.7578 19.4458,99.7578 19.4472,99.7577 19.4498,99.7576 19.4523,99.7572 19.4540,99.7569 19.4553,99.7565
1	t	19.3536,99.8016 19.3538,99.8015
1	t	19.3740,99.7899 19.3715,99.7912 19.3695,99.7923 19.3677,99.7933 19.3653,99.7946 19.3634,99.7956 19.3619,99.7965 19.3603,99.7974 19.3591,99.7981 19.3572,99.7994
1	t	19.3525,99.8026 19.3514,99.8034 19.3498,99.8045 19.3481,99.8057
1	t	19.3539,99.8017 19.3537,99.8018
108	p	18.7359,98.9546 18.7358,98.9545
108	p	18.7358,98.9545 18.7352,98.9541
108	p	18.7359,98.9544 18.7360,98.9545
108	p	18.7360,98.9545 18.7370,98.9551
ชร.5023	p	19.9013,99.8582 19.8993,99.8576 19.8962,99.8567 19.8948,99.8562 19.8930,99.8557 19.8913,99.8551 19.8885,99.8539 19.8870,99.8532 19.8845,99.8521 19.8811,99.8507 19.8795,99.8500 19.8759,99.8484 19.8731,99.8472 19.8727,99.8470
107	p	19.8629,99.1791 19.8617,99.1782 19.8605,99.1776 19.8592,99.1770 19.8576,99.1761 19.8562,99.1754 19.8544,99.1749 19.8524,99.1744 19.8484,99.1737 19.8465,99.1734 19.8443,99.1731 19.8430,99.1729 19.8412,99.1725 19.8395,99.1721 19.8380,99.1718 19.8362,99.1716 19.8347,99.1713 19.8329,99.1708 19.8313,99.1704 19.8297,99.1701 19.8280,99.1697 19.8261,99.1695 19.8247,99.1692 19.8235,99.1685 19.8217,99.1682 19.8201,99.1679
1	t	19.1816,99.8973 19.1805,99.8986 19.1794,99.8997 19.1790,99.9002
121	p	18.7458,98.9414 18.7461,98.9413
121	p	18.7453,98.9415 18.7458,98.9414
121	p	18.7457,98.9417 18.7455,98.9417
121	p	18.7461,98.9416 18.7457,98.9417
107	p	19.8158,99.1667 19.8144,99.1665 19.8130,99.1664 19.8115,99.1671 19.8098,99.1680 19.8063,99.1683 19.8049,99.1683 19.8032,99.1683 19.8029,99.1682
107	p	19.8029,99.1682 19.8043,99.1682 19.8063,99.1681 19.8089,99.1681 19.8107,99.1674 19.8127,99.1663 19.8144,99.1663 19.8159,99.1666
107	p	19.8029,99.1682 19.8013,99.1683 19.8000,99.1683 19.7972,99.1683 19.7952,99.1680 19.7937,99.1675 19.7923,99.1666 19.7909,99.1657 19.7894,99.1650 19.7876,99.1646 19.7858,99.1640 19.7843,99.1635 19.7827,99.1634 19.7803,99.1631 19.7786,99.1629 19.7763,99.1625 19.7750,99.1620 19.7737,99.1614 19.7719,99.1604 19.7704,99.1595 19.7690,99.1585 19.7677,99.1574 19.7672,99.1569
108	p	18.1616,97.9442 18.1611,97.9428 18.1617,97.9413 18.1632,97.9398 18.1651,97.9379 18.1662,97.9367 18.1668,97.9362
107	p	19.4154,98.9616 19.4166,98.9625
107	p	19.4192,98.9689 19.4204,98.9725 19.4212,98.9736 19.4229,98.9745
107	p	18.9336,98.9408 18.9338,98.9409
107	p	18.9233,98.9402 18.9217,98.9412 18.9205,98.9420 18.9190,98.9429 18.9176,98.9438 18.9164,98.9445 18.9160,98.9447
107	p	18.9232,98.9402 18.9237,98.9399
107	p	19.9096,99.1962 19.9094,99.1962
107	p	19.9094,99.1962 19.9057,99.1960 19.9019,99.1958 19.9005,99.1960 19.8992,99.1971 19.8986,99.1985 19.8984,99.1993
11	t	18.6912,99.0496 18.6893,99.0498 18.6859,99.0501 18.6844,99.0502 18.6816,99.0505 18.6789,99.0507 18.6766,99.0509 18.6742,99.0511 18.6720,99.0513 18.6699,99.0515 18.6679,99.0516 18.6656,99.0518 18.6613,99.0522
11	t	18.6376,99.0520 18.6364,99.0516
11	t	18.6377,99.0518 18.6399,99.0525 18.6416,99.0529 18.6436,99.0532 18.6454,99.0533 18.6468,99.0533
11	t	18.6315,99.0502 18.6299,99.0498 18.6263,99.0487 18.6245,99.0482 18.6223,99.0476 18.6207,99.0471 18.6192,99.0467
11	t	18.6315,99.0501 18.6365,99.0515
1	p	19.9106,99.8407 19.9104,99.8407
1	p	19.9107,99.8405 19.9109,99.8406
ชร.5023	p	19.9130,99.8596 19.9154,99.8600 19.9168,99.8603 19.9187,99.8607 19.9206,99.8613 19.9209,99.8614
ชร.5023	p	19.9089,99.8595 19.9075,99.8599 19.9024,99.8586 19.9015,99.8583
ชร.1063	p	20.2205,100.1317 20.2199,100.1303 20.2199,100.1278 20.2198,100.1259 20.2197,100.1245 20.2195,100.1228
11	t	17.8215,100.0827 17.8211,100.0812 17.8213,100.0793 17.8221,100.0776 17.8227,100.0762 17.8239,100.0741 17.8259,100.0694 17.8262,100.0677 17.8273,100.0663 17.8282,100.0648 17.8295,100.0639 17.8302,100.0616 17.8314,100.0591 17.8330,100.0589 17.8340,100.0598 17.8354,100.0597 17.8372,100.0567 17.8381,100.0552 17.8392,100.0539 17.8419,100.0524 17.8446,100.0511 17.8459,100.0504 17.8499,100.0458 17.8512,100.0451 17.8527,100.0452 17.8549,100.0462 17.8565,100.0465 17.8581,100.0460 17.8617,100.0437 17.8629,100.0423 17.8638,100.0407 17.8655,100.0395 17.8671,100.0395 17.8685,100.0402 17.8720,100.0453 17.8732,100.0461 17.8756,100.0450 17.8769,100.0447 17.8783,100.0450 17.8796,100.0460 17.8810,100.0463 17.8826,100.0461 17.8840,100.0464 17.8864,100.0486 17.8877,100.0491 17.8893,100.0487 17.8912,100.0483 17.8926,100.0483 17.8940,100.0491 17.8950,100.0506 17.8950,100.0533 17.8956,100.0548 17.8969,100.0553 17.8988,100.0552 17.9002,100.0559 17.9016,100.0591 17.9025,100.0615 17.9033,100.0632
11	t	17.9439,100.0646 17.9425,100.0635 17.9406,100.0619 17.9395,100.0610 17.9380,100.0609 17.9367,100.0615 17.9349,100.0617 17.9326,100.0623 17.9304,100.0622 17.9291,100.0623 17.9276,100.0639 17.9267,100.0649 17.9250,100.0653 17.9235,100.0654 17.9222,100.0658 17.9207,100.0661 17.9187,100.0685 17.9174,100.0692 17.9152,100.0688 17.9129,100.0682 17.9113,100.0677 17.9100,100.0670 17.9090,100.0659 17.9076,100.0654 17.9062,100.0658 17.9046,100.0657 17.9037,100.0645 17.9033,100.0637
11	t	17.9440,100.0645 17.9453,100.0657 17.9465,100.0665 17.9482,100.0673 17.9501,100.0679 17.9517,100.0682 17.9530,100.0683 17.9545,100.0683 17.9563,100.0680 17.9581,100.0676 17.9610,100.0671 17.9645,100.0664 17.9671,100.0659 17.9687,100.0656 17.9692,100.0655
11	t	18.0000,99.8092 17.9999,99.8064 18.0001,99.8046 17.9990,99.8021 17.9981,99.8007 17.9973,99.7960 17.9970,99.7943 17.9970,99.7925 17.9983,99.7893 18.0000,99.7855 18.0007,99.7838 18.0010,99.7823 18.0013,99.7796 18.0014,99.7780 18.0015,99.7761 18.0012,99.7745 18.0009,99.7731
108	p	18.7370,98.9551 18.7382,98.9560 18.7397,98.9570 18.7411,98.9580 18.7423,98.9588
ชม.3035	p	18.7244,98.9274 18.7231,98.9276 18.7217,98.9281 18.7203,98.9286 18.7166,98.9272 18.7141,98.9259 18.7128,98.9253 18.7114,98.9246 18.7108,98.9243
ชม.3035	p	18.7073,98.9135 18.7072,98.9131
ชม.3035	p	18.7075,98.9130 18.7076,98.9134
ชม.3035	p	18.7072,98.9131 18.7066,98.9109 18.7060,98.9088 18.7052,98.9060 18.7022,98.9025 18.6987,98.9007 18.6973,98.9001 18.6957,98.8994 18.6944,98.8988 18.6930,98.8975 18.6920,98.8965 18.6905,98.8964 18.6878,98.8970 18.6856,98.8976 18.6843,98.8979 18.6829,98.8982 18.6806,98.8971 18.6794,98.8962 18.6782,98.8951 18.6774,98.8937 18.6762,98.8928 18.6750,98.8917 18.6723,98.8877 18.6721,98.8873
1	t	17.6127,99.2294 17.6129,99.2295
1	t	17.6126,99.2295 17.6060,99.2268 17.6045,99.2262 17.6020,99.2252 17.5974,99.2233 17.5944,99.2221 17.5873,99.2201 17.5858,99.2193 17.5843,99.2177 17.5836,99.2167
1	t	17.6128,99.2296 17.6126,99.2295
1	t	17.6129,99.2295 17.6142,99.2301 17.6155,99.2308 17.6168,99.2318 17.6179,99.2329 17.6191,99.2339 17.6203,99.2349 17.6211,99.2355
ชม.3029	p	18.7451,98.9792 18.7444,98.9780 18.7426,98.9747 18.7418,98.9732 18.7415,98.9714 18.7413,98.9697 18.7412,98.9681 18.7410,98.9663 18.7409,98.9647 18.7412,98.9630 18.7415,98.9623
127	t	18.2508,99.5348 18.2509,99.5334 18.2509,99.5312
11	t	18.0188,99.7147 18.0164,99.7165 18.0151,99.7176 18.0136,99.7189 18.0126,99.7203 18.0118,99.7222 18.0115,99.7240 18.0112,99.7257 18.0104,99.7273 18.0094,99.7289 18.0083,99.7313 18.0075,99.7326 18.0062,99.7342 18.0053,99.7355 18.0034,99.7405 18.0028,99.7425 18.0027,99.7440 18.0026,99.7474 18.0026,99.7496 18.0022,99.7514 18.0018,99.7529 18.0015,99.7543 18.0016,99.7561 18.0020,99.7589 18.0022,99.7604 18.0021,99.7618 18.0018,99.7633 18.0012,99.7648 18.0005,99.7667 18.0001,99.7684 18.0002,99.7701 18.0003,99.7712
11	t	18.0003,99.7712 18.0000,99.7695 18.0001,99.7678 18.0006,99.7658 18.0013,99.7642 18.0018,99.7625 18.0020,99.7607 18.0020,99.7592 18.0017,99.7574 18.0014,99.7555 18.0014,99.7540 18.0021,99.7514 18.0024,99.7496 18.0026,99.7440 18.0027,99.7425 18.0030,99.7410 18.0041,99.7381 18.0048,99.7363 18.0055,99.7349 18.0070,99.7330 18.0079,99.7316 18.0089,99.7296 18.0100,99.7278 18.0108,99.7262 18.0113,99.7245 18.0115,99.7229 18.0119,99.7215 18.0124,99.7202 18.0135,99.7188 18.0150,99.7175 18.0163,99.7164 18.0188,99.7146
11	t	18.3176,99.3632 18.3175,99.3637
11	t	18.3175,99.3637 18.3174,99.3643
11	t	18.3187,99.3557 18.3184,99.3581 18.3181,99.3598
11	t	18.3189,99.3546 18.3188,99.3552
11	t	18.3188,99.3552 18.3188,99.3554
11	t	18.3199,99.3477 18.3196,99.3498 18.3191,99.3531 18.3189,99.3546
11	t	18.3212,99.3393 18.3211,99.3398
11	t	18.3211,99.3398 18.3211,99.3403
11	t	18.3211,99.3403 18.3202,99.3459 18.3200,99.3472
11	t	18.3211,99.3348 18.3211,99.3342
11	t	18.3199,99.3472 18.3204,99.3440 18.3206,99.3424 18.3209,99.3404 18.3211,99.3384 18.3212,99.3364 18.3211,99.3358
11	t	18.3212,99.3341 18.3213,99.3347
11	t	18.3201,99.3226 18.3203,99.3241 18.3205,99.3262 18.3211,99.3333 18.3212,99.3341
11	t	18.3200,99.3217 18.3201,99.3220
11	t	18.3201,99.3220 18.3201,99.3226
11	t	18.3195,99.3109 18.3194,99.3129 18.3194,99.3144 18.3195,99.3166 18.3200,99.3217
11	t	18.3225,99.2989 18.3223,99.2993
11	t	18.3223,99.2993 18.3222,99.2999
11	t	18.3222,99.2999 18.3202,99.3071 18.3198,99.3092 18.3196,99.3105
11	t	18.3217,99.3010 18.3218,99.3005
11	t	18.3218,99.3005 18.3220,99.2998
11	t	18.3194,99.3105 18.3197,99.3086 18.3201,99.3070 18.3213,99.3023 18.3217,99.3010
11	t	18.3200,99.3236 18.3200,99.3231
11	t	18.3200,99.3231 18.3199,99.3226
11	t	18.3211,99.3342 18.3204,99.3270 18.3201,99.3246 18.3200,99.3236
11	t	18.3211,99.3358 18.3211,99.3354
11	t	18.3211,99.3354 18.3211,99.3348
11	t	18.3184,99.3567 18.3185,99.3563
11	t	18.3185,99.3563 18.3185,99.3558
11	t	18.3180,99.3594 18.3184,99.3567
11	t	18.3179,99.3597 18.3180,99.3594
11	t	18.3177,99.3609 18.3179,99.3599
11	t	18.3177,99.3611 18.3177,99.3609
11	t	18.3176,99.3614 18.3177,99.3611
11	t	18.3174,99.3633 18.3176,99.3617 18.3176,99.3614
11	t	18.3171,99.3652 18.3171,99.3648
11	t	18.3171,99.3648 18.3172,99.3643
11	t	18.3126,99.3852 18.3132,99.3838 18.3138,99.3823 18.3143,99.3808 18.3148,99.3787 18.3152,99.3772 18.3165,99.3690 18.3170,99.3659 18.3171,99.3652
11	t	18.3122,99.3860 18.3124,99.3856
11	t	18.3124,99.3856 18.3126,99.3852
11	t	18.3094,99.3914 18.3105,99.3893 18.3113,99.3879 18.3120,99.3864 18.3122,99.3860
11	t	18.3090,99.3920 18.3094,99.3914
11	t	18.3087,99.3925 18.3090,99.3920
11	t	18.2992,99.4098 18.3005,99.4074 18.3014,99.4058 18.3023,99.4043 18.3036,99.4018 18.3054,99.3986 18.3066,99.3963
11	t	18.2986,99.4109 18.2989,99.4104
11	t	18.2982,99.4115 18.2986,99.4109
11	t	18.2989,99.4104 18.2989,99.4103
11	t	18.2963,99.4151 18.2967,99.4143
11	t	18.2947,99.4182 18.2954,99.4168 18.2962,99.4152 18.2963,99.4151
11	t	18.2945,99.4187 18.2947,99.4182
11	t	18.2967,99.4143 18.2977,99.4126 18.2982,99.4115
11	t	18.2905,99.4319 18.2908,99.4302
11	t	18.2908,99.4302 18.2910,99.4297
11	t	18.2879,99.4436 18.2886,99.4414 18.2905,99.4319
11	t	18.2876,99.4444 18.2877,99.4442
11	t	18.2877,99.4440 18.2879,99.4436
11	t	18.2814,99.4512 18.2842,99.4489 18.2853,99.4479 18.2863,99.4465 18.2874,99.4448 18.2876,99.4444
11	t	18.2810,99.4515 18.2814,99.4512
11	t	18.2804,99.4520 18.2807,99.4518
11	t	18.2807,99.4518 18.2810,99.4515
11	t	18.2792,99.4530 18.2804,99.4520
11	t	18.2786,99.4535 18.2789,99.4533
11	t	18.2789,99.4533 18.2792,99.4530
11	t	18.2703,99.4633 18.2715,99.4623 18.2725,99.4610 18.2745,99.4578 18.2756,99.4563 18.2770,99.4548 18.2786,99.4535
11	t	18.2783,99.4539 18.2779,99.4542
11	t	18.2793,99.4531 18.2783,99.4539
11	t	18.2801,99.4524 18.2797,99.4528
11	t	18.2797,99.4528 18.2793,99.4531
11	t	18.2856,99.4476 18.2845,99.4489 18.2821,99.4508 18.2801,99.4524
11	t	18.2859,99.4474 18.2856,99.4476
11	t	18.2862,99.4470 18.2859,99.4474
11	t	18.2871,99.4456 18.2862,99.4470
11	t	18.2876,99.4447 18.2874,99.4451
11	t	18.2874,99.4451 18.2871,99.4456
11	t	18.2907,99.4318 18.2887,99.4417 18.2882,99.4432 18.2876,99.4446 18.2876,99.4447
11	t	18.2913,99.4289 18.2912,99.4292
11	t	18.2912,99.4292 18.2911,99.4297
11	t	18.2911,99.4297 18.2908,99.4312 18.2907,99.4318
11	t	18.2951,99.4177 18.2947,99.4187
11	t	18.2954,99.4171 18.2951,99.4177
11	t	18.2970,99.4142 18.2962,99.4156 18.2954,99.4171
11	t	18.2975,99.4132 18.2970,99.4142
11	t	18.2989,99.4108 18.2981,99.4121 18.2975,99.4132
11	t	18.2991,99.4104 18.2989,99.4108
11	t	18.2989,99.4103 18.2992,99.4098
11	t	18.2910,99.4297 18.2913,99.4279 18.2919,99.4258 18.2926,99.4235 18.2931,99.4220 18.2937,99.4203 18.2945,99.4187
11	t	18.2994,99.4099 18.2991,99.4104
11	t	18.3100,99.3906 18.3097,99.3911
11	t	18.3097,99.3911 18.3095,99.3915
11	t	18.3128,99.3852 18.3119,99.3871 18.3110,99.3888 18.3103,99.3901 18.3100,99.3906
11	t	18.3132,99.3842 18.3130,99.3847
11	t	18.3130,99.3847 18.3128,99.3852
11	t	18.3174,99.3643 18.3158,99.3744 18.3155,99.3764 18.3150,99.3788 18.3144,99.3810 18.3136,99.3831 18.3132,99.3842
11	p	18.2856,99.5127 18.2853,99.5138
1	t	18.2857,99.5129 18.2855,99.5128
1	t	18.2866,99.5135 18.2857,99.5129
1	t	18.2849,99.5123 18.2856,99.5127
1	t	18.2822,99.5081 18.2827,99.5096 18.2835,99.5110 18.2846,99.5120 18.2849,99.5123
1	t	18.2434,99.4460 18.2432,99.4458
1	t	18.2464,99.4494 18.2446,99.4473 18.2434,99.4460
1	t	18.2465,99.4495 18.2464,99.4494
1	t	18.2490,99.4515 18.2474,99.4502 18.2465,99.4495
1	t	18.2491,99.4517 18.2490,99.4515
1	t	18.2497,99.4521 18.2491,99.4517
1	t	18.2514,99.4535 18.2511,99.4533
1	t	18.2511,99.4533 18.2498,99.4522
1	t	18.2529,99.4549 18.2535,99.4556
1	t	18.2536,99.4557 18.2545,99.4568 18.2555,99.4581
1	t	18.2499,99.4521 18.2511,99.4531 18.2525,99.4544 18.2526,99.4545
1	t	18.2541,99.4566 18.2535,99.4558
1	t	18.2534,99.4557 18.2523,99.4544
1	t	18.2523,99.4544 18.2514,99.4535
11	t	18.2686,99.4645 18.2640,99.4678
1	t	18.2763,99.4840 18.2755,99.4830
1	t	18.2768,99.4847 18.2763,99.4840
1	t	18.2771,99.4851 18.2770,99.4850
1	t	18.2770,99.4850 18.2768,99.4847
1	t	18.2778,99.4861 18.2771,99.4851
1	t	18.2790,99.4878 18.2781,99.4866 18.2778,99.4861
1	t	18.2797,99.4887 18.2790,99.4878
1	t	18.2809,99.4913 18.2803,99.4898 18.2803,99.4897
1	t	18.2803,99.4897 18.2797,99.4887
1	t	18.2755,99.4830 18.2736,99.4802
1	t	18.2535,99.4556 18.2536,99.4557
1	t	18.2526,99.4545 18.2529,99.4549
1	t	18.2399,99.4414 18.2405,99.4422
1	t	18.2405,99.4422 18.2405,99.4423
1	t	18.2466,99.4492 18.2486,99.4510 18.2498,99.4520
1	t	18.2407,99.4427 18.2401,99.4419
1	t	18.2410,99.4431 18.2407,99.4427
1	t	18.2432,99.4458 18.2422,99.4445 18.2410,99.4431
11	p	18.2849,99.5147 18.2854,99.5131 18.2856,99.5127
1	t	18.2816,99.5008 18.2815,99.4997
1	t	18.2817,99.5021 18.2816,99.5008
1	t	18.2818,99.5050 18.2817,99.5035 18.2817,99.5021
1	t	18.2819,99.5065 18.2818,99.5050
1	t	18.2819,99.5067 18.2819,99.5065
1	t	18.2815,99.4997 18.2811,99.4925 18.2809,99.4913
1	t	18.2822,99.5087 18.2821,99.5082
1	t	18.2826,99.5097 18.2822,99.5087
1	t	18.2846,99.5122 18.2840,99.5118
1	t	18.2855,99.5128 18.2846,99.5122
1	t	18.1335,99.3907 18.1318,99.3907 18.1301,99.3909 18.1293,99.3910
1	t	18.1434,99.3919 18.1421,99.3911 18.1404,99.3908 18.1357,99.3907 18.1342,99.3907 18.1335,99.3907
1	t	18.1438,99.3922 18.1434,99.3919
1	t	18.1445,99.3929 18.1438,99.3922
1	t	18.1458,99.3956 18.1453,99.3942 18.1445,99.3929
1	t	18.1517,99.4023 18.1510,99.4022
1	t	18.1510,99.4022 18.1492,99.4019 18.1475,99.4009 18.1468,99.3997 18.1463,99.3977
1	t	18.1702,99.4067 18.1696,99.4065
1	t	18.1714,99.4070 18.1702,99.4067
1	t	18.1801,99.4092 18.1773,99.4086 18.1750,99.4080 18.1731,99.4075 18.1714,99.4070
1	t	18.1805,99.4092 18.1801,99.4092
1	t	18.1836,99.4086 18.1815,99.4091 18.1805,99.4092
1	t	18.1840,99.4084 18.1836,99.4086
1	t	18.1856,99.4080 18.1841,99.4084 18.1840,99.4084
1	t	18.1865,99.4078 18.1856,99.4080
1	t	18.1872,99.4076 18.1865,99.4078
1	t	18.1947,99.4067 18.1931,99.4066 18.1909,99.4068 18.1888,99.4072 18.1872,99.4076
1	t	18.1954,99.4068 18.1947,99.4067
1	t	18.1956,99.4068 18.1954,99.4068
1	t	18.1971,99.4069 18.1989,99.4075 18.2007,99.4082
1	t	18.1972,99.4072 18.1956,99.4068
1	t	18.2003,99.4083 18.1981,99.4074 18.1972,99.4072
1	t	18.2015,99.4089 18.2003,99.4083
1	t	18.2020,99.4092 18.2015,99.4089
1	t	18.2016,99.4088 18.2020,99.4090
1	t	18.2007,99.4082 18.2016,99.4088
1	t	18.2117,99.4188 18.2132,99.4205 18.2147,99.4219 18.2159,99.4226 18.2160,99.4227
1	t	18.2032,99.4100 18.2020,99.4092
1	t	18.2092,99.4163 18.2081,99.4150 18.2062,99.4130 18.2049,99.4115 18.2041,99.4108
1	t	18.2102,99.4174 18.2092,99.4163
1	t	18.2112,99.4185 18.2102,99.4174
1	t	18.2152,99.4224 18.2134,99.4212 18.2116,99.4190 18.2112,99.4185
1	t	18.2156,99.4227 18.2152,99.4224
1	t	18.2188,99.4242 18.2166,99.4231 18.2156,99.4227
1	t	18.2199,99.4248 18.2188,99.4242
1	t	18.2190,99.4241 18.2200,99.4246
1	t	18.2213,99.4252 18.2231,99.4261 18.2259,99.4275 18.2275,99.4283 18.2301,99.4296
1	t	18.2212,99.4254 18.2199,99.4248
1	t	18.2293,99.4294 18.2276,99.4286 18.2256,99.4276 18.2212,99.4254
1	t	18.2308,99.4302 18.2294,99.4295 18.2293,99.4294
1	t	18.2301,99.4296 18.2309,99.4300
1	t	18.2323,99.4309 18.2333,99.4320 18.2356,99.4354 18.2372,99.4376 18.2385,99.4395 18.2396,99.4411 18.2399,99.4414
1	t	18.2321,99.4310 18.2308,99.4302
1	t	18.2390,99.4406 18.2379,99.4391 18.2371,99.4379 18.2363,99.4367 18.2348,99.4345 18.2335,99.4326 18.2326,99.4314 18.2321,99.4310
1	t	18.2401,99.4419 18.2390,99.4406
1	t	18.2405,99.4423 18.2417,99.4436
1	t	18.2309,99.4300 18.2323,99.4309
1	t	18.2200,99.4246 18.2213,99.4252
1	t	18.2164,99.4228 18.2183,99.4238 18.2190,99.4241
1	t	18.2160,99.4227 18.2164,99.4228
1	t	18.2103,99.4172 18.2117,99.4188
1	t	18.2097,99.4166 18.2103,99.4172
1	t	18.2050,99.4114 18.2062,99.4127 18.2082,99.4149 18.2097,99.4166
1	t	18.2042,99.4107 18.2050,99.4114
1	t	18.2020,99.4090 18.2036,99.4102 18.2042,99.4107
1	t	18.1957,99.4067 18.1971,99.4069
1	t	18.1942,99.4065 18.1957,99.4067
1	t	18.1840,99.4083 18.1847,99.4081
1	t	18.1830,99.4085 18.1840,99.4083
1	t	18.1821,99.4087 18.1830,99.4085
1	t	18.1817,99.4088 18.1821,99.4087
1	t	18.1814,99.4089 18.1817,99.4088
1	t	18.1741,99.4075 18.1758,99.4080 18.1791,99.4089 18.1807,99.4090 18.1814,99.4089
1	t	18.1737,99.4074 18.1741,99.4075
1	t	18.1715,99.4068 18.1731,99.4072 18.1737,99.4074
1	t	18.1703,99.4065 18.1715,99.4068
1	t	18.1692,99.4062 18.1703,99.4065
1	t	18.1655,99.4052 18.1686,99.4060 18.1692,99.4062
1	t	18.1651,99.4051 18.1655,99.4052
1	t	18.1520,99.4021 18.1571,99.4030 18.1587,99.4034 18.1628,99.4045 18.1651,99.4051
1	t	18.1510,99.4020 18.1520,99.4021
1	t	18.1497,99.4018 18.1510,99.4020
1	t	18.1465,99.3977 18.1469,99.3995 18.1480,99.4010 18.1494,99.4017 18.1497,99.4018
1	t	18.1440,99.3920 18.1446,99.3926
1	t	18.1430,99.3913 18.1440,99.3920
1	t	18.1335,99.3905 18.1369,99.3905 18.1385,99.3905 18.1398,99.3905 18.1415,99.3907 18.1419,99.3908
1	t	18.1446,99.3926 18.1455,99.3941 18.1460,99.3956
1	t	18.3217,99.5308 18.3224,99.5312
1	t	18.2998,99.5222 18.3017,99.5235 18.3034,99.5247 18.3051,99.5260 18.3063,99.5269 18.3076,99.5274 18.3094,99.5278 18.3112,99.5279 18.3127,99.5279 18.3147,99.5280 18.3166,99.5284 18.3180,99.5288 18.3192,99.5294 18.3205,99.5301 18.3217,99.5308
1	t	18.3057,99.5267 18.3050,99.5262
1	t	18.3092,99.5280 18.3075,99.5276 18.3062,99.5270 18.3057,99.5267
1	t	18.3101,99.5280 18.3092,99.5280
1	t	18.3112,99.5281 18.3101,99.5280
1	t	18.3128,99.5282 18.3112,99.5281
1	t	18.3148,99.5282 18.3128,99.5282
1	t	18.3252,99.5331 18.3222,99.5314 18.3192,99.5296 18.3177,99.5289 18.3160,99.5284 18.3148,99.5282
1	t	18.3273,99.5341 18.3280,99.5345
1	t	18.3224,99.5312 18.3239,99.5321 18.3253,99.5329
1	t	18.3329,99.5376 18.3324,99.5373
1	t	18.3338,99.5381 18.3335,99.5380
1	t	18.2997,99.5224 18.2980,99.5211 18.2964,99.5200 18.2947,99.5187 18.2933,99.5177 18.2932,99.5177
1	t	18.3330,99.5374 18.3339,99.5379
1	t	18.3325,99.5371 18.3330,99.5374
1	t	18.3280,99.5345 18.3293,99.5353 18.3317,99.5366 18.3325,99.5371
1	t	18.3253,99.5329 18.3254,99.5330
1	t	18.3254,99.5330 18.3273,99.5341
1	t	18.3254,99.5332 18.3252,99.5331
1	t	18.3324,99.5373 18.3309,99.5365 18.3290,99.5353 18.3273,99.5343 18.3259,99.5335 18.3254,99.5332
1	t	18.3335,99.5380 18.3332,99.5378
1	t	18.3332,99.5378 18.3329,99.5376
1	t	18.3345,99.5386 18.3338,99.5381
1	t	18.3350,99.5388 18.3345,99.5386
1	t	18.3385,99.5406 18.3388,99.5408
1	t	18.3339,99.5379 18.3385,99.5406
1	t	18.3387,99.5410 18.3384,99.5408
1	t	18.3384,99.5408 18.3360,99.5394 18.3350,99.5388
1	t	18.3406,99.5426 18.3398,99.5418
1	t	18.3415,99.5436 18.3406,99.5426
1	t	18.3435,99.5457 18.3415,99.5436
1	t	18.3438,99.5460 18.3435,99.5457
1	t	18.3444,99.5466 18.3438,99.5460
1	t	18.3447,99.5469 18.3444,99.5466
1	t	18.3454,99.5476 18.3447,99.5469
1	t	18.3456,99.5479 18.3454,99.5476
1	t	18.3479,99.5516 18.3465,99.5492 18.3456,99.5479
1	t	18.3481,99.5520 18.3479,99.5516
1	t	18.3483,99.5523 18.3481,99.5520
1	t	18.3485,99.5527 18.3483,99.5523
1	t	18.3493,99.5539 18.3491,99.5536
1	t	18.3491,99.5536 18.3485,99.5527
1	t	18.3524,99.5593 18.3502,99.5556 18.3493,99.5539
1	t	18.3527,99.5597 18.3524,99.5593
1	t	18.3533,99.5606 18.3527,99.5597
1	t	18.3534,99.5608 18.3533,99.5606
1	t	18.3538,99.5615 18.3534,99.5608
1	t	18.3539,99.5618 18.3538,99.5615
1	t	18.3565,99.5661 18.3552,99.5639 18.3540,99.5620 18.3539,99.5618
1	t	18.3570,99.5669 18.3565,99.5661
1	t	18.3574,99.5676 18.3570,99.5669
1	t	18.3580,99.5686 18.3574,99.5676
1	t	18.3635,99.5780 18.3628,99.5767 18.3613,99.5742 18.3603,99.5726 18.3586,99.5696 18.3580,99.5686
1	t	18.3639,99.5785 18.3635,99.5780
1	t	18.3642,99.5791 18.3639,99.5785
1	t	18.3647,99.5800 18.3642,99.5791
1	t	18.3713,99.5908 18.3695,99.5878 18.3680,99.5853 18.3669,99.5836 18.3654,99.5810 18.3647,99.5800
1	t	18.3725,99.5929 18.3714,99.5910 18.3713,99.5908
1	t	18.3729,99.5936 18.3725,99.5929
1	t	18.3733,99.5942 18.3729,99.5936
1	t	18.3746,99.5964 18.3737,99.5949
1	t	18.3767,99.5995 18.3769,99.5998
1	t	18.3739,99.5948 18.3759,99.5982 18.3767,99.5995
1	t	18.3767,99.5999 18.3765,99.5996
1	t	18.3768,99.6001 18.3767,99.5999
1	t	18.3771,99.6006 18.3768,99.6001
1	t	18.3774,99.6011 18.3771,99.6006
1	t	18.3794,99.6044 18.3778,99.6016
1	t	18.3796,99.6043 18.3829,99.6098 18.3829,99.6098
1	t	18.3801,99.6056 18.3794,99.6044
1	t	18.3803,99.6058 18.3801,99.6056
1	t	18.3827,99.6098 18.3803,99.6058
1	t	18.4147,99.6471 18.4150,99.6477
1	t	18.4044,99.6367 18.4090,99.6408 18.4129,99.6444 18.4139,99.6456 18.4147,99.6471
1	t	18.4040,99.6364 18.4044,99.6367
1	t	18.3998,99.6325 18.4032,99.6356 18.4040,99.6364
1	t	18.3996,99.6322 18.3998,99.6325
1	t	18.3830,99.6100 18.3849,99.6130 18.3857,99.6145 18.3866,99.6159 18.3886,99.6184 18.3895,99.6195 18.3904,99.6206 18.3917,99.6222 18.3946,99.6259 18.3958,99.6274 18.3996,99.6322
1	t	18.3845,99.6128 18.3839,99.6118
1	t	18.3839,99.6118 18.3828,99.6100
1	t	18.3855,99.6145 18.3853,99.6142
1	t	18.3853,99.6142 18.3848,99.6133
1	t	18.3848,99.6133 18.3845,99.6128
1	t	18.3880,99.6179 18.3874,99.6173
1	t	18.3886,99.6187 18.3880,99.6179
1	t	18.3892,99.6195 18.3886,99.6187
1	t	18.3895,99.6199 18.3892,99.6195
1	t	18.3948,99.6265 18.3902,99.6208 18.3895,99.6199
1	t	18.3951,99.6268 18.3948,99.6265
1	t	18.3956,99.6275 18.3951,99.6268
1	t	18.3964,99.6285 18.3956,99.6275
1	t	18.3994,99.6323 18.3985,99.6312 18.3964,99.6285
1	t	18.3997,99.6327 18.3994,99.6323
1	t	18.4039,99.6366 18.4004,99.6335 18.3997,99.6327
1	t	18.4042,99.6368 18.4039,99.6366
1	t	18.4086,99.6408 18.4069,99.6393 18.4042,99.6368
1	t	18.4098,99.6418 18.4086,99.6408
1	t	18.4108,99.6427 18.4098,99.6418
1	t	18.4145,99.6472 18.4136,99.6456 18.4108,99.6427
1	t	18.4149,99.6478 18.4145,99.6472
1	t	18.4152,99.6483 18.4149,99.6478
1	t	18.4160,99.6498 18.4152,99.6483
1	t	18.4165,99.6507 18.4160,99.6498
1	t	18.4168,99.6512 18.4165,99.6507
1	t	18.4210,99.6656 18.4210,99.6639 18.4205,99.6619 18.4186,99.6559 18.4176,99.6530 18.4168,99.6512
1	t	18.4210,99.6666 18.4210,99.6656
1	t	18.4226,99.6793 18.4222,99.6768 18.4220,99.6753 18.4220,99.6731 18.4213,99.6705 18.4210,99.6689 18.4210,99.6673 18.4210,99.6666
1	t	18.4226,99.6798 18.4226,99.6793
1	t	18.4227,99.6793 18.4227,99.6798
1	t	18.4150,99.6477 18.4162,99.6497 18.4175,99.6520 18.4184,99.6547 18.4190,99.6566 18.4206,99.6616 18.4211,99.6633 18.4212,99.6652 18.4211,99.6677 18.4211,99.6692 18.4220,99.6717 18.4222,99.6750 18.4224,99.6765 18.4226,99.6781 18.4227,99.6793
1	t	18.4232,99.6883 18.4229,99.6867 18.4221,99.6849 18.4225,99.6832 18.4227,99.6806 18.4226,99.6798
1	t	18.3874,99.6173 18.3865,99.6161 18.3857,99.6148 18.3855,99.6145
1	t	18.2793,99.4879 18.2797,99.4886
1	t	18.2791,99.4877 18.2793,99.4879
1	t	18.2780,99.4861 18.2791,99.4877
1	t	18.2737,99.4802 18.2754,99.4826 18.2762,99.4838
127	t	18.2564,99.5402 18.2569,99.5404
127	t	18.2575,99.5408 18.2564,99.5404
11	p	18.2576,99.5406 18.2577,99.5400
127	t	18.2577,99.5409 18.2575,99.5408
11	t	18.2575,99.5408 18.2576,99.5406
11	t	18.2571,99.5420 18.2575,99.5408
11	t	18.2556,99.5471 18.2561,99.5452
11	t	18.2578,99.5407 18.2577,99.5409
11	p	18.2581,99.5397 18.2578,99.5407
11	p	18.2617,99.5352 18.2603,99.5361 18.2593,99.5371 18.2584,99.5387 18.2581,99.5397
11	p	18.2628,99.5348 18.2617,99.5352
11	p	18.2641,99.5342 18.2628,99.5348
1	t	18.3735,99.5946 18.3733,99.5942
1	t	18.3778,99.6016 18.3774,99.6011
11	t	18.2386,99.5809 18.2378,99.5822
11	t	18.2492,99.5657 18.2473,99.5666 18.2463,99.5672
11	t	18.2522,99.5637 18.2501,99.5652 18.2492,99.5657
11	t	18.2560,99.5523 18.2562,99.5538
11	t	18.2557,99.5495 18.2559,99.5507
11	t	18.2559,99.5512 18.2560,99.5523
11	t	18.2559,99.5507 18.2559,99.5512
11	t	18.2561,99.5452 18.2564,99.5442
11	t	18.2564,99.5442 18.2571,99.5420
11	t	18.2558,99.5516 18.2556,99.5502
11	t	18.2558,99.5524 18.2558,99.5516
11	t	18.2560,99.5539 18.2558,99.5524
11	t	18.2465,99.5668 18.2491,99.5655
11	t	18.2379,99.5816 18.2388,99.5801
11	t	18.2372,99.5832 18.2365,99.5842
11	t	18.2378,99.5822 18.2372,99.5832
11	t	18.2365,99.5842 18.2357,99.5856 18.2331,99.5896 18.2319,99.5915
11	t	18.2373,99.5827 18.2379,99.5816
11	t	18.2366,99.5838 18.2373,99.5827
11	t	18.2351,99.5862 18.2355,99.5855
1	t	18.2705,99.4760 18.2702,99.4756
1	t	18.2728,99.4791 18.2705,99.4760
1	t	18.2816,99.4987 18.2817,99.4998
1	t	18.2816,99.4977 18.2816,99.4987
1	t	18.2813,99.4925 18.2815,99.4974 18.2816,99.4977
1	t	18.2798,99.4887 18.2806,99.4901 18.2811,99.4914
127	t	18.2632,99.4683 18.2645,99.4673
1	t	18.2640,99.4675 18.2645,99.4681
1	t	18.2041,99.4108 18.2032,99.4100
11	p	18.2850,99.5148 18.2847,99.5156
11	p	18.2853,99.5138 18.2850,99.5148
11	p	18.2717,99.5253 18.2712,99.5260
11	p	18.2724,99.5243 18.2717,99.5253
11	p	18.2765,99.5214 18.2751,99.5219 18.2738,99.5227 18.2728,99.5238 18.2724,99.5243
11	p	18.2777,99.5213 18.2765,99.5214
11	p	18.2790,99.5212 18.2777,99.5213
11	p	18.2847,99.5156 18.2846,99.5160
1	t	18.2797,99.4886 18.2798,99.4887
1	t	18.2812,99.4920 18.2813,99.4925
1	t	18.2811,99.4914 18.2812,99.4920
1	t	18.2768,99.4845 18.2780,99.4861
1	t	18.2762,99.4838 18.2764,99.4839
1	t	18.2764,99.4839 18.2768,99.4845
1	t	18.2584,99.4615 18.2595,99.4628 18.2599,99.4632
1	t	18.2582,99.4613 18.2584,99.4615
1	t	18.2555,99.4581 18.2566,99.4593 18.2582,99.4613
1	t	18.2463,99.4489 18.2463,99.4490
1	t	18.2417,99.4436 18.2434,99.4456 18.2446,99.4471 18.2463,99.4489
1	t	18.2818,99.5017 18.2820,99.5047 18.2820,99.5058
1	t	18.2820,99.5058 18.2820,99.5062
1	t	18.2817,99.4998 18.2817,99.5012 18.2818,99.5017
1	t	18.2463,99.4490 18.2466,99.4492
1	t	18.2820,99.5062 18.2821,99.5066
11	t	18.1347,99.6170 18.1345,99.6153
11	t	18.1349,99.6183 18.1347,99.6170
11	t	18.1328,99.6211 18.1340,99.6203 18.1349,99.6186 18.1349,99.6183
11	t	18.1292,99.6231 18.1313,99.6219
11	t	18.1275,99.6241 18.1281,99.6237
11	t	18.1281,99.6237 18.1292,99.6231
11	t	18.1222,99.6272 18.1233,99.6266
11	t	18.1213,99.6277 18.1222,99.6272
11	t	18.1233,99.6266 18.1246,99.6258 18.1275,99.6241
11	t	18.1148,99.6310 18.1134,99.6314
11	t	18.1046,99.6370 18.1037,99.6382
11	t	18.0938,99.6460 18.0927,99.6465
11	t	18.0950,99.6453 18.0938,99.6460
11	t	18.1037,99.6382 18.1015,99.6410 18.0998,99.6426 18.0950,99.6453
11	t	18.0937,99.6457 18.0950,99.6451
11	t	18.0928,99.6463 18.0937,99.6457
11	t	18.0950,99.6451 18.0971,99.6439 18.0985,99.6431 18.1003,99.6419 18.1013,99.6408 18.1035,99.6381
11	t	18.1052,99.6363 18.1046,99.6370
11	t	18.1134,99.6314 18.1117,99.6320 18.1097,99.6328 18.1078,99.6338 18.1063,99.6350 18.1052,99.6363
11	t	18.1044,99.6369 18.1050,99.6362
11	t	18.1035,99.6381 18.1044,99.6369
11	t	18.1050,99.6362 18.1062,99.6349 18.1077,99.6336 18.1091,99.6328 18.1105,99.6322 18.1133,99.6312
11	t	18.1147,99.6307 18.1159,99.6303
11	t	18.1133,99.6312 18.1147,99.6307
11	t	18.1159,99.6306 18.1148,99.6310
11	t	18.1159,99.6303 18.1173,99.6298 18.1191,99.6290 18.1213,99.6277
11	t	18.1214,99.6279 18.1202,99.6286 18.1186,99.6295 18.1159,99.6306
11	t	18.1223,99.6274 18.1214,99.6279
11	t	18.1236,99.6266 18.1223,99.6274
11	t	18.1276,99.6243 18.1259,99.6253 18.1236,99.6266
11	t	18.1283,99.6239 18.1276,99.6243
11	t	18.1283,99.6239 18.1283,99.6239
11	t	18.1296,99.6231 18.1283,99.6239
11	t	18.1314,99.6221 18.1296,99.6231
11	t	18.1350,99.6189 18.1349,99.6193
11	t	18.1351,99.6180 18.1350,99.6189
11	t	18.1351,99.6179 18.1351,99.6180
11	t	18.1349,99.6169 18.1351,99.6179
11	t	18.1347,99.6150 18.1348,99.6165 18.1349,99.6169
11	t	18.1349,99.6193 18.1337,99.6208 18.1329,99.6213
11	t	18.1504,99.5953 18.1497,99.5958
11	t	18.1514,99.5948 18.1504,99.5953
11	t	18.1553,99.5928 18.1535,99.5936 18.1514,99.5948
11	t	18.1561,99.5925 18.1553,99.5928
11	t	18.1576,99.5920 18.1561,99.5925
11	t	18.1602,99.5914 18.1587,99.5917 18.1576,99.5920
11	t	18.1613,99.5912 18.1602,99.5914
11	t	18.1708,99.5909 18.1694,99.5908 18.1672,99.5909 18.1637,99.5909 18.1622,99.5911 18.1613,99.5912
11	t	18.1732,99.5910 18.1718,99.5909 18.1708,99.5909
11	t	18.1743,99.5911 18.1732,99.5910
11	t	18.1959,99.5910 18.1938,99.5907 18.1912,99.5905 18.1893,99.5906 18.1848,99.5911 18.1826,99.5913 18.1806,99.5914 18.1789,99.5914 18.1743,99.5911
11	t	18.1973,99.5913 18.1959,99.5910
11	t	18.1985,99.5915 18.1973,99.5913
11	t	18.2152,99.5921 18.2127,99.5916 18.2107,99.5914 18.2093,99.5914 18.2071,99.5916 18.2056,99.5917 18.2041,99.5918 18.2023,99.5919 18.2009,99.5919 18.1994,99.5917 18.1985,99.5915
11	t	18.2164,99.5924 18.2152,99.5921
11	t	18.2178,99.5927 18.2164,99.5924
11	t	18.2276,99.5955 18.2261,99.5957 18.2240,99.5954 18.2225,99.5947 18.2213,99.5940 18.2201,99.5934 18.2178,99.5927
11	t	18.2289,99.5949 18.2276,99.5955
11	t	18.2301,99.5940 18.2289,99.5949
11	t	18.2355,99.5855 18.2360,99.5848
11	t	18.2360,99.5848 18.2366,99.5838
11	t	18.2318,99.5913 18.2337,99.5884 18.2351,99.5862
11	t	18.2288,99.5947 18.2298,99.5941
11	t	18.2276,99.5953 18.2288,99.5947
11	t	18.2164,99.5922 18.2177,99.5925
11	t	18.2148,99.5918 18.2164,99.5922
11	t	18.2059,99.5915 18.2093,99.5913 18.2107,99.5912 18.2127,99.5914 18.2141,99.5917 18.2148,99.5918
11	t	18.2029,99.5916 18.2056,99.5915 18.2059,99.5915
11	t	18.1982,99.5913 18.2009,99.5916 18.2029,99.5916
11	t	18.1973,99.5911 18.1982,99.5913
11	t	18.1959,99.5908 18.1973,99.5911
11	t	18.1743,99.5908 18.1789,99.5911 18.1806,99.5912 18.1834,99.5910 18.1848,99.5908 18.1893,99.5903 18.1912,99.5903 18.1933,99.5903 18.1952,99.5906 18.1959,99.5908
11	t	18.1732,99.5908 18.1743,99.5908
11	t	18.1718,99.5907 18.1732,99.5908
11	t	18.1612,99.5909 18.1637,99.5907 18.1672,99.5906 18.1693,99.5906 18.1714,99.5907 18.1718,99.5907
11	t	18.1601,99.5912 18.1612,99.5909
11	t	18.1592,99.5914 18.1601,99.5912
11	t	18.1575,99.5918 18.1592,99.5914
11	t	18.1561,99.5923 18.1575,99.5918
11	t	18.1553,99.5926 18.1561,99.5923
11	t	18.1345,99.6153 18.1348,99.6131 18.1355,99.6105 18.1361,99.6087 18.1367,99.6073 18.1374,99.6058 18.1385,99.6039 18.1399,99.6022 18.1418,99.6004 18.1431,99.5993 18.1445,99.5985 18.1469,99.5972 18.1496,99.5956 18.1522,99.5941 18.1547,99.5929 18.1553,99.5926
1	t	18.1419,99.3908 18.1430,99.3913
1	t	18.1287,99.3909 18.1309,99.3905 18.1335,99.3905
1	t	18.0718,99.3920 18.0707,99.3918
1	t	18.0920,99.3969 18.0890,99.3962 18.0748,99.3928
1	t	18.0937,99.3973 18.0928,99.3971
1	t	18.1293,99.3910 18.1241,99.3925 18.1045,99.3981 18.1030,99.3986 18.1012,99.3989 18.0996,99.3988 18.0982,99.3985 18.0968,99.3981 18.0937,99.3973
1	t	18.0918,99.3967 18.0928,99.3969
1	t	18.0748,99.3926 18.0917,99.3966 18.0918,99.3967
1	t	18.0698,99.3913 18.0708,99.3916
1	t	18.0936,99.3971 18.0991,99.3984 18.1006,99.3986 18.1021,99.3986 18.1287,99.3909
127	t	18.2549,99.4824 18.2553,99.4818
127	t	18.2539,99.4847 18.2531,99.4862
127	t	18.2559,99.4813 18.2550,99.4827
127	t	18.2568,99.4798 18.2559,99.4813
127	t	18.2526,99.4877 18.2529,99.4869
1	t	18.2821,99.5066 18.2822,99.5081
1	t	18.2554,99.4582 18.2545,99.4570 18.2541,99.4566
1	t	18.2638,99.4676 18.2627,99.4664
11	t	18.3629,99.2378 18.3612,99.2379 18.3600,99.2389 18.3593,99.2401 18.3587,99.2410
11	t	18.2877,99.4442 18.2877,99.4440
11	t	18.3243,99.2922 18.3225,99.2989
11	t	18.3248,99.2901 18.3243,99.2922
11	t	18.3253,99.2885 18.3248,99.2901
11	t	18.3285,99.2637 18.3281,99.2640
11	t	18.3288,99.2636 18.3285,99.2637
11	t	18.3291,99.2634 18.3288,99.2636
11	t	18.3281,99.2640 18.3269,99.2647 18.3258,99.2657 18.3253,99.2675 18.3258,99.2692 18.3265,99.2706 18.3268,99.2721 18.3267,99.2738 18.3260,99.2753 18.3257,99.2769 18.3264,99.2790
11	t	18.3452,99.2451 18.3454,99.2450
11	t	18.3420,99.2468 18.3434,99.2464 18.3449,99.2454 18.3452,99.2451
11	t	18.3455,99.2450 18.3453,99.2452
11	t	18.3453,99.2452 18.3438,99.2464 18.3424,99.2469 18.3420,99.2470
11	t	18.3539,99.2433 18.3532,99.2434
11	t	18.3543,99.2432 18.3539,99.2433
11	t	18.3550,99.2428 18.3543,99.2432
11	t	18.3553,99.2426 18.3550,99.2428
11	t	18.3559,99.2422 18.3553,99.2426
11	t	18.3587,99.2410 18.3567,99.2418 18.3559,99.2422
11	t	18.3930,99.2164 18.3925,99.2166
11	t	18.3933,99.2162 18.3930,99.2164
11	t	18.3940,99.2160 18.3933,99.2162
11	t	18.3946,99.2157 18.3943,99.2158
11	t	18.3943,99.2158 18.3940,99.2160
11	t	18.3918,99.2169 18.3900,99.2179 18.3884,99.2185 18.3870,99.2193 18.3858,99.2200 18.3840,99.2210 18.3823,99.2223 18.3810,99.2229 18.3795,99.2239 18.3786,99.2250 18.3779,99.2267
11	t	18.4241,99.2094 18.4237,99.2096
11	t	18.4268,99.2084 18.4254,99.2087 18.4241,99.2094
11	t	18.4275,99.2083 18.4268,99.2084
11	t	18.4278,99.2082 18.4275,99.2083
11	t	18.4282,99.2080 18.4278,99.2082
11	t	18.4629,99.1588 18.4623,99.1602 18.4622,99.1619 18.4623,99.1635 18.4618,99.1657 18.4615,99.1671 18.4615,99.1686 18.4623,99.1711 18.4625,99.1727 18.4622,99.1747 18.4620,99.1762 18.4618,99.1777 18.4613,99.1792 18.4606,99.1808 18.4601,99.1824 18.4595,99.1840 18.4586,99.1857 18.4585,99.1859
11	t	18.3172,99.3643 18.3174,99.3633
1	t	18.2921,99.5167 18.2926,99.5171
1	t	18.2867,99.5134 18.2912,99.5162 18.2921,99.5167
1	t	18.2856,99.5127 18.2867,99.5134
1	t	18.2872,99.5139 18.2866,99.5135
1	t	18.2890,99.5150 18.2872,99.5139
1	t	18.0673,99.3909 18.0597,99.3899
1	t	18.0420,99.3802 18.0376,99.3770 18.0364,99.3761 18.0350,99.3755 18.0334,99.3749 18.0318,99.3745 18.0314,99.3745
1	t	18.0283,99.3743 18.0260,99.3742 18.0245,99.3740 18.0229,99.3733 18.0215,99.3721 18.0136,99.3592 18.0127,99.3580
1	t	18.0126,99.3576 18.0138,99.3591 18.0180,99.3660 18.0206,99.3702 18.0217,99.3720 18.0232,99.3733 18.0248,99.3738 18.0296,99.3742 18.0300,99.3742
1	t	18.0127,99.3580 18.0125,99.3578
1	t	18.0597,99.3899 18.0573,99.3896 18.0560,99.3893 18.0544,99.3884 18.0518,99.3863 18.0503,99.3854 18.0489,99.3848 18.0461,99.3834 18.0446,99.3824 18.0432,99.3811 18.0420,99.3802
1	t	18.0120,99.3571 18.0126,99.3576
1	t	18.0313,99.3743 18.0329,99.3746 18.0342,99.3750 18.0360,99.3757 18.0377,99.3768 18.0403,99.3787 18.0426,99.3805 18.0437,99.3814 18.0449,99.3826 18.0470,99.3837 18.0486,99.3844 18.0513,99.3858 18.0541,99.3879 18.0558,99.3890 18.0572,99.3894 18.0662,99.3905 18.0673,99.3908
1	t	18.2932,99.5177 18.2925,99.5172
1	t	18.2925,99.5172 18.2912,99.5163 18.2890,99.5150
1	t	18.2994,99.5219 18.2998,99.5222
1	t	18.2926,99.5171 18.2954,99.5190 18.2992,99.5217 18.2994,99.5219
1	t	18.3006,99.5230 18.2997,99.5224
1	t	18.3050,99.5262 18.3006,99.5230
1	t	18.0928,99.3971 18.0920,99.3969
1	t	18.0928,99.3969 18.0936,99.3971
1	t	18.0746,99.3926 18.0748,99.3926
1	t	18.0715,99.3917 18.0746,99.3926
1	t	18.0748,99.3928 18.0746,99.3927
1	t	18.0746,99.3927 18.0723,99.3922 18.0718,99.3920
1	t	18.0700,99.3916 18.0678,99.3911
1	t	18.0708,99.3916 18.0715,99.3917
1	t	18.0679,99.3909 18.0698,99.3913
1	t	18.0673,99.3908 18.0679,99.3909
1	t	18.0678,99.3911 18.0673,99.3909
1	t	18.0707,99.3918 18.0700,99.3916
1	t	18.0308,99.3745 18.0283,99.3743
1	t	18.0308,99.3743 18.0313,99.3743
1	t	19.7830,99.7437 19.7828,99.7435
1	t	19.7767,99.7405 19.7750,99.7396 19.7735,99.7390 19.7718,99.7382 19.7705,99.7377 19.7704,99.7377
1	t	19.7828,99.7434 19.7830,99.7435
1	t	19.7790,99.7413 19.7803,99.7419 19.7822,99.7430 19.7828,99.7434
1	t	19.7460,99.7262 19.7473,99.7269 19.7482,99.7275
118	p	19.7461,99.7263 19.7460,99.7264
118	p	19.7467,99.7249 19.7463,99.7258
118	p	19.7462,99.7076 19.7462,99.7077
118	p	19.7461,99.6924 19.7461,99.6965 19.7462,99.7038 19.7462,99.7057 19.7462,99.7075 19.7462,99.7076
118	p	19.7460,99.6905 19.7460,99.6901
118	p	19.7461,99.6924 19.7460,99.6905
118	p	19.7462,99.6894 19.7462,99.6901
118	p	19.7461,99.6879 19.7462,99.6894
118	p	19.7320,99.6239 19.7325,99.6253 19.7324,99.6268 19.7329,99.6283 19.7352,99.6313
118	p	19.7273,99.6141 19.7287,99.6144 19.7299,99.6153 19.7313,99.6174 19.7312,99.6189 19.7309,99.6212 19.7312,99.6227 19.7320,99.6239
118	p	19.7179,99.6006 19.7184,99.6025 19.7190,99.6040 19.7201,99.6053 19.7211,99.6063 19.7225,99.6069 19.7234,99.6081 19.7241,99.6094 19.7249,99.6106 19.7258,99.6125 19.7273,99.6141
118	p	19.7098,99.5886 19.7110,99.5893 19.7128,99.5906 19.7139,99.5920 19.7140,99.5935 19.7140,99.5952 19.7148,99.5973 19.7156,99.5985 19.7172,99.5998 19.7179,99.6006
118	p	19.7093,99.5887 19.7097,99.5886
118	p	19.6978,99.5842 19.6985,99.5856 19.7000,99.5850 19.7047,99.5851
118	p	19.6974,99.5814 19.6980,99.5827 19.6978,99.5842
118	p	19.6878,99.5694 19.6882,99.5708 19.6899,99.5717 19.6915,99.5714 19.6929,99.5715 19.6931,99.5737 19.6919,99.5746 19.6935,99.5780 19.6949,99.5791 19.6954,99.5806 19.6974,99.5814
ชร.5023	p	19.9225,99.8619 19.9229,99.8619
ชร.5023	p	19.9229,99.8621 19.9225,99.8620
ชร.5023	p	19.9093,99.8592 19.9108,99.8591 19.9122,99.8594 19.9130,99.8596
ชร.5023	p	19.9094,99.8594 19.9090,99.8595
ชร.5023	p	19.9098,99.8593 19.9094,99.8594
1	t	19.8246,99.7672 19.8237,99.7659
1	t	19.8224,99.7645 19.8214,99.7635
1	t	19.8215,99.7633 19.8226,99.7643 19.8226,99.7643
1	t	19.8212,99.7633 19.8190,99.7617
1	t	19.8214,99.7635 19.8212,99.7633
1	t	19.8214,99.7632 19.8215,99.7633
1	t	19.8191,99.7615 19.8211,99.7629 19.8214,99.7632
1	t	19.8190,99.7614 19.8191,99.7615
1	t	19.8181,99.7608 19.8190,99.7614
1	t	19.8189,99.7616 19.8180,99.7609
1	t	19.8190,99.7617 19.8189,99.7616
1	t	19.8173,99.7602 19.8181,99.7608
1	t	19.8178,99.7608 19.8172,99.7604
1	t	19.8180,99.7609 19.8178,99.7608
1	t	19.8234,99.7656 19.8224,99.7645
1	t	19.8167,99.7598 19.8173,99.7602
1	t	19.8226,99.7643 19.8233,99.7651
1	t	19.7982,99.7520 19.7990,99.7526
1	t	19.7866,99.7457 19.7889,99.7467 19.7911,99.7477 19.7925,99.7483 19.7940,99.7490 19.7954,99.7501 19.7967,99.7511 19.7981,99.7520 19.7982,99.7520
1	t	19.7854,99.7450 19.7866,99.7457
1	t	19.7830,99.7435 19.7854,99.7450 19.7854,99.7450
1	t	19.7780,99.7411 19.7767,99.7405
1	t	19.7781,99.7409 19.7790,99.7413
1	t	19.7789,99.7415 19.7780,99.7411
1	t	19.7828,99.7435 19.7813,99.7426 19.7796,99.7418 19.7789,99.7415
1	t	19.7765,99.7402 19.7781,99.7409
1	t	19.7705,99.7374 19.7717,99.7379 19.7736,99.7388 19.7752,99.7395 19.7765,99.7402
1	t	19.7697,99.7374 19.7686,99.7369
1	t	19.7700,99.7375 19.7697,99.7374
1	t	19.7704,99.7377 19.7700,99.7375
1	t	19.7686,99.7369 19.7669,99.7362 19.7655,99.7358 19.7639,99.7354
1	t	19.7698,99.7371 19.7705,99.7374
1	t	19.7687,99.7367 19.7694,99.7370
1	t	19.7694,99.7370 19.7698,99.7371
1	t	19.7639,99.7352 19.7657,99.7356 19.7681,99.7365 19.7687,99.7367
1	t	19.7571,99.7333 19.7563,99.7329
1	t	19.7578,99.7335 19.7571,99.7333
1	t	19.7588,99.7339 19.7578,99.7335
1	t	19.7635,99.7353 19.7619,99.7350 19.7599,99.7343 19.7588,99.7339
1	t	19.7572,99.7331 19.7584,99.7335
1	t	19.7562,99.7327 19.7572,99.7331
1	t	19.7584,99.7335 19.7599,99.7341 19.7620,99.7348 19.7635,99.7351
1	t	19.7481,99.7277 19.7465,99.7267 19.7459,99.7264
1	p	19.8987,99.8393 19.8982,99.8391
1	p	19.8991,99.8394 19.8987,99.8393
ชร.5023	p	19.9090,99.8595 19.9089,99.8595
ชร.5023	p	19.9088,99.8594 19.9089,99.8594
1	p	19.8599,99.8188 19.8605,99.8194
1	p	19.8588,99.8179 19.8599,99.8188
1	p	19.8595,99.8187 19.8587,99.8180
1	p	19.8577,99.8171 19.8562,99.8158 19.8545,99.8141 19.8527,99.8124 19.8508,99.8106
1	p	19.8582,99.8173 19.8588,99.8179
1	p	19.8500,99.8095 19.8510,99.8106 19.8532,99.8127 19.8545,99.8139 19.8558,99.8151 19.8569,99.8162 19.8580,99.8172 19.8582,99.8173
1	p	19.8494,99.8087 19.8500,99.8095
1	p	19.8496,99.8093 19.8493,99.8089
1	t	19.8430,99.7996 19.8419,99.7979 19.8404,99.7952 19.8399,99.7942
1	t	19.8482,99.8071 19.8490,99.8082
1	t	19.8437,99.8002 19.8451,99.8018 19.8459,99.8029 19.8467,99.8043 19.8476,99.8060 19.8482,99.8071
1	t	19.8399,99.7937 19.8421,99.7979 19.8429,99.7992 19.8432,99.7995
1	t	19.8392,99.7930 19.8390,99.7925
1	t	19.8396,99.7937 19.8392,99.7930
1	t	19.8390,99.7925 19.8367,99.7882 19.8358,99.7866 19.8347,99.7852 19.8329,99.7829
1	t	19.8394,99.7929 19.8399,99.7937
1	t	19.8389,99.7918 19.8394,99.7929
1	t	19.8330,99.7828 19.8345,99.7846 19.8361,99.7867 19.8389,99.7918
1	t	19.8303,99.7793 19.8328,99.7825
1	t	19.8326,99.7826 19.8304,99.7798
1	t	19.8304,99.7798 19.8299,99.7791
1	t	19.8300,99.7790 19.8303,99.7793
1	t	19.8293,99.7780 19.8300,99.7790
1	t	19.8258,99.7708 19.8255,99.7697
1	t	19.8260,99.7707 19.8263,99.7716
1	t	19.8261,99.7716 19.8258,99.7708
1	t	19.8255,99.7697 19.8249,99.7680 19.8246,99.7672
1	t	19.8257,99.7697 19.8260,99.7707
1	t	19.8240,99.7659 19.8248,99.7671
1	t	19.8172,99.7604 19.8167,99.7601
1	p	19.8768,99.8311 19.8769,99.8312
1	p	19.8759,99.8303 19.8768,99.8311
1	p	19.8964,99.8384 19.8971,99.8386
1	p	19.8651,99.8229 19.8641,99.8223
1	p	19.8641,99.8223 19.8626,99.8213 19.8617,99.8206
1	p	19.8632,99.8215 19.8642,99.8221
1	p	19.8620,99.8206 19.8632,99.8215
1	p	19.8608,99.8198 19.8604,99.8195
1	p	19.8617,99.8206 19.8608,99.8198
1	p	19.8736,99.8283 19.8721,99.8271 19.8704,99.8261 19.8692,99.8253 19.8674,99.8243 19.8653,99.8230 19.8651,99.8229
1	p	19.8609,99.8196 19.8615,99.8202
1	p	19.8605,99.8194 19.8609,99.8196
1	p	19.8901,99.8365 19.8914,99.8369
1	p	19.8888,99.8360 19.8901,99.8365
1	p	19.8840,99.8346 19.8888,99.8360
1	p	19.8823,99.8341 19.8840,99.8346
1	p	19.8813,99.8338 19.8823,99.8341
1	p	19.8795,99.8332 19.8805,99.8336
1	p	19.8778,99.8320 19.8790,99.8330 19.8795,99.8332
1	p	19.8769,99.8312 19.8778,99.8320
1	p	19.8772,99.8316 19.8767,99.8312
1	p	19.8761,99.8307 19.8758,99.8304
1	p	19.8764,99.8309 19.8761,99.8307
1	p	19.8766,99.8311 19.8764,99.8309
1	p	19.8773,99.8318 19.8772,99.8316
1	p	19.8783,99.8327 19.8773,99.8318
1	p	19.8790,99.8332 19.8783,99.8327
1	p	19.8805,99.8338 19.8790,99.8332
1	p	19.8604,99.8195 19.8595,99.8187
1	p	19.9079,99.8405 19.9084,99.8403
1	p	19.9073,99.8407 19.9079,99.8405
1	p	19.9095,99.8404 19.9103,99.8405
1	p	19.9010,99.8398 19.9013,99.8399
1	p	19.8996,99.8393 19.9010,99.8398
1	p	19.8992,99.8392 19.8996,99.8393
1	p	19.8983,99.8390 19.8992,99.8392
1	p	19.8971,99.8386 19.8976,99.8388
1	p	19.8956,99.8382 19.8964,99.8384
1	p	19.8928,99.8373 19.8956,99.8382
1	p	19.8914,99.8369 19.8928,99.8373
1	p	19.9152,99.8460 19.9157,99.8463
1	p	19.9135,99.8427 19.9142,99.8440 19.9149,99.8454 19.9152,99.8460
1	p	19.9134,99.8427 19.9133,99.8426
1	p	19.9133,99.8426 19.9121,99.8415 19.9109,99.8408
1	p	19.9133,99.8424 19.9135,99.8427
1	p	19.9109,99.8406 19.9121,99.8414 19.9132,99.8423 19.9133,99.8424
1	p	19.9103,99.8405 19.9107,99.8405
1	p	19.9084,99.8403 19.9095,99.8404
1	p	19.9384,99.8452 19.9393,99.8453
1	p	19.9379,99.8452 19.9384,99.8452
1	p	19.9369,99.8450 19.9371,99.8451
1	p	19.9363,99.8450 19.9369,99.8450
1	p	19.9352,99.8449 19.9363,99.8450
1	p	19.9349,99.8448 19.9352,99.8449
1	p	19.9297,99.8444 19.9313,99.8445 19.9329,99.8447 19.9347,99.8448 19.9349,99.8448
1	p	19.9292,99.8443 19.9297,99.8444
1	p	19.9285,99.8442 19.9292,99.8443
1	p	19.9271,99.8441 19.9285,99.8442
1	p	19.9262,99.8442 19.9271,99.8441
1	p	19.9246,99.8446 19.9260,99.8442 19.9262,99.8442
1	p	19.9241,99.8448 19.9246,99.8446
1	p	19.9222,99.8455 19.9237,99.8450 19.9241,99.8448
1020	t	19.8409,99.8735 19.8403,99.8745
1	t	19.9648,99.8554 19.9646,99.8554
1	p	19.9594,99.8531 19.9590,99.8529
1	t	19.9647,99.8552 19.9648,99.8553
1	t	19.9633,99.8547 19.9646,99.8552 19.9647,99.8552
1	t	19.9629,99.8545 19.9633,99.8547
1	t	19.9613,99.8538 19.9626,99.8544 19.9629,99.8545
1	t	19.9603,99.8533 19.9613,99.8538
1	t	19.9595,99.8529 19.9598,99.8531
1	p	19.9590,99.8527 19.9595,99.8529
1	p	19.9581,99.8523 19.9590,99.8527
1	p	19.9568,99.8517 19.9581,99.8523
1	p	19.9452,99.8470 19.9467,99.8475 19.9488,99.8482 19.9495,99.8485
1	p	19.9441,99.8467 19.9452,99.8470
1	p	19.9393,99.8453 19.9413,99.8458 19.9427,99.8462 19.9441,99.8467
ชร.5023	p	19.9138,99.8599 19.9130,99.8597
ชร.5023	p	19.9130,99.8597 19.9109,99.8592 19.9098,99.8593
1020	t	19.8528,99.8504 19.8525,99.8512
1020	t	19.8523,99.8515 19.8524,99.8512
1020	t	19.8525,99.8512 19.8524,99.8516
1020	t	19.8539,99.8478 19.8531,99.8491 19.8528,99.8504
1020	t	19.8524,99.8512 19.8530,99.8492 19.8538,99.8477
1020	t	19.8502,99.8581 19.8497,99.8587
1020	t	19.8524,99.8516 19.8520,99.8531 19.8513,99.8558 19.8508,99.8573 19.8502,99.8581
1020	t	19.8490,99.8593 19.8496,99.8586
1020	t	19.8496,99.8586 19.8506,99.8574 19.8512,99.8559 19.8517,99.8541 19.8523,99.8515
1020	t	19.8463,99.8659 19.8458,99.8667
1020	t	19.8453,99.8674 19.8440,99.8691 19.8420,99.8720 19.8409,99.8735
1020	t	19.8451,99.8674 19.8457,99.8666
1020	t	19.8404,99.8741 19.8416,99.8725 19.8431,99.8703 19.8439,99.8691 19.8451,99.8674
1	t	20.0033,99.8670 20.0044,99.8672
1	t	20.0028,99.8669 20.0033,99.8670
1	t	20.0044,99.8672 20.0062,99.8675 20.0080,99.8679 20.0097,99.8683 20.0107,99.8685
1	t	19.9909,99.8635 19.9914,99.8637
1	t	19.9871,99.8624 19.9909,99.8635
1	t	19.9852,99.8618 19.9871,99.8624
1	t	19.9846,99.8616 19.9852,99.8618
1	t	19.9776,99.8594 19.9801,99.8601 19.9818,99.8607 19.9846,99.8616
1	t	19.9767,99.8591 19.9773,99.8593
1	t	19.9729,99.8580 19.9751,99.8586 19.9767,99.8591
1	t	19.9648,99.8553 19.9665,99.8560 19.9680,99.8565 19.9705,99.8572 19.9723,99.8578 19.9728,99.8580
1	t	19.8248,99.7671 19.8255,99.7693 19.8257,99.7697
1	t	19.8237,99.7655 19.8238,99.7657
1	t	19.8233,99.7651 19.8236,99.7655
1418	p	19.9597,99.8533 19.9590,99.8550 19.9577,99.8574 19.9570,99.8588 19.9568,99.8603 19.9568,99.8610
1	t	19.9606,99.8536 19.9602,99.8535
1	t	19.9611,99.8539 19.9606,99.8536
1	t	19.9634,99.8549 19.9611,99.8539
1	t	19.9646,99.8554 19.9634,99.8549
1	t	19.9653,99.8557 19.9648,99.8554
1	t	19.9749,99.8588 19.9728,99.8582
1	t	19.9728,99.8580 19.9729,99.8580
1	t	19.9728,99.8582 19.9727,99.8581
1	t	19.9761,99.8592 19.9749,99.8588
1	t	19.9773,99.8595 19.9761,99.8592
1	t	19.9785,99.8598 19.9775,99.8595
1	t	19.9792,99.8600 19.9785,99.8598
1	t	19.9851,99.8619 19.9796,99.8602 19.9792,99.8600
1	t	19.9861,99.8622 19.9851,99.8619
1	t	19.9877,99.8627 19.9861,99.8622
1	t	19.9914,99.8638 19.9877,99.8627
1	t	19.9918,99.8640 19.9914,99.8638
1	t	19.9960,99.8653 19.9947,99.8649 19.9922,99.8641 19.9918,99.8640
1	t	19.9967,99.8655 19.9960,99.8653
1	t	20.0033,99.8672 20.0005,99.8666 19.9991,99.8662 19.9976,99.8658 19.9967,99.8655
1	t	20.0107,99.8687 20.0073,99.8679 20.0046,99.8674 20.0043,99.8674
1	p	19.9381,99.8453 19.9375,99.8453
1	p	19.9393,99.8454 19.9381,99.8453
1	p	19.9459,99.8474 19.9451,99.8471
1	p	19.9495,99.8487 19.9478,99.8480 19.9461,99.8475 19.9459,99.8474
1	p	19.9504,99.8490 19.9495,99.8487
1	p	19.9511,99.8493 19.9504,99.8490
1	p	19.9565,99.8517 19.9547,99.8509 19.9532,99.8502 19.9518,99.8496 19.9511,99.8493
1	p	19.9247,99.8448 19.9241,99.8450
1	p	19.9260,99.8444 19.9249,99.8447
1	p	19.9295,99.8445 19.9292,99.8445
1	p	19.9333,99.8449 19.9313,99.8447 19.9300,99.8446 19.9295,99.8445
1	p	19.9372,99.8452 19.9371,99.8452
1	p	19.9371,99.8451 19.9373,99.8451
1	p	19.9109,99.8408 19.9106,99.8407
1	p	19.9163,99.8467 19.9156,99.8465
1	p	19.9184,99.8469 19.9168,99.8468 19.9163,99.8467
1	p	19.9203,99.8464 19.9189,99.8468 19.9184,99.8469
1	p	19.9241,99.8450 19.9222,99.8457
1	p	19.9249,99.8447 19.9247,99.8448
	t	19.8606,99.8409 19.8608,99.8411
	p	19.8608,99.8411 19.8618,99.8422 19.8631,99.8430
1020	t	19.8608,99.8411 19.8605,99.8414
1020	p	19.8610,99.8410 19.8608,99.8411
1020	p	19.8616,99.8404 19.8610,99.8410
1020	t	19.8605,99.8414 19.8580,99.8436 19.8575,99.8441
1020	t	19.8603,99.8413 19.8607,99.8410
1020	t	19.8597,99.8419 19.8603,99.8413
1020	t	19.8574,99.8440 19.8597,99.8419
	t	19.8604,99.8412 19.8594,99.8400 19.8583,99.8390
	p	19.8625,99.8431 19.8612,99.8421 19.8606,99.8415
ชร.5023	p	19.8723,99.8467 19.8729,99.8470
ชร.5023	p	19.8727,99.8470 19.8722,99.8468
ชร.5023	p	19.9262,99.8627 19.9269,99.8629
ชร.5023	p	19.9269,99.8630 19.9262,99.8628
ชร.5023	p	19.9307,99.8639 19.9304,99.8639
ชร.5023	p	19.9299,99.8637 19.9302,99.8637
1418	p	19.9561,99.8762 19.9555,99.8772
1418	p	19.9567,99.8636 19.9567,99.8654 19.9566,99.8676 19.9564,99.8708 19.9564,99.8716
1418	p	19.9567,99.8620 19.9567,99.8612
1418	p	19.9566,99.8627 19.9567,99.8620
1418	p	19.9568,99.8620 19.9567,99.8636
1418	p	19.9568,99.8610 19.9568,99.8620
1	t	19.8490,99.8082 19.8494,99.8087
1	p	19.9575,99.8522 19.9567,99.8518
1	t	19.9775,99.8595 19.9773,99.8595
1	p	19.8963,99.8386 19.8934,99.8377
1	p	19.8977,99.8390 19.8963,99.8386
1	p	19.8982,99.8391 19.8977,99.8390
1	p	19.9019,99.8402 19.8991,99.8394
1	p	19.9037,99.8408 19.9022,99.8403 19.9019,99.8402
1	p	19.9090,99.8407 19.9084,99.8407
1	p	19.9103,99.8407 19.9090,99.8407
	p	19.8736,99.8283 19.8732,99.8281
1	p	19.8758,99.8304 19.8736,99.8283
1	p	19.8805,99.8336 19.8813,99.8338
1	p	19.8819,99.8341 19.8805,99.8338
1	p	19.8822,99.8343 19.8819,99.8341
1	p	19.8832,99.8345 19.8822,99.8343
1	p	19.8874,99.8358 19.8852,99.8352 19.8832,99.8345
1	p	19.8902,99.8367 19.8874,99.8358
1	p	19.8914,99.8370 19.8902,99.8367
1	p	19.8924,99.8373 19.8914,99.8370
1	p	19.8934,99.8377 19.8924,99.8373
1	p	19.8587,99.8180 19.8577,99.8171
1	t	19.9773,99.8593 19.9776,99.8594
1	t	19.8399,99.7942 19.8396,99.7937
1	t	19.8436,99.8003 19.8430,99.7996
1	t	19.8444,99.8012 19.8436,99.8003
1	t	19.8489,99.8084 19.8473,99.8058 19.8466,99.8045 19.8457,99.8029 19.8444,99.8012
1	t	19.8491,99.8087 19.8489,99.8084
1	p	19.8508,99.8106 19.8504,99.8102
1	t	19.8299,99.7791 19.8296,99.7788
1	t	19.8236,99.7655 19.8237,99.7655
1	t	19.7876,99.7463 19.7865,99.7458
1	t	19.7865,99.7458 19.7850,99.7449 19.7830,99.7437 19.7830,99.7437
1	t	19.7998,99.7533 19.7990,99.7527
1	t	19.8167,99.7601 19.8152,99.7591 19.8136,99.7583 19.8122,99.7576 19.8101,99.7564 19.8083,99.7554 19.8066,99.7548 19.8053,99.7545 19.8017,99.7539 19.8000,99.7534 19.7998,99.7533
1	t	19.8235,99.7657 19.8234,99.7656
1	t	19.8238,99.7657 19.8240,99.7659
1	t	19.8237,99.7659 19.8235,99.7657
118	p	19.7459,99.7264 19.7460,99.7262
ชร.5023	p	19.9579,99.8787 19.9644,99.8825 19.9660,99.8837 19.9684,99.8856 19.9695,99.8864 19.9709,99.8873 19.9714,99.8875
ชร.5023	p	20.0024,99.8932 20.0009,99.8930 19.9993,99.8929 19.9964,99.8925 19.9901,99.8918
ชร.5023	p	19.9901,99.8917 19.9964,99.8923 19.9983,99.8925 20.0001,99.8927 20.0018,99.8929 20.0024,99.8930
ชร.5023	p	19.9901,99.8918 19.9867,99.8914 19.9848,99.8910 19.9842,99.8908
ชร.5023	p	19.9818,99.8901 19.9837,99.8905 19.9842,99.8907
ชร.5023	p	19.9818,99.8902 19.9817,99.8902
ชร.5023	p	19.9817,99.8901 19.9818,99.8901
ชร.5023	p	19.9841,99.8908 19.9818,99.8902
ชร.5023	p	19.9289,99.8635 19.9299,99.8637
ชร.5023	p	19.9302,99.8637 19.9306,99.8637
1020	p	19.8696,99.8346 19.8702,99.8344
1020	p	19.8607,99.8410 19.8622,99.8397 19.8645,99.8377 19.8658,99.8366 19.8674,99.8357 19.8696,99.8346
1020	p	19.8708,99.8342 19.8702,99.8345
1020	p	19.8760,99.8316 19.8748,99.8322 19.8725,99.8333 19.8708,99.8342
1020	p	19.8767,99.8312 19.8764,99.8314
1020	p	19.8764,99.8314 19.8760,99.8316
1	t	19.0948,99.9123 19.0968,99.9118
1	t	19.0951,99.9125 19.0939,99.9128
1	t	19.0973,99.9119 19.0960,99.9123 19.0951,99.9125
1	t	19.1024,99.9105 19.1018,99.9107
1	t	19.1037,99.9101 19.1024,99.9105
1	t	19.1055,99.9095 19.1037,99.9101
1	t	19.1065,99.9092 19.1055,99.9095
1	t	19.1018,99.9107 19.1002,99.9112 19.0985,99.9116 19.0973,99.9119
1	t	19.1058,99.9092 19.1066,99.9089
1	t	19.1055,99.9093 19.1058,99.9092
1	t	19.1049,99.9095 19.1055,99.9093
1	t	19.1042,99.9097 19.1049,99.9095
1	t	19.1027,99.9102 19.1042,99.9097
1	t	19.1020,99.9104 19.1027,99.9102
1	t	19.0968,99.9118 19.0992,99.9112 19.1018,99.9105 19.1020,99.9104
120	p	19.1454,99.6137 19.1453,99.6127
120	p	19.1454,99.6141 19.1454,99.6137
120	p	19.1455,99.6144 19.1454,99.6141
120	p	19.1455,99.6151 19.1455,99.6144
120	p	19.1456,99.6159 19.1455,99.6151
120	p	19.1455,99.6140 19.1456,99.6157 19.1456,99.6159
120	p	19.1453,99.6108 19.1455,99.6133
120	p	19.1881,99.5365 19.1875,99.5370
120	p	19.1875,99.5370 19.1859,99.5382 19.1851,99.5395 19.1845,99.5410 19.1836,99.5433 19.1830,99.5450 19.1828,99.5458
120	p	19.1445,99.6210 19.1445,99.6214
1	t	19.1329,99.9107 19.1322,99.9106
1	t	19.1335,99.9107 19.1329,99.9107
1	t	19.1390,99.9110 19.1367,99.9109 19.1344,99.9107 19.1335,99.9107
1	t	19.1407,99.9112 19.1390,99.9110
1	t	19.1417,99.9113 19.1412,99.9112
1	t	19.1412,99.9112 19.1407,99.9112
1	t	19.1467,99.9120 19.1462,99.9119
1	t	19.1479,99.9122 19.1467,99.9120
1	t	19.1462,99.9119 19.1447,99.9117 19.1428,99.9115 19.1417,99.9113
1	t	19.1557,99.9137 19.1550,99.9135
1	t	19.1564,99.9140 19.1557,99.9137
1	t	19.1594,99.9144 19.1579,99.9144 19.1564,99.9140
1	t	19.1634,99.9129 19.1629,99.9133
1	t	19.1616,99.9141 19.1604,99.9144
1	t	19.1632,99.9128 19.1637,99.9125
1	t	19.1618,99.9138 19.1628,99.9131
1	t	19.1322,99.9106 19.1315,99.9106
1	t	19.1438,99.9114 19.1444,99.9115
1	t	19.1408,99.9110 19.1433,99.9113 19.1438,99.9114
1	t	19.1400,99.9110 19.1408,99.9110
1	t	19.1376,99.9108 19.1390,99.9109 19.1400,99.9110
1	t	19.1330,99.9105 19.1369,99.9107 19.1376,99.9108
1	t	19.1312,99.9103 19.1322,99.9104
1	t	19.1322,99.9104 19.1330,99.9105
1	t	19.1270,99.9094 19.1274,99.9096
1	t	19.1249,99.9087 19.1270,99.9094
1	t	19.1246,99.9086 19.1249,99.9087
1	t	19.1231,99.9081 19.1246,99.9086
1	t	19.1224,99.9078 19.1231,99.9081
1	t	19.1274,99.9096 19.1288,99.9100 19.1306,99.9102 19.1312,99.9103
1	t	19.1230,99.9083 19.1217,99.9078
1	t	19.1243,99.9087 19.1230,99.9083
1	t	19.1267,99.9096 19.1243,99.9087
1	t	19.1272,99.9097 19.1267,99.9096
1	t	19.1315,99.9106 19.1298,99.9104 19.1282,99.9100 19.1272,99.9097
1	t	19.4540,99.7571 19.4530,99.7573
1	t	19.4554,99.7568 19.4541,99.7571 19.4540,99.7571
1	t	19.4566,99.7565 19.4554,99.7568
1	t	19.5001,99.7474 19.4976,99.7482 19.4951,99.7486 19.4925,99.7490 19.4863,99.7500 19.4813,99.7512 19.4789,99.7518 19.4775,99.7522 19.4753,99.7528 19.4735,99.7532 19.4723,99.7536
1	t	19.4530,99.7573 19.4510,99.7577 19.4467,99.7579 19.4431,99.7581
1	t	19.4372,99.7600 19.4362,99.7603
1	t	19.4386,99.7595 19.4372,99.7600 19.4372,99.7600
1	t	19.4431,99.7581 19.4408,99.7587 19.4386,99.7595
1	t	19.4206,99.7666 19.4208,99.7666
1	t	19.4246,99.7652 19.4265,99.7644 19.4286,99.7633
1	t	19.4208,99.7668 19.4206,99.7669
1	t	19.4224,99.7662 19.4208,99.7668
1	t	19.4236,99.7658 19.4224,99.7662
1	t	19.4248,99.7654 19.4236,99.7658
1	t	19.4286,99.7635 19.4248,99.7654
1	t	19.4286,99.7633 19.4288,99.7632
1	t	19.3538,99.8015 19.3545,99.8011
1	t	19.4289,99.7634 19.4286,99.7635
1	t	19.4362,99.7603 19.4325,99.7617 19.4289,99.7634
1	t	19.3749,99.7894 19.3740,99.7899
1	t	19.3751,99.7893 19.3749,99.7894
1	t	19.3759,99.7889 19.3751,99.7893
1	t	19.3765,99.7886 19.3759,99.7889
1	t	19.3844,99.7843 19.3805,99.7864 19.3783,99.7876 19.3765,99.7886
1	t	19.3891,99.7818 19.3876,99.7826 19.3862,99.7833 19.3844,99.7843
1	t	19.3904,99.7811 19.3891,99.7818
1	t	19.3916,99.7805 19.3904,99.7811
1	t	19.3929,99.7797 19.3916,99.7805
1	t	19.4090,99.7712 19.4050,99.7733 19.4015,99.7752 19.3986,99.7767 19.3955,99.7783 19.3933,99.7796 19.3929,99.7797
1	t	19.4101,99.7706 19.4090,99.7712
1	t	19.4116,99.7700 19.4101,99.7706
1	t	19.4206,99.7669 19.4189,99.7674 19.4156,99.7686 19.4126,99.7696 19.4116,99.7700
1	t	19.3529,99.8023 19.3525,99.8026
1	t	19.3537,99.8018 19.3529,99.8023
1	t	19.3543,99.8014 19.3539,99.8017
1	t	19.3572,99.7994 19.3561,99.8001
1	t	19.3555,99.8006 19.3549,99.8010
1	t	19.3549,99.8010 19.3545,99.8012
1	t	19.3561,99.8001 19.3555,99.8006
1	t	19.3545,99.8012 19.3543,99.8014
1	t	19.3154,99.8426 19.3143,99.8434
1	t	19.3166,99.8418 19.3154,99.8426
1	t	19.3171,99.8415 19.3166,99.8418
1	t	19.3177,99.8411 19.3171,99.8415
1	t	19.3191,99.8401 19.3177,99.8411
1	t	19.3264,99.8324 19.3259,99.8332
1	t	19.3272,99.8312 19.3264,99.8324
1	t	19.3313,99.8253 19.3304,99.8265 19.3272,99.8312
1	t	19.3368,99.8166 19.3360,99.8179
1	t	19.3360,99.8179 19.3344,99.8206 19.3338,99.8214
1	t	19.3395,99.8122 19.3386,99.8136
1	t	19.3397,99.8120 19.3395,99.8122
1	t	19.3411,99.8104 19.3400,99.8115 19.3397,99.8120
1	t	19.3424,99.8096 19.3411,99.8104
1	t	19.3446,99.8081 19.3424,99.8096
1	t	19.3481,99.8057 19.3466,99.8067 19.3449,99.8078 19.3446,99.8081
1	t	19.2882,99.8555 19.2873,99.8556
1	t	19.2898,99.8555 19.2882,99.8555
1	t	19.2974,99.8536 19.2958,99.8541 19.2935,99.8547 19.2919,99.8551 19.2898,99.8555
1	t	19.2983,99.8534 19.2974,99.8536
1	t	19.2996,99.8531 19.2983,99.8534
1	t	19.3003,99.8529 19.2996,99.8531
1	t	19.3037,99.8522 19.3021,99.8525 19.3003,99.8529
1	t	19.3071,99.8496 19.3060,99.8506 19.3048,99.8516 19.3037,99.8522
1	t	19.3079,99.8488 19.3071,99.8496
1	t	19.3089,99.8478 19.3079,99.8488
1	t	19.3143,99.8434 19.3120,99.8449 19.3100,99.8467 19.3089,99.8478
1	t	19.2309,99.8633 19.2300,99.8633
1	t	19.2326,99.8632 19.2309,99.8633
1	t	19.2339,99.8631 19.2326,99.8632
1	t	19.2374,99.8626 19.2359,99.8630 19.2341,99.8631 19.2339,99.8631
1	t	19.2460,99.8592 19.2444,99.8596 19.2416,99.8606 19.2387,99.8619 19.2374,99.8626
1	t	19.2470,99.8589 19.2460,99.8592
1	t	19.2483,99.8586 19.2470,99.8589
1	t	19.2658,99.8575 19.2636,99.8573 19.2619,99.8572 19.2580,99.8573 19.2566,99.8574 19.2551,99.8574 19.2527,99.8576 19.2512,99.8578 19.2492,99.8583 19.2483,99.8586
1	t	19.2667,99.8576 19.2658,99.8575
1	t	19.2681,99.8576 19.2667,99.8576
1	t	19.2686,99.8576 19.2681,99.8576
1	t	19.2690,99.8575 19.2686,99.8576
1	t	19.2715,99.8571 19.2698,99.8574 19.2690,99.8575
1	t	19.2715,99.8568 19.2718,99.8568
1	t	19.2893,99.8553 19.2912,99.8551 19.2934,99.8545 19.2953,99.8540 19.2974,99.8534
1	t	19.2718,99.8570 19.2715,99.8571
1	t	19.2873,99.8556 19.2819,99.8557 19.2788,99.8559 19.2773,99.8561 19.2738,99.8566 19.2723,99.8569 19.2718,99.8570
1	t	19.0127,99.9081 19.0141,99.9095
1	t	19.0182,99.9162 19.0190,99.9180 19.0199,99.9193 19.0206,99.9199
1	t	19.0176,99.9153 19.0172,99.9146
1	t	19.0180,99.9164 19.0176,99.9153
1	t	19.0205,99.9201 19.0195,99.9192 19.0184,99.9172 19.0180,99.9164
1	t	19.0263,99.9232 19.0251,99.9224 19.0241,99.9219
1	t	19.0125,99.9083 19.0117,99.9074
1	t	19.0133,99.9090 19.0125,99.9083
1	t	19.0172,99.9146 19.0165,99.9131 19.0156,99.9115 19.0144,99.9102 19.0133,99.9090
1	t	19.0177,99.9152 19.0182,99.9162
1	t	19.0172,99.9142 19.0177,99.9152
1	t	19.0141,99.9095 19.0153,99.9108 19.0162,99.9120 19.0172,99.9142
1	t	19.0120,99.9074 19.0127,99.9081
1	t	19.0051,99.8990 19.0050,99.8987
1	t	19.0050,99.8987 19.0037,99.8977 19.0033,99.8976
1	t	19.0052,99.8987 19.0053,99.8989
1	t	19.0034,99.8974 19.0046,99.8980 19.0052,99.8987
1	t	19.0029,99.8974 19.0034,99.8974
1	t	19.0053,99.8989 19.0058,99.9003 19.0070,99.9021 19.0102,99.9055 19.0120,99.9074
1	t	19.0033,99.8976 19.0026,99.8976
1	t	19.0117,99.9074 19.0091,99.9046 19.0072,99.9027 19.0062,99.9014 19.0055,99.9000 19.0051,99.8990
1	t	18.9961,99.9023 18.9948,99.9029
1	t	18.9975,99.9017 18.9961,99.9023
1	t	19.0026,99.8976 19.0011,99.8983 18.9997,99.9000 18.9987,99.9010 18.9975,99.9017
1	t	18.9792,99.9091 18.9778,99.9102
1	t	18.9798,99.9086 18.9792,99.9091
1	t	18.9800,99.9084 18.9798,99.9086
1	t	18.9575,99.9216 18.9567,99.9220
1	t	18.9594,99.9205 18.9575,99.9216
1	t	18.9608,99.9202 18.9594,99.9205
1	t	18.9960,99.9021 18.9977,99.9014
1	t	18.9950,99.9025 18.9960,99.9021
1	t	18.9977,99.9014 18.9989,99.9005 19.0002,99.8991 19.0012,99.8980 19.0027,99.8974 19.0029,99.8974
1	t	18.9791,99.9090 18.9800,99.9083
1	t	18.9785,99.9095 18.9791,99.9090
118	p	19.7463,99.7258 19.7461,99.7263
1	t	19.7455,99.7260 19.7460,99.7262
1	t	19.7450,99.7257 19.7455,99.7260
1	t	18.8536,99.9478 18.8517,99.9477
1	t	18.8548,99.9480 18.8536,99.9478
1	t	18.8743,99.9470 18.8725,99.9475 18.8709,99.9478 18.8692,99.9480 18.8666,99.9482 18.8645,99.9484 18.8610,99.9488 18.8594,99.9489 18.8572,99.9486 18.8548,99.9480
1	t	18.8757,99.9466 18.8743,99.9470
1	t	18.8769,99.9463 18.8757,99.9466
1	t	18.8810,99.9451 18.8795,99.9455 18.8775,99.9461 18.8769,99.9463
1	t	18.8810,99.9449 18.8813,99.9448
1	t	18.8813,99.9448 18.8830,99.9443 18.8844,99.9440 18.8861,99.9439 18.8881,99.9442 18.8885,99.9443
1	t	18.8814,99.9450 18.8810,99.9451
1	t	18.8877,99.9443 18.8862,99.9441 18.8844,99.9442 18.8828,99.9446 18.8814,99.9450
1	t	18.8885,99.9446 18.8877,99.9443
1	t	18.8898,99.9451 18.8885,99.9446
1	t	18.8911,99.9456 18.8898,99.9451
1	t	18.8925,99.9462 18.8911,99.9456
1	t	18.8988,99.9458 18.8972,99.9465 18.8955,99.9469 18.8940,99.9468 18.8925,99.9462
1	t	18.9243,99.9342 18.9229,99.9348
1	t	18.9262,99.9332 18.9249,99.9340 18.9243,99.9342
1	t	18.9278,99.9319 18.9264,99.9331 18.9262,99.9332
1	t	18.8372,99.9485 18.8369,99.9485
1	t	18.8391,99.9482 18.8372,99.9485
1	t	18.8369,99.9483 18.8372,99.9483
1	t	18.8554,99.9479 18.8572,99.9484 18.8589,99.9487 18.8606,99.9486 18.8623,99.9484 18.8641,99.9483 18.8665,99.9480 18.8680,99.9479 18.8698,99.9478 18.8715,99.9475 18.8739,99.9469 18.8750,99.9465
1	t	18.8400,99.9481 18.8391,99.9482
1	t	18.8517,99.9477 18.8451,99.9478 18.8420,99.9479 18.8403,99.9481 18.8400,99.9481
1	t	18.8085,99.9578 18.8083,99.9580
1	t	18.8090,99.9575 18.8085,99.9578
1	t	18.8083,99.9577 18.8085,99.9576
1	t	18.8131,99.9543 18.8146,99.9534 18.8164,99.9524 18.8219,99.9494 18.8232,99.9489 18.8246,99.9487 18.8278,99.9488 18.8296,99.9488
1	t	18.8095,99.9571 18.8090,99.9575
1	t	18.8107,99.9563 18.8095,99.9571
1	t	18.8118,99.9555 18.8107,99.9563
1	t	18.8126,99.9549 18.8118,99.9555
1	t	18.8296,99.9490 18.8279,99.9490 18.8250,99.9489 18.8234,99.9491 18.8219,99.9496 18.8205,99.9503 18.8165,99.9525 18.8146,99.9536 18.8128,99.9548 18.8126,99.9549
1	t	18.8308,99.9490 18.8296,99.9490
1	t	18.8320,99.9489 18.8308,99.9490
1	t	18.8369,99.9485 18.8349,99.9487 18.8320,99.9489
1	t	18.7657,99.9730 18.7666,99.9727
1	t	18.7681,99.9723 18.7694,99.9719 18.7709,99.9714 18.7733,99.9706 18.7737,99.9705
1	t	18.7682,99.9724 18.7670,99.9728
1	t	18.7693,99.9721 18.7682,99.9724
1	t	18.7700,99.9719 18.7693,99.9721
1	t	18.7737,99.9707 18.7715,99.9714 18.7701,99.9719 18.7700,99.9719
1	t	18.7744,99.9705 18.7737,99.9707
1	t	18.7758,99.9700 18.7744,99.9705
1	t	18.7759,99.9700 18.7758,99.9700
1	t	18.7772,99.9696 18.7759,99.9700
1	t	18.7757,99.9699 18.7759,99.9698
1	t	18.7612,99.9727 18.7625,99.9734 18.7641,99.9735 18.7657,99.9730
1	t	18.7797,99.9692 18.7784,99.9694 18.7772,99.9696
1	t	18.7807,99.9691 18.7797,99.9692
1	t	18.7895,99.9636 18.7879,99.9642 18.7858,99.9659 18.7846,99.9671 18.7828,99.9684 18.7811,99.9690 18.7807,99.9691
1	t	18.7913,99.9632 18.7895,99.9636
1	t	18.7924,99.9630 18.7913,99.9632
1	t	18.7944,99.9625 18.7925,99.9629 18.7924,99.9630
1	t	18.7951,99.9624 18.7944,99.9625
1	t	18.8083,99.9580 18.8067,99.9591 18.8048,99.9601 18.8034,99.9605 18.8000,99.9613 18.7975,99.9618 18.7951,99.9624
1	t	18.7797,99.9690 18.7812,99.9688 18.7815,99.9687
1	t	18.7788,99.9691 18.7797,99.9690
1	t	18.7783,99.9692 18.7788,99.9691
1	t	18.7778,99.9693 18.7783,99.9692
1	t	18.7759,99.9698 18.7772,99.9694 18.7778,99.9693
1	t	18.7737,99.9705 18.7744,99.9703
1	t	18.7744,99.9703 18.7757,99.9699
1	t	18.7676,99.9724 18.7681,99.9723
1	t	18.7666,99.9727 18.7676,99.9724
1	t	18.7948,99.9622 18.7954,99.9621
1	t	18.7941,99.9624 18.7948,99.9622
1	t	18.7934,99.9625 18.7941,99.9624
1	t	18.7932,99.9625 18.7934,99.9625
1	t	18.7929,99.9626 18.7932,99.9625
1	t	18.7912,99.9630 18.7929,99.9626
1	t	18.7902,99.9632 18.7912,99.9630
1	t	18.7815,99.9687 18.7832,99.9679 18.7849,99.9665 18.7874,99.9643 18.7887,99.9636 18.7902,99.9632
1	t	18.8296,99.9488 18.8308,99.9488
1	t	18.8325,99.9487 18.8348,99.9486 18.8369,99.9483
1	t	18.8117,99.9553 18.8131,99.9543
1	t	18.8107,99.9560 18.8117,99.9553
1	t	18.8096,99.9567 18.8107,99.9560
1	t	18.8092,99.9571 18.8096,99.9567
1	t	18.8085,99.9576 18.8092,99.9571
1	t	18.8391,99.9481 18.8399,99.9479
1	t	18.8372,99.9483 18.8391,99.9481
1	t	18.8308,99.9488 18.8321,99.9487 18.8325,99.9487
1	t	18.8775,99.9459 18.8789,99.9455 18.8810,99.9449
1	t	18.8750,99.9465 18.8756,99.9464
1	t	18.8756,99.9464 18.8775,99.9459
1	t	18.8536,99.9476 18.8543,99.9477
1	t	18.8543,99.9477 18.8554,99.9479
1	t	18.8532,99.9475 18.8536,99.9476
1	t	18.8527,99.9475 18.8532,99.9475
1	t	18.8399,99.9479 18.8418,99.9477 18.8504,99.9475 18.8527,99.9475
1	t	18.9242,99.9339 18.9255,99.9334 18.9260,99.9331
1	t	18.9228,99.9345 18.9242,99.9339
1	t	18.9208,99.9360 18.9224,99.9348 18.9228,99.9345
1	t	18.8912,99.9454 18.8927,99.9460
1	t	18.8902,99.9450 18.8912,99.9454
1	t	18.8891,99.9445 18.8902,99.9450
1	t	18.8885,99.9443 18.8891,99.9445
1	t	18.8927,99.9460 18.8942,99.9467 18.8960,99.9467 18.8979,99.9460 18.8990,99.9456
1	t	18.9573,99.9213 18.9589,99.9205 18.9592,99.9203
1	t	18.9563,99.9219 18.9573,99.9213
1	t	18.9539,99.9225 18.9555,99.9222 18.9563,99.9219
พย.ถ3-0001	p	19.1700,99.8970 19.1702,99.8968
พย.ถ3-0001	p	19.1702,99.8968 19.1709,99.8962
พย.ถ3-0001	p	19.1762,99.8908 19.1768,99.8903
พย.ถ3-0001	p	19.1768,99.8903 19.1774,99.8897
พย.ถ3-0001	p	19.1727,99.8944 19.1750,99.8921 19.1760,99.8910 19.1762,99.8908
พย.ถ3-0001	p	19.1768,99.8904 19.1763,99.8909
พย.ถ3-0001	p	19.1773,99.8899 19.1768,99.8904
พย.ถ3-0001	p	19.1763,99.8909 19.1751,99.8921 19.1734,99.8938 19.1727,99.8944
1	t	19.0555,99.9323 19.0549,99.9325
1	t	19.0556,99.9322 19.0555,99.9323
1	t	19.0574,99.9316 19.0556,99.9322
1	t	19.0588,99.9311 19.0574,99.9316
1	t	19.0294,99.9255 19.0296,99.9257
1	t	19.0304,99.9261 19.0311,99.9264
1	t	19.0296,99.9257 19.0304,99.9261
1	t	19.0274,99.9239 19.0281,99.9246
1	t	19.0264,99.9231 19.0274,99.9239
1	t	19.0242,99.9217 19.0254,99.9224 19.0264,99.9231
1	t	19.0241,99.9219 19.0239,99.9218
1	t	19.0239,99.9218 19.0226,99.9212 19.0213,99.9205 19.0205,99.9201
1	t	19.0240,99.9216 19.0242,99.9217
1	t	19.0206,99.9199 19.0237,99.9215 19.0240,99.9216
พย.ถ3-0001	p	19.1791,99.8867 19.1783,99.8881 19.1777,99.8895 19.1773,99.8899
พย.ถ1-0060	p	19.1800,99.8851 19.1796,99.8858
พย.ถ1-0060	p	19.1796,99.8858 19.1792,99.8865
พย.ถ1-0060	p	19.1838,99.8815 19.1844,99.8811
พย.ถ1-0060	p	19.1833,99.8819 19.1838,99.8815
พย.ถ1-0060	p	19.1800,99.8849 19.1809,99.8837 19.1822,99.8826 19.1833,99.8819
พย.ถ1-0060	p	19.1839,99.8816 19.1835,99.8819
พย.ถ1-0060	p	19.1845,99.8811 19.1839,99.8816
พย.ถ1-0060	p	19.1835,99.8819 19.1821,99.8829 19.1810,99.8839 19.1801,99.8850 19.1800,99.8851
พย.ถ1-0060	p	19.1795,99.8857 19.1800,99.8849
พย.ถ1-0060	p	19.1790,99.8866 19.1795,99.8857
พย.ถ3-0001	p	19.1774,99.8897 19.1780,99.8884 19.1790,99.8866
1	t	19.0341,99.9276 19.0349,99.9279
1	t	19.0327,99.9271 19.0341,99.9276
1	t	19.0311,99.9264 19.0327,99.9271
1	t	19.0345,99.9280 19.0340,99.9278
1	t	19.0352,99.9283 19.0345,99.9280
1	t	19.0284,99.9251 19.0273,99.9241
1	t	19.0431,99.9341 19.0423,99.9331
1	t	19.0549,99.9325 19.0533,99.9335 19.0521,99.9347 19.0506,99.9356 19.0492,99.9359 19.0478,99.9357 19.0456,99.9353 19.0442,99.9350 19.0431,99.9341
1	t	19.0299,99.9261 19.0288,99.9254
1	t	19.0315,99.9268 19.0301,99.9262 19.0299,99.9261
1	t	19.0323,99.9272 19.0315,99.9268
1	t	19.0328,99.9274 19.0323,99.9272
1	t	19.0331,99.9275 19.0328,99.9274
1	t	19.0340,99.9278 19.0331,99.9275
1	t	19.0355,99.9284 19.0352,99.9283
1	t	19.0574,99.9314 19.0587,99.9309 19.0588,99.9309
1	t	19.0561,99.9318 19.0574,99.9314
1	t	19.0551,99.9322 19.0557,99.9320
1	t	19.0557,99.9320 19.0561,99.9318
1	t	19.0462,99.9353 19.0468,99.9354
1	t	19.0429,99.9336 19.0440,99.9346 19.0454,99.9351 19.0462,99.9353
1	t	19.0425,99.9330 19.0429,99.9336
1	t	19.0417,99.9320 19.0425,99.9330
1	t	19.0349,99.9279 19.0363,99.9286 19.0378,99.9296 19.0392,99.9303 19.0407,99.9309 19.0417,99.9320
พย.ถ1-0060	p	19.1951,99.8773 19.1953,99.8774
พย.ถ1-0060	p	19.1952,99.8775 19.1951,99.8774
1	t	19.1956,99.8772 19.1954,99.8775
1	t	19.1965,99.8759 19.1959,99.8767
1	t	19.1954,99.8775 19.1942,99.8796
1	t	19.1959,99.8767 19.1956,99.8772
พย.ถ1-0060	p	19.1906,99.8783 19.1901,99.8784
พย.ถ1-0060	p	19.1901,99.8784 19.1893,99.8786
พย.ถ1-0060	p	19.1910,99.8782 19.1906,99.8783
พย.ถ1-0060	p	19.1913,99.8781 19.1910,99.8782
พย.ถ1-0060	p	19.1922,99.8779 19.1913,99.8781
พย.ถ1-0060	p	19.1928,99.8778 19.1922,99.8779
พย.ถ1-0060	p	19.1951,99.8774 19.1936,99.8776 19.1928,99.8778
1	t	19.0273,99.9241 19.0263,99.9232
1	t	19.0288,99.9254 19.0284,99.9251
พย.ถ1-0060	p	19.1894,99.8784 19.1900,99.8783
พย.ถ1-0060	p	19.1909,99.8781 19.1913,99.8780
พย.ถ1-0060	p	19.1900,99.8783 19.1909,99.8781
พย.ถ1-0060	p	19.1913,99.8780 19.1922,99.8778
พย.ถ1-0060	p	19.1922,99.8778 19.1928,99.8777
พย.ถ1-0060	p	19.1928,99.8777 19.1942,99.8772 19.1951,99.8773
1	t	19.1949,99.8781 19.1951,99.8777
1	t	19.1930,99.8812 19.1939,99.8797 19.1945,99.8787
1	t	19.1942,99.8796 19.1934,99.8809 19.1932,99.8812
1	t	19.1954,99.8772 19.1959,99.8764
1	t	19.1945,99.8787 19.1949,99.8781
1	t	19.1951,99.8777 19.1954,99.8772
1	t	19.0731,99.9275 19.0728,99.9275
1	t	19.0775,99.9259 19.0758,99.9270 19.0745,99.9275 19.0731,99.9275
1	t	19.0792,99.9248 19.0775,99.9259
1	t	19.0801,99.9241 19.0792,99.9248
1	t	19.0827,99.9224 19.0813,99.9233 19.0801,99.9241
1	t	19.0832,99.9220 19.0827,99.9224
1	t	19.0866,99.9189 19.0842,99.9213 19.0832,99.9220
1	t	19.0869,99.9186 19.0866,99.9189
1	t	19.0878,99.9177 19.0869,99.9186
1	t	19.0891,99.9165 19.0878,99.9177
1	t	19.0900,99.9156 19.0891,99.9165
1	t	19.0917,99.9139 19.0906,99.9150 19.0900,99.9156
1	t	19.0919,99.9138 19.0917,99.9139
1	t	19.0939,99.9128 19.0926,99.9133 19.0919,99.9138
1	t	19.0670,99.9280 19.0672,99.9279
1	t	19.0588,99.9309 19.0602,99.9304 19.0619,99.9298 19.0640,99.9291 19.0656,99.9285 19.0670,99.9280
1	t	19.0672,99.9281 19.0670,99.9282
1	t	19.0670,99.9282 19.0656,99.9287 19.0643,99.9292 19.0588,99.9311
1	t	19.0865,99.9187 19.0868,99.9184
1	t	19.0840,99.9211 19.0865,99.9187
1	t	19.0836,99.9215 19.0840,99.9211
1	t	19.0805,99.9236 19.0823,99.9224 19.0836,99.9215
1	t	19.0790,99.9246 19.0805,99.9236
1	t	19.0783,99.9251 19.0790,99.9246
1	t	19.0732,99.9274 19.0747,99.9273 19.0770,99.9260 19.0783,99.9251
1	t	19.0728,99.9274 19.0732,99.9274
1	t	19.0672,99.9279 19.0685,99.9275 19.0700,99.9273 19.0728,99.9274
1	t	19.0938,99.9126 19.0948,99.9123
1	t	19.0915,99.9139 19.0917,99.9137
1	t	19.0902,99.9151 19.0913,99.9140 19.0915,99.9139
1	t	19.0889,99.9163 19.0900,99.9152 19.0902,99.9151
1	t	19.0883,99.9170 19.0889,99.9163
1	t	19.0868,99.9184 19.0880,99.9172 19.0883,99.9170
1	t	19.3078,99.8486 19.3084,99.8481
1	t	19.3069,99.8495 19.3078,99.8486
1	t	19.3084,99.8481 19.3101,99.8464 19.3111,99.8454 19.3139,99.8434 19.3142,99.8432
1	t	19.3153,99.8424 19.3160,99.8420
1	t	19.3142,99.8432 19.3153,99.8424
1	t	19.3160,99.8420 19.3190,99.8400
1	t	19.3201,99.8392 19.3204,99.8390
1	t	19.3192,99.8399 19.3201,99.8392
1	t	19.3202,99.8394 19.3195,99.8399
1	t	19.3205,99.8392 19.3202,99.8394
1	t	19.3256,99.8331 19.3262,99.8322
1	t	19.3262,99.8322 19.3268,99.8314
1	t	19.3268,99.8314 19.3311,99.8251
1	t	19.3366,99.8166 19.3382,99.8139
1	t	19.3358,99.8178 19.3366,99.8166
1	t	19.3350,99.8191 19.3358,99.8178
1	t	19.3394,99.8121 19.3396,99.8118
1	t	19.3389,99.8128 19.3394,99.8121
1	t	19.3382,99.8139 19.3389,99.8128
1	t	19.3396,99.8118 19.3398,99.8116
1	t	19.3337,99.8213 19.3350,99.8191
1	t	19.3458,99.8070 19.3462,99.8067
1	t	19.3412,99.8101 19.3446,99.8078 19.3458,99.8070
1	t	19.3545,99.8011 19.3561,99.7999
1	t	19.3530,99.8021 19.3536,99.8016
1	t	19.3561,99.7999 19.3579,99.7987 19.3600,99.7974 19.3656,99.7942 19.3676,99.7931 19.3703,99.7917 19.3722,99.7906
1	t	19.3722,99.7906 19.3735,99.7899
1	t	19.3748,99.7892 19.3760,99.7886
1	t	19.3760,99.7886 19.3777,99.7877
1	t	19.3735,99.7899 19.3748,99.7892
1	t	19.3777,99.7877 19.3804,99.7863 19.3825,99.7851 19.3866,99.7830 19.3882,99.7821 19.3902,99.7810 19.3903,99.7810
1	t	19.3915,99.7803 19.3924,99.7798
1	t	19.3903,99.7810 19.3915,99.7803
1	t	19.3924,99.7798 19.3948,99.7785 19.3962,99.7778 19.3978,99.7769 19.3995,99.7760 19.4050,99.7731 19.4073,99.7719 19.4089,99.7710
1	t	19.4089,99.7710 19.4101,99.7704
1	t	19.4110,99.7700 19.4152,99.7685 19.4192,99.7671 19.4206,99.7666
1	t	19.4101,99.7704 19.4110,99.7700
1	t	19.4235,99.7656 19.4246,99.7652
1	t	19.4223,99.7660 19.4235,99.7656
1	t	19.4208,99.7666 19.4223,99.7660 19.4223,99.7660
1	t	19.4362,99.7601 19.4371,99.7598
1	t	19.4371,99.7598 19.4382,99.7594
1	t	19.4288,99.7632 19.4302,99.7625 19.4317,99.7618 19.4344,99.7608 19.4362,99.7601
1	t	19.4565,99.7563 19.4574,99.7561
1	t	19.4553,99.7565 19.4565,99.7563
1	t	19.4722,99.7534 19.4782,99.7518 19.4802,99.7512 19.4828,99.7506 19.4852,99.7500 19.4924,99.7489 19.4964,99.7482 19.4990,99.7476 19.5001,99.7472
1	t	19.2325,99.8629 19.2338,99.8629
1	t	19.2249,99.8644 19.2273,99.8634 19.2287,99.8631 19.2304,99.8630 19.2313,99.8630
1	t	19.2456,99.8591 19.2470,99.8587
1	t	19.2470,99.8587 19.2480,99.8585
1	t	19.2480,99.8585 19.2513,99.8575 19.2527,99.8573 19.2551,99.8572 19.2565,99.8572 19.2607,99.8570 19.2627,99.8570 19.2641,99.8571 19.2653,99.8573
1	t	19.2653,99.8573 19.2667,99.8574
1	t	19.2667,99.8574 19.2678,99.8574
1	t	19.2678,99.8574 19.2697,99.8572 19.2713,99.8569 19.2715,99.8568
1	t	19.2882,99.8553 19.2893,99.8553
1	t	19.2870,99.8554 19.2882,99.8553
1	t	19.2718,99.8568 19.2738,99.8564 19.2781,99.8557 19.2811,99.8556 19.2825,99.8555 19.2870,99.8554
1	t	19.2983,99.8532 19.2992,99.8530
1	t	19.2974,99.8534 19.2983,99.8532
1	t	19.2992,99.8530 19.3013,99.8525 19.3028,99.8521 19.3042,99.8517 19.3055,99.8509 19.3069,99.8495
1	t	19.2313,99.8630 19.2325,99.8629
1	t	19.2066,99.8713 19.2062,99.8714
1	t	19.2061,99.8712 19.2066,99.8711
1	t	19.2043,99.8716 19.2050,99.8715
1	t	19.2021,99.8723 19.2007,99.8727 19.1994,99.8734 19.1989,99.8738
1	t	19.2021,99.8721 19.2032,99.8718
1	t	19.2008,99.8724 19.2021,99.8721
1	t	19.1968,99.8753 19.1978,99.8744 19.1990,99.8734 19.2003,99.8726
1	t	19.1989,99.8738 19.1976,99.8748 19.1965,99.8759 19.1965,99.8759
1	t	19.1849,99.8934 19.1848,99.8936
1	t	19.1911,99.8846 19.1897,99.8870 19.1887,99.8886 19.1877,99.8901 19.1867,99.8913 19.1852,99.8931 19.1849,99.8934
1	t	19.1910,99.8844 19.1920,99.8828
1	t	19.1920,99.8828 19.1930,99.8812
1	t	19.1922,99.8829 19.1912,99.8844 19.1911,99.8846
1	t	19.1927,99.8820 19.1922,99.8829
1	t	19.1932,99.8812 19.1927,99.8820
1	t	19.1846,99.8934 19.1849,99.8931
1	t	19.1839,99.8942 19.1846,99.8934
1	t	19.1838,99.8944 19.1839,99.8942
1	t	19.1836,99.8946 19.1838,99.8944
1	t	19.1829,99.8954 19.1836,99.8946
1	t	19.1788,99.9001 19.1798,99.8991 19.1821,99.8964 19.1826,99.8958
1	t	19.2062,99.8714 19.2050,99.8717
1	t	19.2169,99.8677 19.2179,99.8673
1	t	19.2160,99.8681 19.2169,99.8677
1	t	19.2066,99.8711 19.2087,99.8707 19.2104,99.8702 19.2160,99.8681
1	t	19.2169,99.8679 19.2161,99.8683
1	t	19.2183,99.8673 19.2170,99.8679 19.2169,99.8679
1	t	19.2250,99.8646 19.2225,99.8657 19.2208,99.8663 19.2191,99.8671 19.2183,99.8673
1	t	19.2035,99.8718 19.2043,99.8716
1	t	19.2032,99.8718 19.2035,99.8718
1	t	19.2050,99.8717 19.2030,99.8721
1	t	19.2050,99.8715 19.2061,99.8712
1	t	19.1839,99.8946 19.1827,99.8960 19.1826,99.8962
1	t	19.1848,99.8936 19.1839,99.8946
1	t	19.2006,99.8725 19.2008,99.8724
1	t	19.2003,99.8726 19.2006,99.8725
1	t	19.2030,99.8721 19.2021,99.8723
1	t	19.1959,99.8764 19.1968,99.8753
1	t	19.1664,99.9106 19.1649,99.9117
1	t	19.1649,99.9117 19.1638,99.9126
1	t	19.1638,99.9126 19.1634,99.9129
1	t	19.1624,99.9137 19.1616,99.9141
1	t	19.1629,99.9133 19.1624,99.9137
1	t	19.1557,99.9135 19.1562,99.9137
1	t	19.1549,99.9132 19.1557,99.9135
1	t	19.1562,99.9137 19.1575,99.9141 19.1591,99.9142 19.1594,99.9142
1	t	19.1504,99.9124 19.1507,99.9124
1	t	19.1475,99.9119 19.1499,99.9123 19.1504,99.9124
1	t	19.1468,99.9118 19.1475,99.9119
1	t	19.1463,99.9117 19.1468,99.9118
1	t	19.1444,99.9115 19.1463,99.9117
1	t	19.1628,99.9131 19.1632,99.9128
1	t	19.1616,99.9139 19.1618,99.9138
1	t	19.1613,99.9140 19.1616,99.9139
1	t	19.1603,99.9142 19.1613,99.9140
1	t	19.1826,99.8958 19.1829,99.8954
1	t	19.1768,99.9021 19.1756,99.9031 19.1751,99.9035
1	t	19.1790,99.9002 19.1784,99.9008
1	t	19.1784,99.9008 19.1768,99.9021
1	t	19.1826,99.8962 19.1816,99.8973
1	t	19.1767,99.9019 19.1780,99.9009 19.1788,99.9001
1	t	19.1753,99.9031 19.1767,99.9019
1	t	19.1700,99.9074 19.1704,99.9070
1	t	19.1704,99.9070 19.1708,99.9067
1	t	19.1708,99.9067 19.1711,99.9065
1	t	19.1712,99.9064 19.1716,99.9061
1	t	19.1712,99.9067 19.1710,99.9068
1	t	19.1729,99.9053 19.1712,99.9067
1	t	19.1731,99.9051 19.1729,99.9053
1	t	19.1751,99.9035 19.1738,99.9045 19.1731,99.9051
1	t	19.1735,99.9045 19.1743,99.9038
1	t	19.1718,99.9059 19.1735,99.9045
1	t	19.1743,99.9038 19.1753,99.9031
	p	19.1709,99.9064 19.1708,99.9063
	p	19.1710,99.9064 19.1711,99.9065
	p	19.1692,99.9043 19.1702,99.9055 19.1708,99.9063
1	t	19.1716,99.9061 19.1718,99.9059
1	t	19.1711,99.9065 19.1712,99.9064
	p	19.1691,99.9041 19.1692,99.9043
	p	19.1692,99.9043 19.1690,99.9042
พย.ถ3-0001	p	19.1689,99.9035 19.1690,99.9039
พย.ถ3-0001	p	19.1688,99.9039 19.1689,99.9035
	p	19.1688,99.9040 19.1688,99.9040
1	t	19.1705,99.9073 19.1698,99.9078
1	t	19.1694,99.9078 19.1700,99.9074
1	t	19.1644,99.9119 19.1653,99.9111
1	t	19.1653,99.9111 19.1663,99.9104
1	t	19.1637,99.9125 19.1644,99.9119
1	t	19.1710,99.9068 19.1705,99.9073
ชร.5023	p	19.9225,99.8620 19.9208,99.8615
ชร.5023	p	19.9223,99.8618 19.9225,99.8619
ชร.5023	p	19.9209,99.8614 19.9223,99.8618
1020	t	19.8400,99.8747 19.8404,99.8741
1020	t	19.8458,99.8667 19.8453,99.8674
1	p	19.8499,99.8097 19.8496,99.8093
1	p	19.8504,99.8102 19.8499,99.8097
11	t	18.7837,99.0267 18.7852,99.0265 18.7859,99.0263
11	t	18.7860,99.0264 18.7842,99.0268 18.7837,99.0269
11	t	18.7814,99.0270 18.7832,99.0268
11	t	18.7832,99.0269 18.7815,99.0271
121	p	18.7910,98.9608 18.7909,98.9608
121	p	18.7910,98.9606 18.7911,98.9606
121	p	18.7899,98.9602 18.7910,98.9606
121	p	18.7909,98.9608 18.7895,98.9603 18.7877,98.9597 18.7859,98.9590 18.7854,98.9588
121	p	18.7911,98.9606 18.7920,98.9609
121	p	18.7921,98.9612 18.7910,98.9608
121	p	18.7826,98.9581 18.7835,98.9581
121	p	18.7835,98.9581 18.7849,98.9584
121	p	18.7847,98.9586 18.7835,98.9584
	p	18.8019,98.9670 18.8017,98.9673
	p	18.8030,98.9649 18.8023,98.9662 18.8019,98.9670
	p	18.8014,98.9676 18.8023,98.9659
11	t	18.8027,98.9686 18.8015,98.9680 18.8014,98.9680
11	t	18.8038,98.9692 18.8032,98.9689
	p	18.8015,98.9677 18.8014,98.9679
	p	18.8017,98.9673 18.8015,98.9677
108	p	18.7690,98.9775 18.7689,98.9773
108	p	18.7689,98.9773 18.7691,98.9774
1141	p	18.7689,98.9773 18.7689,98.9773
1141	p	18.7689,98.9773 18.7691,98.9769
ชม.3029	p	18.7483,98.9477 18.7483,98.9472
ชม.3029	p	18.7483,98.9472 18.7486,98.9457 18.7490,98.9432 18.7491,98.9422
ชม.3029	p	18.7486,98.9465 18.7485,98.9472
ชม.3029	p	18.7494,98.9412 18.7491,98.9431 18.7488,98.9452 18.7486,98.9465
	p	18.7818,98.9774 18.7820,98.9775
	p	18.7810,98.9773 18.7816,98.9774
121	p	18.7963,98.9618 18.7952,98.9622
121	p	18.7938,98.9619 18.7921,98.9612
121	p	18.7940,98.9616 18.7948,98.9619
121	p	18.7953,98.9619 18.7957,98.9618
121	p	18.7920,98.9609 18.7940,98.9616
121	p	18.7957,98.9618 18.7960,98.9617
121	p	18.7948,98.9619 18.7953,98.9619
121	p	18.7952,98.9622 18.7949,98.9622
121	p	18.7949,98.9622 18.7938,98.9619
108	p	18.7464,98.9618 18.7460,98.9615
108	p	18.7492,98.9637 18.7469,98.9621
108	p	18.7433,98.9596 18.7431,98.9595
108	p	18.7431,98.9594 18.7434,98.9595
108	p	18.7425,98.9589 18.7429,98.9592
108	p	18.7429,98.9592 18.7431,98.9594
108	p	18.7423,98.9588 18.7425,98.9589
108	p	18.7428,98.9593 18.7423,98.9589
108	p	18.7431,98.9595 18.7428,98.9593
108	p	18.7434,98.9595 18.7437,98.9597
108	p	18.7440,98.9601 18.7436,98.9598
108	p	18.7436,98.9598 18.7433,98.9596
108	p	18.7442,98.9602 18.7440,98.9601
108	p	18.7460,98.9615 18.7447,98.9606 18.7442,98.9602
108	p	18.7437,98.9597 18.7444,98.9602
108	p	18.7444,98.9602 18.7456,98.9611 18.7464,98.9616
ชม.3029	p	18.7430,98.9598 18.7434,98.9592
108	p	18.7334,98.9527 18.7342,98.9533
121	p	18.8052,98.9599 18.8055,98.9601
121	p	18.8033,98.9593 18.8047,98.9596 18.8052,98.9599
121	p	18.8030,98.9594 18.8033,98.9593
121	p	18.7960,98.9617 18.7999,98.9604 18.8016,98.9598 18.8030,98.9594 18.8030,98.9594
121	p	18.8017,98.9601 18.8004,98.9605 18.7988,98.9610 18.7970,98.9616 18.7963,98.9618
121	p	18.8057,98.9605 18.8055,98.9603
121	p	18.7493,98.9412 18.7486,98.9413
118	p	19.5798,99.4926 19.5781,99.4928 19.5758,99.4930 19.5751,99.4930
121	p	18.7848,98.9586 18.7847,98.9586
121	p	18.7854,98.9588 18.7848,98.9586
121	p	18.7761,98.9526 18.7773,98.9535 18.7784,98.9569 18.7794,98.9580 18.7812,98.9581 18.7826,98.9581
121	p	18.7753,98.9521 18.7761,98.9526
121	p	18.7699,98.9503 18.7723,98.9510 18.7739,98.9514 18.7753,98.9521
121	p	18.7692,98.9501 18.7699,98.9503
121	p	18.7686,98.9498 18.7692,98.9501
121	p	18.7692,98.9503 18.7679,98.9495 18.7666,98.9483 18.7659,98.9477
108	p	18.7219,98.9449 18.7224,98.9452
108	p	18.7224,98.9452 18.7228,98.9455
108	p	18.7228,98.9455 18.7229,98.9456
108	p	18.7229,98.9456 18.7242,98.9464 18.7253,98.9472
108	p	18.7238,98.9463 18.7232,98.9459
108	p	18.7232,98.9459 18.7229,98.9457
121	p	18.7230,98.9442 18.7229,98.9450
121	p	18.7229,98.9450 18.7229,98.9456
108	p	18.7228,98.9456 18.7224,98.9454
121	p	18.7228,98.9468 18.7225,98.9487 18.7225,98.9496
121	p	18.7228,98.9461 18.7228,98.9468
121	p	18.7229,98.9456 18.7229,98.9457
121	p	18.7228,98.9456 18.7228,98.9455
108	p	18.7229,98.9457 18.7228,98.9456
121	p	18.7229,98.9457 18.7228,98.9461
121	p	18.7226,98.9472 18.7227,98.9461
121	p	18.7226,98.9476 18.7226,98.9472
121	p	18.7227,98.9461 18.7228,98.9456
108	p	18.7266,98.9483 18.7263,98.9481
108	p	18.7274,98.9488 18.7267,98.9483
108	p	18.7263,98.9479 18.7267,98.9481
108	p	18.7253,98.9472 18.7263,98.9479
108	p	18.7267,98.9483 18.7266,98.9483
108	p	18.7263,98.9481 18.7251,98.9472 18.7238,98.9463
108	p	18.7267,98.9481 18.7268,98.9482
108	p	18.7268,98.9482 18.7285,98.9494 18.7311,98.9512 18.7326,98.9522 18.7334,98.9527
121	p	18.7400,98.9349 18.7389,98.9332 18.7389,98.9331
121	p	18.7389,98.9331 18.7388,98.9330
121	p	18.7388,98.9330 18.7379,98.9322
121	p	18.7390,98.9328 18.7391,98.9329
121	p	18.7391,98.9329 18.7394,98.9333
1141	p	18.7779,98.9769 18.7784,98.9769
1141	p	18.7786,98.9770 18.7801,98.9772 18.7810,98.9773
11	t	18.7982,99.0206 18.8004,99.0197
11	t	18.7977,99.0208 18.7982,99.0206
11	t	18.7939,99.0224 18.7977,99.0208
11	t	18.8004,99.0197 18.8022,99.0189 18.8035,99.0183
11	t	18.7935,99.0228 18.7928,99.0231
11	t	18.7990,99.0204 18.7963,99.0215 18.7945,99.0223 18.7935,99.0228
11	t	18.8036,99.0184 18.8013,99.0195 18.7990,99.0204
11	t	18.8047,98.9698 18.8041,98.9694
11	t	18.8107,98.9781 18.8107,98.9780
11	t	18.8111,98.9946 18.8113,98.9939
11	t	18.8113,98.9939 18.8118,98.9909
121	p	18.7849,98.9584 18.7866,98.9590 18.7899,98.9602
108	p	18.7538,98.9669 18.7529,98.9663
108	p	18.7529,98.9663 18.7517,98.9655 18.7496,98.9640
108	p	18.7526,98.9659 18.7530,98.9662
108	p	18.7497,98.9639 18.7520,98.9655 18.7526,98.9659
108	p	18.7493,98.9636 18.7497,98.9639
108	p	18.7489,98.9633 18.7493,98.9636
ชม.3029	p	18.7458,98.9803 18.7460,98.9808
ชม.3029	p	18.7461,98.9827 18.7461,98.9826
ชม.3029	p	18.7459,98.9808 18.7456,98.9803
ชม.3029	p	18.7509,99.0276 18.7507,99.0269
ชม.3029	p	18.7520,99.0304 18.7515,99.0289
ชม.3029	p	18.7508,99.0268 18.7513,99.0281
ชม.3029	p	18.7515,99.0287 18.7520,99.0301
ชม.3029	p	18.7488,99.0215 18.7492,99.0226
ชม.3029	p	18.7451,98.9884 18.7449,98.9896
ชม.3029	p	18.7455,98.9866 18.7452,98.9876
ชม.3029	p	18.7451,98.9876 18.7453,98.9865
ชม.3029	p	18.7447,98.9895 18.7449,98.9884
121	p	18.7228,98.9447 18.7229,98.9439
121	p	18.7228,98.9455 18.7228,98.9447
121	p	18.7223,98.9509 18.7222,98.9522
121	p	18.7220,98.9538 18.7221,98.9522
121	p	18.7221,98.9522 18.7222,98.9502 18.7224,98.9486 18.7226,98.9476
121	p	18.7211,98.9602 18.7210,98.9612
121	p	18.7222,98.9522 18.7221,98.9539 18.7220,98.9553 18.7217,98.9572 18.7213,98.9592
121	p	18.7210,98.9601 18.7212,98.9592
121	p	18.7212,98.9592 18.7215,98.9573 18.7218,98.9556 18.7220,98.9538
108	p	18.7689,98.9773 18.7684,98.9771
121	p	18.7200,98.9887 18.7200,98.9923
121	p	18.7200,98.9932 18.7200,98.9943
121	p	18.7200,98.9923 18.7200,98.9932
121	p	18.7199,98.9816 18.7199,98.9850
121	p	18.7197,98.9816 18.7197,98.9806
121	p	18.7199,98.9795 18.7199,98.9806
121	p	18.7197,98.9806 18.7197,98.9795
121	p	18.7199,98.9806 18.7199,98.9816
121	p	18.7198,98.9766 18.7198,98.9780
121	p	18.7198,98.9754 18.7198,98.9766
121	p	18.7197,98.9766 18.7196,98.9754
121	p	18.7198,98.9780 18.7199,98.9795
121	p	18.7197,98.9783 18.7197,98.9766
121	p	18.7197,98.9795 18.7197,98.9783
121	p	18.7198,98.9931 18.7198,98.9923
121	p	18.7198,98.9938 18.7198,98.9931
121	p	18.7198,98.9948 18.7198,98.9938
121	p	18.7199,98.9958 18.7198,98.9948
121	p	18.7200,98.9943 18.7200,98.9949
121	p	18.7200,98.9958 18.7200,98.9970
121	p	18.7200,98.9949 18.7200,98.9958
121	p	18.7199,98.9971 18.7199,98.9958
121	p	18.7198,98.9923 18.7198,98.9887
108	p	18.7658,98.9752 18.7653,98.9749
108	p	18.7684,98.9771 18.7671,98.9762
108	p	18.7649,98.9744 18.7654,98.9748
108	p	18.7654,98.9748 18.7668,98.9758 18.7671,98.9760
108	p	18.7624,98.9729 18.7619,98.9726
108	p	18.7653,98.9749 18.7642,98.9741 18.7624,98.9729
108	p	18.7615,98.9721 18.7620,98.9725
108	p	18.7530,98.9662 18.7543,98.9671 18.7558,98.9682 18.7570,98.9690 18.7582,98.9698 18.7593,98.9706 18.7595,98.9707
121	p	18.7213,98.9592 18.7211,98.9602
121	p	18.7207,98.9616 18.7210,98.9601
121	p	18.7196,98.9690 18.7197,98.9679
121	p	18.7199,98.9679 18.7198,98.9690
121	p	18.7198,98.9703 18.7198,98.9720 18.7198,98.9743 18.7198,98.9754
121	p	18.7198,98.9690 18.7198,98.9703
121	p	18.7196,98.9703 18.7196,98.9690
121	p	18.7196,98.9754 18.7196,98.9731 18.7196,98.9703
1141	p	18.7710,98.9760 18.7708,98.9760
1141	p	18.7712,98.9761 18.7710,98.9760
1141	p	18.7708,98.9760 18.7701,98.9760
1141	p	18.7768,98.9768 18.7761,98.9767
1141	p	18.7784,98.9771 18.7768,98.9768
1141	p	18.7790,98.9771 18.7784,98.9771
1141	p	18.7792,98.9772 18.7790,98.9771
1141	p	18.7756,98.9767 18.7743,98.9765
	p	18.7814,98.9780 18.7813,98.9778
1141	p	18.7745,98.9764 18.7758,98.9765
1141	p	18.7742,98.9763 18.7745,98.9764
1141	p	18.7734,98.9762 18.7742,98.9763
1141	p	18.7784,98.9769 18.7786,98.9770
121	p	18.7244,98.9277 18.7244,98.9274
121	p	18.7243,98.9285 18.7244,98.9277
121	p	18.7246,98.9269 18.7263,98.9266 18.7282,98.9262 18.7292,98.9263
121	p	18.7245,98.9269 18.7246,98.9269
121	p	18.7474,98.9412 18.7477,98.9412
121	p	18.7425,98.9384 18.7428,98.9389
121	p	18.7405,98.9352 18.7418,98.9373 18.7422,98.9380
121	p	18.7397,98.9340 18.7405,98.9352 18.7405,98.9352
121	p	18.7394,98.9333 18.7397,98.9340
121	p	18.7382,98.9321 18.7385,98.9323
121	p	18.7272,98.9265 18.7276,98.9264
121	p	18.7218,99.0068 18.7215,99.0060
121	p	18.7219,99.0067 18.7223,99.0077
121	p	18.7223,99.0077 18.7232,99.0098 18.7241,99.0117
121	p	18.7220,99.0073 18.7218,99.0068
121	p	18.7225,99.0084 18.7220,99.0073
121	p	18.7257,99.0157 18.7249,99.0140 18.7243,99.0126 18.7237,99.0111 18.7229,99.0094 18.7225,99.0084
121	p	18.7265,99.0175 18.7259,99.0162
121	p	18.7259,99.0162 18.7257,99.0157
121	p	18.7216,99.0059 18.7219,99.0067
121	p	18.7235,98.9387 18.7234,98.9398
121	p	18.7232,98.9409 18.7233,98.9398
121	p	18.7234,98.9398 18.7230,98.9442
121	p	18.7229,98.9439 18.7231,98.9415 18.7232,98.9409
108	p	18.6969,98.9277 18.6977,98.9282
108	p	18.6943,98.9257 18.6934,98.9249
108	p	18.7049,98.9334 18.7041,98.9328
108	p	18.7090,98.9362 18.7078,98.9354 18.7061,98.9342 18.7049,98.9334
108	p	18.7034,98.9322 18.7042,98.9327
108	p	18.6977,98.9282 18.7018,98.9311 18.7034,98.9322
108	p	18.6986,98.9290 18.6977,98.9283
108	p	18.7112,98.9377 18.7111,98.9376
108	p	18.7111,98.9376 18.7092,98.9363
108	p	18.7112,98.9375 18.7113,98.9376
108	p	18.7091,98.9361 18.7103,98.9369 18.7112,98.9375
108	p	18.6915,98.9231 18.6926,98.9240
108	p	18.6926,98.9240 18.6935,98.9248
108	p	18.6934,98.9249 18.6915,98.9232
121	p	18.7475,98.9415 18.7472,98.9415
108	p	18.7134,98.9392 18.7130,98.9389
108	p	18.7147,98.9401 18.7134,98.9392
108	p	18.7130,98.9389 18.7112,98.9377 18.7112,98.9377
1141	p	18.7691,98.9768 18.7696,98.9761
ชม.3035	p	18.7119,98.9245 18.7120,98.9245
121	p	18.7472,98.9415 18.7467,98.9416
121	p	18.7461,98.9413 18.7474,98.9412
ชม.3029	p	18.7491,98.9422 18.7493,98.9412
121	p	18.7494,98.9412 18.7493,98.9412
121	p	18.7509,98.9410 18.7504,98.9411
121	p	18.7499,98.9411 18.7494,98.9412
121	p	18.7494,98.9409 18.7502,98.9408
121	p	18.7493,98.9409 18.7494,98.9409
121	p	18.7477,98.9412 18.7490,98.9410
121	p	18.7252,98.9272 18.7249,98.9273
121	p	18.7249,98.9273 18.7245,98.9274
121	p	18.7504,98.9411 18.7499,98.9411
121	p	18.7695,98.9504 18.7692,98.9503
121	p	18.7749,98.9521 18.7730,98.9514 18.7695,98.9504
121	p	18.7756,98.9526 18.7749,98.9521
121	p	18.7421,98.9382 18.7411,98.9367 18.7403,98.9354 18.7400,98.9349
121	p	18.7427,98.9392 18.7421,98.9382
121	p	18.7480,98.9414 18.7475,98.9415
121	p	18.7424,98.9382 18.7425,98.9384
121	p	18.7422,98.9380 18.7424,98.9382
108	p	18.7619,98.9726 18.7598,98.9711 18.7595,98.9709
108	p	18.7595,98.9707 18.7596,98.9708
108	p	18.7596,98.9708 18.7611,98.9718 18.7615,98.9721
108	p	18.7595,98.9709 18.7594,98.9709
ชม.3029	p	18.7571,99.0370 18.7549,99.0365
ชม.3029	p	18.7605,99.0379 18.7626,99.0386
ชม.3029	p	18.7551,99.0362 18.7570,99.0368 18.7571,99.0368
ชม.3029	p	18.7524,99.0317 18.7520,99.0304
ชม.3029	p	18.7625,99.0387 18.7607,99.0381 18.7584,99.0374 18.7571,99.0370
ชม.3029	p	18.7571,99.0368 18.7586,99.0374 18.7602,99.0378 18.7605,99.0379
108	p	18.7678,98.9765 18.7685,98.9770
108	p	18.7685,98.9770 18.7689,98.9773
ชม.3029	p	18.7482,99.0207 18.7481,99.0204
ชม.3029	p	18.7485,99.0215 18.7485,99.0214
ชม.3029	p	18.7485,99.0214 18.7482,99.0207
1141	p	18.7738,98.9764 18.7731,98.9763
ชม.3029	p	18.7440,99.0116 18.7440,99.0114
ชม.3029	p	18.7442,99.0134 18.7440,99.0116
ชม.3029	p	18.7441,99.0114 18.7442,99.0116
ชม.3029	p	18.7442,99.0116 18.7443,99.0134
107	p	18.8182,98.9817 18.8173,98.9820
107	p	18.8168,98.9822 18.8151,98.9830 18.8133,98.9836 18.8126,98.9839
116	p	18.4714,98.9553 18.4703,98.9596 18.4694,98.9643 18.4691,98.9658 18.4690,98.9673 18.4693,98.9688 18.4700,98.9704 18.4711,98.9718 18.4735,98.9738 18.4746,98.9746 18.4780,98.9774 18.4795,98.9787 18.4811,98.9800 18.4824,98.9810 18.4856,98.9836 18.4869,98.9847 18.4929,98.9896 18.4966,98.9925 18.4977,98.9935 18.4990,98.9945 18.5003,98.9956 18.5022,98.9971 18.5039,98.9985 18.5051,98.9995 18.5066,99.0007 18.5082,99.0020 18.5087,99.0024
106	p	18.4629,98.9181 18.4615,98.9169 18.4582,98.9137 18.4573,98.9124 18.4569,98.9110 18.4563,98.9088 18.4557,98.9058 18.4548,98.9016 18.4545,98.8997 18.4541,98.8980 18.4538,98.8964 18.4534,98.8943 18.4530,98.8930 18.4499,98.8906 18.4484,98.8895 18.4473,98.8884 18.4466,98.8868 18.4455,98.8845 18.4445,98.8824 18.4438,98.8811 18.4428,98.8798 18.4399,98.8777 18.4389,98.8766 18.4379,98.8751 18.4354,98.8724 18.4336,98.8705 18.4327,98.8696
106	p	18.5043,98.9425 18.5032,98.9415 18.5017,98.9415 18.5005,98.9426 18.4991,98.9426 18.4976,98.9423 18.4963,98.9414 18.4944,98.9411 18.4930,98.9408 18.4914,98.9402 18.4899,98.9393 18.4884,98.9387 18.4877,98.9385
106	p	18.5436,98.9665 18.5436,98.9646 18.5434,98.9623 18.5429,98.9607 18.5428,98.9590 18.5424,98.9574 18.5419,98.9556 18.5416,98.9538 18.5409,98.9516 18.5403,98.9488 18.5403,98.9483
106	p	18.5403,98.9483 18.5406,98.9469 18.5412,98.9442 18.5416,98.9426 18.5426,98.9415 18.5434,98.9401 18.5423,98.9392
121	p	18.8669,98.9663 18.8669,98.9653
121	p	18.8669,98.9653 18.8670,98.9643
121	p	18.8670,98.9641 18.8670,98.9639
121	p	18.8671,98.9639 18.8671,98.9641
121	p	18.8671,98.9627 18.8671,98.9632
11	t	18.8111,98.9959 18.8110,98.9960
11	t	18.8117,98.9924 18.8115,98.9935
121	p	18.8671,98.9643 18.8671,98.9645
121	p	18.8671,98.9632 18.8671,98.9639
121	p	18.8669,98.9694 18.8668,98.9723
121	p	18.8477,99.0128 18.8481,99.0121
121	p	18.8481,99.0128 18.8474,99.0137
121	p	18.8474,99.0137 18.8474,99.0138
121	p	18.8463,99.0150 18.8469,99.0141
121	p	18.8474,99.0138 18.8472,99.0141
121	p	18.8472,99.0135 18.8477,99.0128
121	p	18.8470,99.0138 18.8471,99.0137
121	p	18.8469,99.0141 18.8470,99.0138
11	t	18.8103,99.0009 18.8102,99.0023
11	t	18.8104,98.9997 18.8103,99.0009
11	t	18.8115,98.9935 18.8111,98.9959
11	t	18.8120,98.9909 18.8117,98.9924
107	p	18.8714,98.9632 18.8734,98.9628
107	p	18.8752,98.9625 18.8756,98.9624
107	p	18.8704,98.9634 18.8714,98.9632
	p	18.8003,98.9860 18.8004,98.9860
	p	18.7985,98.9862 18.7985,98.9862
	p	18.7973,98.9863 18.7974,98.9863
121	p	18.8670,98.9639 18.8670,98.9625
1141	p	18.7761,98.9767 18.7756,98.9767
	p	18.7816,98.9774 18.7818,98.9774
1141	p	18.7743,98.9765 18.7738,98.9764
1141	p	18.7693,98.9770 18.7691,98.9774
1141	p	18.7696,98.9764 18.7693,98.9770
1141	p	18.7701,98.9760 18.7696,98.9764
	p	18.8014,98.9679 18.8014,98.9680
	p	18.7977,98.9863 18.7984,98.9862
11	t	18.8092,98.9749 18.8089,98.9743
11	t	18.8107,98.9780 18.8098,98.9760 18.8092,98.9749
121	p	18.8389,98.9647 18.8397,98.9649
121	p	18.8302,98.9636 18.8317,98.9633 18.8346,98.9637 18.8358,98.9640
121	p	18.8376,98.9646 18.8367,98.9644
121	p	18.8367,98.9644 18.8353,98.9640 18.8322,98.9635 18.8309,98.9637
1365	p	18.8421,98.9716 18.8423,98.9719
1365	p	18.8425,98.9727 18.8426,98.9728
1365	p	18.8420,98.9713 18.8421,98.9716
1365	p	18.8420,98.9711 18.8420,98.9713
1365	p	18.8419,98.9710 18.8420,98.9711
1365	p	18.8412,98.9690 18.8416,98.9700
1365	p	18.8409,98.9681 18.8412,98.9690
1365	p	18.8407,98.9674 18.8409,98.9681
1365	p	18.8416,98.9700 18.8419,98.9710
1365	p	18.8405,98.9670 18.8407,98.9674
121	p	18.8400,98.9651 18.8398,98.9651
121	p	18.8405,98.9652 18.8400,98.9651
121	p	18.8398,98.9651 18.8376,98.9646
1365	p	18.8397,98.9651 18.8397,98.9649
1365	p	18.8400,98.9658 18.8397,98.9651
107	p	18.8408,98.9735 18.8402,98.9738
107	p	18.8412,98.9734 18.8408,98.9735
107	p	18.8419,98.9731 18.8412,98.9734
107	p	18.8426,98.9728 18.8424,98.9729
107	p	18.8422,98.9728 18.8425,98.9727
107	p	18.8416,98.9730 18.8422,98.9728
107	p	18.8427,98.9726 18.8434,98.9723
107	p	18.8425,98.9727 18.8427,98.9726
1365	p	18.8425,98.9724 18.8425,98.9727
107	p	18.8397,98.9740 18.8393,98.9742
107	p	18.8402,98.9738 18.8397,98.9740
107	p	18.8400,98.9737 18.8416,98.9730
107	p	18.8395,98.9739 18.8400,98.9737
11	t	18.8109,98.9958 18.8111,98.9946
11	t	18.8109,98.9960 18.8109,98.9958
ชม.3029	p	18.8428,98.9824 18.8425,98.9817
ชม.3029	p	18.8429,98.9827 18.8428,98.9824
ชม.3029	p	18.8429,98.9827 18.8429,98.9827
ชม.3029	p	18.8431,98.9826 18.8431,98.9827
ชม.3029	p	18.8429,98.9823 18.8431,98.9826
ชม.3029	p	18.8426,98.9816 18.8429,98.9823
ชม.3029	p	18.8405,98.9770 18.8406,98.9776
	p	18.8013,98.9678 18.8014,98.9677
107	p	18.9077,98.9479 18.9081,98.9478
107	p	18.9081,98.9479 18.9078,98.9480
107	p	18.9077,98.9480 18.9064,98.9485
107	p	18.9075,98.9480 18.9077,98.9479
107	p	18.9062,98.9485 18.9064,98.9484
107	p	18.9064,98.9485 18.9062,98.9486
107	p	18.9114,98.9465 18.9099,98.9471 18.9084,98.9477 18.9081,98.9479
107	p	18.9064,98.9484 18.9075,98.9480
107	p	18.8631,98.9655 18.8618,98.9659 18.8603,98.9664 18.8583,98.9670
107	p	18.8635,98.9653 18.8631,98.9655
107	p	18.8631,98.9653 18.8635,98.9652
107	p	18.8604,98.9662 18.8618,98.9658 18.8631,98.9653
	p	18.8040,98.9631 18.8039,98.9632
	p	18.8055,98.9603 18.8040,98.9631
	p	18.8038,98.9632 18.8039,98.9630
	p	18.8030,98.9647 18.8038,98.9632
	p	18.8029,98.9649 18.8030,98.9647
	p	18.8031,98.9648 18.8030,98.9649
	p	18.8039,98.9630 18.8047,98.9616 18.8054,98.9603
	p	18.8039,98.9632 18.8031,98.9648
121	p	18.8194,98.9638 18.8202,98.9642
121	p	18.8191,98.9636 18.8194,98.9638
121	p	18.8163,98.9631 18.8176,98.9630 18.8191,98.9636
121	p	18.8158,98.9631 18.8163,98.9631
121	p	18.8153,98.9632 18.8158,98.9631
121	p	18.8148,98.9633 18.8153,98.9632
121	p	18.8127,98.9634 18.8141,98.9633 18.8148,98.9633
121	p	18.8117,98.9634 18.8116,98.9634
121	p	18.8157,98.9633 18.8142,98.9634 18.8127,98.9635 18.8117,98.9634
107	p	18.8173,98.9819 18.8176,98.9818
107	p	18.8163,98.9823 18.8173,98.9819
107	p	18.8159,98.9825 18.8163,98.9823
107	p	18.8126,98.9837 18.8145,98.9830 18.8159,98.9825
121	p	18.8207,98.9647 18.8202,98.9643
121	p	18.8229,98.9654 18.8214,98.9650 18.8207,98.9647
121	p	18.8235,98.9655 18.8229,98.9654
121	p	18.8229,98.9653 18.8235,98.9654
121	p	18.8221,98.9652 18.8229,98.9653
121	p	18.8202,98.9642 18.8215,98.9650 18.8221,98.9652
121	p	18.8117,98.9631 18.8123,98.9632
121	p	18.8169,98.9631 18.8162,98.9632
121	p	18.8026,98.9598 18.8017,98.9601
121	p	18.8033,98.9595 18.8026,98.9598
121	p	18.8064,98.9612 18.8057,98.9605
121	p	18.8162,98.9632 18.8157,98.9633
121	p	18.8520,98.9619 18.8499,98.9612
121	p	18.8499,98.9612 18.8474,98.9599 18.8456,98.9600 18.8444,98.9614 18.8440,98.9622
107	p	18.8719,98.9633 18.8714,98.9633
107	p	18.8731,98.9630 18.8725,98.9631
107	p	18.8742,98.9628 18.8731,98.9630
107	p	18.8753,98.9625 18.8742,98.9628
107	p	18.8757,98.9625 18.8753,98.9625
107	p	18.8725,98.9631 18.8719,98.9633
107	p	18.8734,98.9628 18.8742,98.9626
107	p	18.8742,98.9626 18.8752,98.9625
107	p	18.8391,98.9741 18.8395,98.9739
107	p	18.8372,98.9748 18.8378,98.9746
107	p	18.8360,98.9753 18.8372,98.9748
107	p	18.8360,98.9754 18.8359,98.9755
107	p	18.8393,98.9742 18.8378,98.9747 18.8365,98.9752 18.8360,98.9754
107	p	18.8358,98.9754 18.8360,98.9753
107	p	18.8378,98.9746 18.8391,98.9741
107	p	18.8433,98.9725 18.8426,98.9728
107	p	18.8446,98.9720 18.8440,98.9722
107	p	18.8465,98.9712 18.8446,98.9720
107	p	18.8471,98.9710 18.8467,98.9711
107	p	18.8477,98.9707 18.8471,98.9710
107	p	18.8583,98.9670 18.8566,98.9675 18.8538,98.9685 18.8524,98.9689 18.8519,98.9691
107	p	18.8516,98.9693 18.8502,98.9698
107	p	18.8597,98.9664 18.8604,98.9662
107	p	18.8583,98.9669 18.8597,98.9664
107	p	18.8464,98.9711 18.8466,98.9710
107	p	18.8466,98.9710 18.8469,98.9709
107	p	18.8467,98.9711 18.8465,98.9712
107	p	18.8440,98.9722 18.8433,98.9725
107	p	18.8469,98.9709 18.8471,98.9708
107	p	18.8463,98.9711 18.8464,98.9711
107	p	18.8440,98.9721 18.8453,98.9715 18.8463,98.9711
11	t	18.8072,98.9719 18.8075,98.9722
11	t	18.8053,98.9701 18.8068,98.9714 18.8072,98.9719
ชม.3029	p	18.8459,98.9883 18.8464,98.9897 18.8466,98.9912 18.8464,98.9926 18.8458,98.9939 18.8448,98.9950 18.8436,98.9960 18.8420,98.9974 18.8409,98.9984 18.8404,98.9988
	p	18.8101,98.9848 18.8099,98.9848
	p	18.8116,98.9842 18.8101,98.9848
	p	18.8098,98.9848 18.8115,98.9842 18.8116,98.9841
	p	18.8096,98.9848 18.8098,98.9848
ชม.3029	p	18.8421,98.9719 18.8419,98.9714
ชม.3029	p	18.8419,98.9714 18.8418,98.9710
121	p	18.8434,98.9628 18.8437,98.9624
121	p	18.8431,98.9633 18.8434,98.9628
121	p	18.8397,98.9649 18.8412,98.9652 18.8425,98.9642 18.8431,98.9633
121	p	18.8440,98.9622 18.8436,98.9627
121	p	18.8436,98.9627 18.8426,98.9643 18.8417,98.9654 18.8405,98.9652
121	p	18.8358,98.9640 18.8367,98.9642
121	p	18.8367,98.9642 18.8389,98.9647
121	p	18.8309,98.9637 18.8303,98.9638
121	p	18.8303,98.9638 18.8287,98.9641 18.8277,98.9648
121	p	18.8296,98.9638 18.8302,98.9636
121	p	18.8235,98.9654 18.8257,98.9657 18.8283,98.9642 18.8296,98.9638
107	p	18.8519,98.9691 18.8516,98.9693
	p	18.8040,98.9855 18.8053,98.9853
	p	18.8053,98.9854 18.8040,98.9855
107	p	18.8117,98.9842 18.8116,98.9842
107	p	18.8116,98.9841 18.8117,98.9841
121	p	18.8112,98.9633 18.8099,98.9631
107	p	18.8126,98.9839 18.8121,98.9841
11	t	18.8103,98.9768 18.8107,98.9777
121	p	18.8088,98.9626 18.8093,98.9627
121	p	18.8087,98.9629 18.8081,98.9628
121	p	18.8081,98.9625 18.8088,98.9626
121	p	18.8092,98.9630 18.8087,98.9629
121	p	18.8099,98.9631 18.8092,98.9630
1141	p	18.7810,98.9775 18.7792,98.9772
11	t	18.8055,98.9705 18.8047,98.9698
11	t	18.8039,98.9692 18.8041,98.9692
11	t	18.8028,98.9685 18.8039,98.9692
11	t	18.8041,98.9694 18.8038,98.9692
121	p	18.8056,99.0605 18.8052,99.0607
121	p	18.8011,99.0630 18.8028,99.0620
11	t	18.8051,98.9700 18.8053,98.9701
11	t	18.8041,98.9692 18.8051,98.9700
118	p	18.8293,99.0514 18.8305,99.0530 18.8315,99.0542
118	p	18.8277,99.0498 18.8274,99.0494
118	p	18.8359,99.0615 18.8349,99.0600 18.8341,99.0587 18.8333,99.0573 18.8325,99.0560 18.8316,99.0546 18.8315,99.0544
118	p	18.8289,99.0510 18.8293,99.0514
118	p	18.8315,99.0544 18.8313,99.0542
118	p	18.8313,99.0542 18.8296,99.0521
118	p	18.8315,99.0542 18.8316,99.0544
118	p	18.8316,99.0544 18.8330,99.0566 18.8338,99.0579 18.8351,99.0599
118	p	18.8351,99.0599 18.8360,99.0614 18.8368,99.0627 18.8377,99.0642 18.8385,99.0655 18.8393,99.0667 18.8402,99.0683 18.8408,99.0692
118	p	18.8296,99.0521 18.8277,99.0498
118	p	18.8406,99.0692 18.8399,99.0679 18.8387,99.0661 18.8380,99.0649 18.8368,99.0629 18.8360,99.0617 18.8359,99.0615
107	p	18.8173,98.9820 18.8168,98.9822
107	p	18.8121,98.9840 18.8126,98.9837
118	p	18.8043,99.0188 18.8052,99.0201 18.8059,99.0210
118	p	18.8063,99.0216 18.8077,99.0236
118	p	18.8067,99.0224 18.8062,99.0217
118	p	18.8076,99.0237 18.8067,99.0224
118	p	18.8047,99.0196 18.8042,99.0189
118	p	18.8062,99.0217 18.8053,99.0205 18.8047,99.0196
118	p	18.8059,99.0210 18.8063,99.0216
118	p	18.8094,99.0260 18.8097,99.0264
118	p	18.8091,99.0255 18.8094,99.0260
118	p	18.8079,99.0239 18.8087,99.0250 18.8091,99.0255
118	p	18.8092,99.0260 18.8089,99.0255
118	p	18.8089,99.0255 18.8078,99.0240
118	p	18.8097,99.0268 18.8094,99.0263
118	p	18.8100,99.0272 18.8097,99.0268
118	p	18.8094,99.0263 18.8092,99.0260
118	p	18.8160,99.0351 18.8150,99.0337
118	p	18.8257,99.0466 18.8245,99.0457 18.8244,99.0456
118	p	18.8151,99.0336 18.8161,99.0349
	p	18.8188,99.0384 18.8200,99.0399
11	t	18.8075,98.9722 18.8079,98.9727
1	t	17.4084,99.1496 17.4101,99.1503 17.4115,99.1514 17.4131,99.1528 17.4164,99.1556 17.4178,99.1565 17.4192,99.1571 17.4206,99.1572 17.4209,99.1572
1	t	17.4080,99.1498 17.4061,99.1494 17.4032,99.1495
1	t	17.4082,99.1499 17.4080,99.1498
1	t	17.4212,99.1572 17.4280,99.1578
1	t	17.4209,99.1572 17.4212,99.1572
1	t	17.4212,99.1575 17.4210,99.1575
1	t	17.4210,99.1575 17.4192,99.1573 17.4176,99.1567 17.4163,99.1558 17.4113,99.1515 17.4100,99.1506 17.4082,99.1499
1	t	17.4279,99.1580 17.4215,99.1575 17.4212,99.1575
1	t	17.4280,99.1578 17.4380,99.1586 17.4400,99.1588 17.4402,99.1588
1	t	17.3542,99.1490 17.3602,99.1473 17.3615,99.1470 17.3634,99.1466 17.3655,99.1469
1	t	17.3542,99.1492 17.3527,99.1496 17.3513,99.1497 17.3482,99.1497
1	t	17.3679,99.1475 17.3737,99.1489 17.3760,99.1491 17.3778,99.1488 17.3803,99.1481 17.3819,99.1478 17.3834,99.1478 17.3854,99.1480 17.3987,99.1494 17.4006,99.1494 17.4019,99.1493
1	t	17.3679,99.1477 17.3662,99.1473 17.3657,99.1471
1	t	17.4032,99.1492 17.4058,99.1492 17.4076,99.1494 17.4081,99.1495
1	t	17.4032,99.1495 17.4008,99.1496 17.3991,99.1496 17.3945,99.1492 17.3833,99.1480 17.3819,99.1481 17.3802,99.1484 17.3779,99.1491 17.3758,99.1493 17.3736,99.1491 17.3679,99.1477
1	t	17.4019,99.1493 17.4032,99.1492
1	t	17.4081,99.1495 17.4084,99.1496
1	t	17.4402,99.1590 17.4279,99.1580
1	t	17.4402,99.1588 17.4424,99.1590 17.4441,99.1591 17.4461,99.1593 17.4484,99.1594 17.4498,99.1595
1	t	17.4510,99.1598 17.4475,99.1596 17.4461,99.1595 17.4447,99.1593 17.4425,99.1592 17.4402,99.1590
1	t	17.4510,99.1596 17.4534,99.1598 17.4650,99.1607 17.4687,99.1610 17.4708,99.1614 17.4739,99.1623
1	t	17.4498,99.1595 17.4510,99.1596
1	t	17.5149,99.1843 17.5146,99.1842
1	t	17.5146,99.1841 17.5149,99.1841
1	t	17.5149,99.1841 17.5166,99.1843 17.5186,99.1850
1	t	17.5198,99.1855 17.5216,99.1863 17.5249,99.1878 17.5264,99.1885 17.5290,99.1896 17.5300,99.1901
1	t	17.5197,99.1857 17.5178,99.1848 17.5149,99.1843
1	t	17.5186,99.1850 17.5198,99.1855
1	t	17.5300,99.1901 17.5312,99.1907
1	t	17.5312,99.1907 17.5325,99.1912 17.5341,99.1919 17.5365,99.1930 17.5379,99.1936
1	t	17.5312,99.1908 17.5272,99.1890 17.5258,99.1884 17.5214,99.1864 17.5197,99.1857
1	t	17.5379,99.1936 17.5380,99.1937
1	t	17.5380,99.1937 17.5425,99.1957 17.5447,99.1966
1	t	17.5379,99.1938 17.5378,99.1937
1	t	17.5378,99.1937 17.5340,99.1920 17.5327,99.1915 17.5312,99.1908 17.5312,99.1908
1	t	17.5447,99.1966 17.5459,99.1972 17.5489,99.1986
1	t	17.5446,99.1968 17.5392,99.1944 17.5379,99.1938
1	t	17.4739,99.1623 17.4752,99.1627
1	t	17.4752,99.1627 17.4790,99.1639 17.4887,99.1670 17.4899,99.1677 17.4993,99.1750 17.4997,99.1753
1	t	17.4751,99.1629 17.4708,99.1616 17.4687,99.1612 17.4650,99.1609 17.4510,99.1598
1	t	17.4997,99.1753 17.5006,99.1760
1	t	17.5006,99.1760 17.5032,99.1780 17.5056,99.1799 17.5078,99.1816 17.5096,99.1829 17.5111,99.1836 17.5143,99.1840 17.5146,99.1841
1	t	17.5005,99.1762 17.4992,99.1752 17.4907,99.1686 17.4892,99.1675 17.4836,99.1656 17.4808,99.1647 17.4751,99.1629
1	t	17.5146,99.1842 17.5126,99.1840 17.5113,99.1839 17.5098,99.1833 17.5085,99.1823 17.5072,99.1813 17.5030,99.1781 17.5005,99.1762
1	t	17.5836,99.2163 17.5838,99.2166
1	t	17.5838,99.2166 17.5846,99.2178 17.5860,99.2192 17.5877,99.2200 17.5895,99.2205 17.5945,99.2220 17.5975,99.2231 17.6004,99.2243 17.6048,99.2261 17.6067,99.2269 17.6111,99.2287 17.6127,99.2294
1	t	17.5836,99.2167 17.5835,99.2164
1	t	17.5835,99.2164 17.5796,99.2106 17.5776,99.2076 17.5765,99.2059
1	t	17.6288,99.2382 17.6305,99.2385
1	t	17.6210,99.2357 17.6194,99.2344 17.6169,99.2322 17.6158,99.2313 17.6140,99.2301 17.6128,99.2296
1	t	17.6211,99.2355 17.6224,99.2364 17.6244,99.2372 17.6264,99.2377 17.6281,99.2381 17.6283,99.2382
1	t	17.6330,99.2387 17.6363,99.2391 17.6373,99.2392
1	t	17.6283,99.2382 17.6288,99.2382
1	t	17.7247,99.2293 17.7249,99.2293
1	t	17.7359,99.2332 17.7378,99.2335 17.7393,99.2333 17.7412,99.2320
1	t	17.7412,99.2320 17.7413,99.2319
1	t	17.7179,99.2290 17.7115,99.2295 17.7102,99.2296 17.7086,99.2300 17.7021,99.2319
1	t	17.7414,99.2321 17.7413,99.2322
1	t	17.7020,99.2318 17.7086,99.2298 17.7101,99.2294 17.7140,99.2291 17.7170,99.2289 17.7179,99.2288
1	t	17.7413,99.2322 17.7400,99.2331 17.7385,99.2337 17.7371,99.2336 17.7359,99.2334
1	t	17.7508,99.2341 17.7506,99.2341
1	t	17.6950,99.2328 17.6963,99.2331 17.7003,99.2323 17.7020,99.2318
1	t	17.7359,99.2334 17.7341,99.2330 17.7328,99.2326 17.7315,99.2320 17.7302,99.2314 17.7290,99.2308 17.7277,99.2302 17.7262,99.2298 17.7249,99.2295
1	t	17.7506,99.2341 17.7492,99.2336 17.7469,99.2316 17.7453,99.2307 17.7435,99.2307 17.7414,99.2321
1	t	17.6769,99.2426 17.6700,99.2451 17.6683,99.2452 17.6660,99.2447 17.6647,99.2446 17.6632,99.2449 17.6620,99.2458 17.6609,99.2472 17.6600,99.2483 17.6590,99.2496 17.6577,99.2505 17.6562,99.2510 17.6546,99.2511 17.6532,99.2508 17.6517,99.2499 17.6503,99.2484 17.6493,99.2467 17.6482,99.2449 17.6471,99.2436 17.6460,99.2429
1	t	17.6947,99.2328 17.6950,99.2328
1	t	17.7249,99.2295 17.7248,99.2295
1	t	17.7509,99.2339 17.7523,99.2345 17.7544,99.2368 17.7568,99.2399 17.7580,99.2410 17.7597,99.2418 17.7619,99.2424 17.7635,99.2429 17.7650,99.2439 17.7677,99.2471 17.7690,99.2479 17.7710,99.2485 17.7754,99.2497 17.7766,99.2503 17.7791,99.2532 17.7813,99.2561 17.7835,99.2588 17.7845,99.2598 17.7907,99.2626
1	t	17.7248,99.2295 17.7223,99.2290 17.7207,99.2289 17.7179,99.2290
1	t	17.7179,99.2288 17.7198,99.2287 17.7214,99.2287 17.7236,99.2291 17.7247,99.2293
1	t	17.6949,99.2331 17.6946,99.2330
1	t	17.7507,99.2339 17.7509,99.2339
1	t	17.6946,99.2330 17.6932,99.2327 17.6918,99.2328 17.6904,99.2336 17.6884,99.2367 17.6876,99.2379 17.6864,99.2390 17.6836,99.2401 17.6769,99.2426
1	t	17.7249,99.2293 17.7266,99.2297 17.7293,99.2307 17.7310,99.2315 17.7326,99.2323 17.7345,99.2329 17.7359,99.2332
1	t	17.7021,99.2319 17.6980,99.2331 17.6965,99.2333 17.6949,99.2331
1	t	17.7413,99.2319 17.7425,99.2310 17.7439,99.2304 17.7454,99.2304 17.7468,99.2312 17.7484,99.2327 17.7495,99.2335 17.7507,99.2339
1	t	17.6768,99.2424 17.6838,99.2399 17.6854,99.2393 17.6868,99.2385 17.6878,99.2373 17.6897,99.2342 17.6907,99.2331 17.6921,99.2325 17.6937,99.2325 17.6947,99.2328
1	t	17.7907,99.2626 17.7919,99.2632
1	t	17.7919,99.2633 17.7854,99.2606 17.7842,99.2598 17.7773,99.2513 17.7760,99.2502 17.7709,99.2487 17.7690,99.2481 17.7678,99.2474 17.7647,99.2439 17.7636,99.2431 17.7607,99.2423 17.7592,99.2419 17.7578,99.2411 17.7565,99.2399 17.7543,99.2369 17.7530,99.2354 17.7517,99.2344 17.7508,99.2341
1	t	17.7919,99.2632 17.7941,99.2641 17.7960,99.2649 17.7983,99.2659 17.8002,99.2667 17.8016,99.2671 17.8032,99.2669 17.8050,99.2664 17.8065,99.2663 17.8078,99.2668 17.8124,99.2706 17.8133,99.2718 17.8139,99.2732 17.8145,99.2748 17.8162,99.2800 17.8170,99.2816 17.8182,99.2825 17.8196,99.2828 17.8247,99.2827 17.8262,99.2829 17.8276,99.2837 17.8285,99.2851 17.8290,99.2875 17.8297,99.2889 17.8310,99.2899 17.8343,99.2901 17.8359,99.2905 17.8380,99.2921 17.8396,99.2931 17.8410,99.2935 17.8423,99.2935 17.8450,99.2929
1	t	17.8622,99.3224 17.8623,99.3252 17.8624,99.3265
1	t	17.8450,99.2931 17.8433,99.2935 17.8417,99.2937 17.8402,99.2934 17.8388,99.2928 17.8366,99.2911 17.8353,99.2903 17.8323,99.2902 17.8309,99.2900 17.8296,99.2891 17.8288,99.2875 17.8284,99.2854 17.8278,99.2841 17.8264,99.2831 17.8247,99.2828 17.8201,99.2829 17.8186,99.2828 17.8172,99.2821 17.8163,99.2808 17.8139,99.2735 17.8132,99.2720 17.8123,99.2708 17.8084,99.2674 17.8072,99.2667 17.8055,99.2665 17.8033,99.2671 17.8019,99.2673 17.8005,99.2670 17.7988,99.2663 17.7969,99.2655 17.7953,99.2648 17.7929,99.2638 17.7919,99.2633
1	t	17.9248,99.3458 17.9275,99.3462 17.9291,99.3465 17.9314,99.3470
1	t	17.8633,99.3303 17.8635,99.3306
1	t	17.8614,99.3138 17.8617,99.3152 17.8621,99.3210
1	t	17.8632,99.3304 17.8625,99.3289 17.8622,99.3267 17.8620,99.3228 17.8620,99.3224
1	t	17.8612,99.3138 17.8611,99.3137
1	t	17.8450,99.2929 17.8473,99.2924 17.8489,99.2921 17.8505,99.2923 17.8520,99.2933 17.8530,99.2947 17.8535,99.2965 17.8538,99.2998 17.8541,99.3022 17.8548,99.3038 17.8575,99.3066 17.8589,99.3080 17.8599,99.3092 17.8605,99.3105 17.8613,99.3136
1	t	17.9153,99.3432 17.9137,99.3423 17.9122,99.3420 17.9096,99.3418 17.9077,99.3417 17.9063,99.3416 17.9046,99.3415 17.9018,99.3414 17.9003,99.3413 17.8988,99.3411 17.8905,99.3396 17.8890,99.3393
1	t	17.8621,99.3210 17.8622,99.3224
1	t	17.8613,99.3136 17.8614,99.3138
1	t	17.9235,99.3455 17.9248,99.3458
1	t	17.8635,99.3306 17.8652,99.3331 17.8663,99.3345 17.8674,99.3358 17.8685,99.3367 17.8701,99.3371 17.8705,99.3371
1	t	17.8611,99.3137 17.8604,99.3109 17.8599,99.3095 17.8589,99.3082 17.8564,99.3057 17.8552,99.3046 17.8542,99.3031 17.8533,99.2962 17.8529,99.2947 17.8520,99.2935 17.8506,99.2925 17.8489,99.2922 17.8450,99.2931
1	t	17.8633,99.3307 17.8632,99.3304
1	t	17.8620,99.3224 17.8617,99.3166 17.8614,99.3149 17.8612,99.3138
1	t	17.9762,99.3559 17.9793,99.3556 17.9808,99.3555 17.9825,99.3558 17.9876,99.3568 17.9894,99.3569 17.9968,99.3553 17.9988,99.3550 18.0002,99.3551
1	t	17.9571,99.3530 17.9584,99.3540 17.9598,99.3545 17.9617,99.3544 17.9653,99.3532 17.9675,99.3525 17.9689,99.3524 17.9703,99.3528 17.9715,99.3536
1	t	18.0017,99.3555 17.9991,99.3552 17.9968,99.3555 17.9901,99.3570 17.9883,99.3571 17.9824,99.3560 17.9799,99.3557 17.9759,99.3561 17.9741,99.3559 17.9727,99.3551 17.9712,99.3537 17.9698,99.3528 17.9683,99.3526 17.9654,99.3533 17.9618,99.3545 17.9604,99.3548 17.9586,99.3543 17.9570,99.3531
1	t	17.9330,99.3473 17.9375,99.3481 17.9389,99.3484 17.9402,99.3490 17.9421,99.3502 17.9434,99.3510 17.9447,99.3515 17.9462,99.3517 17.9476,99.3515 17.9479,99.3514
1	t	17.9479,99.3516 17.9466,99.3518 17.9450,99.3518 17.9430,99.3509 17.9416,99.3501 17.9403,99.3493 17.9390,99.3487 17.9369,99.3482 17.9343,99.3477 17.9330,99.3475
1	t	18.0017,99.3553 18.0102,99.3563 18.0116,99.3568 18.0120,99.3571
1	t	17.9330,99.3475 17.9313,99.3472 17.9290,99.3468 17.9258,99.3462 17.9248,99.3460
1	t	17.9314,99.3470 17.9330,99.3473
1	t	17.9715,99.3536 17.9728,99.3549 17.9740,99.3557 17.9762,99.3559
1	t	18.0002,99.3551 18.0017,99.3553
1	t	17.9499,99.3510 17.9510,99.3508
11	t	18.3280,99.2638 18.3298,99.2629 18.3311,99.2616 18.3313,99.2601 18.3304,99.2584 18.3294,99.2574 18.3289,99.2559 18.3295,99.2543 18.3307,99.2536 18.3317,99.2522 18.3327,99.2511 18.3339,99.2504 18.3357,99.2487 18.3367,99.2475 18.3381,99.2469 18.3394,99.2467 18.3412,99.2469 18.3417,99.2469
11	t	18.4583,99.1858 18.4593,99.1840 18.4598,99.1826 18.4604,99.1809 18.4612,99.1789 18.4622,99.1738 18.4623,99.1724 18.4619,99.1706 18.4614,99.1691 18.4613,99.1676 18.4615,99.1661 18.4620,99.1646 18.4622,99.1630 18.4620,99.1610 18.4624,99.1592 18.4627,99.1587
11	t	18.4585,99.1859 18.4577,99.1874 18.4569,99.1897 18.4543,99.1968 18.4539,99.1985 18.4537,99.2001 18.4530,99.2017 18.4517,99.2028 18.4511,99.2030
11	t	18.5006,99.1345 18.4993,99.1355 18.4978,99.1359 18.4960,99.1353 18.4942,99.1353 18.4929,99.1349 18.4920,99.1339 18.4910,99.1324 18.4892,99.1315
11	t	18.5005,99.1344 18.5023,99.1329 18.5036,99.1321 18.5067,99.1304 18.5086,99.1290
11	t	18.5073,99.1092 18.5080,99.1033 18.5084,99.1008 18.5087,99.0994 18.5095,99.0981 18.5108,99.0968 18.5127,99.0951
11	t	18.5074,99.1092 18.5068,99.1135 18.5066,99.1156 18.5064,99.1172 18.5066,99.1188 18.5105,99.1244 18.5109,99.1260 18.5106,99.1275 18.5096,99.1286 18.5090,99.1290
11	t	18.5128,99.0952 18.5110,99.0969 18.5099,99.0979 18.5091,99.0990 18.5086,99.1007 18.5083,99.1024 18.5077,99.1074 18.5074,99.1092
11	t	18.5451,99.0597 18.5473,99.0560
11	t	18.5591,99.0457 18.5614,99.0454 18.5669,99.0446 18.5689,99.0443 18.5726,99.0438 18.5743,99.0435 18.5782,99.0430 18.5799,99.0427 18.5820,99.0424 18.5841,99.0422 18.5855,99.0421
11	t	18.5591,99.0459 18.5574,99.0461 18.5558,99.0466 18.5549,99.0470
11	t	18.4867,99.1304 18.4883,99.1310 18.4900,99.1317 18.4914,99.1325 18.4923,99.1341 18.4934,99.1350 18.4950,99.1351 18.4968,99.1355 18.4983,99.1357 18.4998,99.1349 18.5005,99.1344
107	p	18.8756,98.9624 18.8769,98.9620 18.8792,98.9610 18.8807,98.9601 18.8830,98.9586
107	p	18.8856,98.9570 18.8842,98.9580 18.8831,98.9588
11	t	18.8122,98.9877 18.8122,98.9891
107	p	18.8855,98.9569 18.8874,98.9556 18.8891,98.9547 18.8906,98.9540 18.8922,98.9533 18.8961,98.9520
118	p	18.8112,99.0286 18.8113,99.0288
121	p	18.7539,99.0583 18.7556,99.0599
121	p	18.7302,99.0259 18.7296,99.0246 18.7294,99.0240
118	p	19.0614,99.3662 19.0623,99.3675 19.0627,99.3690 19.0633,99.3708 19.0643,99.3721 19.0650,99.3735 19.0658,99.3748 19.0667,99.3760 19.0668,99.3777 19.0666,99.3784
118	p	19.0421,99.3384 19.0424,99.3389
118	p	19.3787,99.5023 19.3812,99.5022 19.3836,99.5024 19.3854,99.5026 19.3884,99.5027 19.3902,99.5026 19.3921,99.5024 19.3953,99.5022 19.3970,99.5022 19.3984,99.5021 19.4005,99.5020 19.4025,99.5015 19.4052,99.5007 19.4072,99.5004 19.4092,99.5001 19.4107,99.5000 19.4123,99.5000 19.4138,99.5000 19.4156,99.4999 19.4170,99.5000 19.4192,99.5006 19.4206,99.5008 19.4224,99.5008 19.4259,99.5007 19.4273,99.5008 19.4287,99.5012 19.4301,99.5012 19.4314,99.5010 19.4329,99.5012 19.4343,99.5014 19.4366,99.5012 19.4404,99.5014 19.4419,99.5005 19.4432,99.4998 19.4446,99.4994 19.4465,99.4984 19.4478,99.4978 19.4508,99.4978 19.4540,99.4968 19.4564,99.4954 19.4577,99.4948 19.4584,99.4935 19.4589,99.4919 19.4596,99.4906 19.4637,99.4893 19.4658,99.4887 19.4670,99.4881 19.4681,99.4872 19.4694,99.4864 19.4708,99.4857 19.4725,99.4849 19.4748,99.4840 19.4762,99.4834 19.4776,99.4829 19.4829,99.4808 19.4841,99.4802 19.4857,99.4794 19.4872,99.4786 19.4878,99.4783
118	p	19.6566,99.5416 19.6575,99.5428
118	p	19.6476,99.5328 19.6483,99.5344 19.6489,99.5358 19.6500,99.5369 19.6521,99.5378
11	t	18.6063,99.0435 18.6054,99.0435
11	t	18.6050,99.0434 18.6029,99.0433 18.6012,99.0432 18.5978,99.0429 18.5948,99.0427 18.5931,99.0426
11	t	18.3736,99.2347 18.3720,99.2356 18.3700,99.2362 18.3681,99.2367 18.3661,99.2373 18.3644,99.2378 18.3631,99.2378
11	t	18.4511,99.2030 18.4483,99.2038 18.4470,99.2043 18.4455,99.2049 18.4439,99.2051 18.4423,99.2048 18.4405,99.2051 18.4379,99.2054 18.4365,99.2057 18.4349,99.2059 18.4334,99.2064 18.4322,99.2070 18.4309,99.2073 18.4293,99.2075 18.4282,99.2080
11	t	18.4288,99.2076 18.4302,99.2072 18.4320,99.2069 18.4334,99.2062 18.4359,99.2056 18.4375,99.2053 18.4390,99.2052 18.4406,99.2049 18.4422,99.2047 18.4438,99.2049 18.4453,99.2048 18.4467,99.2042 18.4512,99.2028 18.4525,99.2021 18.4534,99.2008 18.4537,99.1983 18.4543,99.1963 18.4555,99.1930 18.4575,99.1876 18.4583,99.1858
11	t	18.3779,99.2267 18.3771,99.2279 18.3770,99.2295 18.3779,99.2308 18.3777,99.2322 18.3766,99.2331 18.3753,99.2342 18.3740,99.2346 18.3736,99.2347
11	t	18.4892,99.1315 18.4867,99.1306
11	t	18.3529,99.2434 18.3515,99.2434 18.3501,99.2437 18.3484,99.2437 18.3470,99.2439 18.3455,99.2450
121	p	18.7241,98.9310 18.7243,98.9285
ชม.3029	p	18.8049,99.0298 18.8063,99.0289 18.8067,99.0285
121	p	18.8300,99.0442 18.8309,99.0425 18.8312,99.0420
121	p	18.8312,99.0420 18.8313,99.0417
121	p	18.8313,99.0417 18.8316,99.0413
121	p	18.8315,99.0421 18.8314,99.0422
121	p	18.8324,99.0402 18.8321,99.0409
118	p	18.8269,99.0484 18.8275,99.0493
118	p	18.8277,99.0495 18.8280,99.0499
118	p	18.8280,99.0499 18.8285,99.0505
118	p	18.8285,99.0505 18.8289,99.0510
121	p	18.8337,99.0370 18.8338,99.0368
121	p	18.8383,99.0278 18.8397,99.0253 18.8410,99.0232 18.8420,99.0216 18.8428,99.0203 18.8434,99.0195
121	p	18.8329,99.0393 18.8327,99.0397
121	p	18.8327,99.0397 18.8326,99.0398
121	p	18.8326,99.0398 18.8325,99.0400
121	p	18.8318,99.0414 18.8317,99.0415
121	p	18.8317,99.0417 18.8315,99.0421
121	p	18.8317,99.0415 18.8317,99.0417
121	p	18.8321,99.0409 18.8318,99.0414
118	p	18.8275,99.0493 18.8277,99.0495
121	p	18.8325,99.0394 18.8327,99.0391
121	p	18.8323,99.0399 18.8324,99.0396
121	p	18.8321,99.0401 18.8323,99.0399
121	p	18.8319,99.0407 18.8321,99.0401
121	p	18.8324,99.0396 18.8325,99.0394
11	t	18.7925,99.0231 18.7939,99.0224
ชม.3029	p	18.8404,98.9986 18.8408,98.9983
ชม.3029	p	18.8403,98.9987 18.8404,98.9986
ชม.3029	p	18.8237,99.0088 18.8249,99.0076 18.8280,99.0063 18.8293,99.0057 18.8306,99.0051 18.8324,99.0041 18.8341,99.0032 18.8345,99.0030
118	p	18.8182,99.0376 18.8185,99.0379
118	p	18.8161,99.0349 18.8173,99.0365 18.8182,99.0376
	p	18.8185,99.0379 18.8188,99.0384
118	p	18.8211,99.0412 18.8215,99.0417
118	p	18.8200,99.0399 18.8211,99.0412
118	p	18.8215,99.0417 18.8228,99.0433 18.8237,99.0445 18.8247,99.0457 18.8258,99.0465
118	p	18.8206,99.0409 18.8203,99.0405
	p	18.8188,99.0386 18.8176,99.0370
11	t	18.8121,98.9887 18.8121,98.9884
121	p	18.8325,99.0400 18.8324,99.0402
118	p	18.8195,99.0395 18.8191,99.0390
118	p	18.8196,99.0396 18.8195,99.0395
118	p	18.8203,99.0405 18.8196,99.0396
118	p	18.8176,99.0370 18.8160,99.0351
118	p	18.8110,99.0283 18.8112,99.0286
ชม.3029	p	18.7661,99.0397 18.7640,99.0391
118	p	18.8685,99.1263 18.8688,99.1268
118	p	18.8682,99.1255 18.8685,99.1263
118	p	18.8648,99.1184 18.8655,99.1199
118	p	18.8643,99.1173 18.8648,99.1184
118	p	18.8655,99.1199 18.8663,99.1215 18.8674,99.1239 18.8679,99.1250
118	p	18.8647,99.1185 18.8641,99.1172
118	p	18.8653,99.1199 18.8647,99.1185
118	p	18.8677,99.1250 18.8656,99.1205 18.8653,99.1199
118	p	18.8689,99.1271 18.8694,99.1281
118	p	18.8688,99.1268 18.8689,99.1271
118	p	18.8701,99.1296 18.8703,99.1301
118	p	18.8694,99.1281 18.8700,99.1294
118	p	18.8719,99.1326 18.8717,99.1324
118	p	18.8703,99.1301 18.8710,99.1313
118	p	18.8718,99.1323 18.8724,99.1330
118	p	18.8710,99.1313 18.8718,99.1323
118	p	18.8576,99.1032 18.8573,99.1023
118	p	18.8579,99.1037 18.8576,99.1032
118	p	18.8593,99.1068 18.8588,99.1057
118	p	18.8597,99.1076 18.8593,99.1068
118	p	18.8598,99.1079 18.8597,99.1076
118	p	18.8588,99.1057 18.8579,99.1037
118	p	18.8622,99.1128 18.8625,99.1133
118	p	18.8625,99.1133 18.8639,99.1165 18.8643,99.1173
118	p	18.8594,99.1068 18.8599,99.1078
118	p	18.8588,99.1056 18.8594,99.1068
118	p	18.8574,99.1023 18.8587,99.1052 18.8588,99.1056
118	p	18.8559,99.0989 18.8563,99.0997
118	p	18.8563,99.0997 18.8571,99.1015 18.8573,99.1020
ชม.3029	p	18.8456,98.9877 18.8459,98.9883
ชม.3029	p	18.8451,98.9867 18.8456,98.9877
118	p	18.8103,99.0273 18.8110,99.0283
ชม.3029	p	18.8042,99.0302 18.8049,99.0298
ชม.3029	p	18.8264,99.0071 18.8257,99.0074
ชม.3029	p	18.8257,99.0074 18.8243,99.0082 18.8239,99.0088
ชม.3029	p	18.8221,99.0159 18.8224,99.0156
118	p	18.8439,99.0746 18.8433,99.0736
118	p	18.8442,99.0751 18.8439,99.0746
118	p	18.8473,99.0804 18.8467,99.0791 18.8444,99.0754
118	p	18.8460,99.0778 18.8463,99.0783
118	p	18.8446,99.0753 18.8457,99.0773 18.8460,99.0778
118	p	18.8439,99.0742 18.8444,99.0751
118	p	18.8417,99.0706 18.8421,99.0713
1021	p	19.5177,100.2957 19.5176,100.2957
1021	p	19.5199,100.2955 19.5189,100.2956
1021	p	19.5199,100.2954 19.5224,100.2951 19.5240,100.2950 19.5255,100.2946 19.5306,100.2928 19.5334,100.2917 19.5349,100.2912 19.5364,100.2909 19.5377,100.2915 19.5389,100.2933 19.5395,100.2957
1021	p	19.5175,100.2956 19.5189,100.2954 19.5199,100.2954
1021	p	19.5189,100.2956 19.5180,100.2957
1021	p	19.5176,100.2957 19.5175,100.2957
1021	p	19.5180,100.2957 19.5177,100.2957
1	p	19.9590,99.8529 19.9575,99.8522
1	t	19.9602,99.8535 19.9597,99.8533
1	t	19.5747,99.7477 19.5744,99.7480
1	t	19.5730,99.7492 19.5742,99.7480
1	t	19.5742,99.7480 19.5746,99.7476
1	t	19.5746,99.7476 19.5760,99.7463
1	t	19.5510,99.7474 19.5543,99.7482 19.5555,99.7486
1	t	19.5756,99.7469 19.5747,99.7477
1	t	19.5761,99.7465 19.5756,99.7469
1	t	19.5501,99.7474 19.5493,99.7471
1	t	19.5698,99.7520 19.5684,99.7523 19.5679,99.7522
1	t	19.5685,99.7521 19.5699,99.7517
1	t	19.5699,99.7517 19.5704,99.7515
1	t	19.5704,99.7515 19.5717,99.7504
1	t	19.5707,99.7515 19.5698,99.7520
1	t	19.5730,99.7494 19.5720,99.7504 19.5715,99.7509
1	t	19.5715,99.7509 19.5707,99.7515
1	t	19.5717,99.7504 19.5730,99.7492
1	t	19.5744,99.7480 19.5730,99.7494
1	t	19.5568,99.7490 19.5578,99.7492
1	t	19.5555,99.7486 19.5568,99.7490
1	t	19.5583,99.7494 19.5607,99.7500 19.5631,99.7507 19.5668,99.7517 19.5682,99.7521 19.5685,99.7521
1	t	19.5567,99.7491 19.5558,99.7489
1	t	19.5583,99.7496 19.5567,99.7491
1	t	19.5679,99.7522 19.5656,99.7516 19.5643,99.7512 19.5626,99.7507 19.5583,99.7496
1	t	19.5504,99.7472 19.5510,99.7474
1	t	19.5502,99.7472 19.5504,99.7472
1	t	19.5497,99.7470 19.5502,99.7472
1	t	19.5492,99.7469 19.5497,99.7470
1	t	19.5485,99.7465 19.5492,99.7469
1	t	19.5493,99.7471 19.5483,99.7466
1	t	19.5510,99.7476 19.5501,99.7474
1	t	19.5521,99.7479 19.5510,99.7476
1	t	19.5558,99.7489 19.5544,99.7485 19.5521,99.7479
1	t	19.5431,99.7425 19.5433,99.7426
1	t	19.5433,99.7426 19.5434,99.7426
1	t	19.5416,99.7418 19.5431,99.7425
1	t	19.5434,99.7426 19.5439,99.7430
1	t	19.5447,99.7436 19.5460,99.7446
1	t	19.5460,99.7446 19.5473,99.7456 19.5483,99.7464
1	t	19.5436,99.7433 19.5432,99.7430
1	t	19.5445,99.7439 19.5436,99.7433
1	t	19.5459,99.7449 19.5445,99.7439
1	t	19.5481,99.7465 19.5464,99.7453 19.5459,99.7449
1	t	19.5322,99.7431 19.5331,99.7430
1	t	19.5310,99.7433 19.5322,99.7431
1	t	19.5331,99.7430 19.5356,99.7425 19.5371,99.7423 19.5399,99.7419 19.5410,99.7418
1	t	19.5322,99.7433 19.5312,99.7435
1	t	19.5334,99.7431 19.5322,99.7433
1	t	19.5344,99.7430 19.5334,99.7431
1	t	19.5405,99.7422 19.5384,99.7423 19.5370,99.7425 19.5352,99.7428 19.5344,99.7430
1	t	19.5424,99.7425 19.5408,99.7422 19.5405,99.7422
1	t	19.5431,99.7429 19.5424,99.7425
1	t	19.5432,99.7430 19.5431,99.7429
1	t	19.5410,99.7418 19.5416,99.7418
1	t	19.5439,99.7430 19.5447,99.7436
118	p	19.3285,99.5127 19.3288,99.5127
118	p	19.3273,99.5129 19.3285,99.5127
118	p	19.3249,99.5129 19.3239,99.5128
118	p	19.3239,99.5127 19.3246,99.5128
118	p	19.3246,99.5128 19.3249,99.5128
118	p	19.3249,99.5128 19.3251,99.5129
118	p	19.3265,99.5130 19.3260,99.5130
118	p	19.3260,99.5129 19.3265,99.5129
118	p	19.3239,99.5128 19.3235,99.5128
118	p	19.3235,99.5128 19.3239,99.5127
118	p	19.3265,99.5129 19.3268,99.5130
118	p	19.3268,99.5130 19.3265,99.5130
107	p	19.7300,99.1404 19.7315,99.1407 19.7324,99.1409
107	p	19.7195,99.1412 19.7213,99.1409 19.7227,99.1407 19.7239,99.1406
107	p	19.7284,99.1403 19.7290,99.1403
107	p	19.7290,99.1403 19.7300,99.1404
107	p	19.7239,99.1406 19.7256,99.1403 19.7270,99.1402 19.7284,99.1403
107	p	19.7395,99.1431 19.7380,99.1429 19.7365,99.1425 19.7347,99.1419 19.7328,99.1412 19.7315,99.1408 19.7301,99.1406 19.7299,99.1406
107	p	19.7371,99.1425 19.7385,99.1428 19.7395,99.1429
107	p	19.7324,99.1409 19.7345,99.1417 19.7360,99.1422 19.7371,99.1425
107	p	19.7299,99.1406 19.7284,99.1404 19.7270,99.1404 19.7251,99.1406 19.7235,99.1408 19.7214,99.1411 19.7199,99.1412 19.7195,99.1412
107	p	19.6999,99.1469 19.7017,99.1463 19.7030,99.1458 19.7047,99.1453 19.7064,99.1447 19.7078,99.1442 19.7092,99.1437 19.7115,99.1429 19.7132,99.1424 19.7155,99.1419 19.7177,99.1415 19.7182,99.1414
107	p	19.6441,99.1361 19.6451,99.1374 19.6461,99.1388 19.6463,99.1404 19.6464,99.1419 19.6475,99.1430 19.6480,99.1443 19.6483,99.1457 19.6497,99.1465 19.6517,99.1465 19.6552,99.1466 19.6566,99.1465 19.6588,99.1450 19.6600,99.1441 19.6625,99.1434 19.6640,99.1433 19.6655,99.1434 19.6668,99.1437 19.6688,99.1444 19.6709,99.1456 19.6724,99.1464 19.6739,99.1470 19.6752,99.1473 19.6769,99.1477 19.6790,99.1481 19.6805,99.1484 19.6828,99.1489 19.6842,99.1491 19.6866,99.1492 19.6881,99.1493 19.6897,99.1494 19.6923,99.1496 19.6939,99.1490 19.6956,99.1484 19.6987,99.1473 19.6999,99.1469
107	p	19.5333,99.0542 19.5347,99.0548 19.5364,99.0549 19.5379,99.0544 19.5395,99.0541 19.5411,99.0541 19.5424,99.0553 19.5434,99.0566 19.5469,99.0573 19.5487,99.0579 19.5526,99.0600 19.5543,99.0614 19.5556,99.0627 19.5572,99.0636 19.5592,99.0637 19.5609,99.0636 19.5622,99.0638 19.5621,99.0659 19.5615,99.0672 19.5606,99.0683 19.5596,99.0701 19.5593,99.0717 19.5596,99.0732 19.5598,99.0747 19.5594,99.0762 19.5595,99.0769
	p	18.8191,99.0390 18.8188,99.0386
131	t	19.9047,99.7801 19.9061,99.7799 19.9076,99.7800 19.9106,99.7810
131	t	19.9329,99.7912 19.9337,99.7923
131	t	19.9335,99.7924 19.9328,99.7913
131	t	19.9337,99.7923 19.9343,99.7935
131	t	19.9328,99.7913 19.9315,99.7897 19.9299,99.7881 19.9285,99.7871 19.9269,99.7861 19.9256,99.7855 19.9243,99.7850 19.9226,99.7845 19.9203,99.7840 19.9189,99.7837 19.9173,99.7834 19.9159,99.7830 19.9145,99.7825
121	p	18.8236,99.0492 18.8276,99.0468 18.8287,99.0459 18.8296,99.0448 18.8300,99.0442
107	p	19.3801,98.9472 19.3802,98.9473
107	p	19.3677,98.9496 19.3695,98.9488 19.3711,98.9482 19.3725,98.9477 19.3751,98.9465 19.3767,98.9462 19.3781,98.9463 19.3796,98.9469 19.3801,98.9472
107	p	19.1387,98.9476 19.1386,98.9478
107	p	19.1510,98.9478 19.1470,98.9468 19.1441,98.9475 19.1427,98.9478 19.1401,98.9471 19.1387,98.9476
107	p	19.1387,98.9476 19.1399,98.9469 19.1417,98.9476 19.1434,98.9476 19.1459,98.9467 19.1493,98.9473 19.1510,98.9477
107	p	19.1385,98.9477 19.1387,98.9476
108	p	18.1553,98.2346 18.1567,98.2339 18.1588,98.2343 18.1611,98.2343
108	p	18.1566,98.2760 18.1556,98.2747
108	p	18.1556,98.2747 18.1543,98.2742 18.1533,98.2720 18.1506,98.2687 18.1489,98.2677 18.1474,98.2670 18.1460,98.2653 18.1454,98.2636 18.1467,98.2632 18.1482,98.2635 18.1484,98.2620 18.1485,98.2605 18.1479,98.2592 18.1482,98.2573 18.1486,98.2558 18.1479,98.2543 18.1481,98.2528 18.1486,98.2512 18.1495,98.2493 18.1497,98.2490
108	p	18.1611,98.2343 18.1625,98.2338 18.1637,98.2329 18.1654,98.2319 18.1667,98.2311 18.1669,98.2292 18.1669,98.2275 18.1667,98.2259 18.1655,98.2243 18.1640,98.2231 18.1628,98.2223 18.1609,98.2210 18.1597,98.2202 18.1581,98.2189
108	p	18.1496,98.2947 18.1498,98.2930 18.1504,98.2914 18.1516,98.2900 18.1526,98.2888 18.1540,98.2878 18.1556,98.2870 18.1569,98.2863 18.1586,98.2859 18.1598,98.2850 18.1610,98.2840 18.1610,98.2815 18.1602,98.2797 18.1592,98.2786 18.1585,98.2774 18.1571,98.2767 18.1566,98.2760
108	p	18.1500,98.2967 18.1496,98.2953 18.1496,98.2947
ชม.3035	p	18.6116,98.8359 18.6101,98.8357 18.6085,98.8353 18.6067,98.8352 18.6053,98.8351 18.6032,98.8349 18.6017,98.8347 18.6004,98.8343 18.6001,98.8342
121	p	18.8055,98.9601 18.8056,98.9601
	p	18.6121,99.0265 18.6126,99.0254
	p	18.6129,99.0255 18.6123,99.0267
120	p	19.1456,99.6159 19.1454,99.6175 19.1452,99.6190 19.1447,99.6204 19.1445,99.6210
120	p	19.1450,99.6065 19.1451,99.6088 19.1452,99.6106 19.1453,99.6108
101	p	19.0914,100.8088 19.0935,100.8088 19.0961,100.8087 19.0975,100.8086
	p	19.0933,99.9085 19.0942,99.9103
	p	19.0941,99.9104 19.0932,99.9086
	p	19.0942,99.9103 19.0953,99.9123
101	t	18.6748,100.7493 18.6762,100.7490 18.6782,100.7486 18.6798,100.7482 18.6817,100.7479 18.6831,100.7476 18.6871,100.7476 18.6886,100.7476 18.6901,100.7477 18.6917,100.7476
101	t	18.6746,100.7493 18.6748,100.7493
101	t	18.6746,100.7494 18.6709,100.7502 18.6694,100.7505 18.6670,100.7509 18.6639,100.7516 18.6605,100.7523 18.6589,100.7527 18.6574,100.7528 18.6560,100.7525 18.6547,100.7518 18.6535,100.7509 18.6511,100.7473 18.6497,100.7450 18.6487,100.7438 18.6470,100.7425 18.6457,100.7416 18.6444,100.7411
101	t	18.6748,100.7494 18.6746,100.7494
101	p	19.2722,100.8957 19.2716,100.8980 19.2711,100.8996 19.2704,100.9023 19.2696,100.9037 19.2666,100.9075 19.2650,100.9087 19.2624,100.9101 19.2577,100.9127 19.2566,100.9142 19.2553,100.9167 19.2534,100.9180 19.2507,100.9195 19.2494,100.9202 19.2477,100.9211 19.2464,100.9217 19.2403,100.9225 19.2378,100.9220 19.2358,100.9216 19.2337,100.9217 19.2260,100.9197 19.2243,100.9194 19.2219,100.9195 19.2192,100.9197 19.2151,100.9199 19.2134,100.9200 19.2118,100.9204 19.2095,100.9224 19.2081,100.9230 19.2044,100.9240 19.2034,100.9243
101	p	19.2722,100.8957 19.2726,100.8939 19.2731,100.8926 19.2743,100.8913 19.2754,100.8904 19.2757,100.8903
101	p	19.2757,100.8903 19.2744,100.8914 19.2733,100.8927 19.2723,100.8954 19.2722,100.8957
101	p	19.1692,100.8302 19.1676,100.8291 19.1656,100.8277 19.1643,100.8271 19.1629,100.8268 19.1614,100.8264 19.1555,100.8248 19.1541,100.8244 19.1524,100.8242 19.1510,100.8249 19.1498,100.8256 19.1480,100.8261 19.1466,100.8260 19.1451,100.8258 19.1435,100.8256 19.1418,100.8250 19.1356,100.8216 19.1342,100.8209 19.1296,100.8185
101	p	19.1710,100.8368 19.1707,100.8350 19.1703,100.8323 19.1698,100.8309 19.1692,100.8302
101	p	19.1692,100.8302 19.1702,100.8314 19.1707,100.8346 19.1710,100.8364 19.1710,100.8368
106	p	18.6689,99.0365 18.6668,99.0364 18.6652,99.0363 18.6636,99.0364 18.6620,99.0369 18.6598,99.0375 18.6585,99.0380 18.6572,99.0384 18.6556,99.0390 18.6538,99.0398 18.6526,99.0404 18.6503,99.0415 18.6489,99.0422 18.6489,99.0422
ชร.1063	p	20.1396,100.0382 20.1429,100.0383
ชร.1063	p	20.1429,100.0383 20.1476,100.0384 20.1494,100.0386 20.1507,100.0388 20.1521,100.0397 20.1529,100.0409 20.1539,100.0427 20.1550,100.0448 20.1553,100.0451
ชร.1063	p	20.1429,100.0385 20.1397,100.0384
ชร.1063	p	20.2171,100.0892 20.2168,100.0847 20.2166,100.0831 20.2159,100.0817 20.2135,100.0793 20.2112,100.0772
121	p	18.8055,98.9603 18.8054,98.9603
1141	p	18.7691,98.9769 18.7691,98.9768
1141	p	18.7691,98.9774 18.7690,98.9775
131	t	19.9145,99.7825 19.9119,99.7815 19.9106,99.7811
131	t	19.9145,99.7823 19.9163,99.7829 19.9189,99.7835 19.9204,99.7838 19.9219,99.7841 19.9243,99.7848 19.9256,99.7853 19.9271,99.7860 19.9286,99.7869 19.9297,99.7878 19.9312,99.7891 19.9322,99.7903 19.9329,99.7912
131	t	19.9106,99.7811 19.9089,99.7806 19.9075,99.7802 19.9062,99.7801 19.9046,99.7803 19.9045,99.7803
131	t	19.9106,99.7810 19.9119,99.7814 19.9133,99.7819 19.9145,99.7823
131	t	19.9371,99.8003 19.9366,99.7990
131	t	19.9367,99.7990 19.9373,99.8003
131	t	19.9366,99.7990 19.9355,99.7964 19.9346,99.7943
127	t	18.2564,99.5404 18.2542,99.5396 18.2529,99.5390 18.2516,99.5376 18.2510,99.5363 18.2509,99.5353
127	t	18.2509,99.5353 18.2508,99.5348
127	t	18.2588,99.4760 18.2595,99.4747 18.2619,99.4701
131	t	19.8493,99.7909 19.8493,99.7907
131	t	19.8494,99.7910 19.8459,99.7965 19.8451,99.7979 19.8440,99.7998
131	t	19.8494,99.7909 19.8494,99.7910
131	t	19.8493,99.7907 19.8501,99.7894 19.8519,99.7866 19.8529,99.7854 19.8541,99.7845 19.8548,99.7842
ชร.1063	p	20.2104,100.0765 20.2055,100.0719 20.2038,100.0704 20.2002,100.0670 20.1894,100.0570 20.1867,100.0546 20.1854,100.0534 20.1842,100.0524 20.1829,100.0515 20.1816,100.0510 20.1790,100.0505 20.1664,100.0495 20.1646,100.0493 20.1631,100.0492 20.1614,100.0489 20.1600,100.0484 20.1581,100.0466 20.1568,100.0459 20.1555,100.0455 20.1553,100.0454
ชร.1063	p	20.2112,100.0772 20.2104,100.0765
ชร.1063	p	20.2105,100.0763 20.2112,100.0770
ชร.1063	p	20.2112,100.0770 20.2125,100.0782 20.2135,100.0792 20.2156,100.0811 20.2165,100.0823 20.2169,100.0843 20.2172,100.0879 20.2173,100.0891
ชร.1063	p	20.0334,99.9623 20.0333,99.9603 20.0331,99.9573
ชร.1063	p	20.0336,99.9658 20.0334,99.9623
ชร.1063	p	20.0338,99.9659 20.0339,99.9681 20.0343,99.9696 20.0351,99.9711 20.0363,99.9722 20.0432,99.9751 20.0455,99.9761 20.0467,99.9768 20.0538,99.9830 20.0614,99.9897 20.0629,99.9911 20.0665,99.9943 20.0705,99.9979 20.0738,100.0008 20.0747,100.0020 20.0759,100.0039 20.0792,100.0091 20.0814,100.0126 20.0844,100.0174 20.0853,100.0185 20.0900,100.0219 20.0910,100.0230 20.0924,100.0251 20.0943,100.0281 20.0951,100.0293 20.0963,100.0306 20.1018,100.0321 20.1039,100.0326 20.1079,100.0347 20.1121,100.0369 20.1200,100.0411 20.1217,100.0420 20.1231,100.0425 20.1248,100.0426 20.1342,100.0390 20.1360,100.0384 20.1379,100.0382 20.1396,100.0382
ชร.1063	p	20.0336,99.9624 20.0338,99.9659
ชร.1063	p	20.0280,99.8764 20.0280,99.8762
ชร.1063	p	20.0280,99.8762 20.0283,99.8743 20.0284,99.8734
ชร.1063	p	20.0282,99.8762 20.0282,99.8764
ชร.1063	p	20.0282,99.8764 20.0278,99.8787 20.0279,99.8803 20.0284,99.8818 20.0295,99.8838 20.0302,99.8851 20.0319,99.8884 20.0323,99.8901 20.0322,99.8917 20.0317,99.8934 20.0311,99.8948 20.0301,99.8959 20.0290,99.8970 20.0289,99.8972
107	p	18.9338,98.9409 18.9356,98.9418 18.9368,98.9425 18.9382,98.9431 18.9398,98.9433 18.9412,98.9433 18.9439,98.9430 18.9456,98.9433 18.9473,98.9437 18.9492,98.9441 18.9506,98.9443 18.9524,98.9446 18.9542,98.9449 18.9558,98.9449 18.9576,98.9445 18.9591,98.9443 18.9607,98.9441 18.9621,98.9441 18.9630,98.9441
1418	p	19.9554,99.8771 19.9561,99.8758 19.9563,99.8721 19.9564,99.8689 19.9565,99.8662 19.9566,99.8647 19.9566,99.8627
118	p	19.0424,99.3389 19.0433,99.3400 19.0447,99.3414 19.0460,99.3431 19.0470,99.3444 19.0479,99.3460 19.0483,99.3474 19.0492,99.3488 19.0504,99.3498 19.0518,99.3501 19.0525,99.3516 19.0527,99.3533 19.0537,99.3544 19.0552,99.3545 19.0564,99.3554 19.0566,99.3570 19.0572,99.3585 19.0582,99.3601 19.0587,99.3615 19.0593,99.3628 19.0597,99.3643 19.0606,99.3655 19.0614,99.3662
118	p	19.0614,99.3663 19.0598,99.3647 19.0592,99.3632 19.0587,99.3617 19.0582,99.3602 19.0571,99.3586 19.0566,99.3573 19.0563,99.3557 19.0554,99.3546 19.0536,99.3545 19.0526,99.3535 19.0525,99.3523
118	p	19.0423,99.3390 19.0420,99.3385
118	p	19.0420,99.3385 19.0405,99.3362 19.0397,99.3347 19.0390,99.3324 19.0387,99.3309 19.0385,99.3294 19.0381,99.3281
118	p	19.0382,99.3280 19.0386,99.3300 19.0389,99.3317 19.0394,99.3335 19.0400,99.3350 19.0421,99.3384
118	p	19.0381,99.3281 19.0380,99.3278
118	p	19.0301,99.3213 19.0280,99.3199 19.0267,99.3188 19.0259,99.3175 19.0251,99.3159 19.0243,99.3144 19.0220,99.3110 19.0211,99.3098 19.0210,99.3097
118	p	19.0207,99.3093 19.0193,99.3083 19.0183,99.3073 19.0175,99.3060 19.0163,99.3045 19.0159,99.3032
118	p	19.0380,99.3278 19.0372,99.3265 19.0364,99.3253 19.0344,99.3239 19.0304,99.3214
118	p	19.0159,99.3032 19.0160,99.3027
118	p	19.0210,99.3097 19.0207,99.3093
118	p	19.0305,99.3214 19.0344,99.3238 19.0358,99.3246 19.0370,99.3259 19.0381,99.3277
118	p	19.0145,99.2988 19.0153,99.3001 19.0162,99.3012 19.0161,99.3028
118	p	19.0160,99.3027 19.0160,99.3012 19.0144,99.2989
118	p	19.0304,99.3214 19.0301,99.3213
	p	18.1518,100.1538 18.1521,100.1554 18.1524,100.1569 18.1525,100.1577
101	p	18.1636,100.1672 18.1649,100.1682 18.1664,100.1694 18.1676,100.1703 18.1692,100.1716 18.1706,100.1725 18.1721,100.1738 18.1725,100.1742
101	p	18.1526,100.1580 18.1543,100.1594 18.1558,100.1608
107	p	19.3033,98.9569 19.3022,98.9567
107	p	19.3037,98.9569 19.3033,98.9569
107	p	19.3037,98.9569 19.3040,98.9569
107	p	19.3033,98.9568 19.3037,98.9569
ชม.3035	p	18.6466,98.8511 18.6464,98.8508
ชม.3035	p	18.6464,98.8508 18.6456,98.8496 18.6444,98.8488 18.6428,98.8472 18.6420,98.8456 18.6412,98.8441 18.6405,98.8429 18.6401,98.8423
101	p	18.1153,100.1387 18.1133,100.1380 18.1120,100.1376 18.1105,100.1380 18.1101,100.1381
11	t	18.7212,99.0420 18.7165,99.0434
11	t	18.7225,99.0414 18.7247,99.0407 18.7285,99.0395 18.7329,99.0382
11	t	18.7165,99.0434 18.7140,99.0442 18.7125,99.0446 18.7111,99.0450 18.7082,99.0459 18.7065,99.0465 18.7039,99.0473 18.7007,99.0483
11	t	18.7157,99.0435 18.7164,99.0432
121	p	18.7670,99.0666 18.7656,99.0662 18.7631,99.0654 18.7610,99.0645 18.7597,99.0638 18.7582,99.0628 18.7578,99.0624
121	p	18.8012,99.0631 18.8006,99.0634
121	p	18.8060,99.0600 18.8072,99.0592 18.8093,99.0580 18.8114,99.0567 18.8128,99.0559 18.8147,99.0547 18.8163,99.0537 18.8177,99.0529 18.8190,99.0521 18.8196,99.0517
121	p	18.8198,99.0516 18.8230,99.0496 18.8236,99.0492
121	p	18.8199,99.0516 18.8196,99.0518
121	p	18.8296,99.0452 18.8286,99.0463 18.8237,99.0493 18.8228,99.0499
121	p	18.8061,99.0601 18.8059,99.0603
121	p	18.8059,99.0603 18.8056,99.0605
121	p	18.8196,99.0518 18.8181,99.0527 18.8148,99.0549 18.8136,99.0556 18.8123,99.0563 18.8104,99.0575 18.8091,99.0583 18.8073,99.0594 18.8061,99.0601
121	p	18.8050,99.0606 18.8058,99.0601
1	t	18.5147,99.8191 18.5145,99.8176 18.5122,99.8171 18.5096,99.8159 18.5067,99.8147 18.5053,99.8139 18.5042,99.8128 18.5025,99.8120 18.5008,99.8116 18.4968,99.8112 18.4928,99.8105 18.4899,99.8095 18.4866,99.8090 18.4839,99.8087 18.4827,99.8081 18.4814,99.8077 18.4797,99.8071 18.4775,99.8060
1	t	18.5147,99.8191 18.5137,99.8202 18.5149,99.8217 18.5165,99.8229 18.5180,99.8235 18.5194,99.8240 18.5238,99.8267 18.5253,99.8277 18.5266,99.8285 18.5289,99.8294 18.5302,99.8304 18.5314,99.8317 18.5327,99.8325 18.5341,99.8334 18.5359,99.8353 18.5370,99.8366 18.5384,99.8374 18.5410,99.8392 18.5427,99.8398 18.5440,99.8405 18.5448,99.8418 18.5461,99.8447 18.5467,99.8463 18.5478,99.8476 18.5491,99.8484 18.5500,99.8494 18.5511,99.8506 18.5523,99.8514 18.5532,99.8524 18.5544,99.8534 18.5556,99.8540 18.5566,99.8562 18.5572,99.8588 18.5581,99.8601 18.5590,99.8615 18.5599,99.8627 18.5603,99.8651 18.5613,99.8663 18.5625,99.8672 18.5633,99.8692 18.5634,99.8708 18.5640,99.8728 18.5639,99.8743 18.5647,99.8756 18.5654,99.8770 18.5665,99.8779 18.5690,99.8792 18.5701,99.8802 18.5710,99.8813 18.5721,99.8827 18.5733,99.8836 18.5744,99.8846 18.5757,99.8853 18.5770,99.8857
1	t	18.4775,99.8060 18.4762,99.8054 18.4746,99.8052 18.4732,99.8053 18.4683,99.8038 18.4672,99.8030 18.4657,99.8041 18.4642,99.8043 18.4632,99.8032 18.4620,99.8025 18.4585,99.7999 18.4570,99.7983 18.4559,99.7974 18.4547,99.7967 18.4542,99.7953 18.4527,99.7935 18.4521,99.7920 18.4527,99.7905 18.4523,99.7889 18.4493,99.7863 18.4488,99.7842 18.4480,99.7826 18.4472,99.7812 18.4458,99.7793 18.4432,99.7760 18.4414,99.7744 18.4401,99.7726 18.4384,99.7722 18.4368,99.7712 18.4356,99.7703 18.4349,99.7688 18.4342,99.7673 18.4306,99.7623 18.4290,99.7599 18.4281,99.7587 18.4271,99.7575 18.4263,99.7561 18.4256,99.7545 18.4256,99.7521 18.4248,99.7508 18.4234,99.7501 18.4219,99.7485 18.4221,99.7441 18.4223,99.7426 18.4218,99.7417
1	t	18.6028,99.9022 18.6002,99.9011 18.5989,99.9002 18.5980,99.8990 18.5962,99.8981 18.5947,99.8977 18.5933,99.8980 18.5916,99.8976 18.5899,99.8965 18.5893,99.8956
1	t	18.6029,99.9021 18.6047,99.9031 18.6058,99.9039 18.6072,99.9041 18.6093,99.9050 18.6115,99.9065 18.6137,99.9074 18.6151,99.9077 18.6173,99.9062 18.6187,99.9064 18.6197,99.9077 18.6218,99.9079 18.6237,99.9086 18.6252,99.9087 18.6294,99.9095 18.6335,99.9109 18.6348,99.9114 18.6359,99.9136 18.6374,99.9150 18.6387,99.9159 18.6405,99.9167 18.6421,99.9176 18.6438,99.9178 18.6454,99.9180 18.6476,99.9195 18.6490,99.9198 18.6506,99.9202 18.6546,99.9198 18.6559,99.9203 18.6569,99.9215 18.6611,99.9234 18.6653,99.9251 18.6681,99.9259 18.6699,99.9264 18.6719,99.9269 18.6733,99.9274 18.6746,99.9283 18.6758,99.9295 18.6773,99.9308 18.6800,99.9335 18.6813,99.9351 18.6830,99.9378 18.6845,99.9401 18.6860,99.9424 18.6869,99.9436 18.6883,99.9438 18.6902,99.9438 18.6944,99.9454 18.6957,99.9460 18.6974,99.9467 18.6988,99.9478 18.6991,99.9506 18.7002,99.9528 18.7025,99.9541 18.7048,99.9551 18.7061,99.9557 18.7072,99.9569 18.7085,99.9576 18.7089,99.9576
1	t	18.5894,99.8956 18.5911,99.8972 18.5926,99.8979 18.5947,99.8976 18.5960,99.8979 18.5973,99.8986 18.5986,99.8995 18.5997,99.9008 18.6018,99.9014 18.6029,99.9021
103	p	18.7099,99.9881 18.7074,99.9914 18.7021,99.9987 18.7010,100.0001 18.6996,100.0010 18.6979,100.0014 18.6885,100.0038 18.6784,100.0064 18.6770,100.0068 18.6739,100.0089 18.6634,100.0167 18.6618,100.0175 18.6603,100.0177 18.6475,100.0179 18.6445,100.0179 18.6427,100.0180 18.6366,100.0181 18.6253,100.0183 18.6236,100.0190 18.6169,100.0247 18.6156,100.0258
107	p	19.7183,99.1414 19.7195,99.1412
107	p	19.7182,99.1414 19.7183,99.1414
11	t	18.0219,99.7124 18.0229,99.7105 18.0236,99.7092 18.0250,99.7085 18.0266,99.7085 18.0284,99.7082 18.0297,99.7076 18.0303,99.7057 18.0310,99.7043 18.0331,99.7032 18.0365,99.7016 18.0376,99.6995 18.0395,99.6992 18.0408,99.6998 18.0418,99.7009 18.0432,99.7009 18.0441,99.6996 18.0455,99.7002 18.0469,99.7001 18.0482,99.6992 18.0494,99.6996 18.0509,99.6991 18.0523,99.6990 18.0535,99.6982 18.0550,99.6992 18.0564,99.6990 18.0566,99.6974 18.0579,99.6968 18.0594,99.6970 18.0605,99.6959 18.0609,99.6943 18.0610,99.6942
ชร.1063	p	20.1553,100.0451 20.1555,100.0453
ชร.1063	p	20.1555,100.0453 20.1568,100.0457 20.1582,100.0465 20.1593,100.0476 20.1614,100.0487 20.1633,100.0490 20.1657,100.0492 20.1699,100.0496 20.1778,100.0502 20.1804,100.0505 20.1817,100.0508 20.1836,100.0518 20.1849,100.0527 20.1871,100.0547 20.1895,100.0569 20.1998,100.0665 20.2019,100.0684 20.2056,100.0718 20.2105,100.0763
ชร.1063	p	20.1551,100.0453 20.1537,100.0428 20.1527,100.0410 20.1517,100.0396 20.1502,100.0389 20.1486,100.0387 20.1441,100.0386 20.1429,100.0385
ชร.1063	p	20.1553,100.0454 20.1551,100.0453
ชร.1063	p	20.0331,99.9573 20.0331,99.9570
ชร.1063	p	20.0334,99.9573 20.0335,99.9603 20.0336,99.9624
ชร.1063	p	20.0333,99.9571 20.0334,99.9573
ชร.1063	p	20.0331,99.9570 20.0329,99.9534 20.0326,99.9466 20.0324,99.9444 20.0324,99.9430 20.0319,99.9358 20.0316,99.9298 20.0314,99.9278 20.0301,99.9198 20.0293,99.9156 20.0280,99.9077 20.0270,99.9021 20.0269,99.9006 20.0274,99.8987 20.0285,99.8973
ชร.5023	p	20.0076,99.8936 20.0074,99.8936
ชร.5023	p	20.0074,99.8933 20.0076,99.8933
ชร.5023	p	20.0076,99.8933 20.0090,99.8934 20.0105,99.8935 20.0123,99.8943 20.0154,99.8963 20.0167,99.8969 20.0208,99.8979 20.0224,99.8980 20.0250,99.8966 20.0263,99.8962 20.0278,99.8966 20.0286,99.8971
ชร.5023	p	19.8616,99.8421 19.8631,99.8430 19.8648,99.8437 19.8662,99.8441 19.8675,99.8446 19.8689,99.8452 19.8702,99.8457 19.8720,99.8466 19.8721,99.8466
ชร.5023	p	19.8614,99.8423 19.8597,99.8402
ชร.5023	p	19.8598,99.8401 19.8616,99.8421
131	t	19.8437,99.8002 19.8436,99.8003
131	t	19.8438,99.7995 19.8448,99.7979 19.8457,99.7965 19.8469,99.7946 19.8487,99.7917 19.8493,99.7909
1	t	19.8435,99.7999 19.8437,99.8002
131	t	19.9342,99.7936 19.9335,99.7924
131	t	19.9346,99.7943 19.9342,99.7936
131	t	19.9347,99.7943 19.9354,99.7957 19.9367,99.7990
131	t	19.9343,99.7935 19.9347,99.7943
	p	18.8013,98.9679 18.8013,98.9678
	p	18.8014,98.9677 18.8014,98.9676
ชม.3029	p	18.7462,98.9821 18.7462,98.9825
11	t	18.3188,99.3554 18.3187,99.3557
11	t	18.6111,99.0442 18.6170,99.0459
11	t	18.6170,99.0459 18.6186,99.0464 18.6234,99.0478 18.6261,99.0485 18.6276,99.0489 18.6294,99.0495 18.6315,99.0501
11	t	18.7164,99.0432 18.7212,99.0418
11	t	18.7212,99.0418 18.7225,99.0414
11	t	18.6365,99.0515 18.6377,99.0518
11	t	18.6364,99.0516 18.6315,99.0502
11	t	18.6912,99.0495 18.6962,99.0490
11	t	18.6962,99.0492 18.6912,99.0496
11	t	18.7007,99.0483 18.6992,99.0487 18.6971,99.0491 18.6962,99.0492
11	t	18.6135,99.0448 18.6145,99.0451
11	t	18.6104,99.0441 18.6119,99.0443 18.6135,99.0448
11	t	18.6071,99.0436 18.6063,99.0435
11	t	18.6074,99.0436 18.6071,99.0436
11	t	18.6071,99.0434 18.6074,99.0435
11	t	18.6074,99.0435 18.6092,99.0437
11	t	18.5931,99.0426 18.5917,99.0425
11	t	18.5917,99.0424 18.5931,99.0425
	t	18.5858,99.0421 18.5872,99.0420 18.5889,99.0421
11	t	18.6145,99.0451 18.6162,99.0456 18.6177,99.0460 18.6180,99.0462
11	t	18.6192,99.0467 18.6171,99.0461 18.6144,99.0453 18.6108,99.0444 18.6097,99.0440
1	p	19.9495,99.8485 19.9504,99.8488
1	t	18.0300,99.3742 18.0308,99.3743
1	t	18.0314,99.3745 18.0308,99.3745
118	p	18.8258,99.0465 18.8266,99.0477 18.8269,99.0484
118	p	18.8268,99.0485 18.8261,99.0471 18.8257,99.0466
121	p	18.8028,99.0620 18.8051,99.0606
121	p	18.8046,99.0608 18.8050,99.0606
121	p	18.8052,99.0607 18.8028,99.0621
121	p	18.8028,99.0621 18.8015,99.0629 18.8012,99.0631
121	p	18.8228,99.0499 18.8206,99.0512 18.8199,99.0516
118	p	18.8274,99.0494 18.8268,99.0485
108	p	18.7670,98.9761 18.7658,98.9752
108	p	18.7671,98.9762 18.7670,98.9761
108	p	18.7672,98.9761 18.7678,98.9765
108	p	18.7671,98.9760 18.7672,98.9761
106	p	18.7292,99.0234 18.7291,99.0234
106	p	18.7291,99.0234 18.7275,99.0240 18.7262,99.0244 18.7246,99.0254 18.7233,99.0262 18.7219,99.0266 18.7205,99.0271 18.7193,99.0280 18.7180,99.0286 18.7168,99.0306 18.7161,99.0321 18.7153,99.0335 18.7144,99.0348 18.7137,99.0354
106	p	18.7293,99.0233 18.7292,99.0234
ชม.3029	p	18.8345,99.0030 18.8349,99.0027
ชม.3029	p	18.8349,99.0027 18.8369,99.0015 18.8383,99.0004 18.8403,98.9987
ชม.3029	p	18.8357,99.0024 18.8351,99.0028
ชม.3029	p	18.8404,98.9988 18.8392,98.9998 18.8379,99.0009 18.8361,99.0022 18.8357,99.0024
	p	18.5445,98.9686 18.5440,98.9687
	p	18.6118,99.0269 18.6116,99.0262
1136	p	18.6123,99.0268 18.6117,99.0276
1136	p	18.6116,99.0276 18.6120,99.0266
106	p	18.6121,99.0265 18.6134,99.0275 18.6138,99.0278
106	p	18.6138,99.0278 18.6125,99.0270 18.6120,99.0266
106	p	18.6485,99.0424 18.6464,99.0428 18.6447,99.0428 18.6428,99.0425 18.6411,99.0421 18.6395,99.0416 18.6379,99.0411 18.6365,99.0407 18.6351,99.0403 18.6337,99.0400 18.6322,99.0395 18.6306,99.0390 18.6288,99.0385 18.6275,99.0380 18.6255,99.0364 18.6238,99.0354 18.6224,99.0346 18.6206,99.0328 18.6192,99.0316 18.6177,99.0306 18.6158,99.0293 18.6138,99.0278
	p	18.6075,99.0130 18.6066,99.0124
	p	18.6075,99.0129 18.6086,99.0137
	p	18.6068,99.0124 18.6075,99.0129
	p	18.6083,99.0136 18.6075,99.0130
	p	18.6131,99.0190 18.6125,99.0173 18.6114,99.0159 18.6083,99.0136
	p	18.6133,99.0249 18.6129,99.0255
	p	18.6126,99.0254 18.6133,99.0240 18.6136,99.0224 18.6134,99.0207 18.6131,99.0190
	p	18.5484,98.9679 18.5493,98.9677
	p	18.5494,98.9678 18.5484,98.9680
	p	18.5509,98.9676 18.5495,98.9678 18.5494,98.9678
	p	18.5484,98.9680 18.5445,98.9686
	p	18.5493,98.9677 18.5509,98.9675
	p	18.5445,98.9685 18.5462,98.9682 18.5484,98.9679
	p	18.5445,98.9685 18.5440,98.9686
	p	18.6047,99.0108 18.6068,99.0124
	p	18.6006,99.0074 18.6024,99.0091 18.6046,99.0107 18.6047,99.0108
	p	18.6046,99.0109 18.6024,99.0093 18.6005,99.0075
	p	18.6066,99.0124 18.6049,99.0111 18.6046,99.0109
	p	18.8056,98.9853 18.8069,98.9851 18.8095,98.9848 18.8096,98.9848
127	t	18.2515,99.4986 18.2515,99.5006 18.2515,99.5026
127	t	18.2513,99.5052 18.2513,99.5020 18.2514,99.4998 18.2515,99.4986
	t	18.2513,99.5055 18.2513,99.5052
121	p	18.8338,99.0368 18.8340,99.0364
1421	t	19.8651,100.0480 19.8643,100.0463 19.8637,100.0448 19.8636,100.0440
1421	t	19.8559,99.8921 19.8563,99.8938 19.8543,99.8995 19.8537,99.9011 19.8528,99.9035
107	p	18.9791,98.9453 18.9805,98.9454 18.9821,98.9456 18.9853,98.9455 18.9869,98.9454 18.9877,98.9454
107	p	18.9893,98.9456 18.9877,98.9455 18.9853,98.9456 18.9831,98.9456 18.9812,98.9456 18.9791,98.9453
11	t	18.0188,99.7146 18.0206,99.7133
11	t	18.0207,99.7134 18.0188,99.7147
11	t	18.0206,99.7133 18.0219,99.7124
11	t	18.0219,99.7124 18.0207,99.7134
107	p	20.0234,99.2780 20.0225,99.2766 20.0224,99.2749 20.0220,99.2734 20.0211,99.2723 20.0200,99.2712 20.0191,99.2698 20.0178,99.2690 20.0166,99.2683 20.0150,99.2674 20.0143,99.2669
107	p	20.0328,99.2980 20.0327,99.2978
107	p	19.3882,98.9534 19.3884,98.9536
107	p	19.3802,98.9473 19.3815,98.9483 19.3827,98.9492 19.3867,98.9523 19.3877,98.9531
107	p	18.9635,98.9442 18.9650,98.9447 18.9663,98.9452 18.9696,98.9456 18.9712,98.9457 18.9735,98.9456 18.9749,98.9454 18.9766,98.9452 18.9782,98.9452 18.9785,98.9452
121	p	18.7497,99.0548 18.7484,99.0534 18.7472,99.0523
121	p	18.7471,99.0521 18.7468,99.0519
121	p	18.7472,99.0523 18.7471,99.0521
	p	19.1710,99.9066 19.1709,99.9064
127	t	18.2569,99.5404 18.2578,99.5407
	p	18.9785,98.9452 18.9791,98.9453
	p	18.9791,98.9453 18.9777,98.9452 18.9749,98.9455 18.9735,98.9457 18.9712,98.9457 18.9696,98.9457 18.9675,98.9456 18.9657,98.9451 18.9637,98.9443 18.9630,98.9442
	p	18.9630,98.9441 18.9635,98.9442
131	t	19.8440,99.7998 19.8437,99.8002
1	t	19.8432,99.7995 19.8435,99.7999
131	t	19.8435,99.7999 19.8438,99.7995
131	t	19.9601,99.8526 19.9598,99.8531
1418	t	19.9594,99.8531 19.9595,99.8529
1	t	19.9597,99.8533 19.9594,99.8531
1	t	19.9598,99.8531 19.9603,99.8533
ชม.3035	p	18.7110,98.9237 18.7119,98.9245
ชม.3035	p	18.7109,98.9236 18.7110,98.9237
ชม.3035	p	18.7108,98.9243 18.7097,98.9221 18.7091,98.9202 18.7086,98.9184 18.7082,98.9168 18.7078,98.9153 18.7073,98.9135
118	p	18.8040,99.0184 18.8043,99.0188
118	p	18.8039,99.0185 18.8037,99.0181
121	p	18.8003,99.0635 18.8011,99.0630
121	p	18.8004,99.0636 18.8003,99.0636
121	p	18.8003,99.0636 18.7980,99.0650 18.7967,99.0658 18.7952,99.0667 18.7940,99.0674 18.7924,99.0682 18.7910,99.0687 18.7894,99.0692 18.7878,99.0696 18.7863,99.0699 18.7843,99.0701 18.7818,99.0701 18.7798,99.0700 18.7781,99.0697 18.7765,99.0694 18.7746,99.0689 18.7733,99.0687 18.7720,99.0683 18.7711,99.0680
ชม.3029	p	18.7963,99.0359 18.7980,99.0353 18.7990,99.0340 18.7996,99.0328 18.8010,99.0319 18.8035,99.0306 18.8042,99.0302
121	p	18.7835,98.9584 18.7818,98.9584 18.7801,98.9584 18.7788,98.9579 18.7779,98.9556 18.7774,98.9541 18.7756,98.9526
107	p	18.8499,98.9697 18.8512,98.9693
107	p	18.8500,98.9699 18.8486,98.9704 18.8477,98.9707
107	p	18.8502,98.9698 18.8500,98.9699
ชม.3029	p	18.8280,99.0064 18.8264,99.0071
ชม.3035	p	18.7120,98.9245 18.7167,98.9269 18.7190,98.9280 18.7205,98.9281 18.7210,98.9279
103	p	18.7219,99.9703 18.7218,99.9704
103	p	18.7217,99.9703 18.7218,99.9702
103	p	18.7218,99.9704 18.7209,99.9721 18.7197,99.9745 18.7189,99.9757 18.7180,99.9769 18.7164,99.9791 18.7159,99.9798
103	p	18.7159,99.9798 18.7154,99.9805
103	p	18.6156,100.0258 18.6147,100.0264
11	t	18.2685,99.4644 18.2691,99.4640
11	t	18.2692,99.4642 18.2686,99.4645
127	t	18.2619,99.4701 18.2628,99.4687 18.2632,99.4683
121	p	18.8006,99.0634 18.8004,99.0636
107	p	19.5595,99.0769 19.5610,99.0773 19.5624,99.0772 19.5627,99.0771
107	p	19.5627,99.0771 19.5629,99.0769
107	p	19.5629,99.0769 19.5639,99.0758 19.5647,99.0771 19.5655,99.0785 19.5669,99.0786 19.5678,99.0797 19.5691,99.0795 19.5703,99.0787 19.5701,99.0801 19.5711,99.0813 19.5724,99.0821 19.5722,99.0837 19.5729,99.0852 19.5740,99.0863 19.5749,99.0879 19.5748,99.0885
107	p	19.5748,99.0885 19.5747,99.0887
118	p	18.8787,99.1428 18.8794,99.1442 18.8803,99.1462 18.8814,99.1485 18.8821,99.1502 18.8823,99.1506
118	p	18.8786,99.1426 18.8787,99.1428
118	p	18.8821,99.1505 18.8806,99.1474 18.8797,99.1453 18.8787,99.1432 18.8786,99.1430
118	p	18.8786,99.1430 18.8785,99.1428
121	p	18.8162,98.9632 18.8162,98.9632
121	p	18.8116,98.9634 18.8112,98.9633
118	p	18.8113,99.0288 18.8114,99.0289
118	p	18.8112,99.0289 18.8111,99.0287
118	p	18.8111,99.0287 18.8101,99.0273 18.8100,99.0272
118	p	18.8113,99.0290 18.8112,99.0289
118	p	18.8114,99.0289 18.8124,99.0302 18.8135,99.0316 18.8146,99.0331 18.8151,99.0336
121	p	18.8578,98.9976 18.8595,98.9950 18.8629,98.9897 18.8647,98.9871 18.8655,98.9855
121	p	18.8667,98.9713 18.8668,98.9693 18.8668,98.9680
121	p	18.8667,98.9735 18.8667,98.9723
	p	18.8665,98.9805 18.8666,98.9754
	p	18.8484,99.0116 18.8496,99.0100 18.8519,99.0066
	p	18.8536,99.0040 18.8538,99.0037
	p	18.8521,99.0063 18.8536,99.0040
	p	18.8519,99.0066 18.8521,99.0063
	p	18.8481,99.0121 18.8484,99.0116
121	p	18.8538,99.0037 18.8549,99.0020 18.8559,99.0005 18.8570,98.9988 18.8578,98.9976
	p	18.7987,98.9862 18.8003,98.9860 18.8003,98.9860
116	p	18.4889,98.9219 18.4886,98.9239 18.4883,98.9268 18.4880,98.9287 18.4878,98.9302 18.4874,98.9327 18.4871,98.9344 18.4867,98.9364 18.4864,98.9380 18.4851,98.9405 18.4835,98.9435 18.4825,98.9445 18.4811,98.9455 18.4790,98.9469
116	p	18.4790,98.9469 18.4824,98.9444 18.4847,98.9409
116	p	18.4847,98.9409 18.4860,98.9385 18.4863,98.9380
107	p	19.1991,98.9644 19.1977,98.9645 19.1973,98.9623 19.1967,98.9610 19.1947,98.9599 19.1930,98.9591 19.1908,98.9580 19.1895,98.9574 19.1880,98.9567 19.1868,98.9559 19.1861,98.9555
107	p	19.1991,98.9644 19.1991,98.9644
107	p	19.1862,98.9554 19.1876,98.9564 19.1921,98.9586 19.1947,98.9598 19.1962,98.9606 19.1972,98.9616 19.1976,98.9631 19.1979,98.9646 19.1990,98.9644
107	p	19.1990,98.9644 19.1991,98.9643
101	p	19.4947,100.9016 19.4936,100.9004 19.4926,100.8992 19.4905,100.8981 19.4887,100.8973 19.4885,100.8971
101	p	19.4885,100.8971 19.4901,100.8978 19.4919,100.8986 19.4931,100.8995 19.4945,100.9013 19.4947,100.9016
101	p	19.5183,100.9273 19.5174,100.9259 19.5164,100.9243 19.5148,100.9229 19.5140,100.9217 19.5141,100.9187 19.5138,100.9172 19.5108,100.9143 19.5096,100.9131 19.5083,100.9118 19.5068,100.9106
107	p	19.2531,98.9679 19.2530,98.9679
107	p	19.2531,98.9679 19.2531,98.9679
107	p	19.2479,98.9682 19.2476,98.9686
107	p	19.2479,98.9681 19.2479,98.9682
107	p	19.2305,98.9686 19.2324,98.9684 19.2333,98.9683
107	p	19.2304,98.9687 19.2305,98.9686
107	p	19.2333,98.9684 19.2316,98.9685 19.2304,98.9687
107	p	19.2304,98.9687 19.2304,98.9688
116	p	18.5089,99.0026 18.5102,99.0037 18.5138,99.0066 18.5166,99.0089 18.5185,99.0105 18.5201,99.0117 18.5224,99.0136 18.5228,99.0140
116	p	18.5373,99.0259 18.5359,99.0247 18.5343,99.0233 18.5324,99.0218 18.5305,99.0202 18.5287,99.0187 18.5275,99.0178 18.5263,99.0168 18.5250,99.0158 18.5236,99.0147 18.5228,99.0140
107	p	19.4166,98.9625 19.4176,98.9639 19.4181,98.9654 19.4189,98.9681
107	p	19.4189,98.9681 19.4192,98.9689
107	p	19.3878,98.9531 19.3882,98.9534
107	p	19.3877,98.9531 19.3878,98.9531
121	p	18.7543,98.9412 18.7546,98.9411
121	p	18.7546,98.9411 18.7550,98.9410
121	p	18.7502,98.9408 18.7516,98.9408 18.7529,98.9415 18.7543,98.9412
121	p	18.7547,98.9414 18.7541,98.9415
121	p	18.7551,98.9412 18.7547,98.9414
121	p	18.7541,98.9415 18.7527,98.9418 18.7514,98.9410 18.7509,98.9410
121	p	18.7655,98.9472 18.7654,98.9471
121	p	18.7659,98.9477 18.7655,98.9472
121	p	18.7657,98.9471 18.7661,98.9474
121	p	18.7649,98.9462 18.7655,98.9469
121	p	18.7661,98.9474 18.7676,98.9490 18.7686,98.9498
118	p	18.8956,99.1871 18.8963,99.1885 18.8972,99.1896 18.8977,99.1911 18.8989,99.1920 18.8999,99.1931 18.9002,99.1946 18.8998,99.1963 18.9009,99.1981 18.9018,99.1993 18.9030,99.2011 18.9053,99.2044 18.9060,99.2058 18.9069,99.2113 18.9073,99.2129 18.9080,99.2145 18.9095,99.2164 18.9104,99.2178 18.9115,99.2203 18.9122,99.2220 18.9126,99.2235 18.9126,99.2250 18.9131,99.2264 18.9140,99.2276 18.9150,99.2288 18.9157,99.2307 18.9162,99.2320
118	p	18.9229,99.2403 18.9255,99.2391 18.9270,99.2383 18.9293,99.2372 18.9308,99.2371 18.9321,99.2379 18.9335,99.2384 18.9350,99.2383
118	p	18.9350,99.2383 18.9354,99.2382
118	p	18.9224,99.2402 18.9229,99.2403
118	p	18.9590,99.2341 18.9576,99.2347 18.9560,99.2350 18.9547,99.2345 18.9538,99.2334 18.9529,99.2320 18.9516,99.2313 18.9497,99.2318 18.9481,99.2326 18.9462,99.2342 18.9448,99.2344 18.9433,99.2361 18.9420,99.2368 18.9406,99.2366 18.9388,99.2375 18.9374,99.2381 18.9353,99.2383
118	p	18.9592,99.2340 18.9595,99.2340
118	p	18.9596,99.2341 18.9590,99.2341
118	p	18.9354,99.2382 18.9371,99.2380 18.9387,99.2374 18.9401,99.2366 18.9418,99.2367 18.9431,99.2362 18.9438,99.2348 18.9452,99.2343 18.9478,99.2327 18.9491,99.2319 18.9505,99.2313 18.9519,99.2312 18.9531,99.2320 18.9538,99.2334 18.9548,99.2344 18.9563,99.2349 18.9578,99.2345 18.9592,99.2340
118	p	18.9640,99.2373 18.9644,99.2376
118	p	18.9595,99.2340 18.9609,99.2346 18.9618,99.2357 18.9637,99.2371 18.9640,99.2373
118	p	18.9793,99.2586 18.9796,99.2590
118	p	18.9644,99.2376 18.9659,99.2400 18.9668,99.2416 18.9692,99.2458 18.9702,99.2475 18.9714,99.2493 18.9721,99.2509
118	p	18.9723,99.2514 18.9731,99.2530 18.9739,99.2543 18.9751,99.2552 18.9767,99.2552 18.9780,99.2563 18.9788,99.2577 18.9793,99.2586
118	p	18.9721,99.2509 18.9723,99.2514
118	p	18.9909,99.2753 18.9915,99.2768 18.9930,99.2773 18.9945,99.2775 18.9955,99.2790 18.9962,99.2804 18.9967,99.2812
118	p	19.0144,99.2989 19.0132,99.2973 19.0120,99.2959 19.0109,99.2946 19.0099,99.2931 19.0078,99.2910 19.0055,99.2891 19.0042,99.2887 19.0027,99.2889 19.0014,99.2884 19.0005,99.2876
118	p	18.9796,99.2590 18.9807,99.2607 18.9827,99.2627 18.9841,99.2642 18.9857,99.2662 18.9868,99.2676 18.9878,99.2693 18.9891,99.2704 18.9901,99.2714 18.9906,99.2735 18.9908,99.2748
118	p	18.9908,99.2748 18.9909,99.2753
118	p	19.0005,99.2874 19.0016,99.2884 19.0029,99.2888 19.0043,99.2885 19.0073,99.2904 19.0094,99.2922 19.0107,99.2941 19.0121,99.2958 19.0133,99.2972 19.0142,99.2984 19.0145,99.2988
118	p	19.0002,99.2871 19.0005,99.2874
118	p	19.0666,99.3784 19.0668,99.3768 19.0661,99.3753 19.0651,99.3740 19.0645,99.3727 19.0635,99.3714 19.0627,99.3696 19.0625,99.3682 19.0616,99.3666 19.0614,99.3663
118	p	19.0891,99.4131 19.0890,99.4128
118	p	19.0843,99.4028 19.0841,99.4023
118	p	19.0862,99.4089 19.0852,99.4077 19.0849,99.4060 19.0843,99.4046 19.0842,99.4037
118	p	19.0899,99.4184 19.0898,99.4182
118	p	19.0898,99.4182 19.0891,99.4168 19.0887,99.4154 19.0888,99.4139 19.0891,99.4131
118	p	19.0948,99.4350 19.0943,99.4334 19.0940,99.4320 19.0943,99.4303 19.0939,99.4284 19.0932,99.4258 19.0937,99.4244 19.0928,99.4231 19.0923,99.4216 19.0917,99.4210
118	p	19.0917,99.4210 19.0916,99.4209
118	p	19.0950,99.4354 19.0948,99.4350
118	p	19.0916,99.4209 19.0914,99.4198
118	p	19.0977,99.4449 19.0978,99.4433 19.0974,99.4419 19.0960,99.4404 19.0953,99.4392 19.0952,99.4369 19.0950,99.4354
118	p	19.1024,99.4500 19.1010,99.4495 19.0997,99.4483 19.0985,99.4474 19.0977,99.4462 19.0977,99.4453
118	p	19.0977,99.4453 19.0977,99.4449
118	p	19.1026,99.4500 19.1024,99.4500
118	p	19.1099,99.4567 19.1086,99.4560 19.1084,99.4549
118	p	19.2116,99.5179 19.2131,99.5178 19.2149,99.5176 19.2165,99.5175 19.2183,99.5172 19.2198,99.5171 19.2212,99.5169 19.2226,99.5167 19.2242,99.5165 19.2263,99.5163 19.2279,99.5161 19.2309,99.5158 19.2328,99.5156 19.2342,99.5154 19.2362,99.5148 19.2376,99.5141 19.2400,99.5137 19.2420,99.5137 19.2436,99.5137 19.2473,99.5136 19.2500,99.5135 19.2516,99.5135 19.2534,99.5133 19.2547,99.5130 19.2564,99.5124 19.2577,99.5119 19.2590,99.5114 19.2604,99.5110 19.2622,99.5108 19.2641,99.5109 19.2664,99.5113 19.2680,99.5116 19.2695,99.5118 19.2711,99.5121 19.2759,99.5124 19.2778,99.5125 19.2805,99.5125 19.2820,99.5124 19.2834,99.5124 19.2855,99.5123 19.2873,99.5122 19.2901,99.5121 19.2933,99.5119 19.2942,99.5119
118	p	19.3288,99.5127 19.3325,99.5116 19.3343,99.5112 19.3358,99.5108 19.3373,99.5105 19.3392,99.5100 19.3411,99.5096 19.3429,99.5092 19.3448,99.5088 19.3463,99.5085 19.3478,99.5080 19.3496,99.5075 19.3512,99.5070 19.3526,99.5065 19.3545,99.5059 19.3565,99.5052 19.3581,99.5047 19.3602,99.5041 19.3606,99.5040
1	t	19.7139,99.7184 19.7124,99.7193 19.7110,99.7201 19.7094,99.7204 19.7079,99.7200 19.7063,99.7193 19.7049,99.7189 19.7016,99.7196 19.6996,99.7201 19.6978,99.7206 19.6935,99.7218 19.6911,99.7224 19.6895,99.7230 19.6882,99.7238 19.6858,99.7261 19.6846,99.7268 19.6829,99.7271 19.6811,99.7275 19.6782,99.7285 19.6743,99.7299 19.6731,99.7304 19.6717,99.7310 19.6699,99.7324 19.6688,99.7333 19.6673,99.7339 19.6621,99.7348 19.6602,99.7351 19.6580,99.7356 19.6566,99.7359 19.6553,99.7363 19.6536,99.7367 19.6519,99.7370 19.6501,99.7372 19.6481,99.7374 19.6468,99.7377 19.6450,99.7385 19.6422,99.7402 19.6406,99.7412 19.6386,99.7424 19.6373,99.7428 19.6336,99.7430 19.6296,99.7429 19.6276,99.7429 19.6223,99.7430 19.6208,99.7430 19.6194,99.7434 19.6167,99.7446 19.6148,99.7455 19.6131,99.7463 19.6116,99.7470 19.6102,99.7474 19.6087,99.7477 19.6070,99.7481 19.6039,99.7488 19.6023,99.7491 19.6000,99.7490 19.5970,99.7488 19.5955,99.7486 19.5938,99.7478 19.5914,99.7469 19.5897,99.7465 19.5837,99.7451 19.5823,99.7450 19.5800,99.7454 19.5774,99.7459 19.5761,99.7465
1421	t	19.8398,99.9386 19.8390,99.9406 19.8367,99.9468 19.8362,99.9482 19.8356,99.9501 19.8351,99.9522 19.8350,99.9543 19.8350,99.9566 19.8351,99.9607 19.8351,99.9627 19.8353,99.9726 19.8353,99.9763 19.8354,99.9856 19.8358,99.9881 19.8364,99.9901 19.8375,99.9920 19.8390,99.9938 19.8404,99.9950 19.8467,99.9985
1421	t	19.8526,99.9034 19.8532,99.9018 19.8558,99.8950 19.8561,99.8935 19.8558,99.8922
1152	t	19.8400,99.8747 19.8411,99.8758 19.8425,99.8785 19.8432,99.8800 19.8439,99.8816 19.8445,99.8835 19.8450,99.8853 19.8456,99.8866 19.8475,99.8881 19.8488,99.8886 19.8502,99.8889 19.8514,99.8895 19.8527,99.8901 19.8544,99.8908 19.8552,99.8912
1152	t	19.8548,99.8911 19.8527,99.8902 19.8514,99.8896 19.8501,99.8890 19.8488,99.8888 19.8474,99.8882 19.8458,99.8870 19.8449,99.8853 19.8442,99.8830 19.8436,99.8811 19.8424,99.8785 19.8413,99.8763 19.8403,99.8751 19.8399,99.8748
1421	t	19.8493,100.0001 19.8510,100.0017 19.8524,100.0032 19.8580,100.0094 19.8603,100.0119 19.8614,100.0136 19.8623,100.0155 19.8627,100.0174 19.8632,100.0222 19.8634,100.0306 19.8635,100.0337 19.8636,100.0372 19.8636,100.0401
1421	t	19.8492,100.0003 19.8466,99.9987
1421	t	19.8467,99.9985 19.8493,100.0001
1421	t	19.8466,99.9987 19.8410,99.9956 19.8396,99.9946 19.8382,99.9932 19.8369,99.9914 19.8359,99.9893 19.8354,99.9870 19.8351,99.9763 19.8351,99.9725 19.8349,99.9627 19.8349,99.9607 19.8348,99.9566 19.8348,99.9543 19.8349,99.9522 19.8353,99.9503 19.8360,99.9482 19.8365,99.9467 19.8388,99.9406 19.8393,99.9392 19.8396,99.9385
1421	t	19.8634,100.0401 19.8634,100.0384 19.8632,100.0306 19.8630,100.0222 19.8628,100.0183 19.8623,100.0162 19.8613,100.0139 19.8601,100.0121 19.8578,100.0095 19.8522,100.0034 19.8509,100.0019 19.8496,100.0006 19.8492,100.0003
1421	t	19.8637,100.0439 19.8641,100.0455 19.8653,100.0479
1421	t	19.8653,100.0479 19.8657,100.0488
1421	t	19.8655,100.0489 19.8651,100.0480
1421	t	19.8816,100.0612 19.8806,100.0599 19.8789,100.0591 19.8731,100.0575 19.8718,100.0567 19.8685,100.0537 19.8675,100.0526 19.8666,100.0510 19.8655,100.0489
1421	t	19.8819,100.0617 19.8816,100.0612
1421	t	19.8657,100.0488 19.8667,100.0510 19.8676,100.0525 19.8686,100.0535 19.8719,100.0565 19.8732,100.0573 19.8789,100.0590 19.8803,100.0595 19.8817,100.0611
1421	t	19.8817,100.0611 19.8820,100.0616
1421	t	19.8847,100.1644 19.8836,100.1575 19.8828,100.1531 19.8818,100.1470 19.8816,100.1454 19.8816,100.1439 19.8818,100.1424 19.8822,100.1408 19.8832,100.1373 19.8837,100.1359 19.8844,100.1346 19.8865,100.1315 19.8883,100.1287 19.8890,100.1272 19.8892,100.1255 19.8891,100.1235 19.8891,100.1219 19.8896,100.1204 19.8902,100.1191 19.8906,100.1175 19.8908,100.1160 19.8910,100.1144 19.8906,100.1130 19.8903,100.1114 19.8906,100.1089
1421	t	19.8908,100.1088 19.8905,100.1112 19.8907,100.1127 19.8911,100.1141 19.8911,100.1158 19.8908,100.1172 19.8906,100.1186 19.8900,100.1199 19.8894,100.1215 19.8892,100.1230 19.8893,100.1246 19.8893,100.1261 19.8891,100.1275 19.8885,100.1288 19.8876,100.1302 19.8866,100.1316 19.8850,100.1340 19.8841,100.1355 19.8836,100.1368 19.8825,100.1404 19.8821,100.1419 19.8819,100.1435 19.8818,100.1451 19.8820,100.1467 19.8830,100.1531 19.8837,100.1572 19.8848,100.1641 19.8849,100.1646
1421	t	19.8849,100.1648 19.8862,100.1728
1421	t	19.8847,100.1646 19.8847,100.1644
1421	t	19.8849,100.1646 19.8849,100.1648
1421	t	19.8907,100.1065 19.8906,100.1051 19.8907,100.1028 19.8908,100.1009 19.8909,100.0977 19.8907,100.0959 19.8897,100.0918 19.8891,100.0896 19.8886,100.0878 19.8881,100.0862 19.8875,100.0847 19.8869,100.0832 19.8855,100.0799 19.8849,100.0783 19.8847,100.0766 19.8846,100.0746 19.8845,100.0728 19.8845,100.0713 19.8845,100.0695 19.8843,100.0679 19.8829,100.0636 19.8821,100.0620 19.8819,100.0617
1421	t	19.8906,100.1089 19.8906,100.1088
1421	t	19.8863,100.1744 19.8861,100.1733
1421	t	19.8862,100.1728 19.8863,100.1733
1421	t	19.8865,100.1748 19.8868,100.1764 19.8884,100.1858 19.8906,100.1993 19.8913,100.2038 19.8917,100.2062 19.8921,100.2088
1421	t	19.8860,100.1728 19.8848,100.1652 19.8847,100.1646
1421	t	19.8864,100.1748 19.8863,100.1744
1421	t	19.8863,100.1733 19.8865,100.1744
1421	t	19.8861,100.1733 19.8860,100.1728
1421	t	19.8865,100.1744 19.8865,100.1748
1421	t	19.8921,100.2088 19.8926,100.2120 19.8931,100.2146 19.8933,100.2161 19.8935,100.2178 19.8936,100.2195 19.8939,100.2244 19.8940,100.2266
1421	t	19.8919,100.2089 19.8915,100.2061 19.8910,100.2033 19.8905,100.1998 19.8882,100.1859 19.8867,100.1766 19.8864,100.1748
1421	t	19.8940,100.2270 19.8941,100.2285
1421	t	19.8940,100.2291 19.8939,100.2286
1421	t	19.8935,100.2475 19.8933,100.2502
1421	t	19.8941,100.2285 19.8941,100.2290
1421	t	19.8933,100.2502 19.8926,100.2578 19.8914,100.2723 19.8909,100.2788 19.8905,100.2831 19.8904,100.2844
1421	t	19.8938,100.2264 19.8934,100.2198 19.8933,100.2181 19.8932,100.2165 19.8929,100.2150 19.8925,100.2121 19.8919,100.2089
1421	t	19.8941,100.2290 19.8944,100.2331 19.8945,100.2347 19.8945,100.2363 19.8944,100.2380 19.8942,100.2395 19.8939,100.2440 19.8936,100.2465 19.8935,100.2475
1421	t	19.8934,100.2474 19.8935,100.2458 19.8937,100.2439 19.8941,100.2393 19.8942,100.2376 19.8943,100.2360 19.8943,100.2344 19.8940,100.2291
1421	t	19.8940,100.2266 19.8940,100.2270
1421	t	19.8939,100.2286 19.8938,100.2269
1421	t	19.8938,100.2269 19.8938,100.2264
1421	t	19.8931,100.2500 19.8934,100.2474
1421	t	19.8894,100.2935 19.8899,100.2879 19.8902,100.2842 19.8906,100.2791 19.8911,100.2733 19.8924,100.2581 19.8931,100.2500
	p	18.8461,99.0157 18.8451,99.0173 18.8437,99.0195 18.8431,99.0202
121	p	18.8434,99.0195 18.8448,99.0173
	p	18.8430,99.0201 18.8438,99.0184 18.8447,99.0172 18.8456,99.0158 18.8459,99.0156
	p	18.8449,99.0173 18.8435,99.0196
121	p	18.8505,99.0090 18.8489,99.0115
121	p	18.8392,99.0265 18.8384,99.0279 18.8371,99.0306 18.8362,99.0324 18.8350,99.0348 18.8344,99.0361 18.8330,99.0390
107	p	19.4813,99.0154 19.4815,99.0173 19.4817,99.0194 19.4819,99.0214
107	p	19.4819,99.0214 19.4823,99.0231 19.4832,99.0250 19.4843,99.0261 19.4857,99.0266 19.4871,99.0270 19.4889,99.0277 19.4901,99.0288 19.4909,99.0302 19.4915,99.0318 19.4925,99.0330 19.4942,99.0342 19.4955,99.0355 19.4966,99.0369 19.4971,99.0384 19.4974,99.0409 19.4970,99.0430 19.4979,99.0451 19.4981,99.0471 19.4988,99.0484 19.5000,99.0495 19.5016,99.0501 19.5030,99.0505 19.5044,99.0510 19.5064,99.0525 19.5081,99.0536 19.5096,99.0542 19.5112,99.0554 19.5125,99.0558 19.5150,99.0561 19.5163,99.0566 19.5182,99.0563 19.5195,99.0560 19.5217,99.0558 19.5261,99.0560 19.5283,99.0554 19.5297,99.0552 19.5312,99.0547 19.5324,99.0540 19.5329,99.0541
109	p	19.6940,99.4044 19.6955,99.4047 19.6963,99.4048
109	p	19.6940,99.4044 19.6947,99.4028 19.6949,99.4013 19.6951,99.3999 19.6966,99.3999 19.6974,99.3987 19.6983,99.3975 19.6996,99.3970 19.7013,99.3963 19.7027,99.3962 19.7040,99.3951 19.7052,99.3945 19.7066,99.3946 19.7080,99.3941 19.7095,99.3940 19.7109,99.3935 19.7124,99.3926 19.7129,99.3913 19.7131,99.3897 19.7141,99.3887 19.7125,99.3872 19.7119,99.3856 19.7112,99.3843 19.7117,99.3829 19.7116,99.3813 19.7125,99.3798 19.7134,99.3785 19.7148,99.3784 19.7155,99.3759 19.7164,99.3746 19.7173,99.3729 19.7180,99.3716 19.7194,99.3718 19.7210,99.3714 19.7219,99.3700 19.7221,99.3684 19.7236,99.3679 19.7241,99.3693 19.7255,99.3684 19.7276,99.3677 19.7281,99.3657 19.7295,99.3654 19.7309,99.3660 19.7319,99.3650 19.7333,99.3644 19.7338,99.3658 19.7356,99.3655 19.7375,99.3650 19.7388,99.3645 19.7385,99.3661 19.7396,99.3672 19.7408,99.3683 19.7418,99.3672 19.7440,99.3680 19.7439,99.3665 19.7449,99.3656 19.7456,99.3642 19.7453,99.3627 19.7465,99.3618 19.7475,99.3616
109	p	19.6963,99.4048 19.6949,99.4050 19.6940,99.4044
120	p	19.0915,99.9052 19.0933,99.9085
120	p	19.0932,99.9086 19.0917,99.9059 19.0915,99.9052
120	p	19.0951,99.9125 19.0935,99.9096 19.0932,99.9086
109	p	19.8519,99.2054 19.8528,99.2036 19.8531,99.2031
109	p	19.8519,99.2054 19.8512,99.2066 19.8500,99.2088 19.8492,99.2103 19.8484,99.2117 19.8475,99.2134 19.8466,99.2149 19.8456,99.2167 19.8442,99.2175 19.8382,99.2176 19.8361,99.2176 19.8341,99.2177 19.8326,99.2177 19.8290,99.2178 19.8265,99.2178 19.8243,99.2178 19.8200,99.2179 19.8138,99.2180 19.8122,99.2185 19.8111,99.2196 19.8110,99.2219 19.8116,99.2240 19.8116,99.2259 19.8099,99.2304 19.8093,99.2318 19.8082,99.2335 19.8079,99.2350 19.8091,99.2370 19.8083,99.2395 19.8062,99.2416 19.8051,99.2430 19.8044,99.2446 19.8044,99.2464 19.8044,99.2471
109	p	19.8531,99.2031 19.8523,99.2047 19.8519,99.2054
11	t	18.5452,99.0597 18.5440,99.0618 18.5433,99.0631 18.5400,99.0688 18.5382,99.0717 18.5372,99.0732 18.5362,99.0743 18.5304,99.0794 18.5225,99.0864 18.5178,99.0908 18.5136,99.0945 18.5128,99.0952
11	t	18.5855,99.0422 18.5840,99.0423 18.5822,99.0425 18.5798,99.0429 18.5770,99.0433 18.5757,99.0435 18.5743,99.0437 18.5722,99.0440 18.5704,99.0443 18.5690,99.0445 18.5675,99.0447 18.5636,99.0452 18.5606,99.0457 18.5591,99.0459
106	p	17.4087,99.3890 17.4090,99.3890
106	p	17.4090,99.3890 17.4157,99.3871 17.4170,99.3865 17.4184,99.3844 17.4193,99.3832 17.4302,99.3755 17.4328,99.3737 17.4341,99.3731 17.4354,99.3718 17.4367,99.3709 17.4410,99.3714 17.4437,99.3720 17.4523,99.3712 17.4537,99.3710 17.4550,99.3700 17.4561,99.3689 17.4574,99.3681 17.4606,99.3657 17.4625,99.3642 17.4641,99.3630 17.4653,99.3621 17.4666,99.3610 17.4681,99.3595 17.4696,99.3580 17.4710,99.3567 17.4722,99.3555 17.4740,99.3536 17.4754,99.3528 17.4771,99.3524 17.4815,99.3513 17.4821,99.3511
106	p	17.6302,99.2379 17.6315,99.2372 17.6329,99.2361 17.6344,99.2354 17.6366,99.2354 17.6382,99.2355 17.6405,99.2357
106	p	17.6299,99.2395 17.6299,99.2386
106	p	17.6301,99.2386 17.6299,99.2395
106	p	17.6299,99.2386 17.6302,99.2379
106	p	17.6405,99.2358 17.6390,99.2357 17.6374,99.2356 17.6357,99.2355 17.6340,99.2356 17.6325,99.2365 17.6313,99.2375 17.6304,99.2380
114	p	18.5738,99.0107 18.5730,99.0131 18.5725,99.0145 18.5720,99.0162 18.5716,99.0174
	t	18.5889,99.0421 18.5911,99.0422 18.5929,99.0424 18.5931,99.0425
11	t	18.4867,99.1306 18.4850,99.1299 18.4835,99.1293 18.4817,99.1285 18.4800,99.1279 18.4784,99.1275 18.4766,99.1273 18.4750,99.1274 18.4708,99.1276 18.4685,99.1278 18.4669,99.1278 18.4654,99.1282 18.4643,99.1293 18.4637,99.1309 18.4627,99.1323 18.4625,99.1337 18.4633,99.1354 18.4639,99.1368 18.4645,99.1384 18.4652,99.1397 18.4665,99.1416 18.4671,99.1429 18.4675,99.1448 18.4672,99.1466 18.4663,99.1485
11	t	18.5127,99.0951 18.5146,99.0933 18.5172,99.0909 18.5220,99.0866 18.5243,99.0844 18.5289,99.0804 18.5312,99.0783 18.5323,99.0774 18.5335,99.0764 18.5356,99.0745 18.5369,99.0733 18.5381,99.0716 18.5392,99.0697 18.5419,99.0651 18.5426,99.0638 18.5440,99.0615 18.5451,99.0597
11	t	18.0003,99.7712 18.0005,99.7718
106	p	17.7709,98.9599 17.7721,98.9581 17.7732,98.9571 17.7767,98.9559 17.7788,98.9552 17.7801,98.9547
106	p	17.7801,98.9548 17.7784,98.9554 17.7764,98.9561 17.7751,98.9566 17.7732,98.9573 17.7722,98.9582 17.7711,98.9599
106	p	17.7711,98.9599 17.7701,98.9614 17.7693,98.9626 17.7679,98.9635 17.7646,98.9649 17.7644,98.9650
106	p	17.7801,98.9547 17.7815,98.9542 17.7835,98.9537 17.7863,98.9536 17.7878,98.9533 17.7893,98.9530 17.7910,98.9529 17.7916,98.9529
106	p	17.8015,98.9497 17.8027,98.9491 17.8039,98.9478 17.8050,98.9465 17.8072,98.9441 17.8089,98.9422 17.8099,98.9411 17.8122,98.9385 17.8128,98.9379
106	p	17.7996,98.9506 17.7979,98.9514 17.7959,98.9524 17.7947,98.9530 17.7926,98.9530 17.7911,98.9530 17.7897,98.9530 17.7878,98.9534 17.7863,98.9538 17.7847,98.9538 17.7820,98.9542 17.7801,98.9548
118	p	18.8244,99.0456 18.8231,99.0440 18.8216,99.0422 18.8206,99.0409
118	p	19.5689,99.4926 19.5707,99.4929 19.5721,99.4932 19.5738,99.4932 19.5751,99.4930
118	p	19.1934,99.5137 19.1946,99.5147 19.1957,99.5157 19.1972,99.5162 19.1989,99.5165 19.2003,99.5168 19.2016,99.5170 19.2030,99.5170 19.2043,99.5172 19.2058,99.5174 19.2075,99.5177 19.2092,99.5179 19.2108,99.5179 19.2116,99.5179
118	p	19.1084,99.4549 19.1084,99.4534 19.1061,99.4509 19.1049,99.4501 19.1026,99.4500
118	p	19.1085,99.4548 19.1088,99.4562 19.1108,99.4569 19.1121,99.4575 19.1127,99.4594 19.1134,99.4608 19.1138,99.4615
118	p	19.1207,99.4701 19.1200,99.4689 19.1189,99.4679 19.1182,99.4665 19.1172,99.4654 19.1160,99.4645 19.1150,99.4634 19.1142,99.4622 19.1139,99.4618
118	p	19.1209,99.4701 19.1214,99.4716 19.1213,99.4734 19.1205,99.4747 19.1199,99.4764 19.1208,99.4785 19.1215,99.4798 19.1226,99.4811 19.1236,99.4822 19.1244,99.4833 19.1252,99.4858 19.1264,99.4888 19.1273,99.4907 19.1289,99.4924 19.1299,99.4934 19.1319,99.4943 19.1336,99.4949 19.1350,99.4950 19.1375,99.4943 19.1383,99.4942
	p	19.2828,97.9598 19.2828,97.9602
	p	19.2827,97.9602 19.2828,97.9598
128	p	19.3473,97.9613 19.3477,97.9622
	p	19.2827,97.9602 19.2827,97.9602
	p	19.2824,97.9602 19.2826,97.9602
128	p	19.3477,97.9622 19.3473,97.9613
108	p	19.2826,97.9604 19.2824,97.9602
114	p	18.5531,99.0465 18.5541,99.0450 18.5547,99.0441
114	p	18.5525,99.0474 18.5531,99.0465
114	p	18.5557,99.0430 18.5541,99.0454 18.5530,99.0471 18.5526,99.0476
114	p	18.5677,99.0258 18.5686,99.0243 18.5695,99.0223
114	p	18.5554,99.0432 18.5579,99.0394
114	p	18.5547,99.0441 18.5554,99.0432
114	p	18.5522,99.0482 18.5525,99.0474
114	p	18.5525,99.0486 18.5522,99.0482
114	p	18.5526,99.0476 18.5526,99.0485
114	p	18.5678,99.0260 18.5651,99.0297 18.5637,99.0317 18.5628,99.0328 18.5618,99.0343 18.5607,99.0358 18.5599,99.0369 18.5572,99.0409 18.5568,99.0415
114	p	18.5579,99.0394 18.5592,99.0375 18.5608,99.0355 18.5618,99.0341 18.5631,99.0322 18.5653,99.0292 18.5674,99.0263 18.5677,99.0258
11	t	18.5549,99.0470 18.5535,99.0478 18.5526,99.0485
118	p	18.9968,99.2813 18.9982,99.2834 18.9988,99.2848 18.9996,99.2864 19.0002,99.2871
118	p	18.9967,99.2812 18.9968,99.2813
118	p	18.9967,99.2813 18.9966,99.2812
118	p	19.0002,99.2873 18.9993,99.2862 18.9987,99.2848 18.9980,99.2835 18.9967,99.2813
118	p	18.8955,99.1863 18.8956,99.1871
118	p	18.8963,99.1794 18.8968,99.1810 18.8970,99.1824 18.8971,99.1839 18.8961,99.1855 18.8955,99.1863
118	p	18.8954,99.1863 18.8968,99.1847 18.8969,99.1832 18.8969,99.1817 18.8965,99.1802 18.8963,99.1795
118	p	18.8955,99.1871 18.8954,99.1863
11	t	18.2577,99.5409 18.2572,99.5422 18.2564,99.5448 18.2559,99.5463 18.2558,99.5471
11	t	18.3068,99.3964 18.3054,99.3989 18.3041,99.4012 18.3034,99.4026 18.3019,99.4052 18.3006,99.4076 18.2994,99.4099
118	p	18.8430,99.0731 18.8430,99.0730
118	p	18.8433,99.0736 18.8432,99.0734
118	p	18.8432,99.0734 18.8430,99.0731
11	t	18.7008,99.0481 18.7036,99.0472 18.7049,99.0468 18.7064,99.0463 18.7078,99.0459 18.7091,99.0455 18.7106,99.0450 18.7132,99.0442 18.7148,99.0438 18.7157,99.0435
123	t	20.4333,99.9061 20.4350,99.9058 20.4388,99.9050
123	t	20.4332,99.9061 20.4333,99.9061
123	t	20.4269,99.9074 20.4296,99.9068 20.4305,99.9066
123	t	20.4268,99.9074 20.4269,99.9074
107	p	19.8159,99.1666 19.8176,99.1671 19.8194,99.1677 19.8201,99.1678
109	p	19.8059,99.2570 19.8074,99.2612 19.8081,99.2631 19.8083,99.2648 19.8070,99.2668 19.8062,99.2688 19.8051,99.2727 19.8040,99.2741 19.8036,99.2754
107	p	19.8201,99.1679 19.8184,99.1674 19.8170,99.1671 19.8158,99.1667
109	p	19.8044,99.2471 19.8044,99.2494 19.8042,99.2510 19.8043,99.2524 19.8050,99.2543 19.8058,99.2566 19.8059,99.2570
	p	19.0914,100.8089 19.0907,100.8090
101	p	19.0907,100.8090 19.0877,100.8090 19.0848,100.8091 19.0846,100.8091
101	p	19.0975,100.8087 19.0961,100.8088 19.0940,100.8088 19.0914,100.8089
101	p	19.0846,100.8091 19.0869,100.8090 19.0905,100.8089 19.0907,100.8089
101	p	18.9272,100.7656 18.9287,100.7656 18.9298,100.7647 18.9298,100.7628 18.9300,100.7613 18.9318,100.7607 18.9331,100.7618 18.9344,100.7638 18.9358,100.7654 18.9369,100.7662 18.9383,100.7668 18.9398,100.7667 18.9412,100.7662 18.9426,100.7656 18.9446,100.7660 18.9462,100.7668 18.9475,100.7678 18.9487,100.7690 18.9506,100.7696 18.9525,100.7700 18.9540,100.7704 18.9558,100.7711 18.9571,100.7715 18.9605,100.7719 18.9622,100.7723 18.9635,100.7729 18.9658,100.7739 18.9677,100.7746 18.9692,100.7747 18.9707,100.7745 18.9724,100.7744 18.9772,100.7760 18.9788,100.7763 18.9818,100.7760
101	p	18.8886,100.7510 18.8900,100.7519 18.8920,100.7532 18.8937,100.7543 18.8952,100.7549 18.8974,100.7557 18.8990,100.7562 18.9004,100.7570 18.9018,100.7579 18.9030,100.7588 18.9049,100.7598 18.9062,100.7605 18.9090,100.7615 18.9133,100.7629 18.9150,100.7635 18.9165,100.7642 18.9178,100.7652 18.9191,100.7658 18.9210,100.7654 18.9227,100.7650 18.9244,100.7651 18.9258,100.7654 18.9272,100.7656
101	p	18.9272,100.7656 18.9258,100.7655 18.9244,100.7653 18.9227,100.7652 18.9201,100.7658 18.9187,100.7659 18.9169,100.7647 18.9154,100.7638 18.9134,100.7631 18.9090,100.7617 18.9070,100.7610 18.9047,100.7599 18.9029,100.7589 18.9018,100.7581 18.9003,100.7571 18.8990,100.7564 18.8959,100.7554 18.8942,100.7547 18.8919,100.7533 18.8885,100.7511
101	p	18.8046,100.7776 18.8076,100.7770 18.8090,100.7768 18.8103,100.7763 18.8119,100.7748 18.8131,100.7736 18.8145,100.7721 18.8154,100.7708 18.8161,100.7686 18.8169,100.7672 18.8223,100.7662 18.8240,100.7660 18.8254,100.7653 18.8279,100.7606 18.8288,100.7575 18.8293,100.7561 18.8300,100.7537 18.8306,100.7515 18.8322,100.7484 18.8330,100.7471 18.8356,100.7458 18.8376,100.7451 18.8379,100.7425 18.8383,100.7410 18.8407,100.7384
101	p	18.8046,100.7777 18.8030,100.7780 18.8005,100.7785 18.7966,100.7792
101	p	18.8885,100.7511 18.8870,100.7505 18.8855,100.7503 18.8837,100.7494 18.8823,100.7486
ชร.1063	p	20.0289,99.8972 20.0279,99.8984 20.0273,99.8997 20.0271,99.9014 20.0282,99.9077 20.0296,99.9156 20.0303,99.9197 20.0307,99.9219 20.0314,99.9267 20.0317,99.9284 20.0318,99.9298 20.0325,99.9425 20.0326,99.9445 20.0327,99.9463 20.0331,99.9534 20.0333,99.9571
ชร.5023	p	20.0286,99.8971 20.0289,99.8972
ชร.1063	p	20.0286,99.8971 20.0308,99.8949 20.0316,99.8934 20.0320,99.8918 20.0321,99.8901 20.0318,99.8885 20.0305,99.8860 20.0295,99.8842 20.0282,99.8817 20.0277,99.8803 20.0276,99.8786 20.0280,99.8764
ชร.5023	p	20.0285,99.8973 20.0270,99.8966 20.0256,99.8965 20.0235,99.8978 20.0220,99.8983 20.0169,99.8972 20.0153,99.8965 20.0138,99.8955 20.0122,99.8944 20.0109,99.8938 20.0076,99.8936
ชร.1063	p	20.0285,99.8973 20.0286,99.8971
121	p	18.7654,98.9471 18.7648,98.9465
121	p	18.7655,98.9469 18.7657,98.9471
121	p	18.7627,98.9445 18.7640,98.9454 18.7649,98.9462
121	p	18.7627,98.9445 18.7627,98.9445
1	p	19.8705,99.8259 19.8719,99.8267 19.8731,99.8276 19.8749,99.8293 19.8759,99.8303
1	p	19.8615,99.8202 19.8620,99.8206
118	p	19.0914,99.4198 19.0903,99.4188 19.0899,99.4184
118	p	19.0841,99.4023 19.0831,99.4012 19.0826,99.4002
118	p	19.0842,99.4037 19.0843,99.4028
118	p	19.0890,99.4128 19.0879,99.4121 19.0874,99.4105 19.0864,99.4092 19.0862,99.4089
118	p	18.9130,99.2265 18.9126,99.2257
118	p	18.9161,99.2321 18.9156,99.2306 18.9156,99.2305
118	p	18.9156,99.2305 18.9150,99.2291 18.9140,99.2276 18.9131,99.2265 18.9130,99.2265
118	p	18.9163,99.2325 18.9161,99.2321
118	p	18.9223,99.2403 18.9182,99.2356 18.9170,99.2342 18.9163,99.2325
118	p	18.9164,99.2325 18.9170,99.2339 18.9182,99.2353 18.9215,99.2396 18.9224,99.2402
118	p	18.9162,99.2320 18.9164,99.2325
106	p	17.6405,99.2358 17.6405,99.2357
106	p	17.6406,99.2357 17.6406,99.2358
106	p	17.6405,99.2357 17.6406,99.2357
106	p	17.6406,99.2358 17.6405,99.2358
ชร.5023	p	19.9552,99.8772 19.9524,99.8756
1	p	19.8767,99.8312 19.8766,99.8311
1	p	19.9104,99.8407 19.9103,99.8407
ชร.5023	p	19.9089,99.8594 19.9093,99.8592
ชร.5023	p	19.9525,99.8755 19.9552,99.8771
1418	p	19.9555,99.8772 19.9554,99.8774
1418	t	19.9598,99.8531 19.9597,99.8533
1365	p	18.8398,98.9650 18.8398,98.9651
1136	p	18.6123,99.0267 18.6123,99.0268
1136	p	18.6120,99.0266 18.6121,99.0265
1136	p	18.6117,99.0276 18.6111,99.0289
1136	p	18.6111,99.0289 18.6110,99.0293
106	p	18.5440,98.9687 18.5440,98.9686
106	p	18.5436,98.9665 18.5439,98.9680 18.5441,98.9687
106	p	18.5440,98.9686 18.5436,98.9670 18.5436,98.9665
114	p	18.5568,99.0415 18.5557,99.0430
127	t	18.2534,99.4852 18.2549,99.4824
1290	p	20.2204,100.1317 20.2214,100.1303 20.2227,100.1298 20.2241,100.1300 20.2255,100.1296 20.2270,100.1289
	p	20.1373,99.8403 20.1373,99.8407
101	p	18.1806,100.1829 18.1807,100.1823
101	t	18.2195,100.1977 18.2210,100.1977 18.2225,100.1984 18.2237,100.1999 18.2258,100.2044 18.2269,100.2069 18.2275,100.2082 18.2275,100.2083
101	t	18.2274,100.2083 18.2257,100.2044 18.2237,100.2000 18.2227,100.1988 18.2214,100.1980 18.2201,100.1978 18.2195,100.1978
101	t	18.2162,100.1983 18.2148,100.1985 18.2134,100.1988 18.2113,100.1991 18.2107,100.1992
101	t	18.2107,100.1991 18.2135,100.1986 18.2161,100.1982
101	t	17.9731,100.0768 17.9724,100.0749 17.9719,100.0736
101	t	17.9720,100.0735 17.9729,100.0761 17.9732,100.0767
11	p	18.2844,99.5159 18.2849,99.5147
11	p	18.2845,99.5162 18.2839,99.5177 18.2830,99.5189 18.2819,99.5200 18.2804,99.5208 18.2790,99.5212
11	p	18.2846,99.5160 18.2845,99.5162
11	p	18.2843,99.5161 18.2844,99.5159
	p	19.8982,99.2001 19.8983,99.2001
1418	p	19.9553,99.8774 19.9554,99.8771
	p	19.2843,97.9588 19.2830,97.9585 19.2828,97.9586
	p	19.2828,97.9586 19.2828,97.9598
123	t	20.4399,99.9049 20.4391,99.9050
123	t	20.4391,99.9050 20.4390,99.9050
1421	t	19.8636,100.0406 19.8637,100.0428 19.8637,100.0439
1421	t	19.8636,100.0401 19.8636,100.0406
1421	t	19.8636,100.0440 19.8634,100.0406
1421	t	19.8634,100.0406 19.8634,100.0401
101	t	18.7710,100.7649 18.7708,100.7649
101	t	18.7711,100.7649 18.7710,100.7649
101	t	18.7708,100.7649 18.7707,100.7648
101	p	19.5963,101.0860 19.5969,101.0879 19.5976,101.0890
	p	18.1525,100.1577 18.1526,100.1580
107	p	18.8471,98.9708 18.8477,98.9706
121	p	18.7276,98.9267 18.7258,98.9270
ชม.3035	p	18.7196,98.9282 18.7219,98.9276 18.7232,98.9273
121	p	18.7257,98.9268 18.7272,98.9265
	p	18.7258,98.9270 18.7233,98.9275
ชม.3035	p	18.7210,98.9279 18.7226,98.9273 18.7240,98.9270 18.7245,98.9269
ชม.3035	p	18.7233,98.9275 18.7216,98.9280 18.7205,98.9285
	p	18.7232,98.9273 18.7257,98.9268
121	p	18.7244,98.9274 18.7245,98.9269
121	p	18.7246,98.9269 18.7245,98.9274
107	p	19.3884,98.9536 19.3899,98.9548
1	p	19.9067,99.8407 19.9073,99.8407
114	p	18.5696,99.0223 18.5689,99.0240 18.5682,99.0254 18.5678,99.0260
114	p	18.5716,99.0175 18.5708,99.0193 18.5703,99.0206 18.5696,99.0223
114	p	18.5715,99.0173 18.5721,99.0156 18.5730,99.0128 18.5737,99.0107
114	p	18.5695,99.0223 18.5704,99.0202 18.5710,99.0186 18.5715,99.0174
พย.ถ1-0060	p	19.1792,99.8865 19.1791,99.8867
121	p	18.8435,99.0196 18.8421,99.0217 18.8414,99.0229 18.8406,99.0241 18.8396,99.0257 18.8392,99.0265
ชม.3035	p	18.6405,98.8422 18.6414,98.8439 18.6424,98.8457 18.6432,98.8472 18.6440,98.8484 18.6454,98.8489 18.6467,98.8506 18.6484,98.8534 18.6502,98.8549 18.6515,98.8559 18.6533,98.8588 18.6550,98.8619 18.6561,98.8635 18.6570,98.8648 18.6578,98.8660 18.6596,98.8674 18.6606,98.8685 18.6610,98.8699 18.6626,98.8721 18.6636,98.8734 18.6649,98.8750 18.6669,98.8776 18.6678,98.8796 18.6683,98.8809 18.6696,98.8830 18.6726,98.8876 18.6752,98.8915 18.6765,98.8927 18.6776,98.8936 18.6784,98.8949 18.6795,98.8959 18.6813,98.8972 18.6827,98.8978 18.6843,98.8975 18.6857,98.8972 18.6877,98.8967 18.6899,98.8962 18.6913,98.8960 18.6941,98.8980 18.6952,98.8988 18.6974,98.8997 18.6988,98.9004 18.7013,98.9015 18.7049,98.9048 18.7063,98.9088 18.7070,98.9111 18.7074,98.9127 18.7075,98.9130
ชม.3035	p	18.7076,98.9134 18.7081,98.9153 18.7088,98.9176 18.7094,98.9198 18.7100,98.9219 18.7108,98.9234 18.7109,98.9236
108	p	18.4420,98.6919 18.4429,98.6930 18.4443,98.6951 18.4467,98.7011 18.4475,98.7034 18.4484,98.7057 18.4494,98.7086 18.4503,98.7111 18.4512,98.7133 18.4512,98.7133
108	p	18.3880,98.6787 18.3894,98.6787 18.3925,98.6787 18.3941,98.6788 18.3958,98.6792 18.3972,98.6793 18.3992,98.6784 18.4007,98.6777 18.4028,98.6766 18.4040,98.6760 18.4056,98.6752 18.4072,98.6744 18.4086,98.6740 18.4098,98.6742
108	p	18.4098,98.6742 18.4084,98.6741 18.4068,98.6747 18.4052,98.6755 18.4039,98.6762 18.4026,98.6769 18.4013,98.6775 18.3993,98.6785 18.3980,98.6792 18.3966,98.6794 18.3952,98.6791 18.3938,98.6789 18.3893,98.6788 18.3880,98.6788
108	p	18.3880,98.6788 18.3873,98.6788
108	p	18.2669,98.6311 18.2655,98.6302 18.2641,98.6294 18.2629,98.6285 18.2617,98.6251 18.2614,98.6237 18.2606,98.6225 18.2595,98.6211 18.2574,98.6206 18.2561,98.6201 18.2548,98.6184 18.2543,98.6170 18.2540,98.6155 18.2534,98.6139 18.2527,98.6126 18.2517,98.6112 18.2510,98.6100 18.2505,98.6079 18.2498,98.6061 18.2497,98.6059
108	p	18.2497,98.6059 18.2485,98.6050 18.2470,98.6049 18.2453,98.6051 18.2428,98.6046 18.2413,98.6048 18.2398,98.6060 18.2385,98.6071 18.2372,98.6077 18.2358,98.6082 18.2343,98.6090 18.2327,98.6098 18.2314,98.6102
108	p	18.2497,98.6059 18.2504,98.6072 18.2508,98.6089 18.2513,98.6105 18.2527,98.6125 18.2535,98.6139 18.2541,98.6155 18.2543,98.6169 18.2549,98.6183 18.2557,98.6197 18.2569,98.6205 18.2585,98.6205 18.2599,98.6215 18.2609,98.6227 18.2616,98.6244 18.2620,98.6258 18.2624,98.6275 18.2637,98.6290 18.2656,98.6301 18.2669,98.6311
108	p	18.2226,98.4449 18.2212,98.4445 18.2183,98.4443 18.2170,98.4452
108	p	18.8390,97.9422 18.8402,97.9429 18.8418,97.9430 18.8432,97.9422 18.8446,97.9418 18.8474,97.9432 18.8486,97.9443 18.8496,97.9447
108	p	18.8138,97.9345 18.8148,97.9354 18.8160,97.9364 18.8172,97.9372 18.8185,97.9375 18.8204,97.9367 18.8225,97.9355 18.8238,97.9348 18.8251,97.9340 18.8272,97.9329 18.8286,97.9328 18.8299,97.9331 18.8310,97.9344 18.8314,97.9352
1	p	20.4188,99.8841 20.4218,99.8831 20.4236,99.8825 20.4251,99.8829 20.4264,99.8835 20.4268,99.8836
1	t	20.3775,99.8849 20.3749,99.8854 20.3732,99.8857 20.3719,99.8857 20.3703,99.8855 20.3689,99.8853 20.3676,99.8848 20.3647,99.8851 20.3594,99.8858 20.3525,99.8866 20.3507,99.8868 20.3482,99.8870 20.3457,99.8871 20.3443,99.8871 20.3424,99.8869 20.3394,99.8863 20.3336,99.8852 20.3313,99.8847 20.3303,99.8845
123	t	20.3901,99.9019 20.3904,99.9020
123	t	20.3904,99.9020 20.3950,99.9031 20.3969,99.9036 20.3990,99.9041 20.4031,99.9052 20.4088,99.9066 20.4097,99.9069
1	t	20.3182,99.8817 20.3210,99.8823 20.3232,99.8828 20.3255,99.8833 20.3268,99.8836 20.3282,99.8839 20.3297,99.8842 20.3301,99.8843
1	t	20.3301,99.8845 20.3260,99.8836 20.3242,99.8832 20.3222,99.8827 20.3181,99.8818 20.3163,99.8814 20.3137,99.8808 20.3123,99.8804 20.3109,99.8799 20.3076,99.8784 20.3054,99.8774 20.2968,99.8734 20.2898,99.8702 20.2849,99.8679 20.2836,99.8673 20.2815,99.8664 20.2801,99.8657 20.2787,99.8650 20.2753,99.8634 20.2728,99.8621 20.2714,99.8614 20.2693,99.8604 20.2680,99.8597 20.2658,99.8586 20.2645,99.8580 20.2630,99.8572 20.2617,99.8565 20.2602,99.8563 20.2585,99.8562 20.2569,99.8560 20.2550,99.8560 20.2535,99.8560 20.2509,99.8560 20.2480,99.8561 20.2455,99.8561 20.2431,99.8561 20.2415,99.8561 20.2396,99.8561 20.2379,99.8562 20.2357,99.8562 20.2337,99.8562 20.2307,99.8562 20.2285,99.8563 20.2262,99.8563 20.2237,99.8563 20.2219,99.8564 20.2195,99.8566 20.2186,99.8569
1	t	20.2625,99.8567 20.2638,99.8574 20.2655,99.8583 20.2671,99.8591 20.2692,99.8602 20.2707,99.8609 20.2722,99.8617 20.2744,99.8628 20.2760,99.8636 20.2775,99.8643 20.2788,99.8649 20.2800,99.8655 20.2816,99.8663 20.2831,99.8669 20.2850,99.8677 20.2882,99.8693 20.2967,99.8732 20.3024,99.8758 20.3080,99.8784 20.3093,99.8790 20.3110,99.8798 20.3126,99.8803 20.3173,99.8815 20.3182,99.8817
1021	p	19.5711,100.2993 19.5696,100.2991
1021	p	19.5696,100.2990 19.5710,100.2991 19.5711,100.2991
1021	p	19.5723,100.2994 19.5711,100.2993
101	p	18.8823,100.7486 18.8806,100.7476 18.8771,100.7457 18.8749,100.7446 18.8719,100.7430 18.8703,100.7421 18.8690,100.7415 18.8689,100.7414
101	p	18.8407,100.7384 18.8420,100.7371 18.8434,100.7356 18.8456,100.7349 18.8470,100.7352 18.8483,100.7360 18.8499,100.7371 18.8525,100.7378 18.8544,100.7381 18.8557,100.7384 18.8580,100.7388 18.8607,100.7394 18.8646,100.7401 18.8672,100.7406 18.8686,100.7411 18.8688,100.7412
101	p	18.8689,100.7414 18.8688,100.7413
101	p	18.8688,100.7412 18.8689,100.7413
101	p	18.8688,100.7413 18.8674,100.7408 18.8646,100.7402 18.8616,100.7397 18.8589,100.7391 18.8568,100.7387 18.8551,100.7384 18.8529,100.7380 18.8512,100.7376 18.8498,100.7372 18.8485,100.7363 18.8469,100.7353 18.8446,100.7351 18.8421,100.7372 18.8397,100.7396 18.8387,100.7407 18.8380,100.7421 18.8382,100.7440 18.8363,100.7457 18.8340,100.7466 18.8328,100.7476 18.8311,100.7505 18.8301,100.7538 18.8293,100.7562 18.8284,100.7595 18.8263,100.7644 18.8253,100.7656 18.8240,100.7661 18.8224,100.7663 18.8208,100.7666 18.8178,100.7671 18.8165,100.7679 18.8156,100.7705 18.8149,100.7718 18.8139,100.7729 18.8120,100.7749 18.8109,100.7760 18.8097,100.7767 18.8078,100.7772 18.8046,100.7777
101	p	18.8689,100.7413 18.8703,100.7420 18.8758,100.7449 18.8803,100.7473 18.8818,100.7481 18.8831,100.7489 18.8847,100.7498 18.8860,100.7503 18.8875,100.7505 18.8886,100.7510
11	t	18.7576,99.0308 18.7489,99.0334 18.7474,99.0339 18.7451,99.0346 18.7436,99.0351 18.7365,99.0372 18.7348,99.0378 18.7332,99.0383
11	t	18.7583,99.0304 18.7606,99.0299 18.7641,99.0294 18.7724,99.0282 18.7798,99.0272 18.7814,99.0270
11	t	17.9590,99.9321 17.9601,99.9293 17.9611,99.9277 17.9624,99.9271 17.9638,99.9273 17.9652,99.9282 17.9668,99.9288 17.9684,99.9283 17.9692,99.9269 17.9696,99.9248 17.9704,99.9235 17.9720,99.9223 17.9731,99.9207 17.9737,99.9179 17.9751,99.9145 17.9758,99.9132 17.9770,99.9123 17.9791,99.9121 17.9809,99.9121 17.9825,99.9114 17.9836,99.9102 17.9841,99.9089 17.9844,99.9072 17.9855,99.9057 17.9873,99.9049 17.9885,99.9041 17.9894,99.9025 17.9894,99.9006 17.9890,99.8990 17.9881,99.8970 17.9874,99.8955 17.9870,99.8941 17.9876,99.8926 17.9890,99.8911 17.9900,99.8900 17.9905,99.8884 17.9904,99.8867 17.9904,99.8844 17.9907,99.8830 17.9917,99.8809 17.9921,99.8794 17.9918,99.8780 17.9913,99.8763 17.9916,99.8747 17.9924,99.8728 17.9928,99.8714 17.9931,99.8695 17.9932,99.8676 17.9930,99.8655 17.9924,99.8633 17.9912,99.8609 17.9907,99.8594 17.9906,99.8577 17.9912,99.8562 17.9924,99.8546 17.9927,99.8543
11	t	17.9590,99.9321 17.9580,99.9350 17.9573,99.9363 17.9547,99.9394 17.9539,99.9409 17.9536,99.9429 17.9538,99.9446 17.9541,99.9461 17.9543,99.9483 17.9541,99.9520 17.9538,99.9577 17.9538,99.9599 17.9539,99.9613 17.9546,99.9638 17.9553,99.9654 17.9557,99.9668 17.9555,99.9690 17.9554,99.9695
127	t	18.2553,99.4818 18.2561,99.4805 18.2569,99.4791 18.2581,99.4772 18.2588,99.4760
ชม.3029	p	18.7493,98.9412 18.7493,98.9409
ชม.3029	p	18.7494,98.9412 18.7494,98.9412
ชม.3029	p	18.7494,98.9409 18.7494,98.9412
108	p	19.0111,97.9729 19.0140,97.9731 19.0151,97.9741 19.0169,97.9754 19.0181,97.9763 19.0199,97.9784 19.0215,97.9785 19.0222,97.9799 19.0238,97.9811 19.0248,97.9828 19.0262,97.9837 19.0279,97.9831 19.0296,97.9829 19.0313,97.9823 19.0334,97.9836 19.0343,97.9848 19.0357,97.9859 19.0372,97.9865 19.0385,97.9874 19.0397,97.9882 19.0429,97.9886 19.0443,97.9894 19.0465,97.9900 19.0481,97.9907 19.0495,97.9920 19.0506,97.9937 19.0523,97.9939 19.0535,97.9946 19.0551,97.9946 19.0570,97.9946 19.0584,97.9945 19.0597,97.9951 19.0614,97.9947 19.0631,97.9943 19.0642,97.9951 19.0649,97.9966 19.0651,97.9967
108	p	19.0651,97.9967 19.0652,97.9967
108	p	19.1250,97.9900 19.1262,97.9914 19.1274,97.9926 19.1292,97.9925 19.1307,97.9927 19.1321,97.9925 19.1316,97.9941 19.1331,97.9946 19.1345,97.9957 19.1358,97.9950 19.1374,97.9952 19.1389,97.9942 19.1402,97.9933 19.1419,97.9938 19.1437,97.9939 19.1450,97.9928 19.1466,97.9925 19.1483,97.9934 19.1511,97.9937 19.1528,97.9934 19.1552,97.9925 19.1569,97.9920 19.1589,97.9921 19.1607,97.9925 19.1621,97.9920 19.1633,97.9914 19.1654,97.9911 19.1670,97.9909 19.1684,97.9910 19.1698,97.9898 19.1713,97.9895 19.1725,97.9886 19.1740,97.9891 19.1755,97.9892 19.1747,97.9881 19.1759,97.9874 19.1777,97.9863 19.1766,97.9854 19.1780,97.9850 19.1795,97.9854 19.1824,97.9847 19.1844,97.9822 19.1858,97.9814 19.1870,97.9823 19.1881,97.9833 19.1885,97.9835
108	p	19.1885,97.9835 19.1890,97.9837
118	p	19.0525,99.3523 19.0520,99.3507 19.0506,99.3499 19.0493,99.3492 19.0484,99.3478 19.0479,99.3464 19.0469,99.3445 19.0460,99.3432 19.0451,99.3420 19.0439,99.3407 19.0427,99.3396 19.0423,99.3390
1421	t	19.8904,100.2844 19.8901,100.2879 19.8897,100.2926 19.8896,100.2935
107	p	18.9078,98.9480 18.9077,98.9480
107	p	19.1510,98.9477 19.1524,98.9480 19.1566,98.9483 19.1583,98.9483 19.1604,98.9481 19.1629,98.9479 19.1647,98.9480 19.1661,98.9482 19.1689,98.9486 19.1704,98.9488 19.1728,98.9492 19.1743,98.9495 19.1770,98.9508 19.1784,98.9515 19.1802,98.9524 19.1826,98.9535 19.1838,98.9541 19.1852,98.9548 19.1857,98.9551
	p	18.6978,98.9283 18.6978,98.9284
108	p	18.4932,98.8129 18.4949,98.8147 18.4960,98.8160 18.4980,98.8181 18.5014,98.8219 18.5025,98.8231 18.5035,98.8243 18.5044,98.8255 18.5055,98.8271 18.5074,98.8298 18.5088,98.8318 18.5096,98.8330 18.5106,98.8345 18.5123,98.8372 18.5138,98.8393 18.5152,98.8415 18.5161,98.8428 18.5173,98.8442 18.5201,98.8471 18.5214,98.8485 18.5225,98.8496 18.5243,98.8516 18.5257,98.8531 18.5276,98.8551 18.5285,98.8561 18.5287,98.8575
108	p	18.5286,98.8575 18.5282,98.8560 18.5252,98.8527 18.5201,98.8474 18.5180,98.8452 18.5167,98.8438 18.5151,98.8415 18.5131,98.8386 18.5120,98.8368 18.5104,98.8344 18.5095,98.8331 18.5075,98.8301 18.5059,98.8278 18.5048,98.8263 18.5038,98.8249 18.5024,98.8232 18.5014,98.8220 18.4963,98.8164 18.4952,98.8152 18.4950,98.8150
108	p	18.4950,98.8150 18.4930,98.8128 18.4918,98.8115 18.4907,98.8103 18.4893,98.8089 18.4879,98.8073 18.4863,98.8056 18.4837,98.8028 18.4827,98.8018 18.4816,98.8006 18.4785,98.7973 18.4768,98.7955 18.4746,98.7931 18.4728,98.7913 18.4700,98.7884 18.4677,98.7860 18.4662,98.7843 18.4652,98.7833 18.4642,98.7822 18.4626,98.7806 18.4611,98.7790 18.4593,98.7771 18.4581,98.7755 18.4571,98.7740
108	p	18.1668,97.9362 18.1654,97.9378 18.1641,97.9390 18.1620,97.9411 18.1611,97.9423 18.1616,97.9442
1421	t	19.8428,99.9304 19.8398,99.9386
1421	t	19.8426,99.9303 19.8478,99.9166 19.8509,99.9080 19.8519,99.9053
1421	t	19.8396,99.9385 19.8426,99.9303
1421	t	19.8521,99.9054 19.8513,99.9076 19.8479,99.9167 19.8473,99.9183 19.8430,99.9298 19.8428,99.9304
1421	t	19.8528,99.9035 19.8521,99.9054
1421	t	19.8519,99.9053 19.8526,99.9034
1	t	17.8712,99.3371 17.8750,99.3369 17.8767,99.3370 17.8823,99.3380 17.8837,99.3382
1	t	17.8705,99.3371 17.8712,99.3371
1	t	17.8713,99.3372 17.8706,99.3373
1	t	17.8706,99.3373 17.8690,99.3372 17.8678,99.3365 17.8657,99.3341 17.8648,99.3329 17.8635,99.3310 17.8633,99.3307
1	t	17.8840,99.3383 17.8864,99.3387 17.8888,99.3391
1	t	17.8890,99.3392 17.8905,99.3394 17.8982,99.3408 17.8999,99.3410 17.9017,99.3412 17.9031,99.3412 17.9062,99.3414 17.9081,99.3415 17.9098,99.3416 17.9121,99.3417 17.9139,99.3421 17.9154,99.3430
1	t	17.8888,99.3391 17.8890,99.3392
1	t	17.8838,99.3384 17.8822,99.3382 17.8766,99.3372 17.8750,99.3371 17.8721,99.3372 17.8713,99.3372
1	t	17.8840,99.3385 17.8838,99.3384
1	t	17.8837,99.3382 17.8840,99.3383
1	t	17.8890,99.3393 17.8887,99.3393
1	t	17.8887,99.3393 17.8864,99.3389 17.8844,99.3385 17.8840,99.3385
	p	18.7959,100.7792 18.7960,100.7791
	p	18.7960,100.7794 18.7959,100.7792
	p	18.7961,100.7794 18.7960,100.7794
101	p	18.1729,100.1745 18.1739,100.1756 18.1767,100.1783 18.1778,100.1794
1	p	19.9371,99.8452 19.9355,99.8451 19.9337,99.8449 19.9333,99.8449
1	p	19.9373,99.8452 19.9372,99.8452
1	p	19.9375,99.8453 19.9373,99.8452
1	p	19.9375,99.8451 19.9379,99.8452
103	p	18.6164,100.0249 18.6229,100.0194 18.6241,100.0185 18.6366,100.0179 18.6427,100.0179 18.6445,100.0178 18.6475,100.0177 18.6603,100.0175 18.6617,100.0174 18.6633,100.0166 18.6738,100.0088 18.6758,100.0074 18.6774,100.0065 18.6885,100.0037 18.6979,100.0013 18.6996,100.0008 18.7009,100.0000 18.7020,99.9986 18.7073,99.9913 18.7095,99.9883 18.7097,99.9880
121	p	18.7711,99.0680 18.7692,99.0674 18.7676,99.0668
121	p	18.7670,99.0664 18.7674,99.0665
121	p	18.7671,99.0666 18.7670,99.0666
121	p	18.7676,99.0668 18.7671,99.0666
1	t	19.5578,99.7492 19.5583,99.7494
101	t	18.1807,100.1829 18.1821,100.1833 18.1837,100.1839 18.1861,100.1852 18.1878,100.1862 18.1893,100.1871 18.1913,100.1884 18.1926,100.1893 18.1944,100.1904 18.1959,100.1913 18.2003,100.1940 18.2021,100.1951
101	p	18.1779,100.1795 18.1794,100.1809 18.1806,100.1821 18.1807,100.1823
101	p	18.1778,100.1794 18.1779,100.1795
108	p	18.3803,97.9426 18.3803,97.9426
108	p	18.3803,97.9426 18.3797,97.9425
108	p	18.3797,97.9425 18.3787,97.9423
108	p	18.3797,97.9425 18.3803,97.9425
101	p	19.1998,100.9256 19.1973,100.9262 19.1965,100.9263
101	p	19.1965,100.9263 19.1942,100.9254 19.1923,100.9246 19.1906,100.9238 19.1885,100.9228 19.1871,100.9222
101	p	19.1767,100.9140 19.1810,100.9184 19.1813,100.9187
101	p	19.1812,100.9189 19.1766,100.9141 19.1761,100.9136
108	p	18.4513,98.7145 18.4507,98.7125 18.4495,98.7091 18.4482,98.7057 18.4473,98.7031 18.4467,98.7015 18.4458,98.6993 18.4449,98.6967 18.4443,98.6951 18.4433,98.6938 18.4419,98.6920
108	p	18.4517,98.7243 18.4517,98.7218 18.4517,98.7204 18.4518,98.7182 18.4515,98.7159 18.4513,98.7145
108	p	18.4517,98.7274 18.4517,98.7299 18.4516,98.7316 18.4516,98.7342 18.4515,98.7358 18.4515,98.7384 18.4515,98.7399 18.4514,98.7415 18.4513,98.7446 18.4513,98.7462 18.4513,98.7482 18.4512,98.7513
108	p	18.4512,98.7133 18.4517,98.7159 18.4519,98.7176 18.4519,98.7191 18.4518,98.7218 18.4517,98.7274
108	p	18.4537,98.7666 18.4532,98.7646 18.4525,98.7631 18.4518,98.7618 18.4514,98.7604 18.4513,98.7588 18.4513,98.7568 18.4512,98.7552 18.4511,98.7524 18.4510,98.7516
108	p	18.4571,98.7740 18.4549,98.7705 18.4541,98.7692 18.4538,98.7677 18.4537,98.7666
108	p	18.4512,98.7516 18.4513,98.7544 18.4514,98.7566 18.4515,98.7585 18.4515,98.7600 18.4519,98.7617 18.4527,98.7632 18.4533,98.7646 18.4537,98.7658
108	p	18.4537,98.7658 18.4539,98.7672 18.4540,98.7686 18.4550,98.7705 18.4562,98.7723 18.4575,98.7743
103	p	18.3277,100.2771 18.3292,100.2764 18.3309,100.2753
103	p	18.3273,100.2773 18.3277,100.2771
103	p	18.3309,100.2754 18.3294,100.2764 18.3278,100.2773
103	p	18.3278,100.2773 18.3274,100.2775
	p	18.7977,98.9863 18.7977,98.9863
121	p	18.8051,99.0606 18.8055,99.0603
	p	19.1699,99.8969 19.1699,99.8969
11	t	18.3068,99.3961 18.3075,99.3948 18.3087,99.3925
11	t	18.3095,99.3915 18.3069,99.3962
11	t	18.3069,99.3962 18.3068,99.3964
11	t	18.3066,99.3963 18.3068,99.3961
1021	p	19.5396,100.2962 19.5399,100.2981
1021	p	19.5395,100.2957 19.5396,100.2962
ชร.1063	p	20.0284,99.8734 20.0284,99.8733
1	t	20.0284,99.8734 20.0271,99.8730 20.0247,99.8723 20.0233,99.8719 20.0193,99.8707 20.0168,99.8700 20.0154,99.8697 20.0140,99.8694 20.0119,99.8689 20.0109,99.8687
ชร.1063	p	20.0286,99.8733 20.0286,99.8735
1	t	20.0286,99.8735 20.0284,99.8734
1	t	20.0109,99.8686 20.0141,99.8692 20.0157,99.8696 20.0209,99.8710 20.0227,99.8715 20.0244,99.8720 20.0261,99.8726 20.0282,99.8732 20.0284,99.8733
1	t	20.0284,99.8733 20.0286,99.8733
129	t	18.1409,100.1702 18.1432,100.1709 18.1436,100.1711
129	t	18.1406,100.1701 18.1409,100.1702
129	t	18.1436,100.1713 18.1409,100.1704 18.1408,100.1704
129	t	18.1408,100.1704 18.1406,100.1703
	t	18.1384,100.1695 18.1384,100.1696
11	t	17.9635,99.9885 17.9630,99.9881
11	t	17.9777,100.0332 17.9778,100.0317 17.9778,100.0299 17.9775,100.0271 17.9770,100.0220 17.9768,100.0191 17.9765,100.0162 17.9760,100.0143 17.9754,100.0119 17.9749,100.0103 17.9740,100.0073 17.9729,100.0035 17.9715,99.9998 17.9706,99.9976 17.9693,99.9953 17.9679,99.9931 17.9661,99.9905 17.9638,99.9886 17.9635,99.9885
1021	p	19.6789,100.2467 19.6786,100.2450 19.6776,100.2405 19.6774,100.2389 19.6771,100.2375 19.6769,100.2360 19.6764,100.2343 19.6759,100.2327 19.6756,100.2313 19.6756,100.2298 19.6759,100.2283 19.6755,100.2267 19.6752,100.2252 19.6761,100.2227 19.6767,100.2211 19.6768,100.2194 19.6774,100.2168 19.6775,100.2165
ชร.4068	p	19.7032,100.2119 19.7022,100.2132 19.7009,100.2142 19.6995,100.2147 19.6972,100.2155 19.6947,100.2163 19.6931,100.2166 19.6916,100.2167 19.6902,100.2167 19.6877,100.2167 19.6840,100.2167 19.6826,100.2167 19.6801,100.2169 19.6797,100.2169
ชร.4068	p	19.6797,100.2168 19.6815,100.2167 19.6829,100.2166 19.6877,100.2166 19.6902,100.2166 19.6916,100.2166 19.6931,100.2165 19.6947,100.2162 19.6972,100.2154 19.6997,100.2146 19.7011,100.2140 19.7024,100.2128 19.7031,100.2119
101	p	17.8022,99.8496 17.8080,99.8515 17.8108,99.8544 17.8117,99.8559 17.8126,99.8591 17.8135,99.8602 17.8159,99.8608 17.8187,99.8628 17.8200,99.8637 17.8234,99.8655 17.8249,99.8654 17.8263,99.8642 17.8317,99.8659 17.8332,99.8668 17.8347,99.8691 17.8359,99.8711 17.8369,99.8723 17.8393,99.8737 17.8429,99.8759 17.8444,99.8758 17.8458,99.8754 17.8478,99.8760 17.8510,99.8744 17.8542,99.8742 17.8599,99.8742 17.8619,99.8742 17.8639,99.8749 17.8653,99.8754 17.8689,99.8754 17.8703,99.8754 17.8717,99.8746 17.8726,99.8733 17.8744,99.8734 17.8767,99.8740 17.8824,99.8740 17.8838,99.8740 17.8875,99.8748 17.8904,99.8787 17.8932,99.8817 17.8952,99.8827 17.8966,99.8832 17.8983,99.8854 17.8993,99.8864 17.9013,99.8866 17.9026,99.8872 17.9049,99.8892 17.9062,99.8897 17.9120,99.8904 17.9136,99.8906 17.9171,99.8930 17.9184,99.8953 17.9188,99.8967 17.9188,99.8983 17.9183,99.9018 17.9181,99.9048 17.9180,99.9066 17.9174,99.9157 17.9172,99.9187 17.9174,99.9202 17.9190,99.9224 17.9207,99.9245 17.9222,99.9272 17.9241,99.9294 17.9255,99.9309 17.9266,99.9319 17.9288,99.9335 17.9343,99.9370 17.9372,99.9390 17.9381,99.9405 17.9393,99.9462 17.9398,99.9480 17.9411,99.9504 17.9417,99.9523 17.9426,99.9537 17.9443,99.9557 17.9458,99.9573 17.9476,99.9594 17.9486,99.9608 17.9495,99.9622 17.9506,99.9640 17.9521,99.9664 17.9529,99.9678 17.9544,99.9690
101	p	17.8018,99.8494 17.8022,99.8496
127	t	18.2511,99.5312 18.2511,99.5348
127	t	18.2509,99.5312 18.2509,99.5297 18.2510,99.5274 18.2510,99.5254 18.2510,99.5237 18.2511,99.5183 18.2511,99.5166 18.2511,99.5150 18.2512,99.5128 18.2512,99.5098 18.2513,99.5056 18.2513,99.5055
121	p	18.8666,98.9754 18.8667,98.9735
121	p	18.8667,98.9723 18.8667,98.9713
121	p	18.8666,98.9805 18.8665,98.9822 18.8664,98.9828
121	p	18.8663,98.9828 18.8665,98.9805
121	p	18.8660,98.9842 18.8663,98.9828
121	p	18.8664,98.9828 18.8661,98.9842
121	p	18.8668,98.9723 18.8668,98.9735
121	p	18.8658,98.9847 18.8660,98.9842
121	p	18.8655,98.9855 18.8658,98.9847
121	p	18.8660,98.9848 18.8656,98.9856
121	p	18.8661,98.9842 18.8660,98.9848
118	p	19.6359,99.5166 19.6348,99.5159 19.6340,99.5158
118	p	19.6340,99.5158 19.6354,99.5160 19.6360,99.5166
118	p	19.6360,99.5166 19.6363,99.5168
118	p	19.5748,99.4930 19.5764,99.4928 19.5784,99.4926 19.5798,99.4926
11	t	17.9733,100.0423 17.9750,100.0401 17.9763,100.0384
11	t	17.9763,100.0384 17.9765,100.0382
11	t	17.9764,100.0385 17.9752,100.0402 17.9742,100.0414 17.9729,100.0432 17.9723,100.0440
11	t	17.9637,99.9884 17.9655,99.9896 17.9671,99.9917 17.9680,99.9931 17.9701,99.9963 17.9709,99.9978 17.9715,99.9994 17.9721,100.0009 17.9727,100.0024 17.9742,100.0069 17.9756,100.0121 17.9762,100.0143 17.9766,100.0158 17.9770,100.0191 17.9772,100.0208 17.9774,100.0225 17.9777,100.0264 17.9779,100.0291 17.9780,100.0311 17.9779,100.0329 17.9777,100.0348 17.9775,100.0364 17.9770,100.0378 17.9766,100.0383
11	t	17.9765,100.0382 17.9772,100.0369 17.9775,100.0348 17.9777,100.0333 17.9777,100.0332
1152	t	19.8558,99.8922 19.8548,99.8911
1152	t	19.8552,99.8912 19.8559,99.8921
1421	t	19.8906,100.1088 19.8907,100.1073 19.8907,100.1071
1421	t	19.8907,100.1071 19.8907,100.1065
1421	t	19.8909,100.1071 19.8908,100.1088
1421	t	19.8908,100.1065 19.8909,100.1071
1020	t	19.9141,100.2976 19.9127,100.2973 19.9112,100.2970 19.9097,100.2967 19.9078,100.2965 19.9059,100.2965 19.9023,100.2961 19.9004,100.2958 19.8985,100.2954 19.8959,100.2948 19.8939,100.2943 19.8922,100.2940 19.8904,100.2939 19.8895,100.2938
1020	t	19.8894,100.2935 19.8914,100.2937 19.8931,100.2940 19.8950,100.2943 19.8984,100.2953 19.9004,100.2957 19.9023,100.2959 19.9049,100.2963 19.9066,100.2963 19.9081,100.2964 19.9096,100.2966 19.9113,100.2969 19.9140,100.2974 19.9141,100.2975
1020	t	19.8399,99.8748 19.8400,99.8747
	t	19.8605,99.8414 19.8604,99.8412
ชร.5023	p	19.8587,99.8390 19.8598,99.8401
ชร.5023	p	19.8597,99.8402 19.8583,99.8390
	p	18.5509,98.9675 18.5525,98.9675 18.5541,98.9680 18.5550,98.9685
	p	18.5555,98.9692 18.5544,98.9683 18.5531,98.9677 18.5513,98.9676 18.5509,98.9676
11	t	17.9721,100.0437 17.9733,100.0423
11	t	17.9723,100.0440 17.9704,100.0465 17.9692,100.0480 17.9682,100.0495 17.9678,100.0500
1	t	20.1035,99.8739 20.1012,99.8741 20.0998,99.8742 20.0971,99.8745 20.0949,99.8747 20.0923,99.8749 20.0906,99.8750 20.0889,99.8748 20.0866,99.8747 20.0852,99.8747 20.0839,99.8748 20.0817,99.8750 20.0804,99.8751 20.0786,99.8753 20.0771,99.8755 20.0752,99.8757 20.0737,99.8757 20.0723,99.8757 20.0707,99.8757 20.0688,99.8757 20.0639,99.8756 20.0611,99.8756 20.0588,99.8755 20.0564,99.8755 20.0542,99.8755 20.0528,99.8756 20.0506,99.8759
1	t	20.1036,99.8738 20.1071,99.8735 20.1091,99.8733 20.1134,99.8729 20.1149,99.8728 20.1162,99.8722 20.1174,99.8711 20.1185,99.8700 20.1197,99.8691 20.1226,99.8680 20.1240,99.8678 20.1255,99.8675 20.1269,99.8670 20.1286,99.8654 20.1298,99.8642 20.1313,99.8630 20.1324,99.8621 20.1340,99.8611 20.1351,99.8599 20.1361,99.8588 20.1371,99.8576 20.1374,99.8573
118	p	19.0746,99.3928 19.0735,99.3911 19.0725,99.3895 19.0709,99.3875 19.0698,99.3865 19.0687,99.3854 19.0683,99.3839 19.0674,99.3825 19.0667,99.3813 19.0664,99.3798 19.0666,99.3784
118	p	19.0666,99.3784 19.0666,99.3799 19.0669,99.3814 19.0678,99.3830 19.0684,99.3838
ชร.1063	p	20.2193,100.1193 20.2192,100.1178 20.2189,100.1137 20.2183,100.1055 20.2182,100.1037 20.2181,100.1018 20.2178,100.0979 20.2176,100.0953 20.2174,100.0935 20.2171,100.0892
ชร.1063	p	20.2173,100.0891 20.2177,100.0952 20.2179,100.0979 20.2182,100.1019 20.2185,100.1055 20.2190,100.1137 20.2193,100.1175 20.2195,100.1194
108	p	18.3808,97.9423 18.3813,97.9419
108	p	18.3813,97.9419 18.3809,97.9424
101	p	18.1726,100.1743 18.1729,100.1745
101	p	18.1725,100.1742 18.1726,100.1743
103	p	18.4167,100.1821 18.4166,100.1821
103	p	18.4166,100.1821 18.4152,100.1825 18.4137,100.1826 18.4117,100.1828 18.4097,100.1833 18.4084,100.1837 18.4067,100.1843 18.4050,100.1848 18.4029,100.1858 18.4013,100.1867 18.3996,100.1878 18.3981,100.1886 18.3965,100.1897 18.3945,100.1909 18.3910,100.1930 18.3891,100.1941 18.3878,100.1948 18.3833,100.1974 18.3813,100.1985 18.3763,100.2015 18.3750,100.2022 18.3736,100.2030 18.3722,100.2038 18.3709,100.2045 18.3678,100.2063 18.3652,100.2078 18.3628,100.2092 18.3600,100.2107 18.3585,100.2117 18.3560,100.2131 18.3546,100.2141 18.3538,100.2153 18.3534,100.2164
103	p	18.6147,100.0264 18.6164,100.0249
103	p	18.7099,99.9877 18.7119,99.9850 18.7133,99.9830 18.7143,99.9816 18.7152,99.9805
103	p	18.7097,99.9880 18.7099,99.9877
103	p	18.7154,99.9805 18.7144,99.9817 18.7135,99.9831 18.7119,99.9853 18.7105,99.9871 18.7101,99.9878
103	p	18.7101,99.9878 18.7099,99.9881
	p	18.8014,98.9677 18.8014,98.9677
107	p	19.3213,98.9549 19.3192,98.9560 19.3179,98.9565 19.3165,98.9565 19.3130,98.9571 19.3113,98.9572 19.3096,98.9571 19.3063,98.9572 19.3040,98.9570 19.3037,98.9569
107	p	19.3040,98.9569 19.3056,98.9570 19.3074,98.9570 19.3095,98.9569 19.3113,98.9571 19.3129,98.9570 19.3152,98.9565 19.3178,98.9564 19.3192,98.9559 19.3206,98.9552 19.3212,98.9548
107	p	19.3212,98.9548 19.3224,98.9539 19.3238,98.9535 19.3254,98.9540 19.3260,98.9540
107	p	19.3260,98.9541 19.3244,98.9538 19.3229,98.9536 19.3214,98.9548 19.3213,98.9549
1141	p	18.7696,98.9761 18.7706,98.9757
11	t	18.8014,98.9679 18.8019,98.9681
11	t	18.8032,98.9689 18.8027,98.9686
1141	p	18.7701,98.9760 18.7701,98.9760
107	p	19.1084,98.9375 19.1081,98.9374
107	p	19.1073,98.9369 19.1082,98.9373
107	p	18.8424,98.9729 18.8419,98.9731
114	p	18.5716,99.0174 18.5716,99.0175
114	p	18.5715,99.0174 18.5715,99.0173
121	p	18.7522,99.0572 18.7519,99.0570
121	p	18.7522,99.0567 18.7527,99.0571
	p	18.4863,98.9381 18.4862,98.9381
	p	18.4877,98.9385 18.4863,98.9381
106	p	18.4863,98.9380 18.4864,98.9380
106	p	18.4864,98.9380 18.4877,98.9385
	p	18.4862,98.9381 18.4849,98.9376
106	p	18.4849,98.9376 18.4863,98.9380
103	p	18.6077,100.0423 18.6092,100.0385 18.6101,100.0361 18.6121,100.0312 18.6128,100.0292 18.6135,100.0277 18.6147,100.0264 18.6147,100.0264
103	p	18.6076,100.0426 18.6077,100.0423
108	p	18.7496,98.9640 18.7492,98.9637
123	t	20.4390,99.9050 20.4371,99.9055 20.4354,99.9059 20.4339,99.9062 20.4333,99.9063
123	t	20.4388,99.9050 20.4390,99.9049
123	t	20.4390,99.9049 20.4391,99.9049
101	t	18.2475,100.2248 18.2459,100.2234 18.2370,100.2157 18.2346,100.2136 18.2334,100.2126 18.2321,100.2120 18.2298,100.2110 18.2287,100.2103 18.2278,100.2091 18.2274,100.2083
101	t	18.2275,100.2083 18.2284,100.2098 18.2295,100.2107 18.2312,100.2115 18.2327,100.2121 18.2341,100.2130 18.2355,100.2142 18.2371,100.2156 18.2423,100.2201 18.2441,100.2216 18.2458,100.2232 18.2475,100.2246 18.2476,100.2247
11	t	18.3918,99.2167 18.3920,99.2166
11	t	18.3631,99.2376 18.3645,99.2376 18.3663,99.2371 18.3683,99.2365 18.3698,99.2361 18.3715,99.2357 18.3735,99.2346 18.3752,99.2341 18.3765,99.2331 18.3776,99.2322 18.3776,99.2305 18.3768,99.2292 18.3775,99.2270 18.3783,99.2253 18.3792,99.2240 18.3803,99.2231 18.3817,99.2224 18.3829,99.2216 18.3844,99.2206 18.3863,99.2196 18.3877,99.2186 18.3895,99.2179 18.3918,99.2167
11	t	18.3921,99.2168 18.3918,99.2169
11	t	18.3925,99.2166 18.3921,99.2168
123	t	20.4305,99.9066 20.4322,99.9063 20.4332,99.9061
123	t	20.4332,99.9063 20.4297,99.9070 20.4269,99.9076
123	t	20.4333,99.9063 20.4332,99.9063
123	t	20.4391,99.9049 20.4398,99.9047
	t	20.4399,99.9049 20.4399,99.9049
107	p	18.8831,98.9588 18.8814,98.9598 18.8793,98.9611 18.8778,98.9619 18.8761,98.9624 18.8757,98.9625
107	p	18.8830,98.9586 18.8855,98.9569
11	t	17.9669,100.0579 17.9673,100.0595 17.9677,100.0610
11	t	17.9678,100.0500 17.9663,100.0518 17.9659,100.0532 17.9663,100.0554 17.9665,100.0561
11	t	17.9665,100.0561 17.9669,100.0579
1021	p	19.6771,100.2526 19.6760,100.2546 19.6751,100.2558 19.6739,100.2572
1021	p	19.6739,100.2572 19.6734,100.2577
106	p	18.4329,98.8696 18.4339,98.8706 18.4354,98.8721 18.4372,98.8740 18.4382,98.8754 18.4392,98.8768 18.4403,98.8778 18.4427,98.8795 18.4436,98.8805 18.4444,98.8819 18.4455,98.8842 18.4469,98.8872 18.4476,98.8885 18.4494,98.8901 18.4513,98.8914 18.4526,98.8923 18.4534,98.8937 18.4539,98.8964 18.4545,98.8992 18.4556,98.9047 18.4562,98.9077 18.4567,98.9100 18.4572,98.9118 18.4581,98.9133 18.4602,98.9155 18.4612,98.9165 18.4627,98.9178 18.4629,98.9181
106	p	18.4312,98.8681 18.4299,98.8667 18.4284,98.8651 18.4273,98.8640 18.4255,98.8621 18.4242,98.8608
106	p	18.4327,98.8696 18.4326,98.8695
106	p	18.4234,98.8598 18.4240,98.8603
106	p	18.4326,98.8695 18.4314,98.8683
106	p	18.4314,98.8683 18.4312,98.8681
106	p	18.4238,98.8604 18.4234,98.8598
106	p	18.4242,98.8608 18.4238,98.8604
131	t	19.9040,99.7803 19.9047,99.7801
131	t	19.9045,99.7803 19.9039,99.7804
1	t	20.0043,99.8674 20.0033,99.8672
1	t	20.0461,99.8762 20.0479,99.8760
1	t	20.0474,99.8762 20.0461,99.8763
1	t	20.0479,99.8760 20.0499,99.8759 20.0506,99.8758
1	t	20.1374,99.8573 20.1384,99.8567
107	p	20.1382,99.8564 20.1376,99.8574
1	t	20.1479,99.8575 20.1502,99.8580 20.1521,99.8583 20.1527,99.8585
1	t	20.1573,99.8597 20.1560,99.8603 20.1546,99.8601 20.1530,99.8589 20.1509,99.8583 20.1472,99.8575 20.1468,99.8575
1	t	20.1468,99.8573 20.1479,99.8575
1	t	20.1578,99.8594 20.1598,99.8586 20.1610,99.8578 20.1643,99.8542 20.1652,99.8537
1	t	20.1652,99.8537 20.1670,99.8533 20.1695,99.8530 20.1712,99.8527 20.1725,99.8527
1	t	20.1647,99.8540 20.1617,99.8572 20.1607,99.8582 20.1592,99.8589 20.1578,99.8595
1	t	20.1725,99.8529 20.1712,99.8529
1	t	20.1712,99.8529 20.1684,99.8533 20.1660,99.8536 20.1647,99.8540
1016	p	20.1810,99.8813 20.1821,99.8824 20.1822,99.8826
1016	p	20.1821,99.8827 20.1809,99.8814
1016	p	20.2106,99.9324 20.2118,99.9338 20.2144,99.9368
1016	p	20.2689,100.0679 20.2690,100.0703 20.2685,100.0722
1016	p	20.2684,100.0721 20.2689,100.0703 20.2688,100.0682 20.2688,100.0679
1290	p	20.2607,100.0919 20.2609,100.0937
1	t	19.8493,99.8089 19.8491,99.8087
ชร.5023	t	19.8494,99.8087 19.8493,99.8089
107	p	20.1373,99.8403 20.1374,99.8383 20.1372,99.8367 20.1368,99.8351 20.1364,99.8331 20.1360,99.8317 20.1354,99.8303 20.1344,99.8288 20.1331,99.8273 20.1321,99.8262 20.1310,99.8250 20.1302,99.8237 20.1291,99.8226 20.1285,99.8187 20.1284,99.8170 20.1283,99.8155 20.1278,99.8141 20.1271,99.8122 20.1265,99.8106 20.1259,99.8090 20.1255,99.8073 20.1247,99.8056 20.1244,99.8042 20.1239,99.8024 20.1227,99.8009 20.1208,99.8003 20.1197,99.7981 20.1181,99.7970 20.1165,99.7936 20.1163,99.7932
107	p	20.1163,99.7932 20.1155,99.7918 20.1152,99.7894 20.1149,99.7873 20.1141,99.7828 20.1142,99.7809 20.1144,99.7778 20.1126,99.7747 20.1122,99.7731 20.1122,99.7716 20.1120,99.7712
107	p	20.1120,99.7712 20.1107,99.7703 20.1101,99.7691 20.1100,99.7672 20.1089,99.7651 20.1082,99.7637 20.1077,99.7623 20.1080,99.7605 20.1093,99.7598 20.1100,99.7579 20.1095,99.7565 20.1097,99.7539 20.1100,99.7522 20.1101,99.7508
107	p	20.1101,99.7508 20.1100,99.7491 20.1098,99.7474 20.1089,99.7460 20.1078,99.7451 20.1069,99.7437 20.1069,99.7430
107	p	20.1069,99.7430 20.1074,99.7398 20.1080,99.7385 20.1086,99.7369 20.1088,99.7353 20.1091,99.7338 20.1096,99.7322 20.1098,99.7318
107	p	20.1098,99.7318 20.1109,99.7296 20.1110,99.7280 20.1109,99.7264 20.1117,99.7250 20.1097,99.7236 20.1087,99.7226 20.1083,99.7201 20.1084,99.7188
107	p	20.1084,99.7188 20.1087,99.7171 20.1085,99.7144 20.1087,99.7123 20.1079,99.7102 20.1082,99.7072 20.1076,99.7055 20.1085,99.7033
107	p	20.1085,99.7033 20.1097,99.7022 20.1107,99.7010 20.1106,99.6990 20.1101,99.6954 20.1096,99.6935 20.1093,99.6899 20.1093,99.6869 20.1097,99.6855 20.1100,99.6849
107	p	20.1036,99.6168 20.1034,99.6133 20.1031,99.6111 20.1032,99.6093 20.1033,99.6073 20.1031,99.6059 20.1029,99.6043 20.1030,99.6029 20.1030,99.6014 20.1032,99.5999 20.1033,99.5963 20.1039,99.5937 20.1039,99.5918 20.1036,99.5895 20.1041,99.5880 20.1041,99.5857 20.1042,99.5842 20.1046,99.5828 20.1039,99.5814 20.1031,99.5800 20.1016,99.5796 20.1003,99.5797 20.1007,99.5782 20.1021,99.5775 20.1034,99.5769 20.1044,99.5759 20.1040,99.5745 20.1045,99.5730 20.1035,99.5718 20.1021,99.5717 20.1012,99.5731 20.1011,99.5716 20.1016,99.5700 20.1017,99.5685 20.1021,99.5668 20.1018,99.5653 20.1020,99.5638 20.1016,99.5616 20.1008,99.5589 20.1007,99.5574 20.1015,99.5562 20.1018,99.5547 20.1030,99.5534 20.1033,99.5518 20.1029,99.5501 20.1026,99.5487 20.1020,99.5464 20.1016,99.5440 20.1012,99.5424 20.1011,99.5410 20.1003,99.5391 20.0995,99.5368 20.0993,99.5353 20.0991,99.5338 20.0976,99.5324 20.0966,99.5310 20.0958,99.5290 20.0946,99.5260 20.0938,99.5243 20.0926,99.5228 20.0919,99.5207 20.0915,99.5191 20.0908,99.5175 20.0892,99.5157 20.0885,99.5144 20.0874,99.5118 20.0866,99.5098 20.0864,99.5081 20.0860,99.5053 20.0855,99.5009 20.0847,99.4983 20.0840,99.4963 20.0832,99.4919 20.0827,99.4901 20.0820,99.4884 20.0809,99.4862 20.0805,99.4846 20.0805,99.4830 20.0801,99.4815 20.0792,99.4791 20.0785,99.4767 20.0779,99.4752 20.0769,99.4736 20.0761,99.4721 20.0757,99.4707 20.0759,99.4699
107	p	20.0759,99.4699 20.0757,99.4683 20.0758,99.4668 20.0748,99.4633 20.0741,99.4618 20.0731,99.4606 20.0714,99.4589 20.0695,99.4574 20.0682,99.4566 20.0666,99.4563 20.0658,99.4549 20.0653,99.4532 20.0643,99.4520 20.0631,99.4501 20.0629,99.4495
107	p	20.0607,99.3617 20.0600,99.3613
107	p	20.0622,99.3628 20.0615,99.3622
107	p	20.0600,99.3613 20.0588,99.3607 20.0571,99.3601
107	p	20.0389,99.3202 20.0384,99.3181 20.0380,99.3164 20.0380,99.3149 20.0382,99.3126 20.0383,99.3110 20.0380,99.3093 20.0376,99.3078 20.0375,99.3061 20.0372,99.3045 20.0369,99.3026 20.0368,99.3022
107	p	20.0368,99.3022 20.0355,99.3008 20.0339,99.2994 20.0328,99.2980
107	p	20.0327,99.2978 20.0318,99.2966 20.0317,99.2951 20.0317,99.2934 20.0319,99.2918 20.0319,99.2903 20.0317,99.2894
107	p	20.0317,99.2894 20.0312,99.2877 20.0300,99.2864 20.0288,99.2856 20.0277,99.2845 20.0266,99.2833 20.0256,99.2823 20.0248,99.2807 20.0242,99.2792 20.0234,99.2780
ชม.3035	p	18.6721,98.8873 18.6700,98.8841 18.6686,98.8820 18.6678,98.8807 18.6671,98.8787 18.6653,98.8760 18.6635,98.8737 18.6624,98.8723 18.6614,98.8711 18.6606,98.8699 18.6602,98.8685 18.6584,98.8671 18.6571,98.8655 18.6558,98.8637 18.6550,98.8624 18.6537,98.8602 18.6530,98.8589 18.6521,98.8574 18.6514,98.8562 18.6500,98.8552 18.6489,98.8542 18.6477,98.8529 18.6466,98.8511
108	p	18.4296,98.6822 18.4316,98.6835 18.4326,98.6842
107	p	18.8176,98.9818 18.8196,98.9810 18.8205,98.9807
107	p	18.9158,98.9448 18.9144,98.9453
107	p	18.9114,98.9464 18.9129,98.9458 18.9144,98.9453 18.9157,98.9447
107	p	18.9160,98.9447 18.9158,98.9448
107	p	20.0139,99.2667 20.0126,99.2657 20.0113,99.2651 20.0100,99.2643 20.0087,99.2636 20.0072,99.2634 20.0056,99.2632 20.0034,99.2617 20.0017,99.2598 20.0011,99.2590
107	p	20.0011,99.2590 20.0010,99.2589
1	t	19.4574,99.7561 19.4591,99.7557
1	t	19.4591,99.7557 19.4593,99.7557
1	t	19.4593,99.7559 19.4571,99.7564 19.4566,99.7565
1	t	19.4595,99.7558 19.4593,99.7559
107	p	20.1360,99.8476 20.1358,99.8460 20.1372,99.8409 20.1373,99.8403
107	p	20.1373,99.8407 20.1361,99.8451 20.1360,99.8467 20.1370,99.8503
103	p	18.3068,100.2926 18.3080,100.2916 18.3102,100.2900 18.3104,100.2897
103	p	18.3109,100.2895 18.3081,100.2917 18.3069,100.2927
103	p	18.5153,100.1305 18.5299,100.1279 18.5314,100.1279 18.5340,100.1289 18.5354,100.1295 18.5380,100.1304 18.5408,100.1296 18.5410,100.1282 18.5401,100.1270 18.5398,100.1251 18.5396,100.1233 18.5404,100.1216 18.5415,100.1203 18.5422,100.1191 18.5429,100.1174 18.5437,100.1162 18.5453,100.1165 18.5461,100.1154 18.5457,100.1138 18.5465,100.1123 18.5470,100.1108 18.5473,100.1102
103	p	18.5473,100.1102 18.5488,100.1098 18.5494,100.1082 18.5514,100.1072 18.5515,100.1072
103	p	18.5609,100.1005 18.5608,100.0990 18.5623,100.0983 18.5638,100.0982 18.5651,100.0971 18.5665,100.0955 18.5667,100.0936
103	p	18.5667,100.0936 18.5680,100.0915 18.5695,100.0903 18.5711,100.0894 18.5723,100.0879 18.5737,100.0873 18.5762,100.0881
107	p	20.1382,99.8546 20.1378,99.8532 20.1376,99.8525
1	t	20.1384,99.8567 20.1393,99.8565
1021	p	19.6734,100.2577 19.6718,100.2583 19.6691,100.2589 19.6680,100.2597 19.6678,100.2612 19.6677,100.2619
1021	p	19.6677,100.2619 19.6675,100.2635 19.6666,100.2653
1021	p	19.6666,100.2653 19.6656,100.2664 19.6643,100.2671 19.6630,100.2677 19.6613,100.2689 19.6601,100.2696 19.6583,100.2705 19.6560,100.2714 19.6543,100.2720 19.6532,100.2732 19.6528,100.2746 19.6531,100.2761 19.6531,100.2771
1021	p	19.6531,100.2771 19.6531,100.2774
1021	p	19.6357,100.2933 19.6344,100.2929 19.6325,100.2928 19.6308,100.2931 19.6296,100.2937 19.6280,100.2947 19.6258,100.2964 19.6244,100.2970 19.6230,100.2971
1021	p	19.6411,100.2918 19.6422,100.2910 19.6433,100.2900 19.6443,100.2887 19.6458,100.2874 19.6472,100.2867 19.6492,100.2864 19.6514,100.2852 19.6521,100.2839 19.6529,100.2822 19.6534,100.2808 19.6530,100.2791 19.6529,100.2776 19.6529,100.2774
1021	p	19.6530,100.2771 19.6527,100.2748 19.6531,100.2731 19.6540,100.2721 19.6557,100.2714 19.6577,100.2706 19.6594,100.2698 19.6607,100.2691 19.6627,100.2678 19.6642,100.2670 19.6656,100.2663 19.6665,100.2652
1021	p	19.6529,100.2774 19.6530,100.2771
1021	p	19.6676,100.2619 19.6678,100.2604 19.6684,100.2590 19.6700,100.2586 19.6715,100.2582 19.6728,100.2579 19.6733,100.2576
1021	p	19.6665,100.2652 19.6673,100.2639 19.6676,100.2619
1021	p	19.6739,100.2571 19.6750,100.2558 19.6770,100.2525
1021	p	19.6733,100.2576 19.6739,100.2571
1021	p	19.6771,100.2523 19.6778,100.2511
1021	p	19.6770,100.2525 19.6771,100.2523
1021	p	19.6778,100.2512 19.6772,100.2524
1021	p	19.6772,100.2524 19.6771,100.2526
1021	p	19.6231,100.2970 19.6246,100.2968 19.6260,100.2961 19.6272,100.2952 19.6283,100.2943 19.6295,100.2936 19.6310,100.2929 19.6329,100.2926 19.6343,100.2928 19.6357,100.2932
1021	p	19.6359,100.2933 19.6380,100.2933 19.6395,100.2928 19.6411,100.2918
1021	p	19.6357,100.2932 19.6359,100.2933
1021	p	19.6411,100.2919 19.6396,100.2929 19.6383,100.2934 19.6368,100.2935 19.6359,100.2934
1021	p	19.6359,100.2934 19.6357,100.2933
1021	p	19.6055,100.2869 19.6069,100.2871 19.6083,100.2872 19.6098,100.2873 19.6114,100.2881 19.6125,100.2890 19.6133,100.2902 19.6138,100.2919 19.6151,100.2933 19.6167,100.2943 19.6182,100.2949 19.6201,100.2953 19.6215,100.2957 19.6227,100.2967
1021	p	19.6227,100.2967 19.6231,100.2970
1021	p	19.5983,100.2951 19.5986,100.2948
1021	p	19.5986,100.2948 19.5996,100.2937 19.6007,100.2925 19.6013,100.2906 19.6016,100.2892 19.6023,100.2879 19.6038,100.2870 19.6052,100.2868
1021	p	19.6051,100.2869 19.6030,100.2875 19.6020,100.2886 19.6014,100.2906 19.6011,100.2921 19.6002,100.2932 19.5993,100.2944 19.5986,100.2950
1021	p	19.6055,100.2870 19.6051,100.2869
1021	p	19.6052,100.2868 19.6055,100.2869
1021	p	19.5798,100.2992 19.5780,100.2993 19.5744,100.2994 19.5730,100.2994
1021	p	19.5827,100.2991 19.5825,100.2991
1021	p	19.5825,100.2990 19.5827,100.2990
1021	p	19.5827,100.2990 19.5844,100.2990 19.5861,100.2988 19.5877,100.2987 19.5918,100.2981 19.5931,100.2977 19.5948,100.2969 19.5962,100.2962 19.5977,100.2954 19.5983,100.2951
1021	p	19.5729,100.2993 19.5744,100.2993 19.5759,100.2992 19.5780,100.2992 19.5796,100.2991 19.5814,100.2990 19.5825,100.2990
1021	p	19.5825,100.2991 19.5798,100.2992
1021	p	19.5711,100.2991 19.5722,100.2993
1021	p	19.5722,100.2993 19.5729,100.2993
1021	p	19.5400,100.2985 19.5403,100.2984
1021	p	19.5540,100.2973 19.5515,100.2971 19.5498,100.2969 19.5478,100.2967 19.5463,100.2967 19.5445,100.2972 19.5418,100.2980 19.5400,100.2986
1021	p	19.5399,100.2986 19.5398,100.2985
1021	p	19.5400,100.2985 19.5400,100.2986
1021	p	19.5545,100.2974 19.5540,100.2973
1021	p	19.5624,100.2983 19.5590,100.2978 19.5574,100.2976 19.5558,100.2975 19.5545,100.2974
1021	p	19.5627,100.2984 19.5624,100.2983
1021	p	19.5696,100.2991 19.5680,100.2989 19.5666,100.2988 19.5647,100.2988 19.5627,100.2984
11	t	18.6613,99.0520 18.6630,99.0519 18.6654,99.0517 18.6688,99.0514 18.6720,99.0511 18.6769,99.0507 18.6790,99.0505 18.6816,99.0503 18.6835,99.0501 18.6856,99.0500 18.6878,99.0498 18.6892,99.0497 18.6912,99.0495
11	t	18.6613,99.0522 18.6592,99.0523 18.6571,99.0525 18.6541,99.0528 18.6526,99.0529 18.6504,99.0531 18.6484,99.0533 18.6471,99.0534
118	p	19.6557,99.5402 19.6558,99.5404
118	p	19.6558,99.5404 19.6566,99.5416
109	p	19.6558,99.5401 19.6577,99.5387 19.6588,99.5375 19.6590,99.5360 19.6587,99.5307 19.6585,99.5281 19.6584,99.5264 19.6582,99.5236 19.6578,99.5222 19.6569,99.5193 19.6561,99.5177 19.6550,99.5166 19.6540,99.5155 19.6537,99.5130 19.6534,99.5114 19.6529,99.5101 19.6522,99.5085 19.6514,99.5066 19.6507,99.5050 19.6498,99.5030 19.6481,99.4992 19.6466,99.4959 19.6466,99.4938 19.6478,99.4886 19.6489,99.4841 19.6493,99.4825 19.6493,99.4810 19.6485,99.4787 19.6480,99.4771 19.6470,99.4745 19.6467,99.4730 19.6493,99.4673 19.6494,99.4657 19.6491,99.4643
118	p	19.6555,99.5401 19.6557,99.5402
	p	18.6112,99.0282 18.6114,99.0283
	p	18.6114,99.0284 18.6111,99.0283
1136	p	18.6109,99.0298 18.6107,99.0312 18.6110,99.0328 18.6115,99.0343 18.6116,99.0347
	p	18.6116,99.0347 18.6109,99.0327 18.6106,99.0309 18.6108,99.0297
	p	18.6109,99.0292 18.6110,99.0290
	p	18.6108,99.0297 18.6109,99.0292
	p	18.8038,98.9855 18.8040,98.9855
11	t	18.2691,99.4640 18.2695,99.4638
11	t	18.2694,99.4640 18.2692,99.4642
1	t	18.2636,99.4672 18.2640,99.4675
1	t	18.2644,99.4682 18.2638,99.4676
11	t	17.9630,99.9881 17.9617,99.9871 17.9605,99.9845 17.9599,99.9831 17.9578,99.9803 17.9568,99.9790 17.9563,99.9769 17.9555,99.9747 17.9552,99.9733 17.9550,99.9710 17.9552,99.9696 17.9553,99.9694
11	t	17.9554,99.9695 17.9552,99.9712 17.9553,99.9728 17.9555,99.9743 17.9561,99.9757 17.9565,99.9772 17.9569,99.9788 17.9583,99.9807 17.9594,99.9820 17.9606,99.9845 17.9613,99.9862 17.9622,99.9874 17.9631,99.9880
101	t	18.1071,100.1357 18.1084,100.1362 18.1096,100.1373 18.1101,100.1381
129	t	18.1108,100.1399 18.1106,100.1396
101	t	18.1835,100.1840 18.1807,100.1832 18.1803,100.1830
116	p	18.4863,98.9380 18.4868,98.9354 18.4871,98.9334 18.4874,98.9311 18.4878,98.9286 18.4883,98.9251 18.4888,98.9223 18.4889,98.9215
1136	p	18.6142,99.0440 18.6140,99.0450
ชร.4068	p	19.6776,100.2165 19.6794,100.2167 19.6797,100.2168
ชร.4068	p	19.6797,100.2169 19.6775,100.2168
	p	19.5400,100.2986 19.5399,100.2986
	p	19.5398,100.2985 19.5400,100.2985
107	p	19.4238,98.9749 19.4229,98.9745
1	t	19.4593,99.7557 19.4613,99.7553 19.4633,99.7552 19.4650,99.7549 19.4672,99.7545 19.4690,99.7541 19.4720,99.7534
1	t	19.4720,99.7534 19.4722,99.7534
1	t	19.4721,99.7536 19.4690,99.7543 19.4650,99.7551 19.4636,99.7554 19.4621,99.7556 19.4605,99.7556 19.4595,99.7558
1	t	19.4723,99.7536 19.4721,99.7536
1	t	20.0506,99.8759 20.0474,99.8762
	p	19.0952,99.9123 19.0941,99.9104
1	t	17.9483,99.3513 17.9499,99.3510
	t	17.9479,99.3514 17.9483,99.3513
1	t	17.9510,99.3510 17.9483,99.3515
	t	17.9483,99.3515 17.9479,99.3516
1	t	17.9156,99.3432 17.9170,99.3441 17.9188,99.3447 17.9218,99.3452 17.9235,99.3455
1	t	17.9154,99.3430 17.9156,99.3432
1	t	17.9248,99.3460 17.9231,99.3457 17.9217,99.3454 17.9189,99.3449 17.9174,99.3445 17.9155,99.3433
1	t	17.9155,99.3433 17.9153,99.3432
	p	20.4443,99.8805 20.4445,99.8804
123	t	20.4268,99.9076 20.4252,99.9080 20.4238,99.9083 20.4222,99.9086 20.4214,99.9086
123	t	20.4269,99.9076 20.4268,99.9076
123	t	20.4167,99.9086 20.4183,99.9089 20.4196,99.9089 20.4214,99.9086
1	p	20.4189,99.8842 20.4171,99.8848 20.4157,99.8853 20.4141,99.8858 20.4127,99.8861 20.4111,99.8860 20.4097,99.8859 20.4080,99.8853 20.4059,99.8852 20.4043,99.8852 20.4027,99.8851 20.4008,99.8847 20.3982,99.8847 20.3965,99.8849 20.3929,99.8853 20.3912,99.8854 20.3898,99.8853 20.3880,99.8850 20.3864,99.8848 20.3848,99.8845 20.3811,99.8843 20.3792,99.8845 20.3778,99.8848 20.3775,99.8849
1	p	20.3775,99.8847 20.3800,99.8842 20.3835,99.8842 20.3849,99.8844 20.3865,99.8846 20.3889,99.8850 20.3905,99.8852 20.3925,99.8851 20.3959,99.8848 20.3980,99.8846 20.3995,99.8845 20.4018,99.8848 20.4032,99.8850 20.4056,99.8850 20.4071,99.8850 20.4085,99.8853 20.4098,99.8857 20.4119,99.8859 20.4145,99.8855 20.4168,99.8847 20.4186,99.8841 20.4188,99.8841
107	p	18.9157,98.9447 18.9159,98.9446
107	p	18.9159,98.9446 18.9173,98.9439 18.9190,98.9428 18.9206,98.9418 18.9218,98.9410 18.9232,98.9402
107	p	18.9081,98.9478 18.9095,98.9472 18.9114,98.9464 18.9114,98.9464
107	p	18.9144,98.9453 18.9125,98.9461 18.9114,98.9465
118	p	19.2942,99.5119 19.2960,99.5118 19.2986,99.5117 19.3021,99.5117 19.3037,99.5117 19.3056,99.5117 19.3081,99.5116 19.3096,99.5117 19.3111,99.5118 19.3130,99.5119 19.3194,99.5124 19.3227,99.5127 19.3235,99.5128
1	t	18.2535,99.4558 18.2534,99.4557
116	p	18.4889,98.9215 18.4889,98.9219
	p	18.8023,98.9659 18.8029,98.9649
106	p	18.4849,98.9376 18.4832,98.9372 18.4816,98.9367 18.4802,98.9358 18.4792,98.9347 18.4779,98.9343 18.4759,98.9321 18.4727,98.9285 18.4711,98.9267 18.4701,98.9256 18.4691,98.9244 18.4678,98.9230 18.4667,98.9218 18.4651,98.9202 18.4633,98.9185 18.4629,98.9181
106	p	17.9739,98.8783 17.9730,98.8797 17.9724,98.8812 17.9718,98.8828 17.9710,98.8843 17.9695,98.8863 17.9674,98.8889 17.9657,98.8910 17.9646,98.8924 17.9632,98.8932 17.9616,98.8940 17.9601,98.8947 17.9588,98.8953 17.9544,98.8978 17.9532,98.8986 17.9509,98.9001 17.9497,98.9008 17.9481,98.9018 17.9468,98.9026 17.9448,98.9035 17.9426,98.9045 17.9405,98.9055 17.9389,98.9060 17.9332,98.9066 17.9294,98.9071 17.9279,98.9074 17.9256,98.9085 17.9242,98.9091
106	p	18.0004,98.8769 17.9985,98.8766
106	p	17.9884,98.8750 17.9882,98.8750
106	p	17.9985,98.8766 17.9954,98.8763 17.9938,98.8761 17.9924,98.8759 17.9898,98.8750 17.9884,98.8750
106	p	17.9882,98.8750 17.9848,98.8755 17.9812,98.8761 17.9793,98.8763 17.9759,98.8768 17.9746,98.8775 17.9741,98.8782
106	p	17.9741,98.8782 17.9739,98.8783
106	p	17.8202,98.9310 17.8188,98.9314 17.8168,98.9334 17.8155,98.9349 17.8131,98.9375
106	p	17.8256,98.9304 17.8241,98.9305 17.8219,98.9308 17.8202,98.9310
121	p	18.7233,98.9398 18.7234,98.9383
1021	p	19.5399,100.2981 19.5400,100.2985
1021	p	19.5398,100.2981 19.5394,100.2962
1021	p	19.5403,100.2984 19.5425,100.2977 19.5445,100.2971 19.5459,100.2967
1020	p	19.7032,100.2118 19.7043,100.2131 19.7057,100.2148 19.7068,100.2165 19.7078,100.2178 19.7088,100.2190 19.7102,100.2208 19.7110,100.2221 19.7118,100.2234 19.7125,100.2247 19.7131,100.2265 19.7136,100.2278 19.7144,100.2291 19.7158,100.2301 19.7174,100.2308 19.7195,100.2313 19.7210,100.2312 19.7224,100.2309 19.7239,100.2307 19.7256,100.2304 19.7272,100.2300 19.7285,100.2295 19.7308,100.2286 19.7326,100.2283 19.7340,100.2284 19.7354,100.2283 19.7374,100.2279 19.7393,100.2274 19.7411,100.2273 19.7426,100.2273 19.7440,100.2275 19.7454,100.2280 19.7469,100.2286 19.7494,100.2300 19.7508,100.2306 19.7524,100.2307
	p	19.7031,100.2119 19.7032,100.2118
	p	19.7033,100.2119 19.7032,100.2119
106	p	17.7644,98.9650 17.7641,98.9659
106	p	17.7644,98.9650 17.7667,98.9640 17.7684,98.9632 17.7702,98.9610 17.7709,98.9599
108	p	18.2042,98.6155 18.2029,98.6148
108	p	18.2241,98.6135 18.2239,98.6135
108	p	18.2314,98.6102 18.2300,98.6106 18.2287,98.6113 18.2274,98.6123 18.2256,98.6130 18.2241,98.6135
108	p	18.2239,98.6135 18.2225,98.6140 18.2190,98.6152 18.2170,98.6152 18.2141,98.6153 18.2117,98.6158 18.2102,98.6161 18.2087,98.6164 18.2072,98.6167 18.2057,98.6163 18.2044,98.6157 18.2042,98.6155
108	p	18.3320,98.6715 18.3334,98.6734 18.3344,98.6747 18.3350,98.6754
108	p	18.3694,98.6801 18.3650,98.6802 18.3636,98.6802 18.3615,98.6800 18.3595,98.6795 18.3569,98.6794 18.3548,98.6793 18.3532,98.6793 18.3496,98.6799 18.3475,98.6803 18.3459,98.6802 18.3444,98.6800 18.3408,98.6782 18.3387,98.6776 18.3373,98.6772 18.3359,98.6762 18.3352,98.6757
108	p	18.3349,98.6755 18.3333,98.6734 18.3321,98.6718 18.3320,98.6715
108	p	18.3352,98.6757 18.3349,98.6755
1	t	17.8624,99.3265 17.8625,99.3281 17.8631,99.3298 17.8633,99.3303
101	p	19.5245,100.9297 19.5222,100.9291 19.5208,100.9287 19.5203,100.9284
101	p	19.5249,100.9297 19.5245,100.9297
101	p	19.5203,100.9284 19.5193,100.9278
101	p	19.5068,100.9106 19.5049,100.9091 19.5034,100.9080 19.5016,100.9073 19.4971,100.9043 19.4952,100.9022 19.4947,100.9016
101	p	19.5068,100.9106 19.5089,100.9123 19.5104,100.9138 19.5129,100.9162 19.5140,100.9172 19.5142,100.9187 19.5140,100.9205 19.5143,100.9222 19.5157,100.9235 19.5168,100.9246 19.5175,100.9258
101	p	19.5202,100.9282 19.5203,100.9284
101	p	19.5193,100.9277 19.5202,100.9282
101	p	19.5183,100.9272 19.5193,100.9277
101	p	19.5177,100.9262 19.5183,100.9272
101	p	19.5175,100.9258 19.5177,100.9262
	p	19.5077,100.9112 19.5076,100.9113
	p	19.5089,100.9123 19.5105,100.9138 19.5118,100.9150 19.5129,100.9160
	p	19.5129,100.9160 19.5137,100.9169
	p	19.5127,100.9164 19.5109,100.9146 19.5098,100.9135
	p	19.5098,100.9135 19.5088,100.9124
	p	19.5136,100.9170 19.5127,100.9164
	p	19.5130,100.9161 19.5127,100.9164
	p	19.5142,100.9181 19.5141,100.9181
	p	19.5175,100.9258 19.5174,100.9259
1	t	17.9569,99.3530 17.9557,99.3521 17.9544,99.3513 17.9524,99.3508 17.9510,99.3510
1	t	17.9570,99.3531 17.9569,99.3530
1	t	17.9510,99.3508 17.9529,99.3506 17.9544,99.3511 17.9557,99.3519 17.9569,99.3529
1	t	17.9569,99.3529 17.9571,99.3530
1418	p	19.9564,99.8716 19.9563,99.8737 19.9563,99.8752 19.9561,99.8762
106	p	18.0747,98.8913 18.0742,98.8899 18.0734,98.8886 18.0719,98.8873 18.0705,98.8866 18.0680,98.8864 18.0665,98.8864 18.0650,98.8861 18.0637,98.8858 18.0617,98.8852 18.0599,98.8846 18.0586,98.8836 18.0574,98.8827 18.0548,98.8824 18.0534,98.8824 18.0515,98.8820
106	p	18.0515,98.8820 18.0510,98.8819
103	p	18.4167,100.1819 18.4184,100.1811 18.4219,100.1786 18.4233,100.1777
	p	18.3069,100.2927 18.3068,100.2927
	p	18.3068,100.2927 18.3068,100.2926
1	t	18.7590,99.9711 18.7578,99.9701 18.7564,99.9695 18.7549,99.9695 18.7530,99.9703 18.7514,99.9710 18.7488,99.9723 18.7467,99.9732 18.7439,99.9745 18.7424,99.9749 18.7418,99.9749
1	t	18.7417,99.9747 18.7431,99.9746 18.7457,99.9735 18.7470,99.9729 18.7484,99.9722 18.7504,99.9713 18.7529,99.9701 18.7545,99.9694 18.7558,99.9692 18.7573,99.9695 18.7596,99.9713 18.7603,99.9719
11	t	18.3179,99.3599 18.3179,99.3597
11	t	18.3181,99.3598 18.3176,99.3627 18.3176,99.3632