นน.3008	r	19.1804,100.8545 19.1838,100.8552 19.1862,100.8569 19.1894,100.8582 19.1891,100.8615 19.1894,100.8645 19.1891,100.8676 19.1902,100.8713 19.1896,100.8748 19.1902,100.8787 19.1911,100.8814 19.1909,100.8849 19.1930,100.8875 19.1959,100.8900 19.1963,100.8929 19.1985,100.8947 19.1981,100.8975 19.1972,100.9024 19.1985,100.9053 19.2002,100.9077 19.2000,100.9111 19.2004,100.9146 19.2013,100.9182 19.2016,100.9212 19.2036,100.9218
ชม.2025	r	18.7957,98.9940 18.7954,98.9939
ชม.4032	r	18.7203,98.9862 18.7231,98.9860 18.7258,98.9864 18.7284,98.9851 18.7311,98.9845 18.7343,98.9845 18.7368,98.9831 18.7371,98.9827
ชม.4032	r	18.7065,98.9832 18.7091,98.9824 18.7119,98.9831 18.7141,98.9848 18.7166,98.9860 18.7194,98.9862
ชม.4032	r	18.7028,98.9836 18.7056,98.9831 18.7065,98.9832
ชม.3007	r	18.7111,98.9376 18.7111,98.9409 18.7108,98.9438 18.7097,98.9471 18.7096,98.9501 18.7099,98.9529 18.7080,98.9557 18.7075,98.9589 18.7072,98.9618 18.7052,98.9637 18.7027,98.9648 18.7025,98.9655
ชม.3028	r	18.7442,98.9288 18.7420,98.9307 18.7398,98.9324
ลป.2031	r	18.3548,99.2440 18.3573,99.2426 18.3594,99.2447 18.3619,99.2459 18.3636,99.2468
ชม.2054	r	18.9154,99.0796 18.9129,99.0811 18.9095,99.0817 18.9064,99.0821 18.9023,99.0829 18.8987,99.0830 18.8959,99.0833 18.8939,99.0835
ชม.2074	r	18.8963,99.0957 18.8987,99.0978 18.9019,99.1008 18.9022,99.1011
ชม.2157	r	18.9155,99.0797 18.9144,99.0832 18.9135,99.0864 18.9127,99.0891
ชม.3012	r	18.8509,99.0876 18.8536,99.0880 18.8564,99.0879 18.8589,99.0892 18.8613,99.0912 18.8638,99.0929 18.8663,99.0942 18.8691,99.0948 18.8724,99.0947 18.8756,99.0959
ชม.3018	r	18.5690,98.8145 18.5675,98.8173 18.5660,98.8198 18.5643,98.8220 18.5615,98.8244 18.5596,98.8265 18.5582,98.8291 18.5563,98.8311 18.5539,98.8332 18.5510,98.8350 18.5483,98.8365 18.5455,98.8371 18.5423,98.8370 18.5394,98.8374 18.5371,98.8391 18.5350,98.8412 18.5327,98.8430 18.5305,98.8451 18.5291,98.8476 18.5285,98.8508 18.5279,98.8545 18.5276,98.8551
ชม.4046	r	19.1120,99.0783 19.1093,99.0788 19.1063,99.0785 19.1030,99.0778 19.0999,99.0777 19.0997,99.0777
ชม. 4093	r	19.0807,99.1764 19.0811,99.1733 19.0825,99.1708 19.0852,99.1700 19.0882,99.1707 19.0904,99.1723 19.0931,99.1733 19.0940,99.1727
ชม.5389	r	18.7889,98.5468 18.7907,98.5505 18.7927,98.5525 18.7914,98.5552 18.7927,98.5582 18.7932,98.5613 18.7938,98.5636
ชม.4053	r	18.8193,98.5679 18.8216,98.5699 18.8243,98.5689 18.8264,98.5692
ชม.3038	r	19.1318,98.9502 19.1353,98.9558 19.1376,98.9595 19.1407,98.9645 19.1437,98.9682 19.1444,98.9716 19.1445,98.9756 19.1439,98.9802 19.1438,98.9832
ชม.4046	r	19.1503,99.0377 19.1503,99.0381
ชม.3024	r	19.3925,98.9298 19.3953,98.9300 19.3986,98.9299 19.4012,98.9286 19.4019,98.9284
ลป.4329	r	18.8290,99.4958 18.8312,99.4931 18.8326,99.4903 18.8326,99.4874 18.8320,99.4849
ลป.4329	r	18.8181,99.4396 18.8186,99.4366 18.8193,99.4336 18.8202,99.4308 18.8220,99.4287 18.8218,99.4258 18.8245,99.4258 18.8272,99.4259 18.8286,99.4233 18.8283,99.4203 18.8281,99.4174 18.8272,99.4146 18.8260,99.4121 18.8261,99.4092 18.8278,99.4063 18.8277,99.4033 18.8284,99.4005 18.8283,99.3976 18.8287,99.3947 18.8277,99.3919 18.8251,99.3908 18.8240,99.3880 18.8234,99.3856
ลป.4329	r	18.8182,99.4399 18.8181,99.4396
มส.5151	r	19.3794,98.3961 19.3775,98.3982 19.3771,98.4014 19.3754,98.4039 19.3727,98.4035 19.3704,98.4051 19.3681,98.4076 19.3666,98.4101 19.3656,98.4129 19.3652,98.4158 19.3653,98.4187 19.3661,98.4216 19.3668,98.4246 19.3660,98.4277 19.3644,98.4304 19.3636,98.4337 19.3625,98.4366 19.3613,98.4392 19.3609,98.4398
มส.4001	r	19.5878,97.9430 19.5847,97.9425 19.5819,97.9421 19.5776,97.9414 19.5751,97.9401 19.5729,97.9378 19.5698,97.9378 19.5670,97.9376 19.5643,97.9368 19.5613,97.9357 19.5581,97.9348 19.5554,97.9343 19.5520,97.9341 19.5493,97.9330 19.5462,97.9330 19.5431,97.9317 19.5406,97.9305 19.5381,97.9296 19.5347,97.9291 19.5319,97.9292 19.5293,97.9315 19.5284,97.9341
ชม.4016	r	18.5693,98.5189 18.5722,98.5194 18.5733,98.5167 18.5756,98.5150 18.5767,98.5177 18.5796,98.5182 18.5822,98.5178 18.5835,98.5153 18.5844,98.5126 18.5866,98.5101 18.5893,98.5106 18.5911,98.5128 18.5938,98.5136 18.5966,98.5142 18.5994,98.5142 18.6021,98.5140 18.6047,98.5126 18.6076,98.5118 18.6080,98.5089 18.6105,98.5074 18.6131,98.5080 18.6153,98.5103 18.6171,98.5126 18.6197,98.5139 18.6215,98.5167 18.6227,98.5197 18.6254,98.5191 18.6253,98.5161 18.6261,98.5134 18.6264,98.5105 18.6276,98.5073
ชม.4053	r	18.7788,98.5274 18.7817,98.5275 18.7843,98.5282 18.7871,98.5283 18.7894,98.5299 18.7912,98.5322 18.7905,98.5353 18.7904,98.5382 18.7892,98.5399
ชม.4016	r	18.6645,98.6392 18.6665,98.6373 18.6679,98.6345 18.6696,98.6319 18.6731,98.6295 18.6759,98.6304 18.6788,98.6295 18.6809,98.6276 18.6822,98.6248 18.6817,98.6215 18.6805,98.6188 18.6819,98.6163 18.6828,98.6136 18.6822,98.6108 18.6812,98.6081 18.6836,98.6064 18.6848,98.6037 18.6852,98.6008 18.6852,98.5978 18.6852,98.5950 18.6861,98.5922 18.6877,98.5898 18.6888,98.5885
ชม.4016	r	18.6888,98.5885 18.6884,98.5855 18.6900,98.5828 18.6912,98.5802 18.6924,98.5776 18.6935,98.5748 18.6955,98.5719 18.6971,98.5695 18.6974,98.5687
ชม.4016	r	18.6691,98.6576 18.6699,98.6547
ชม.4016	r	18.6150,98.7788 18.6160,98.7758 18.6170,98.7730 18.6178,98.7707
ชม.4024	r	18.4289,98.1396 18.4264,98.1385 18.4235,98.1376 18.4205,98.1382 18.4177,98.1375 18.4149,98.1373 18.4120,98.1371 18.4101,98.1373
มส.4077	r	18.0635,97.9174 18.0632,97.9209 18.0634,97.9242 18.0637,97.9254
มส.4003	r	18.0316,97.8800 18.0309,97.8769 18.0288,97.8751 18.0311,97.8737 18.0331,97.8715 18.0344,97.8688 18.0339,97.8655 18.0342,97.8621 18.0342,97.8591 18.0345,97.8559 18.0348,97.8538
มส.4077	r	18.0638,97.9266 18.0639,97.9304 18.0638,97.9317
ชม.4087	r	18.8878,98.9550 18.8879,98.9552
ชม.4087	r	18.9144,98.9412 18.9179,98.9412 18.9205,98.9402 18.9216,98.9385
ชม.4063	r	18.9422,99.3573 18.9397,99.3560 18.9391,99.3531 18.9370,99.3510 18.9352,99.3486 18.9326,99.3476 18.9318,99.3447 18.9296,99.3429 18.9273,99.3414 18.9253,99.3395 18.9248,99.3366 18.9235,99.3346
ชม.4062	r	18.8212,99.1728 18.8213,99.1758 18.8217,99.1789 18.8223,99.1818 18.8247,99.1855
ชม.4043	r	18.9580,98.7862 18.9567,98.7889 18.9564,98.7918 18.9547,98.7941 18.9546,98.7949
ชม.4043	r	18.9580,98.7862 18.9557,98.7839 18.9547,98.7813 18.9557,98.7783 18.9546,98.7756 18.9543,98.7717 18.9551,98.7689 18.9532,98.7667 18.9527,98.7634 18.9526,98.7601 18.9532,98.7572 18.9530,98.7543 18.9531,98.7540
ชม.4307	r	18.8229,98.9653 18.8231,98.9650
ชม.2003	r	18.7554,98.9757 18.7526,98.9763 18.7522,98.9761
นน.2035	r	18.7504,100.8870 18.7497,100.8840 18.7496,100.8811 18.7504,100.8779 18.7506,100.8750 18.7510,100.8720 18.7513,100.8690 18.7529,100.8665 18.7546,100.8642 18.7559,100.8615 18.7563,100.8586 18.7553,100.8559 18.7547,100.8522 18.7532,100.8483 18.7528,100.8467
ชร.4005	r	19.5260,99.9885 19.5261,99.9915 19.5287,99.9929 19.5313,99.9938 19.5327,99.9963 19.5338,99.9992 19.5347,100.0022 19.5331,100.0045 19.5329,100.0046
ชร.4004	r	20.2689,100.0679 20.2661,100.0676 20.2637,100.0659 20.2608,100.0656 20.2580,100.0673 20.2558,100.0691 20.2532,100.0701 20.2516,100.0677 20.2486,100.0677 20.2458,100.0675 20.2426,100.0668 20.2396,100.0669 20.2371,100.0641 20.2354,100.0615 20.2317,100.0621 20.2253,100.0599 20.2224,100.0598 20.2191,100.0595 20.2172,100.0593
ชร.4034	r	20.1142,100.0933 20.1119,100.0916 20.1106,100.0890 20.1085,100.0866 20.1065,100.0841 20.1052,100.0815 20.1063,100.0794
ชร.4049	r	20.1177,100.1813 20.1201,100.1833 20.1213,100.1859 20.1224,100.1866
ชร.1041	r	20.4388,99.8829 20.4389,99.8846
ชร.4049	r	20.1853,100.2129 20.1879,100.2147 20.1899,100.2173 20.1907,100.2205 20.1934,100.2190 20.1952,100.2167 20.1963,100.2139 20.1977,100.2112 20.1967,100.2082 20.1994,100.2073 20.2006,100.2045 20.2036,100.2039 20.2059,100.2018 20.2073,100.1989 20.2108,100.1981 20.2143,100.1963 20.2170,100.1945 20.2183,100.1917 20.2182,100.1888 20.2196,100.1863 20.2208,100.1836 20.2203,100.1806 20.2212,100.1779 20.2238,100.1760 20.2266,100.1750 20.2294,100.1757 20.2304,100.1713 20.2303,100.1683 20.2310,100.1654 20.2335,100.1643 20.2362,100.1625 20.2375,100.1615
ชร.4013	r	19.9673,99.9813 19.9661,99.9831
ชร.ถ1-0097	r	20.2248,99.6828 20.2261,99.6854 20.2251,99.6882 20.2245,99.6913 20.2259,99.6940 20.2289,99.6941 20.2303,99.6967 20.2310,99.6995 20.2325,99.7020 20.2351,99.7028 20.2375,99.7045 20.2387,99.7071 20.2400,99.7096 20.2408,99.7123 20.2401,99.7152 20.2423,99.7174 20.2438,99.7198 20.2460,99.7218 20.2475,99.7244 20.2487,99.7270 20.2505,99.7292 20.2530,99.7307 20.2522,99.7335 20.2500,99.7356 20.2486,99.7385 20.2514,99.7383 20.2540,99.7388 20.2553,99.7400
ชร.4052	r	20.1663,99.7122 20.1688,99.7108 20.1715,99.7095 20.1734,99.7071 20.1759,99.7060 20.1788,99.7053 20.1812,99.7068 20.1838,99.7059 20.1865,99.7060 20.1888,99.7040 20.1915,99.7031 20.1941,99.7022 20.1956,99.6999
ชร.4052	r	20.2248,99.6828 20.2257,99.6799 20.2284,99.6791 20.2305,99.6768 20.2304,99.6738 20.2292,99.6708 20.2313,99.6688 20.2324,99.6673
ชร.4052	r	20.1956,99.6999 20.1984,99.6994 20.2009,99.6983 20.2031,99.6965 20.2052,99.6946 20.2078,99.6936 20.2078,99.6935
ชม.4031	r	18.9995,99.1257 19.0023,99.1260 19.0051,99.1248 19.0078,99.1232 19.0105,99.1223 19.0132,99.1211 19.0159,99.1193 19.0184,99.1207 19.0198,99.1233 19.0225,99.1229 19.0253,99.1219 19.0279,99.1193 19.0301,99.1176 19.0330,99.1176
ชม.3038	r	19.1460,99.0066 19.1460,99.0083
ชม.3038	r	19.1448,99.0155 19.1445,99.0183 19.1439,99.0239 19.1430,99.0313 19.1425,99.0351 19.1449,99.0370 19.1477,99.0374 19.1503,99.0377
มส.4080	r	19.3142,98.4496 19.3170,98.4492 19.3197,98.4488 19.3222,98.4475 19.3249,98.4468 19.3276,98.4458 19.3308,98.4458 19.3334,98.4448 19.3354,98.4429 19.3377,98.4411 19.3407,98.4401 19.3422,98.4377 19.3446,98.4360 19.3475,98.4349 19.3489,98.4349
ชม.4034	r	18.8847,99.0816 18.8879,99.0815 18.8907,99.0802 18.8913,99.0769 18.8919,99.0739 18.8933,99.0672 18.8940,99.0636 18.8945,99.0606 18.8957,99.0573 18.8959,99.0571
มส.4044	r	18.2150,97.9176 18.2131,97.9198 18.2109,97.9219 18.2086,97.9240 18.2070,97.9270 18.2048,97.9286 18.2026,97.9293
พย.4010	r	19.6220,100.3676 19.6215,100.3637 19.6209,100.3582 19.6206,100.3552 19.6201,100.3516 19.6190,100.3480 19.6182,100.3449 19.6159,100.3430 19.6136,100.3403 19.6115,100.3378 19.6094,100.3356 19.6075,100.3331 19.6063,100.3304 19.6045,100.3281 19.6029,100.3256 19.6002,100.3238 19.5975,100.3218 19.5951,100.3191 19.5935,100.3168 19.5908,100.3141 19.5874,100.3108 19.5837,100.3073 19.5816,100.3051 19.5802,100.3023 19.5798,100.2993 19.5798,100.2992
ลพ.1705	r	18.7144,99.1411 18.7078,99.1430 18.7039,99.1441 18.7012,99.1451
มส.5016	r	19.2959,97.9641 19.2992,97.9638 19.3020,97.9631 19.3044,97.9614 19.3049,97.9613
มส.5052	r	19.3288,97.9651 19.3302,97.9626 19.3308,97.9596 19.3302,97.9567
มส.4044	r	18.1599,97.9287 18.1610,97.9291
ชม.4051	r	18.8931,98.8355 18.8959,98.8344 18.8987,98.8328 18.9011,98.8313 18.9037,98.8304 18.9065,98.8302 18.9085,98.8282 18.9111,98.8269 18.9134,98.8250 18.9158,98.8226 18.9170,98.8216
ชม.3028	r	18.7266,98.9483 18.7267,98.9481
มส.3018	r	19.2262,97.9693 19.2276,97.9662 19.2291,97.9638 19.2296,97.9609 19.2287,97.9581 19.2282,97.9548 19.2281,97.9517 19.2281,97.9484 19.2268,97.9454 19.2271,97.9440
ชม.3012	r	18.8924,99.0939 18.8917,99.0910 18.8899,99.0887 18.8876,99.0864 18.8862,99.0834 18.8847,99.0819
ชม.4079	r	18.8876,98.8323 18.8851,98.8342 18.8850,98.8373 18.8857,98.8402 18.8878,98.8421 18.8863,98.8446 18.8853,98.8460
มส.30-001	r	19.3779,98.4457 19.3811,98.4463 19.3843,98.4459 19.3883,98.4471 19.3916,98.4481 19.3970,98.4484 19.3999,98.4490 19.4014,98.4497
มส.4004	r	19.3241,98.4365 19.3228,98.4334 19.3220,98.4307 19.3194,98.4285 19.3199,98.4257 19.3214,98.4232 19.3219,98.4204 19.3199,98.4185 19.3217,98.4160 19.3221,98.4132 19.3225,98.4099 19.3218,98.4070 19.3207,98.4053
ชม.4210	r	18.9242,99.1277 18.9245,99.1285
ชม.4210	r	18.9241,99.1269 18.9242,99.1277
ชม.4249	r	18.7433,99.0625 18.7462,99.0633 18.7481,99.0653 18.7468,99.0689 18.7467,99.0701
ลพ.1708	r	18.6468,99.0833 18.6456,99.0860 18.6445,99.0904 18.6444,99.0909
ชม.2041	r	18.6201,98.9548 18.6201,98.9548
1023	r	18.1358,100.1343 18.1353,100.1321
ชม.3009	r	19.0964,98.8474 19.0935,98.8478 19.0929,98.8475
ชร.3037	r	20.0389,99.4760 20.0400,99.4771
ชร.3037	r	20.0400,99.4771 20.0425,99.4758 20.0453,99.4747 20.0464,99.4718 20.0464,99.4686 20.0484,99.4659 20.0489,99.4630 20.0510,99.4611 20.0535,99.4597 20.0550,99.4572 20.0582,99.4574 20.0606,99.4561 20.0619,99.4529 20.0624,99.4500 20.0629,99.4495
ชร.4044	r	19.9545,99.7830 19.9513,99.7837 19.9487,99.7845 19.9459,99.7846 19.9435,99.7830 19.9438,99.7810
มส.3004	r	17.9306,97.9114 17.9310,97.9144 17.9320,97.9175 17.9341,97.9196 17.9365,97.9216 17.9382,97.9188 17.9405,97.9205 17.9421,97.9229 17.9441,97.9252 17.9456,97.9277 17.9467,97.9250 17.9493,97.9261 17.9518,97.9247 17.9549,97.9246 17.9576,97.9255 17.9603,97.9257 17.9630,97.9252
มส.5184	r	18.1029,97.9256 18.1059,97.9270 18.1082,97.9291 18.1108,97.9282 18.1134,97.9266 18.1160,97.9249 18.1157,97.9220 18.1159,97.9188 18.1159,97.9186
มส.ถ1-0016	r	18.1221,97.9200 18.1222,97.9232 18.1243,97.9251 18.1262,97.9272 18.1268,97.9300 18.1266,97.9318
มส.4018	r	18.2097,97.9035 18.2067,97.9028 18.2040,97.9013 18.2013,97.9004 18.1997,97.8974 18.1981,97.8966
มส.4044	r	18.2925,97.8197 18.2935,97.8225 18.2963,97.8211 18.2962,97.8241 18.2964,97.8269 18.2978,97.8294 18.3004,97.8312 18.3029,97.8330 18.3060,97.8329 18.3087,97.8319 18.3090,97.8348 18.3105,97.8373 18.3132,97.8378 18.3136,97.8407 18.3134,97.8438 18.3107,97.8437 18.3125,97.8462 18.3117,97.8490 18.3090,97.8505 18.3074,97.8529 18.3048,97.8551 18.3040,97.8579 18.3031,97.8606 18.3015,97.8634 18.3026,97.8672 18.3011,97.8702 18.2985,97.8717 18.2961,97.8734 18.2932,97.8760 18.2913,97.8790 18.2891,97.8811 18.2865,97.8836 18.2849,97.8861 18.2825,97.8877 18.2795,97.8889 18.2762,97.8897 18.2744,97.8921 18.2715,97.8929 18.2691,97.8950 18.2664,97.8966 18.2642,97.8983 18.2611,97.8999 18.2577,97.9003 18.2552,97.9014 18.2521,97.9032 18.2493,97.9043 18.2459,97.9053 18.2434,97.9067 18.2407,97.9087 18.2387,97.9107 18.2360,97.9114 18.2332,97.9110 18.2302,97.9102 18.2260,97.9086 18.2229,97.9097
มส.4044	r	18.2150,97.9176 18.2151,97.9176
มส.4044	r	18.1923,97.9308 18.1910,97.9314
มส.4018	r	18.2150,97.9176 18.2137,97.9150 18.2131,97.9119 18.2126,97.9089 18.2115,97.9061 18.2098,97.9037 18.2097,97.9035
ลพ. 3012	r	18.5751,98.9675 18.5736,98.9650 18.5731,98.9621 18.5717,98.9594 18.5691,98.9571
ลพ.3150	r	18.4326,98.8770 18.4338,98.8803 18.4360,98.8864 18.4371,98.8898 18.4381,98.8928 18.4396,98.8972 18.4411,98.9015 18.4427,98.9060 18.4438,98.9093 18.4448,98.9121 18.4459,98.9154 18.4465,98.9171
ชม.4110	r	18.4663,98.9214 18.4627,98.9217 18.4599,98.9218 18.4559,98.9220
มส.5019	r	19.3406,97.9530 19.3397,97.9497 19.3370,97.9484 19.3344,97.9471 19.3325,97.9445 19.3324,97.9414 19.3343,97.9368 19.3340,97.9336 19.3331,97.9306 19.3339,97.9277 19.3336,97.9247 19.3357,97.9226 19.3383,97.9240 19.3403,97.9221 19.3439,97.9206 19.3463,97.9192 19.3493,97.9192 19.3506,97.9166 19.3531,97.9147 19.3542,97.9119 19.3566,97.9103 19.3592,97.9057 19.3617,97.9045 19.3619,97.9015 19.3624,97.8983 19.3650,97.8970 19.3677,97.8962 19.3705,97.8967 19.3704,97.8934 19.3692,97.8906 19.3716,97.8885 19.3730,97.8854 19.3750,97.8832 19.3784,97.8810 19.3800,97.8784 19.3809,97.8754 19.3829,97.8731 19.3843,97.8723
มส.4001	r	19.3787,97.9627 19.3775,97.9599 19.3780,97.9591
มส.3021	r	19.3094,97.9603 19.3112,97.9570 19.3126,97.9569
2030	r	19.3293,97.9567 19.3318,97.9552 19.3310,97.9524 19.3284,97.9509 19.3280,97.9500
1285	r	19.5616,98.0056 19.5642,98.0048 19.5670,98.0064 19.5699,98.0070 19.5728,98.0061 19.5757,98.0060 19.5788,98.0057 19.5817,98.0055 19.5848,98.0047 19.5880,98.0036 19.5881,98.0034
1285	r	19.4366,97.9982 19.4396,97.9978 19.4422,97.9968 19.4450,97.9977 19.4480,97.9981 19.4504,97.9969 19.4536,97.9993 19.4558,98.0009 19.4590,98.0004 19.4622,98.0002 19.4661,98.0005 19.4697,98.0007 19.4727,98.0006 19.4755,98.0020 19.4782,98.0020 19.4815,98.0022 19.4847,98.0026 19.4883,98.0028 19.4916,98.0028 19.4946,98.0019 19.4982,98.0018 19.5012,98.0018 19.5040,98.0018 19.5084,98.0015 19.5120,98.0002 19.5151,98.0017 19.5182,98.0019 19.5231,98.0024 19.5259,98.0034 19.5297,98.0033 19.5330,98.0028 19.5359,98.0032 19.5390,98.0031 19.5415,98.0047 19.5444,98.0048 19.5468,98.0034 19.5494,98.0043 19.5527,98.0052 19.5556,98.0052 19.5583,98.0052 19.5611,98.0054 19.5616,98.0056
มส.4014	r	19.5776,98.2804 19.5783,98.2777 19.5797,98.2748 19.5814,98.2720 19.5799,98.2696 19.5806,98.2667 19.5832,98.2681 19.5860,98.2672 19.5886,98.2656 19.5898,98.2629 19.5895,98.2598 19.5919,98.2583 19.5937,98.2562 19.5959,98.2538 19.5985,98.2547 19.6012,98.2550 19.6040,98.2566 19.6070,98.2569 19.6102,98.2566 19.6106,98.2566
มส.4014	r	19.6106,98.2566 19.6133,98.2570 19.6146,98.2595 19.6163,98.2618 19.6158,98.2646 19.6171,98.2671 19.6181,98.2698 19.6182,98.2711
มส.4014	r	19.5810,98.5407 19.5787,98.5423 19.5760,98.5412 19.5735,98.5423 19.5707,98.5422 19.5680,98.5420 19.5656,98.5438 19.5649,98.5466 19.5621,98.5467 19.5606,98.5434 19.5572,98.5437 19.5554,98.5461 19.5541,98.5491 19.5521,98.5511 19.5514,98.5540 19.5483,98.5544 19.5466,98.5566 19.5441,98.5576 19.5469,98.5593 19.5482,98.5621 19.5453,98.5627 19.5432,98.5610 19.5402,98.5620 19.5373,98.5629 19.5349,98.5644 19.5323,98.5622 19.5294,98.5622 19.5271,98.5641 19.5248,98.5656 19.5221,98.5648 19.5210,98.5621 19.5210,98.5591 19.5205,98.5562 19.5189,98.5537 19.5174,98.5512 19.5169,98.5474 19.5153,98.5450 19.5140,98.5425 19.5132,98.5396 19.5130,98.5361 19.5130,98.5323 19.5138,98.5296 19.5136,98.5266 19.5129,98.5248
มส.4126	r	19.3829,98.4268 19.3830,98.4302 19.3842,98.4328 19.3841,98.4357 19.3841,98.4389 19.3859,98.4398
มส.4014	r	19.4537,98.4722 19.4507,98.4716 19.4484,98.4697 19.4472,98.4699
มส.3065	r	19.3686,98.4344 19.3713,98.4347 19.3741,98.4355 19.3769,98.4357 19.3798,98.4354 19.3822,98.4376 19.3830,98.4377
มส.3065	r	19.3676,98.4267 19.3692,98.4309 19.3686,98.4338 19.3686,98.4344
มส.4006	r	19.2207,98.4221 19.2190,98.4193 19.2166,98.4175 19.2142,98.4160 19.2136,98.4132 19.2147,98.4104 19.2165,98.4069 19.2187,98.4049 19.2202,98.4025 19.2200,98.3983 19.2197,98.3954 19.2195,98.3920 19.2188,98.3885 19.2166,98.3852 19.2170,98.3818 19.2148,98.3783 19.2122,98.3776 19.2095,98.3765 19.2070,98.3754 19.2043,98.3738 19.2039,98.3734
ชม.2177	r	18.8668,99.0216 18.8643,99.0232 18.8626,99.0255 18.8621,99.0260
ชม.4062	r	18.8146,99.1219 18.8142,99.1249 18.8137,99.1280 18.8118,99.1304 18.8123,99.1332 18.8127,99.1343
ชม.4062	r	18.8213,99.1726 18.8212,99.1728
ชม.6021	r	18.8108,99.1741 18.8108,99.1744
ชม.4041	r	18.8240,99.2161 18.8254,99.2191 18.8263,99.2220 18.8255,99.2248 18.8259,99.2274
ชม.2061	r	18.7361,99.1044 18.7332,99.1031
ชม.2061	r	18.7208,99.0962 18.7181,99.0950 18.7158,99.0934 18.7136,99.0913 18.7107,99.0904 18.7081,99.0891 18.7055,99.0876 18.7012,99.0868 18.6988,99.0853 18.6987,99.0852
ชม.2085	r	18.7334,99.0919 18.7353,99.0941 18.7371,99.0965 18.7380,99.0977
ชม.3039	r	18.7315,99.1283 18.7289,99.1268 18.7272,99.1240 18.7250,99.1213 18.7227,99.1193 18.7209,99.1171 18.7204,99.1143 18.7201,99.1121
ชม.4216	r	18.8621,99.1130 18.8604,99.1152 18.8584,99.1152
ชม.4040	r	18.7860,99.2532 18.7887,99.2536 18.7919,99.2546 18.7942,99.2531 18.7963,99.2510 18.7992,99.2505 18.8021,99.2504 18.8031,99.2501
ชม.4226	r	19.0136,98.8842 19.0142,98.8872 19.0153,98.8901 19.0154,98.8937 19.0152,98.8966 19.0169,98.9002 19.0162,98.9034 19.0148,98.9060 19.0140,98.9091 19.0113,98.9096 19.0102,98.9127 19.0107,98.9162 19.0121,98.9197 19.0138,98.9222 19.0144,98.9250 19.0142,98.9278 19.0133,98.9308 19.0128,98.9337 19.0126,98.9359
ชร.2113	r	19.7728,99.6530 19.7699,99.6520 19.7681,99.6498 19.7665,99.6473 19.7641,99.6456 19.7623,99.6443
ชม.4090	r	18.7240,99.0493 18.7265,99.0526 18.7285,99.0552 18.7313,99.0589 18.7320,99.0598
ชม.4101	r	18.6903,98.9877 18.6905,98.9877
ชม.4032	r	18.7028,98.9836 18.7002,98.9851 18.6975,98.9857 18.6947,98.9854 18.6920,98.9863 18.6899,98.9860
ชม.4091	r	18.6861,98.9953 18.6845,98.9930 18.6837,98.9920
ชม.4091	r	18.7043,99.0227 18.7021,99.0196 18.6999,99.0162 18.6979,99.0133 18.6971,99.0121
ชม.3007	r	18.7017,98.9841 18.7009,98.9820
ชม.2001	r	18.6799,98.9835 18.6818,98.9791 18.6830,98.9763 18.6830,98.9763
ชม.3011	r	18.7025,98.9655 18.6997,98.9646 18.6971,98.9639 18.6947,98.9633
ชม.2079	r	18.7677,99.0745 18.7705,99.0752 18.7726,99.0777 18.7739,99.0803 18.7761,99.0820
ชม.3039	r	18.6852,99.1021 18.6890,99.1024 18.6921,99.1029 18.6951,99.1032 18.6981,99.1035 18.7008,99.1044 18.7038,99.1054 18.7063,99.1066 18.7094,99.1082 18.7126,99.1096 18.7152,99.1107 18.7181,99.1114 18.7200,99.1117
ชม.2036	r	18.7957,99.1386 18.7973,99.1361 18.7958,99.1337 18.7937,99.1313 18.7914,99.1296 18.7888,99.1272 18.7855,99.1260 18.7835,99.1240 18.7809,99.1222 18.7782,99.1217 18.7754,99.1207 18.7738,99.1182 18.7721,99.1156 18.7696,99.1144 18.7693,99.1139
ชม.4062	r	18.8099,99.1413 18.8110,99.1440 18.8114,99.1469 18.8109,99.1498 18.8099,99.1517
ชม.4101	r	18.6905,98.9877 18.6905,98.9877
ชม.4101	r	18.6907,98.9878 18.6908,98.9879
ชม.4101	r	18.6799,98.9861 18.6826,98.9864 18.6851,98.9878 18.6879,98.9872 18.6903,98.9877
ลพ.2047	r	18.7164,99.1749 18.7143,99.1768 18.7120,99.1785 18.7118,99.1801
ลพ.1708	r	18.6445,99.0910 18.6431,99.0954 18.6415,99.1000 18.6388,99.1046 18.6383,99.1054
ชม.3039	r	18.6651,99.0981 18.6677,99.0990 18.6710,99.0990 18.6738,99.0992 18.6765,99.1003 18.6791,99.1011 18.6825,99.1016 18.6852,99.1021
1706	r	18.6693,99.1370 18.6711,99.1353
ชม.2079	r	18.8428,99.1015 18.8441,99.0987 18.8453,99.0975
ชม.2012	r	18.7981,99.1403 18.7963,99.1424 18.7954,99.1439
ลพ.2001	r	18.5798,99.0784 18.5795,99.0816 18.5789,99.0846 18.5785,99.0874 18.5783,99.0905 18.5769,99.0934 18.5767,99.0940
ลพ.2047	r	18.5756,99.1171 18.5737,99.1192 18.5708,99.1183 18.5682,99.1169 18.5652,99.1155 18.5638,99.1129 18.5598,99.1130 18.5565,99.1126 18.5539,99.1120 18.5512,99.1127 18.5478,99.1106 18.5471,99.1075 18.5448,99.1049
ลพ.2003	r	18.6038,98.9713 18.6044,98.9706
ลพ.4015	r	18.6989,99.1408 18.7010,99.1382 18.7031,99.1362 18.7040,99.1354
ชม.3198	r	18.6876,99.1330 18.6883,99.1299 18.6895,99.1270 18.6904,99.1239 18.6913,99.1211 18.6926,99.1180 18.6941,99.1158
ชม.4090	r	18.7201,99.0720 18.7200,99.0713
ชม.2079	r	18.8453,99.0975 18.8480,99.0989 18.8508,99.0993 18.8533,99.1005 18.8558,99.1017 18.8573,99.1024
ชม.2036	r	18.7895,99.1648 18.7872,99.1626 18.7851,99.1607 18.7824,99.1590 18.7797,99.1585 18.7769,99.1577 18.7744,99.1564 18.7742,99.1563
ชม.4210	r	18.9176,99.1134 18.9179,99.1165 18.9183,99.1200 18.9204,99.1224 18.9225,99.1228
ชม.3038	r	19.1503,99.0377 19.1534,99.0379 19.1562,99.0364 19.1561,99.0325 19.1563,99.0316
ชม.1-097	r	18.8335,99.1613 18.8334,99.1616
ชม.1-097	r	18.8336,99.1702 18.8338,99.1731 18.8338,99.1762 18.8336,99.1793 18.8349,99.1820 18.8364,99.1848 18.8388,99.1869
ชม.2187	r	18.7530,99.1702 18.7532,99.1702
ชม.3044	r	18.7388,99.2026 18.7433,99.2009
ชม.3044	r	18.7386,99.2027 18.7388,99.2026
ลพ.5127	r	18.7162,99.2341 18.7174,99.2313 18.7188,99.2287 18.7184,99.2257 18.7177,99.2226 18.7181,99.2196 18.7182,99.2165 18.7191,99.2135 18.7201,99.2105 18.7215,99.2076 18.7232,99.2051 18.7244,99.2023 18.7252,99.1995 18.7250,99.1963 18.7248,99.1953
ลพ.4015	r	18.7122,99.1244 18.7149,99.1228 18.7179,99.1229 18.7200,99.1209 18.7217,99.1185
ชม.3044	r	18.7702,99.1752 18.7692,99.1782 18.7674,99.1806 18.7660,99.1830 18.7629,99.1855 18.7599,99.1859 18.7580,99.1838 18.7556,99.1852 18.7527,99.1822 18.7517,99.1795 18.7504,99.1769 18.7477,99.1781 18.7470,99.1810 18.7470,99.1815
ชม.3044	r	18.8611,99.1692 18.8633,99.1715 18.8661,99.1727 18.8687,99.1708 18.8708,99.1684 18.8740,99.1678 18.8766,99.1683 18.8778,99.1651 18.8769,99.1610 18.8792,99.1588 18.8801,99.1584
ชม.5102	r	18.8299,99.1847 18.8331,99.1870 18.8333,99.1871
ชม.2085	r	18.7403,99.1010 18.7418,99.1033
ชม.2085	r	18.7402,99.1010 18.7403,99.1010
ชม.2059	r	18.7353,99.1126 18.7348,99.1134
ชม.2059	r	18.7354,99.1126 18.7353,99.1126
ชม.6021	r	18.8108,99.1744 18.8134,99.1756 18.8159,99.1770 18.8187,99.1779 18.8213,99.1782
ลพ.1-10015	r	18.6738,99.1437 18.6705,99.1469 18.6692,99.1486
ลพ.2011	r	18.6044,99.0703 18.6047,99.0671 18.6053,99.0639 18.6071,99.0617 18.6080,99.0593
ลพ.2001	r	18.6160,99.0925 18.6169,99.0895 18.6175,99.0866 18.6201,99.0836 18.6217,99.0802 18.6235,99.0764 18.6254,99.0735 18.6270,99.0710 18.6280,99.0683 18.6297,99.0647 18.6306,99.0611 18.6305,99.0605
ลพ.2011	r	18.6080,99.0593 18.6075,99.0564 18.6076,99.0562
ชม.4065	r	18.5091,98.2315 18.5121,98.2300 18.5145,98.2316 18.5169,98.2302 18.5194,98.2315 18.5223,98.2324 18.5236,98.2298 18.5264,98.2300 18.5290,98.2291 18.5318,98.2286 18.5317,98.2317 18.5312,98.2345 18.5342,98.2348 18.5371,98.2351 18.5394,98.2365 18.5423,98.2360 18.5435,98.2333 18.5463,98.2343 18.5471,98.2322
ชม.4016	r	18.6974,98.5687 18.6950,98.5665 18.6916,98.5661 18.6884,98.5671 18.6867,98.5645 18.6853,98.5636
ชม.5036	r	18.6289,98.8992 18.6256,98.8986 18.6230,98.8968 18.6183,98.8981 18.6155,98.8982 18.6138,98.9005 18.6093,98.9019 18.6064,98.9030
ชม.5036	r	18.6339,98.8757 18.6325,98.8720 18.6322,98.8691 18.6334,98.8665 18.6335,98.8636 18.6334,98.8629
ชม.3009	r	18.9338,98.9409 18.9349,98.9389
ชม.3013	r	18.8039,99.0616 18.8063,99.0637 18.8068,99.0667 18.8087,99.0688 18.8111,99.0708 18.8137,99.0718 18.8165,99.0731 18.8201,99.0753 18.8228,99.0777 18.8252,99.0793 18.8280,99.0810 18.8326,99.0816 18.8354,99.0810 18.8387,99.0808 18.8414,99.0816 18.8421,99.0818
ชม.2079	r	18.8112,99.0967 18.8139,99.0982 18.8165,99.0991 18.8183,99.1016 18.8209,99.1031 18.8234,99.1043 18.8260,99.1051 18.8280,99.1031 18.8301,99.1011 18.8331,99.1003 18.8360,99.1012 18.8387,99.1015 18.8416,99.1010 18.8428,99.1015
ชร.4011	r	20.1343,100.3429 20.1319,100.3457 20.1292,100.3481 20.1273,100.3505 20.1256,100.3527 20.1241,100.3553 20.1214,100.3609 20.1214,100.3612
ชร.3001	r	20.1106,100.5115 20.1116,100.5143 20.1111,100.5176 20.1113,100.5207 20.1115,100.5238 20.1151,100.5245 20.1182,100.5240 20.1211,100.5239 20.1241,100.5248 20.1269,100.5255 20.1298,100.5266 20.1319,100.5290 20.1344,100.5303 20.1369,100.5325 20.1394,100.5337 20.1426,100.5354 20.1456,100.5364 20.1477,100.5385 20.1501,100.5397 20.1530,100.5407 20.1557,100.5417 20.1574,100.5418
ชร.3001	r	20.1043,100.5088 20.1078,100.5103 20.1089,100.5109
ชม.4096	r	18.9076,99.1264 18.9045,99.1256 18.9031,99.1226 18.9014,99.1202 18.8985,99.1205 18.8958,99.1209 18.8940,99.1210
ชม.5347	r	18.7025,98.9655 18.7073,98.9662 18.7106,98.9672 18.7132,98.9681 18.7159,98.9691 18.7183,98.9706 18.7196,98.9718
ลป.5337	r	17.4481,99.1160 17.4496,99.1128 17.4516,99.1087 17.4547,99.1052 17.4598,99.1003 17.4621,99.0982 17.4646,99.0958 17.4686,99.0919 17.4711,99.0900 17.4733,99.0883 17.4761,99.0869 17.4781,99.0864
ชม.4087	r	18.9144,98.9412 18.9117,98.9419 18.9088,98.9421 18.9065,98.9403 18.9061,98.9391
ลพ.2011	r	18.5998,99.0505 18.6021,99.0466 18.6037,99.0438 18.6039,99.0433
ลพ.2001	r	18.6320,99.0555 18.6322,99.0548
ชม.5201	r	18.6518,98.9993 18.6545,99.0003 18.6577,99.0006 18.6609,98.9992 18.6638,98.9993 18.6669,99.0001 18.6696,99.0015 18.6715,99.0026
ลพ.4066	r	18.6437,99.0072 18.6444,99.0108 18.6473,99.0120 18.6509,99.0116 18.6541,99.0114 18.6574,99.0113 18.6605,99.0113 18.6636,99.0126 18.6662,99.0135 18.6697,99.0131 18.6707,99.0132
ลป.4213	r	17.3476,99.4374 17.3446,99.4385 17.3420,99.4397 17.3389,99.4402 17.3357,99.4392 17.3328,99.4400 17.3295,99.4395 17.3271,99.4410 17.3261,99.4438 17.3250,99.4465 17.3235,99.4490 17.3247,99.4516 17.3266,99.4536 17.3285,99.4546
ชม.2046	r	18.7195,98.9877 18.7167,98.9875 18.7140,98.9863 18.7116,98.9846 18.7090,98.9837 18.7064,98.9848 18.7036,98.9845 18.7027,98.9848
ชม.2049	r	18.7230,99.0021 18.7229,99.0050 18.7244,99.0074 18.7247,99.0079
ชม.4034	r	18.8959,99.0571 18.8970,99.0536 18.8993,99.0517 18.8999,99.0490 18.9004,99.0457 18.9015,99.0423 18.9017,99.0414
ชม.4034	r	18.9017,99.0414 18.8999,99.0392 18.8973,99.0373 18.8948,99.0342 18.8935,99.0314 18.8927,99.0286 18.8946,99.0263 18.8934,99.0237 18.8957,99.0221 18.8976,99.0199 18.9003,99.0195 18.9027,99.0180 18.9041,99.0157
ชม.4380	r	18.8934,99.0276 18.8933,99.0274
ชม. 2170	r	19.1176,99.0076 19.1199,99.0060 19.1209,99.0032 19.1236,99.0027 19.1259,99.0042 19.1270,99.0069 19.1289,99.0090 19.1315,99.0099 19.1318,99.0102
ชม.2007	r	19.1570,99.0092 19.1601,99.0086 19.1629,99.0066 19.1657,99.0053 19.1681,99.0033 19.1704,99.0014 19.1720,98.9989 19.1732,98.9961 19.1756,98.9949 19.1785,98.9939
ชม.2134	r	19.1586,98.9802 19.1612,98.9793 19.1644,98.9799 19.1674,98.9797 19.1713,98.9783 19.1743,98.9787 19.1781,98.9792 19.1812,98.9800
ชม.3001	r	19.6441,99.1361 19.6464,99.1343 19.6488,99.1321 19.6511,99.1306 19.6539,99.1289 19.6573,99.1259 19.6594,99.1237 19.6616,99.1216 19.6632,99.1192 19.6649,99.1169 19.6712,99.1140 19.6741,99.1139 19.6769,99.1129 19.6794,99.1118 19.6825,99.1105 19.6854,99.1098 19.6881,99.1097 19.6907,99.1089 19.6938,99.1087 19.6963,99.1102 19.6992,99.1106 19.7028,99.1111 19.7054,99.1101 19.7083,99.1093 19.7113,99.1093 19.7140,99.1094 19.7168,99.1100 19.7186,99.1126 19.7209,99.1144 19.7242,99.1138 19.7270,99.1129 19.7281,99.1128
ชม.4032	r	18.6594,98.9629 18.6618,98.9643 18.6643,98.9647
ชม.2044	r	18.6541,98.9618 18.6547,98.9649 18.6543,98.9679 18.6531,98.9710
ชม.4032	r	18.6547,98.9613 18.6533,98.9587 18.6508,98.9568 18.6480,98.9555 18.6453,98.9539 18.6423,98.9536 18.6386,98.9535 18.6371,98.9531
ชม.4032	r	18.5804,98.9529 18.5782,98.9510 18.5772,98.9482 18.5745,98.9470 18.5715,98.9470 18.5685,98.9449 18.5660,98.9435 18.5641,98.9412 18.5641,98.9411
ชม.5201	r	18.6518,98.9993 18.6488,98.9987 18.6457,98.9986 18.6429,98.9971 18.6421,98.9972
ชม.2042	r	18.6464,98.9956 18.6436,98.9954 18.6408,98.9949 18.6386,98.9946
ชม.2042	r	18.6338,98.9781 18.6310,98.9774 18.6293,98.9752 18.6273,98.9736
ชม.2042	r	18.6511,98.9947 18.6483,98.9942 18.6464,98.9956
ชม.2043	r	18.6633,98.9858 18.6643,98.9854
ชม.4091	r	18.6260,98.9587 18.6283,98.9603 18.6309,98.9609 18.6326,98.9633 18.6327,98.9637
ชม.2059	r	18.7454,99.0975 18.7441,99.1001 18.7420,99.1029 18.7399,99.1055 18.7387,99.1069
ลพ.1106	r	18.5838,98.9935 18.5862,98.9951 18.5888,98.9966 18.5912,98.9980 18.5918,98.9986
ลพ.2036	r	18.6066,99.0231 18.6093,99.0240 18.6119,99.0239
ลพ.2036	r	18.6137,99.0236 18.6165,99.0223 18.6193,99.0207 18.6227,99.0195 18.6254,99.0182 18.6282,99.0163 18.6302,99.0143 18.6303,99.0142
ลพ.4066	r	18.6307,99.0015 18.6340,99.0024 18.6368,99.0025 18.6391,99.0046 18.6411,99.0068 18.6437,99.0072
ลพ.4066	r	18.6307,99.0015 18.6290,98.9988 18.6276,98.9962 18.6246,98.9927 18.6231,98.9901 18.6216,98.9877 18.6202,98.9852 18.6173,98.9840 18.6165,98.9813 18.6158,98.9783 18.6129,98.9771 18.6093,98.9742 18.6070,98.9721 18.6048,98.9703
ลพ.2003	r	18.6045,98.9705 18.6066,98.9680 18.6087,98.9662 18.6115,98.9660 18.6141,98.9669 18.6164,98.9687 18.6195,98.9689 18.6213,98.9712 18.6240,98.9726 18.6263,98.9742 18.6282,98.9765 18.6309,98.9780 18.6338,98.9790 18.6342,98.9820 18.6350,98.9848 18.6353,98.9863
ชม.005	r	18.5801,98.9540 18.5801,98.9539
ชม.4100	r	18.5983,98.9673 18.6008,98.9691 18.6031,98.9708 18.6038,98.9713
ลพ.3046	r	18.5983,98.9673 18.5965,98.9651 18.5960,98.9622 18.5939,98.9593 18.5915,98.9575 18.5886,98.9571 18.5866,98.9549 18.5840,98.9541 18.5808,98.9542 18.5782,98.9529 18.5767,98.9496 18.5739,98.9486 18.5711,98.9484 18.5699,98.9488
ชม.4249	r	18.7433,99.0621 18.7419,99.0594 18.7416,99.0566 18.7421,99.0551
ชม.4249	r	18.7433,99.0625 18.7433,99.0621
ชม.4105	r	19.1082,98.9373 19.1086,98.9361
ชม.3093	r	19.0666,98.9611 19.0703,98.9591 19.0768,98.9561 19.0803,98.9534 19.0834,98.9523 19.0861,98.9510 19.0893,98.9501 19.0983,98.9529 19.1014,98.9512 19.1031,98.9516
ชม.2074	r	18.9022,99.1011 18.9059,99.1032 18.9090,99.1057 18.9107,99.1081 18.9114,99.1109 18.9113,99.1110
ชม.2157	r	18.9127,99.0891 18.9118,99.0921 18.9117,99.0966 18.9119,99.1011 18.9117,99.1066 18.9124,99.1091
ชม.2157	r	18.9154,99.0796 18.9155,99.0797
ชม.4034	r	19.0666,98.9611 19.0638,98.9635 19.0617,98.9659 19.0582,98.9695 19.0555,98.9733 19.0515,98.9748 19.0489,98.9756 19.0458,98.9765 19.0441,98.9775
ลพ.3019	r	18.4205,98.9197 18.4237,98.9176 18.4262,98.9154 18.4287,98.9124 18.4289,98.9049 18.4286,98.9017 18.4306,98.8988 18.4325,98.8960 18.4340,98.8933 18.4357,98.8904 18.4368,98.8887
ลพ.3043	r	18.4563,98.9240 18.4532,98.9236 18.4503,98.9255 18.4492,98.9282 18.4479,98.9309 18.4456,98.9327 18.4445,98.9353 18.4422,98.9372 18.4395,98.9372 18.4374,98.9353 18.4351,98.9337 18.4327,98.9323 18.4313,98.9298 18.4284,98.9279 18.4253,98.9266 18.4248,98.9237 18.4231,98.9215 18.4206,98.9202 18.4205,98.9197
ลพ.4020	r	18.3734,98.7673 18.3753,98.7697 18.3779,98.7718 18.3808,98.7739 18.3862,98.7775 18.3894,98.7798 18.3928,98.7821 18.3969,98.7849 18.3988,98.7893 18.4014,98.7906 18.4037,98.7926 18.4044,98.7935
ลพ.3036	r	18.4119,98.7481 18.4096,98.7502 18.4065,98.7510 18.4041,98.7525 18.4012,98.7548 18.3984,98.7553 18.3951,98.7571 18.3926,98.7581 18.3899,98.7605 18.3871,98.7617 18.3842,98.7626 18.3814,98.7646 18.3772,98.7653 18.3744,98.7659 18.3734,98.7673
ลป.4213	r	17.3285,99.4546 17.3286,99.4548
ลป.4213	r	17.3286,99.4548 17.3313,99.4558 17.3339,99.4571 17.3366,99.4590 17.3392,99.4600 17.3425,99.4611
ชม.5163	r	18.9614,98.9218 18.9610,98.9187 18.9611,98.9166
ชม.3052	r	19.1051,98.8337 19.1079,98.8337 19.1105,98.8327 19.1132,98.8329 19.1159,98.8325 19.1187,98.8330 19.1214,98.8329 19.1241,98.8328 19.1268,98.8332 19.1296,98.8337 19.1316,98.8329
ชม.3052	r	19.2164,98.7766 19.2190,98.7745 19.2207,98.7744
ชม.3052	r	19.2081,98.7891 19.2103,98.7869 19.2116,98.7835 19.2144,98.7827 19.2165,98.7809 19.2191,98.7791 19.2171,98.7772 19.2164,98.7766
1207	r	19.9311,99.8249 19.9292,99.8280 19.9289,99.8309 19.9276,99.8340 19.9261,99.8366
ชม.3048	r	19.6812,98.9595 19.6798,98.9619 19.6766,98.9629 19.6743,98.9646 19.6710,98.9647 19.6676,98.9651 19.6658,98.9690 19.6650,98.9722 19.6626,98.9763 19.6584,98.9805 19.6559,98.9823 19.6530,98.9856 19.6510,98.9880 19.6495,98.9911 19.6474,98.9941 19.6462,98.9969
ชม.4021	r	18.9292,98.7561 18.9268,98.7543 18.9262,98.7498 18.9269,98.7472
ชม.4067	r	18.8650,98.6284 18.8686,98.6266 18.8710,98.6247 18.8737,98.6238 18.8756,98.6217 18.8761,98.6214
ชม.4043	r	18.8888,98.6800 18.8878,98.6831 18.8851,98.6833 18.8822,98.6821 18.8795,98.6817 18.8767,98.6821 18.8761,98.6854 18.8758,98.6883 18.8731,98.6900 18.8705,98.6912 18.8681,98.6932 18.8652,98.6942 18.8631,98.6964 18.8644,98.6991 18.8640,98.7020 18.8616,98.7028
ชม.4247	r	18.7282,99.0632 18.7257,99.0623 18.7234,99.0607 18.7211,99.0590 18.7196,99.0582
ชม.005	r	18.5803,98.9533 18.5804,98.9529
ชม.005	r	18.5801,98.9539 18.5803,98.9533
ลพ.3186	r	18.6023,99.0093 18.6052,99.0085 18.6079,99.0078 18.6106,99.0071 18.6134,99.0064 18.6164,99.0057 18.6192,99.0050 18.6220,99.0041 18.6246,99.0030 18.6275,99.0022 18.6277,99.0017
ลป.4034	r	18.4338,99.6417 18.4358,99.6388
ลพ.2031	r	18.7195,99.3021 18.7169,99.3030 18.7141,99.3031 18.7112,99.3020 18.7077,99.3019 18.7052,99.3000 18.7019,99.3004 18.6989,99.3006 18.6961,99.3009 18.6934,99.3001 18.6895,99.2995 18.6868,99.2988 18.6840,99.2986 18.6812,99.2977 18.6784,99.2945 18.6742,99.2942 18.6715,99.2931 18.6686,99.2936 18.6658,99.2929 18.6625,99.2918 18.6603,99.2898 18.6571,99.2892 18.6539,99.2900 18.6508,99.2905 18.6480,99.2899 18.6452,99.2896 18.6427,99.2883 18.6396,99.2866 18.6373,99.2846 18.6345,99.2852 18.6316,99.2851 18.6290,99.2837 18.6267,99.2813 18.6239,99.2803 18.6212,99.2794 18.6189,99.2775 18.6160,99.2764 18.6128,99.2749 18.6100,99.2745 18.6077,99.2732 18.6042,99.2724 18.6010,99.2720 18.5985,99.2707 18.5954,99.2692 18.5923,99.2676 18.5890,99.2656 18.5871,99.2636 18.5848,99.2621 18.5818,99.2620 18.5783,99.2597 18.5756,99.2592 18.5731,99.2575 18.5704,99.2569 18.5676,99.2568 18.5652,99.2581 18.5624,99.2576 18.5593,99.2568 18.5574,99.2548 18.5563,99.2521 18.5542,99.2497 18.5524,99.2473 18.5499,99.2457 18.5470,99.2443 18.5443,99.2435 18.5436,99.2402 18.5407,99.2377 18.5386,99.2354 18.5381,99.2326 18.5355,99.2338 18.5329,99.2326 18.5307,99.2306 18.5272,99.2326 18.5238,99.2327 18.5214,99.2287 18.5204,99.2259 18.5190,99.2226 18.5171,99.2188 18.5153,99.2158 18.5127,99.2148 18.5123,99.2114 18.5106,99.2089 18.5094,99.2060 18.5071,99.2042 18.5051,99.2023 18.5022,99.1999 18.5003,99.1978 18.4974,99.1950 18.4952,99.1933 18.4942,99.1923
ลป.4207	r	18.3925,99.5859 18.3894,99.5861 18.3862,99.5873 18.3834,99.5869 18.3802,99.5850 18.3781,99.5828 18.3751,99.5792 18.3738,99.5764 18.3726,99.5737 18.3710,99.5712 18.3683,99.5694 18.3659,99.5677 18.3633,99.5652 18.3622,99.5618 18.3614,99.5585 18.3607,99.5543 18.3602,99.5512 18.3597,99.5484
ลพ.2026	r	18.4942,99.1923 18.4932,99.1939
ชม.2012	r	18.8020,99.1453 18.8040,99.1433 18.8064,99.1417 18.8091,99.1411 18.8099,99.1413
ชม.3044	r	18.7233,99.1903 18.7262,99.1906 18.7277,99.1928
ลพ.5127	r	18.7232,99.1901 18.7222,99.1868 18.7212,99.1837 18.7209,99.1805 18.7209,99.1802
ลพ.2047	r	18.6203,99.1601 18.6220,99.1579 18.6234,99.1554 18.6226,99.1518 18.6222,99.1496
ลพ.2047	r	18.5447,99.1049 18.5451,99.1020 18.5429,99.0997 18.5407,99.0978 18.5382,99.0957 18.5347,99.0970 18.5315,99.0979 18.5288,99.0994 18.5263,99.1015 18.5239,99.0999 18.5223,99.0952 18.5193,99.0936 18.5178,99.0911 18.5178,99.0908
ลพ.3045	r	18.5304,99.0794 18.5292,99.0829 18.5308,99.0858 18.5336,99.0864 18.5365,99.0863 18.5393,99.0872 18.5421,99.0876 18.5446,99.0861 18.5475,99.0861 18.5503,99.0865 18.5532,99.0863 18.5562,99.0861 18.5590,99.0861 18.5623,99.0859 18.5653,99.0863 18.5681,99.0869 18.5705,99.0854 18.5733,99.0872 18.5752,99.0893 18.5756,99.0894
ชม.3009	r	18.9349,98.9389 18.9351,98.9386
ชม.3009	r	18.9717,98.9200 18.9745,98.9193 18.9771,98.9180 18.9798,98.9182 18.9825,98.9169 18.9831,98.9149
ชม.3045	r	19.0929,98.9262 19.0929,98.9265
ชม.4226	r	19.0128,98.9412 19.0125,98.9443 19.0126,98.9444
ชม.3045	r	19.0929,98.9265 19.0924,98.9295 19.0934,98.9327
ชม.3011	r	19.0134,98.9445 19.0136,98.9474 19.0138,98.9479
ลพ.4010	r	18.3178,98.9224 18.3202,98.9249 18.3248,98.9278 18.3275,98.9297 18.3304,98.9330 18.3326,98.9363 18.3341,98.9398 18.3363,98.9422 18.3383,98.9478 18.3408,98.9493 18.3418,98.9528 18.3445,98.9551 18.3489,98.9558 18.3528,98.9565 18.3552,98.9550 18.3572,98.9529 18.3584,98.9556 18.3601,98.9578 18.3604,98.9611 18.3634,98.9612 18.3662,98.9608 18.3700,98.9616 18.3727,98.9618 18.3763,98.9624 18.3792,98.9622 18.3832,98.9619 18.3872,98.9621 18.3909,98.9619 18.3937,98.9617 18.3975,98.9623 18.4001,98.9630 18.4024,98.9646 18.4048,98.9667 18.4075,98.9676 18.4103,98.9678 18.4126,98.9656 18.4149,98.9646
ชม.4032	r	18.5369,98.9149 18.5353,98.9124 18.5331,98.9102 18.5318,98.9072 18.5313,98.9039 18.5307,98.9006 18.5284,98.8981 18.5265,98.8960 18.5228,98.8921 18.5213,98.8896 18.5194,98.8872 18.5177,98.8849 18.5156,98.8825 18.5149,98.8795 18.5153,98.8778
ชม.4008	r	18.1769,98.6317 18.1792,98.6343 18.1800,98.6372 18.1823,98.6391 18.1847,98.6406 18.1873,98.6431 18.1900,98.6446 18.1931,98.6425 18.1956,98.6414 18.1983,98.6425 18.1996,98.6455 18.1992,98.6484 18.1986,98.6513 18.1982,98.6542 18.1971,98.6573 18.1976,98.6601 18.1959,98.6637 18.1951,98.6666 18.1931,98.6704 18.1920,98.6731 18.1907,98.6758 18.1880,98.6785 18.1854,98.6801 18.1833,98.6824 18.1821,98.6852 18.1820,98.6884 18.1834,98.6913 18.1845,98.6947 18.1855,98.6973 18.1871,98.7003 18.1903,98.7014 18.1933,98.6997 18.1958,98.6987 18.1968,98.6953 18.1985,98.6925 18.2014,98.6912 18.2040,98.6901 18.2057,98.6875 18.2118,98.6849 18.2151,98.6879 18.2193,98.6900 18.2219,98.6912 18.2243,98.6929 18.2278,98.6938 18.2314,98.6951 18.2341,98.6975 18.2373,98.6964 18.2393,98.6939 18.2421,98.6944 18.2461,98.6918 18.2483,98.6901 18.2510,98.6899 18.2543,98.6901 18.2599,98.6882 18.2626,98.6873 18.2654,98.6864 18.2714,98.6866 18.2767,98.6861 18.2801,98.6860 18.2868,98.6881 18.2938,98.6903 18.2981,98.6917 18.3010,98.6926 18.3017,98.6932
ชม.3165	r	18.6068,98.9069 18.6040,98.9072 18.6020,98.9093 18.5991,98.9104 18.5960,98.9108 18.5933,98.9116 18.5906,98.9120 18.5888,98.9145 18.5876,98.9178 18.5862,98.9189
ลพ.4022	r	17.8773,98.9231 17.8772,98.9260 17.8772,98.9264
ลพ.4040	r	17.5622,98.8769 17.5632,98.8795 17.5656,98.8811 17.5681,98.8799 17.5709,98.8795 17.5737,98.8795 17.5763,98.8806 17.5794,98.8820 17.5826,98.8812 17.5859,98.8794 17.5887,98.8792 17.5914,98.8799 17.5944,98.8799 17.5981,98.8796 17.6016,98.8785 17.6044,98.8780 17.6072,98.8773 17.6103,98.8763 17.6128,98.8748 17.6151,98.8733 17.6177,98.8723 17.6209,98.8707 17.6236,98.8708 17.6265,98.8715 17.6294,98.8729 17.6308,98.8746
ชม.4216	r	18.8508,99.1250 18.8512,99.1279 18.8511,99.1308 18.8510,99.1312
ชม. 2170	r	19.1453,99.0123 19.1426,99.0111 19.1398,99.0104 19.1372,99.0093 19.1339,99.0099
ชม. 2170	r	19.1339,99.0099 19.1336,99.0109
ชม.3012	r	18.8847,99.0819 18.8847,99.0816
ชม.3012	r	18.8847,99.0816 18.8838,99.0787 18.8821,99.0763 18.8814,99.0734 18.8815,99.0703 18.8811,99.0673 18.8807,99.0645 18.8798,99.0617 18.8779,99.0597 18.8764,99.0572 18.8759,99.0543 18.8747,99.0516
ชม.4380	r	18.9088,99.0240 18.9067,99.0260 18.9036,99.0266 18.9007,99.0268 18.8980,99.0276 18.8949,99.0274 18.8934,99.0276
ชม.2096	r	18.8978,99.0321 18.9005,99.0324 18.9032,99.0318 18.9059,99.0310 18.9089,99.0303 18.9116,99.0303 18.9144,99.0300 18.9172,99.0303 18.9197,99.0287 18.9210,99.0277
ลพ.4035	r	18.5557,98.9696 18.5571,98.9722 18.5588,98.9748 18.5610,98.9767 18.5631,98.9788 18.5652,98.9807
ลพ.2047	r	18.6915,99.1779 18.6890,99.1765 18.6869,99.1784 18.6846,99.1767 18.6825,99.1750
2026	r	18.4932,99.1939 18.4932,99.1941
ลพ.2031	r	18.4942,99.1923 18.4922,99.1895 18.4913,99.1868 18.4898,99.1837 18.4870,99.1812 18.4843,99.1794 18.4819,99.1779 18.4791,99.1739 18.4775,99.1716 18.4761,99.1689 18.4747,99.1651 18.4734,99.1625 18.4723,99.1592 18.4690,99.1551 18.4686,99.1521 18.4675,99.1492 18.4668,99.1479
ลพ.2026	r	18.4932,99.1947 18.4900,99.1924 18.4873,99.1909 18.4853,99.1883 18.4832,99.1861 18.4805,99.1845 18.4779,99.1853 18.4748,99.1843 18.4727,99.1821 18.4700,99.1816 18.4683,99.1793 18.4666,99.1770 18.4650,99.1744 18.4624,99.1738
ชม.3052	r	19.2340,98.7836 19.2347,98.7838
ชม.3052	r	19.2347,98.7838 19.2348,98.7838
ชร.1042	r	20.3024,99.9442 20.3050,99.9452 20.3076,99.9443 20.3113,99.9443 20.3158,99.9443 20.3191,99.9449 20.3235,99.9450 20.3262,99.9450 20.3292,99.9453 20.3324,99.9426 20.3344,99.9385 20.3362,99.9349 20.3380,99.9312 20.3397,99.9275 20.3403,99.9263
ชร.1009	r	20.2357,99.8562 20.2350,99.8595 20.2342,99.8626 20.2343,99.8658 20.2344,99.8691 20.2324,99.8713 20.2325,99.8745 20.2324,99.8774 20.2320,99.8806 20.2325,99.8836 20.2335,99.8864 20.2347,99.8892 20.2357,99.8921 20.2377,99.8942 20.2389,99.8968 20.2401,99.8995 20.2417,99.9019 20.2429,99.9046 20.2448,99.9071 20.2460,99.9097 20.2471,99.9124 20.2485,99.9151 20.2495,99.9178 20.2526,99.9192 20.2552,99.9204 20.2584,99.9225 20.2603,99.9247 20.2635,99.9253 20.2669,99.9265 20.2694,99.9275 20.2718,99.9255 20.2743,99.9269 20.2761,99.9292 20.2787,99.9299 20.2802,99.9324 20.2832,99.9351 20.2855,99.9370 20.2876,99.9397 20.2889,99.9422 20.2905,99.9447 20.2918,99.9477 20.2945,99.9490 20.2967,99.9528 20.2990,99.9550 20.3018,99.9563 20.3044,99.9588 20.3075,99.9594 20.3110,99.9594 20.3138,99.9604 20.3169,99.9618 20.3202,99.9625 20.3229,99.9634 20.3258,99.9643 20.3284,99.9651 20.3312,99.9659 20.3339,99.9656 20.3372,99.9654 20.3403,99.9651 20.3430,99.9659 20.3460,99.9666 20.3491,99.9662 20.3520,99.9655 20.3528,99.9655
ชร.1009	r	20.3529,99.9653 20.3560,99.9649 20.3586,99.9640 20.3615,99.9633 20.3640,99.9609 20.3665,99.9589 20.3690,99.9577 20.3704,99.9573
ชร.1009	r	20.3528,99.9655 20.3529,99.9653
ชร.1038	r	20.3110,99.8798 20.3080,99.8810 20.3057,99.8831 20.3058,99.8863 20.3045,99.8893 20.3034,99.8926 20.3025,99.8968 20.3019,99.8997 20.3011,99.9026 20.3002,99.9058 20.2994,99.9094 20.2990,99.9122 20.2981,99.9160 20.2980,99.9204 20.2970,99.9240 20.3001,99.9252 20.3022,99.9275 20.3038,99.9298 20.3067,99.9302 20.3062,99.9335 20.3049,99.9384 20.3033,99.9415 20.3017,99.9440 20.2990,99.9441 20.2963,99.9449 20.2933,99.9448 20.2906,99.9451
ลป.2016	r	18.2488,99.2342 18.2450,99.2341 18.2422,99.2340 18.2393,99.2344 18.2363,99.2348 18.2333,99.2334 18.2306,99.2282 18.2295,99.2252 18.2252,99.2227 18.2195,99.2214 18.2168,99.2201 18.2119,99.2173 18.2071,99.2142 18.2062,99.2115 18.2067,99.2085 18.2069,99.2049 18.2071,99.2012 18.2054,99.1985 18.2024,99.1967 18.1995,99.1963 18.1965,99.1965 18.1939,99.1956 18.1914,99.1944 18.1884,99.1940
ลป.2016	r	18.1320,99.1909 18.1326,99.1939 18.1288,99.2008
ลพ.3183	r	18.3963,98.9618 18.3993,98.9615 18.4024,98.9614 18.4050,98.9606 18.4081,98.9604 18.4110,98.9602 18.4134,98.9583 18.4161,98.9574 18.4181,98.9562
ลป.2016	r	18.3250,99.2886 18.3209,99.2886 18.3180,99.2882 18.3110,99.2883 18.3081,99.2890 18.3043,99.2904 18.2971,99.2856 18.2961,99.2821 18.2959,99.2782 18.2938,99.2761 18.2926,99.2733 18.2903,99.2716 18.2875,99.2705 18.2850,99.2694 18.2819,99.2684 18.2785,99.2686 18.2708,99.2678 18.2677,99.2668 18.2655,99.2647 18.2656,99.2618 18.2637,99.2595 18.2618,99.2570 18.2606,99.2488 18.2571,99.2484 18.2551,99.2458 18.2520,99.2466 18.2502,99.2443 18.2497,99.2411 18.2499,99.2374 18.2488,99.2342 18.2486,99.2312 18.2512,99.2291 18.2511,99.2257 18.2518,99.2224 18.2523,99.2192 18.2522,99.2160 18.2553,99.2158 18.2582,99.2146 18.2608,99.2130 18.2616,99.2113
ลพ.3003	r	18.5281,99.2346 18.5285,99.2377 18.5292,99.2421 18.5295,99.2460 18.5286,99.2493 18.5280,99.2523 18.5271,99.2556 18.5274,99.2584 18.5261,99.2614 18.5234,99.2622 18.5210,99.2635 18.5178,99.2620 18.5150,99.2616 18.5128,99.2632 18.5100,99.2630 18.5073,99.2644 18.5052,99.2663 18.5024,99.2663 18.5021,99.2662
ชม.3012	r	18.8782,99.0983 18.8801,99.1004 18.8823,99.1022 18.8849,99.1032 18.8865,99.1009 18.8881,99.0984 18.8893,99.0956 18.8894,99.0939
ชร.1042	r	20.3403,99.9263 20.3403,99.9261
ชร.1042	r	20.3403,99.9261 20.3428,99.9205 20.3461,99.9174 20.3474,99.9136 20.3494,99.9107 20.3515,99.9080 20.3537,99.9061 20.3557,99.9029 20.3570,99.9002 20.3587,99.8963 20.3605,99.8940 20.3625,99.8906 20.3640,99.8881 20.3647,99.8851 20.3647,99.8849
ชร.4001	r	20.3420,100.0026 20.3450,100.0042 20.3484,100.0052 20.3513,100.0060 20.3539,100.0042 20.3556,100.0018 20.3580,100.0005 20.3599,100.0011
ชร.4001	r	20.3075,99.9910 20.3100,99.9924 20.3115,99.9948 20.3132,99.9974 20.3144,100.0003 20.3183,100.0012 20.3210,100.0007 20.3238,100.0011 20.3263,100.0024 20.3293,100.0026 20.3327,100.0040 20.3362,100.0038 20.3391,100.0030 20.3420,100.0026
ชร.5033	r	20.2841,100.0780 20.2827,100.0751 20.2822,100.0719 20.2836,100.0689 20.2832,100.0661 20.2847,100.0637 20.2865,100.0611 20.2885,100.0587 20.2906,100.0528 20.2915,100.0499 20.2931,100.0469 20.2957,100.0456 20.2976,100.0431 20.2992,100.0408 20.2988,100.0379 20.2995,100.0349 20.3003,100.0320 20.3023,100.0296 20.3030,100.0268 20.3055,100.0243 20.3073,100.0210 20.3080,100.0181 20.3070,100.0152 20.3066,100.0122 20.3054,100.0096 20.3052,100.0067 20.3053,100.0035 20.3057,100.0006 20.3059,99.9976 20.3057,99.9946 20.3071,99.9917 20.3075,99.9910
ชร.4001	r	20.2592,99.9586 20.2567,99.9574 20.2543,99.9557 20.2523,99.9536 20.2461,99.9481 20.2436,99.9466 20.2402,99.9463 20.2372,99.9456 20.2344,99.9455 20.2324,99.9474 20.2293,99.9472 20.2266,99.9484 20.2254,99.9495
ชร.4010	r	20.3056,99.9911 20.3075,99.9910
ชร.5033	r	20.2982,99.9713 20.2972,99.9713
ชร.5033	r	20.3000,99.9717 20.2985,99.9713
ชม.4307	r	18.8273,98.9530 18.8263,98.9557 18.8262,98.9559
ชม.4043	r	18.9657,98.7142 18.9652,98.7111 18.9643,98.7082 18.9646,98.7071
ชม.4021	r	18.8689,98.7227 18.8660,98.7234 18.8637,98.7236
ลพ.3006	r	18.0947,99.0116 18.0953,99.0099
ลพ.4044	r	17.9445,99.0476 17.9446,99.0440 17.9448,99.0411 17.9430,99.0389 17.9410,99.0369 17.9386,99.0355 17.9354,99.0318 17.9351,99.0288 17.9350,99.0256 17.9321,99.0246 17.9315,99.0215 17.9315,99.0184 17.9302,99.0157 17.9282,99.0136 17.9309,99.0112 17.9342,99.0120 17.9357,99.0084 17.9340,99.0053 17.9339,99.0023 17.9321,98.9985 17.9300,98.9966 17.9281,98.9945 17.9261,98.9920 17.9242,98.9895 17.9224,98.9874 17.9218,98.9845 17.9196,98.9817 17.9176,98.9794 17.9160,98.9769 17.9157,98.9726 17.9164,98.9680 17.9183,98.9641 17.9193,98.9609 17.9192,98.9578 17.9195,98.9540 17.9168,98.9483 17.9168,98.9438 17.9171,98.9402 17.9176,98.9373 17.9185,98.9341 17.9201,98.9304 17.9220,98.9260 17.9228,98.9216 17.9234,98.9185 17.9236,98.9171
ลพ.3119	r	18.1276,99.0127 18.1289,99.0095 18.1260,99.0081 18.1230,99.0082 18.1207,99.0097 18.1176,99.0103 18.1135,99.0094 18.1107,99.0109 18.1080,99.0113 18.1052,99.0115 18.1016,99.0116 18.0996,99.0127
ลพ.3021	r	18.2326,98.8337 18.2325,98.8353
ชม.4380	r	18.8933,99.0274 18.8892,99.0269
ชม.4034	r	18.9041,99.0157 18.9070,99.0138 18.9100,99.0121 18.9127,99.0115 18.9158,99.0116 18.9184,99.0115
ชม.4288	r	18.2072,98.6314 18.2084,98.6282 18.2093,98.6254 18.2101,98.6225 18.2106,98.6195 18.2102,98.6161
ชม.4009	r	18.1999,98.6435 18.2027,98.6430 18.2045,98.6398 18.2060,98.6374 18.2082,98.6357 18.2088,98.6353
ลป.4017	r	19.1041,99.6281 19.0998,99.6296 19.0971,99.6300 19.0941,99.6292 19.0913,99.6297 19.0866,99.6294 19.0824,99.6297 19.0793,99.6295 19.0754,99.6291 19.0725,99.6286 19.0696,99.6285 19.0657,99.6280 19.0623,99.6278 19.0593,99.6270 19.0567,99.6252 19.0531,99.6234
ลป.2015	r	19.0608,99.7781 19.0585,99.7764 19.0548,99.7751 19.0519,99.7741 19.0491,99.7747 19.0469,99.7765 19.0447,99.7784 19.0432,99.7814 19.0409,99.7832 19.0383,99.7846 19.0355,99.7848 19.0329,99.7857 19.0307,99.7879 19.0283,99.7891 19.0255,99.7898 19.0229,99.7915 19.0203,99.7930 19.0176,99.7925 19.0145,99.7933 19.0115,99.7936 19.0080,99.7941 19.0048,99.7944 19.0040,99.7944
ลป.3022	r	19.0782,99.7156 19.0777,99.7128 19.0759,99.7105 19.0730,99.7106 19.0697,99.7107 19.0670,99.7114 19.0642,99.7116 19.0617,99.7093 19.0588,99.7085 19.0563,99.7072 19.0536,99.7082 19.0508,99.7086 19.0482,99.7097 19.0455,99.7094 19.0426,99.7087 19.0410,99.7088
ลป.2017	r	18.4966,99.2674 18.4936,99.2675 18.4909,99.2672 18.4879,99.2675 18.4856,99.2691 18.4829,99.2695 18.4800,99.2686 18.4771,99.2678 18.4747,99.2695 18.4725,99.2712 18.4700,99.2724 18.4682,99.2702 18.4670,99.2675 18.4648,99.2655 18.4620,99.2669 18.4591,99.2677 18.4579,99.2678
ลป.2017	r	18.5021,99.2662 18.4996,99.2676 18.4971,99.2688 18.4974,99.2674
ลป.4033	r	18.5192,99.6334 18.5188,99.6330
ชม.4230	r	18.8456,99.0288 18.8481,99.0300 18.8485,99.0302
ชม.2177	r	18.8486,99.0304 18.8514,99.0306 18.8545,99.0317 18.8572,99.0321 18.8587,99.0297 18.8605,99.0274 18.8620,99.0262
นน.3020	r	18.5238,100.5555 18.5271,100.5543 18.5298,100.5546 18.5326,100.5549 18.5339,100.5511 18.5359,100.5489 18.5396,100.5476 18.5435,100.5432 18.5470,100.5426 18.5502,100.5432 18.5529,100.5425 18.5547,100.5389 18.5555,100.5356 18.5572,100.5326 18.5577,100.5294 18.5582,100.5263 18.5604,100.5235 18.5629,100.5218 18.5667,100.5159 18.5700,100.5144 18.5735,100.5135 18.5761,100.5130 18.5789,100.5124 18.5812,100.5108 18.5839,100.5097 18.5869,100.5087 18.5905,100.5073 18.5944,100.5081 18.5968,100.5095 18.5998,100.5092 18.6029,100.5088 18.6065,100.5076 18.6088,100.5060 18.6117,100.5048 18.6138,100.5028 18.6192,100.5013 18.6219,100.4996 18.6252,100.4983 18.6283,100.4969 18.6329,100.4970 18.6363,100.4958 18.6392,100.4963 18.6429,100.4960 18.6458,100.4940 18.6482,100.4917 18.6519,100.4916 18.6549,100.4914 18.6581,100.4911 18.6601,100.4889 18.6610,100.4860 18.6615,100.4827 18.6636,100.4805 18.6668,100.4806 18.6698,100.4804 18.6728,100.4788 18.6758,100.4773 18.6785,100.4756 18.6800,100.4728 18.6806,100.4699 18.6837,100.4694 18.6860,100.4671 18.6884,100.4653 18.6908,100.4627 18.6940,100.4621 18.6970,100.4620 18.6998,100.4617 18.7028,100.4596 18.7052,100.4579 18.7071,100.4553 18.7077,100.4546
นน.5086	r	18.8715,100.4430 18.8729,100.4457 18.8728,100.4492 18.8721,100.4520 18.8704,100.4566 18.8707,100.4607 18.8697,100.4635 18.8696,100.4643
นน.2032	r	18.8691,100.6012 18.8684,100.5984 18.8654,100.5985 18.8630,100.5969 18.8604,100.5959 18.8577,100.5947 18.8547,100.5939 18.8512,100.5941 18.8486,100.5949 18.8456,100.5946 18.8427,100.5945 18.8400,100.5938 18.8368,100.5927 18.8346,100.5948 18.8318,100.5947 18.8296,100.5923 18.8268,100.5926 18.8265,100.5923
นน.3052	r	18.7832,100.4552 18.7857,100.4541 18.7883,100.4552 18.7909,100.4563 18.7939,100.4571 18.7965,100.4566 18.7994,100.4552 18.8042,100.4561 18.8070,100.4566 18.8099,100.4566 18.8129,100.4563 18.8152,100.4548 18.8178,100.4536 18.8197,100.4515 18.8224,100.4509 18.8251,100.4511 18.8280,100.4491 18.8313,100.4490 18.8340,100.4491 18.8367,100.4486 18.8388,100.4457 18.8399,100.4430 18.8391,100.4402 18.8371,100.4381 18.8371,100.4377
นน.3033	r	18.8757,100.5875 18.8735,100.5851 18.8707,100.5846 18.8680,100.5836 18.8652,100.5811 18.8638,100.5784 18.8607,100.5778 18.8583,100.5791 18.8580,100.5789
นน.4002	r	18.8700,100.5526 18.8669,100.5523 18.8642,100.5539 18.8616,100.5551 18.8602,100.5576 18.8575,100.5592 18.8562,100.5567 18.8554,100.5539 18.8579,100.5513 18.8573,100.5484 18.8580,100.5457 18.8577,100.5427 18.8588,100.5396 18.8569,100.5375 18.8532,100.5355 18.8506,100.5346 18.8480,100.5334 18.8450,100.5320 18.8422,100.5324 18.8401,100.5301 18.8377,100.5281 18.8358,100.5301 18.8336,100.5318 18.8305,100.5328 18.8277,100.5329 18.8249,100.5308 18.8222,100.5302 18.8194,100.5299 18.8174,100.5279 18.8148,100.5287 18.8124,100.5270 18.8101,100.5285 18.8080,100.5294
ชม.2036	r	18.7692,99.1138 18.7693,99.1139
ชม.4249	r	18.7404,99.0543 18.7390,99.0518 18.7367,99.0501 18.7361,99.0501
1706	r	18.6712,99.1352 18.6731,99.1330 18.6752,99.1301 18.6775,99.1284 18.6803,99.1276 18.6828,99.1252 18.6823,99.1221 18.6825,99.1191 18.6845,99.1165 18.6852,99.1131 18.6845,99.1103 18.6849,99.1075 18.6849,99.1042 18.6852,99.1021
ลพ.1-10015	r	18.6692,99.1486 18.6691,99.1488
1706	r	18.6711,99.1353 18.6712,99.1352
1350	r	19.0244,101.2053 19.0225,101.2076 19.0200,101.2086
นน.3082	r	19.0705,101.1907 19.0697,101.1879 19.0683,101.1853 19.0669,101.1819 19.0648,101.1791 19.0625,101.1769 19.0623,101.1739 19.0605,101.1717 19.0595,101.1702
นน.4010	r	18.1828,100.6584 18.1802,100.6575 18.1775,100.6557 18.1763,100.6524 18.1749,100.6497 18.1740,100.6465 18.1723,100.6435 18.1693,100.6417 18.1670,100.6397 18.1674,100.6367 18.1682,100.6336 18.1707,100.6319 18.1730,100.6303 18.1733,100.6271 18.1736,100.6240 18.1748,100.6205 18.1748,100.6174 18.1752,100.6143 18.1762,100.6114 18.1741,100.6089 18.1753,100.6062 18.1745,100.6033 18.1743,100.5997 18.1740,100.5966 18.1735,100.5936 18.1726,100.5908 18.1727,100.5879 18.1712,100.5854 18.1702,100.5824 18.1699,100.5792 18.1699,100.5759 18.1709,100.5732 18.1729,100.5712 18.1723,100.5682 18.1740,100.5657 18.1752,100.5626 18.1765,100.5594 18.1770,100.5563 18.1777,100.5526 18.1789,100.5484 18.1805,100.5459 18.1826,100.5438 18.1832,100.5408 18.1840,100.5375 18.1831,100.5347 18.1820,100.5308 18.1801,100.5286 18.1774,100.5262 18.1783,100.5231 18.1785,100.5189 18.1779,100.5150 18.1780,100.5117 18.1756,100.5084 18.1732,100.5068 18.1705,100.5052 18.1713,100.5023 18.1740,100.5022 18.1772,100.5035 18.1798,100.5028 18.1804,100.5027
นน.4007	r	19.0886,100.7868 19.0870,100.7840 19.0868,100.7791 19.0864,100.7768
ลพ.2029	r	18.6211,99.1611 18.6210,99.1612
ลพ.2029	r	18.6210,99.1612 18.6194,99.1640 18.6175,99.1673 18.6171,99.1680
ชม.2106	r	18.7529,99.0774 18.7549,99.0796 18.7570,99.0817 18.7591,99.0837 18.7614,99.0854 18.7617,99.0857
นน.4009	r	18.5613,100.7227 18.5579,100.7234 18.5543,100.7242 18.5519,100.7255 18.5493,100.7267 18.5465,100.7269 18.5437,100.7266 18.5408,100.7273 18.5420,100.7301 18.5430,100.7329 18.5416,100.7364 18.5415,100.7397 18.5420,100.7426 18.5443,100.7442 18.5464,100.7472 18.5488,100.7488 18.5507,100.7509 18.5522,100.7533 18.5528,100.7557
นน.3018	r	18.5662,100.7352 18.5637,100.7363 18.5614,100.7387 18.5589,100.7404 18.5566,100.7424 18.5537,100.7429 18.5523,100.7458 18.5519,100.7489 18.5516,100.7519 18.5520,100.7553 18.5521,100.7557
นน.2034	r	18.7959,100.7254 18.7933,100.7240 18.7905,100.7240 18.7872,100.7244 18.7879,100.7272 18.7903,100.7287 18.7932,100.7298 18.7941,100.7303
นน.4022	r	19.0961,100.5799 19.0958,100.5829 19.0956,100.5840
พย.4030	r	19.1506,100.3896 19.1490,100.3866 19.1460,100.3862 19.1434,100.3847 19.1383,100.3837
พย.4030	r	19.1383,100.3837 19.1354,100.3841 19.1326,100.3833 19.1293,100.3832 19.1266,100.3823 19.1240,100.3812 19.1215,100.3795 19.1183,100.3781 19.1154,100.3783 19.1126,100.3782 19.1131,100.3816 19.1142,100.3849 19.1114,100.3860 19.1094,100.3891 19.1079,100.3916 19.1062,100.3941 19.1052,100.3957
ลพ.4713	r	18.7052,99.1525 18.7045,99.1553
ชม.4090	r	18.7205,99.0762 18.7205,99.0761
ชม.4090	r	18.7205,99.0761 18.7202,99.0729 18.7201,99.0720
นน.3079	r	18.8400,100.4433 18.8424,100.4447 18.8456,100.4454 18.8484,100.4464 18.8517,100.4473 18.8527,100.4472
นน.3080	r	18.8366,100.4380 18.8349,100.4405 18.8341,100.4436 18.8327,100.4463 18.8327,100.4482
พร.4012	r	18.5983,100.1503 18.6013,100.1521 18.6036,100.1541 18.6057,100.1563 18.6081,100.1575 18.6111,100.1598 18.6138,100.1622 18.6170,100.1622 18.6198,100.1631 18.6235,100.1620 18.6263,100.1621 18.6263,100.1629
พย.3070	r	18.8792,100.3108 18.8816,100.3123 18.8846,100.3133 18.8873,100.3137 18.8900,100.3142 18.8901,100.3142
พร.3003	r	18.3455,100.1768 18.3456,100.1797 18.3435,100.1817 18.3415,100.1842 18.3399,100.1867 18.3397,100.1897 18.3392,100.1925
พร.4016	r	18.3144,100.1908 18.3147,100.1877 18.3137,100.1846 18.3119,100.1805 18.3109,100.1798
พร.3074	r	18.3003,100.2834 18.3016,100.2802 18.3028,100.2770 18.3047,100.2750 18.3058,100.2722 18.3081,100.2706 18.3110,100.2706 18.3137,100.2712 18.3164,100.2729 18.3187,100.2745 18.3214,100.2745 18.3242,100.2745 18.3261,100.2724
พร.3123	r	18.5088,100.1981 18.5084,100.1952 18.5082,100.1922 18.5089,100.1893 18.5107,100.1850 18.5110,100.1819 18.5121,100.1793 18.5121,100.1753 18.5128,100.1719 18.5119,100.1691 18.5098,100.1669
พร.3023	r	18.3474,100.1523 18.3478,100.1553 18.3509,100.1549 18.3534,100.1534 18.3567,100.1531 18.3584,100.1507 18.3618,100.1514 18.3631,100.1487 18.3665,100.1452 18.3690,100.1427 18.3721,100.1419 18.3750,100.1425 18.3779,100.1447 18.3800,100.1470 18.3827,100.1477 18.3855,100.1480 18.3883,100.1482 18.3910,100.1481 18.3935,100.1466 18.3962,100.1465 18.3967,100.1467
พร.3017	r	18.3285,100.1929 18.3237,100.1919 18.3202,100.1914 18.3172,100.1911 18.3144,100.1908 18.3110,100.1900 18.3080,100.1890 18.3050,100.1900 18.3023,100.1909 18.2994,100.1917 18.2964,100.1926 18.2935,100.1966 18.2926,100.1982
พร.5031	r	18.3690,100.1773 18.3683,100.1744 18.3675,100.1709 18.3692,100.1671 18.3703,100.1642 18.3726,100.1620 18.3755,100.1613 18.3788,100.1615 18.3795,100.1624
พร.5031	r	18.3865,100.1509 18.3848,100.1571 18.3824,100.1592 18.3804,100.1611 18.3799,100.1612
พร.2031	r	17.9627,99.9878 17.9654,99.9871 17.9693,99.9870 17.9724,99.9875 17.9750,99.9885 17.9804,99.9906 17.9831,99.9917 17.9863,99.9942 17.9884,99.9966 17.9927,99.9990 17.9929,99.9993
พย.1014	r	19.3482,99.8326 19.3510,99.8330 19.3513,99.8359 19.3518,99.8393 19.3522,99.8423 19.3521,99.8457 19.3537,99.8483 19.3536,99.8496
ชม.4075	r	19.1128,98.7745 19.1128,98.7743
ชม.4075	r	19.0751,98.7696 19.0751,98.7697
ชม.4075	r	19.0751,98.7697 19.0722,98.7719 19.0704,98.7740 19.0674,98.7739 19.0650,98.7755
ชม.4067	r	18.8765,98.6215 18.8779,98.6183 18.8782,98.6154 18.8777,98.6124 18.8793,98.6100 18.8818,98.6079 18.8848,98.6052 18.8865,98.6019 18.8894,98.6006 18.8921,98.5993 18.8948,98.5995 18.8975,98.6002 18.8995,98.5981 18.9022,98.5968 18.9041,98.5948 18.9058,98.5972 18.9071,98.5998 18.9093,98.6019 18.9114,98.6040 18.9108,98.6009 18.9093,98.5981 18.9091,98.5945 18.9110,98.5921 18.9137,98.5931 18.9163,98.5941 18.9182,98.5916 18.9211,98.5915 18.9247,98.5921 18.9275,98.5922 18.9300,98.5912 18.9324,98.5889 18.9342,98.5863 18.9363,98.5844 18.9392,98.5846 18.9420,98.5844 18.9440,98.5815 18.9458,98.5793 18.9493,98.5778 18.9510,98.5800 18.9534,98.5817 18.9561,98.5818 18.9564,98.5804
มส.4006	r	19.2224,98.4229 19.2207,98.4221
ชม.4030	r	19.3173,98.5998 19.3150,98.6015 19.3142,98.6015
ชม.3024	r	19.3751,98.7301 19.3745,98.7332 19.3754,98.7359 19.3764,98.7391 19.3788,98.7405 19.3795,98.7432 19.3789,98.7462 19.3786,98.7491 19.3763,98.7512 19.3750,98.7537 19.3747,98.7566 19.3770,98.7583 19.3777,98.7612 19.3778,98.7641 19.3792,98.7666 19.3806,98.7690 19.3822,98.7717 19.3838,98.7743 19.3837,98.7714 19.3864,98.7714 19.3888,98.7693 19.3919,98.7695 19.3946,98.7720 19.3964,98.7744 19.3992,98.7749 19.4009,98.7777 19.4017,98.7807 19.4038,98.7835 19.4061,98.7862 19.4089,98.7884 19.4109,98.7904 19.4110,98.7935 19.4119,98.7963 19.4111,98.7991 19.4135,98.8005 19.4144,98.8032 19.4168,98.8054 19.4166,98.8094 19.4171,98.8124 19.4173,98.8155 19.4166,98.8183 19.4165,98.8215 19.4151,98.8241 19.4125,98.8251 19.4097,98.8251 19.4101,98.8286 19.4108,98.8318 19.4131,98.8338 19.4147,98.8361 19.4156,98.8391 19.4169,98.8429 19.4174,98.8459 19.4183,98.8488 19.4179,98.8517 19.4173,98.8546 19.4152,98.8565 19.4132,98.8584 19.4141,98.8611 19.4114,98.8617 19.4111,98.8646 19.4120,98.8675 19.4126,98.8704 19.4114,98.8729 19.4113,98.8760 19.4114,98.8791 19.4111,98.8820 19.4101,98.8847 19.4119,98.8869 19.4115,98.8897 19.4128,98.8922 19.4148,98.8942 19.4172,98.8963 19.4179,98.9012 19.4183,98.9045 19.4173,98.9070
พร.4016	r	18.1453,100.1248 18.1469,100.1273 18.1495,100.1290 18.1510,100.1316 18.1528,100.1337 18.1536,100.1365 18.1566,100.1388 18.1592,100.1397 18.1619,100.1391 18.1640,100.1372 18.1653,100.1346 18.1680,100.1338 18.1704,100.1339
พย.4023	r	19.3677,100.0825 19.3703,100.0835 19.3730,100.0853 19.3751,100.0873 19.3784,100.0884 19.3813,100.0877 19.3847,100.0876 19.3875,100.0875 19.3907,100.0883 19.3935,100.0883 19.3971,100.0872 19.4009,100.0865 19.4036,100.0866 19.4080,100.0864 19.4139,100.0862 19.4174,100.0850 19.4288,100.0829 19.4316,100.0844 19.4339,100.0852
พย.ถ13-001	r	19.2191,99.8668 19.2182,99.8631 19.2182,99.8629
พย.2040	r	19.1733,99.7895 19.1762,99.7894 19.1787,99.7904 19.1815,99.7915 19.1839,99.7929 19.1866,99.7945 19.1873,99.7975 19.1887,99.8003 19.1909,99.8050 19.1923,99.8090 19.1947,99.8108 19.1946,99.8137 19.1966,99.8162 19.1969,99.8191 19.1940,99.8195 19.1919,99.8192
พย.001	r	19.2038,99.8682 19.2050,99.8715
พย.001	r	19.1984,99.8390 19.1982,99.8419 19.1983,99.8449 19.1987,99.8477 19.1995,99.8506 19.2007,99.8535 19.2011,99.8569 19.2017,99.8610 19.2017,99.8615
พย.001	r	19.2030,99.8664 19.2038,99.8682
พย.2014	r	19.1957,99.8195 19.1950,99.8222 19.1943,99.8252 19.1951,99.8280 19.1963,99.8306 19.1978,99.8335 19.1981,99.8365 19.1982,99.8377
พย.4015	r	19.1435,99.9236 19.1411,99.9252 19.1382,99.9259 19.1366,99.9285 19.1347,99.9312 19.1288,99.9366 19.1248,99.9399 19.1226,99.9417 19.1202,99.9435 19.1174,99.9438 19.1143,99.9457 19.1111,99.9461 19.1096,99.9488 19.1087,99.9523 19.1082,99.9576 19.1064,99.9613 19.1040,99.9653 19.1005,99.9664 19.0981,99.9721 19.0959,99.9777 19.0937,99.9809 19.0921,99.9833 19.0886,99.9863 19.0879,99.9878
นน.4004	r	18.7867,100.7421 18.7865,100.7391 18.7865,100.7360 18.7852,100.7309 18.7851,100.7279 18.7847,100.7247 18.7833,100.7201 18.7823,100.7165 18.7796,100.7161 18.7766,100.7159 18.7742,100.7133 18.7738,100.7095 18.7733,100.7057
นน.ถ1-0009	r	18.7703,100.7647 18.7711,100.7616 18.7710,100.7560 18.7710,100.7544
นน.3007	r	18.7710,100.7544 18.7736,100.7528 18.7749,100.7498 18.7743,100.7467 18.7738,100.7437 18.7742,100.7400 18.7740,100.7365 18.7727,100.7339 18.7724,100.7310
นน.4020	r	18.7684,100.7830 18.7669,100.7803 18.7651,100.7774 18.7637,100.7748 18.7616,100.7729 18.7585,100.7727 18.7556,100.7735 18.7533,100.7754 18.7505,100.7757 18.7476,100.7759 18.7449,100.7752 18.7419,100.7745 18.7390,100.7736 18.7375,100.7712 18.7364,100.7686 18.7336,100.7683 18.7308,100.7681 18.7280,100.7696 18.7259,100.7700
นน.3012	r	18.7004,100.8304 18.6979,100.8314 18.6940,100.8328 18.6910,100.8328 18.6879,100.8332 18.6851,100.8346 18.6823,100.8327 18.6811,100.8300 18.6800,100.8266 18.6787,100.8229 18.6780,100.8199 18.6787,100.8168 18.6783,100.8138 18.6776,100.8107 18.6764,100.8070 18.6751,100.8043 18.6739,100.8017 18.6729,100.7987 18.6728,100.7958 18.6718,100.7930 18.6720,100.7898 18.6710,100.7863 18.6707,100.7833 18.6708,100.7796 18.6715,100.7771
นน.3037	r	18.7020,100.8306 18.7004,100.8304
นน.3069	r	18.7323,100.8326 18.7299,100.8341 18.7272,100.8345 18.7245,100.8356 18.7220,100.8369 18.7193,100.8362 18.7168,100.8340 18.7139,100.8320 18.7111,100.8308 18.7107,100.8290
นน.2008	r	18.7461,100.8023 18.7434,100.8017 18.7405,100.8026 18.7377,100.8045 18.7358,100.8066 18.7343,100.8093 18.7330,100.8120 18.7324,100.8150 18.7292,100.8186 18.7273,100.8209 18.7246,100.8218 18.7210,100.8227 18.7179,100.8252 18.7152,100.8269 18.7129,100.8284 18.7101,100.8291 18.7073,100.8284 18.7049,100.8299 18.7022,100.8306 18.7020,100.8306
นน.4020	r	18.7257,100.7700 18.7259,100.7700
นน.4020	r	18.6191,100.8322 18.6221,100.8327 18.6232,100.8299 18.6246,100.8258 18.6254,100.8210 18.6277,100.8186 18.6281,100.8153 18.6287,100.8122 18.6288,100.8092 18.6284,100.8064 18.6292,100.8037 18.6301,100.8007 18.6321,100.7973 18.6356,100.7926 18.6373,100.7902 18.6389,100.7876 18.6391,100.7845 18.6395,100.7804 18.6415,100.7778 18.6440,100.7759 18.6458,100.7736 18.6467,100.7709 18.6491,100.7724 18.6517,100.7740 18.6546,100.7744 18.6568,100.7728 18.6597,100.7725 18.6622,100.7714 18.6641,100.7743 18.6673,100.7763 18.6700,100.7765 18.6728,100.7754 18.6763,100.7728 18.6793,100.7727 18.6818,100.7703 18.6834,100.7678 18.6860,100.7661 18.6889,100.7656 18.6919,100.7642 18.6943,100.7622 18.6961,100.7598 18.6990,100.7606 18.7023,100.7617 18.7050,100.7635 18.7080,100.7639 18.7107,100.7640 18.7134,100.7643 18.7163,100.7662 18.7191,100.7671 18.7212,100.7689 18.7240,100.7697 18.7257,100.7700
นน.2033	r	18.7325,100.8367 18.7355,100.8372 18.7357,100.8372
นน.3037	r	18.7039,100.8391 18.7066,100.8399 18.7098,100.8400 18.7128,100.8413 18.7163,100.8419 18.7182,100.8442 18.7171,100.8474 18.7186,100.8500 18.7202,100.8527 18.7226,100.8541 18.7246,100.8517 18.7265,100.8487 18.7283,100.8446 18.7297,100.8416 18.7321,100.8394 18.7324,100.8364 18.7323,100.8334 18.7320,100.8304 18.7326,100.8271 18.7327,100.8237 18.7335,100.8204 18.7349,100.8178 18.7349,100.8145 18.7364,100.8119 18.7386,100.8101 18.7424,100.8069 18.7445,100.8050 18.7461,100.8023 18.7488,100.8005 18.7508,100.7984 18.7526,100.7952 18.7552,100.7940 18.7565,100.7912 18.7589,100.7896 18.7590,100.7896
นน.3037	r	18.7020,100.8306 18.7016,100.8347 18.7018,100.8380 18.7016,100.8393
นน.3037	r	18.7016,100.8393 18.7039,100.8391
ชร.1039	r	19.8545,99.8139 19.8553,99.8109 19.8560,99.8077 19.8562,99.8049 19.8562,99.8019 19.8572,99.7991 19.8582,99.7959 19.8590,99.7932 19.8595,99.7919
พย.3064	r	19.3570,99.7697 19.3543,99.7686 19.3524,99.7661 19.3494,99.7677 19.3468,99.7699 19.3441,99.7721 19.3400,99.7741 19.3375,99.7753 19.3360,99.7779 19.3372,99.7805 19.3373,99.7836 19.3371,99.7867 19.3360,99.7893 19.3333,99.7898 19.3301,99.7923 19.3291,99.7949
ชร.1003	r	19.7640,99.7352 19.7642,99.7323 19.7641,99.7294 19.7644,99.7264 19.7634,99.7236 19.7634,99.7205 19.7641,99.7169 19.7653,99.7142 19.7659,99.7111 19.7659,99.7093
ชร.1046	r	19.7866,99.7457 19.7875,99.7424 19.7895,99.7402 19.7909,99.7377 19.7927,99.7355 19.7939,99.7326 19.7949,99.7295 19.7942,99.7257 19.7942,99.7228 19.7953,99.7192 19.7959,99.7159 19.7974,99.7124 19.7981,99.7089 19.8000,99.7059
ชร.1022	r	19.8394,99.8755 19.8376,99.8729 19.8362,99.8704 19.8351,99.8677 19.8327,99.8662 19.8302,99.8643 19.8291,99.8610 19.8275,99.8584 19.8266,99.8545 19.8251,99.8519 19.8239,99.8490 19.8219,99.8465 19.8194,99.8454 19.8164,99.8442 19.8134,99.8437 19.8105,99.8426 19.8058,99.8400 19.8026,99.8389 19.7998,99.8380 19.7989,99.8352 19.7975,99.8321 19.7970,99.8289 19.7946,99.8268 19.7950,99.8238 19.7960,99.8200 19.7987,99.8186 19.8004,99.8155 19.8029,99.8109 19.8040,99.8081 19.8052,99.8054 19.8074,99.8035 19.8097,99.8016 19.8113,99.7990 19.8148,99.7976 19.8162,99.7951 19.8169,99.7921 19.8181,99.7893 19.8202,99.7859 19.8217,99.7833 19.8244,99.7812 19.8262,99.7793
ชร.1022	r	19.8219,99.7665 19.8207,99.7693 19.8199,99.7724 19.8173,99.7746 19.8160,99.7776 19.8143,99.7807 19.8113,99.7802 19.8088,99.7814 19.8065,99.7835 19.8033,99.7853 19.8007,99.7870 19.7985,99.7887 19.7970,99.7913 19.7952,99.7940 19.7932,99.7962 19.7904,99.7958 19.7881,99.7976 19.7853,99.7982 19.7827,99.7989 19.7800,99.7994 19.7771,99.8031 19.7767,99.8060 19.7782,99.8083 19.7780,99.8092
ชร.1022	r	19.8231,99.7653 19.8223,99.7661
ชร.1022	r	19.8223,99.7661 19.8219,99.7665
ลป.1-0058	r	18.8920,99.5343 18.8923,99.5334
ลป.4009	r	18.8920,99.5343 18.8896,99.5330 18.8894,99.5329
พย.4022	r	19.1064,100.2664 19.1059,100.2692 19.1056,100.2725 19.1077,100.2746 19.1115,100.2762 19.1154,100.2787 19.1187,100.2800 19.1211,100.2815 19.1242,100.2833 19.1271,100.2840 19.1297,100.2857 19.1314,100.2880 19.1347,100.2870 19.1378,100.2874 19.1390,100.2900 19.1419,100.2907 19.1437,100.2934 19.1450,100.2961 19.1438,100.2995 19.1428,100.3038 19.1460,100.3090 19.1476,100.3124 19.1490,100.3151 19.1496,100.3181 19.1494,100.3212 19.1502,100.3243 19.1522,100.3263 19.1547,100.3279 19.1557,100.3292
นน.4007	r	19.0866,100.7770 19.0893,100.7765 19.0920,100.7766 19.0947,100.7772 19.0984,100.7775 19.1014,100.7785 19.1043,100.7786 19.1073,100.7788 19.1098,100.7799 19.1127,100.7793 19.1158,100.7790 19.1188,100.7797 19.1217,100.7801 19.1242,100.7816 19.1268,100.7826 19.1302,100.7843 19.1328,100.7854 19.1351,100.7862
นน.4007	r	19.0954,100.8046 19.0961,100.8029
ชม.3024	r	19.3789,98.7209 19.3785,98.7214
นน.4019	r	18.8806,100.7947 18.8797,100.7977 18.8800,100.8007 18.8797,100.8039 18.8800,100.8069 18.8784,100.8112 18.8760,100.8135 18.8738,100.8159 18.8720,100.8184 18.8693,100.8191 18.8672,100.8210 18.8647,100.8196 18.8628,100.8173 18.8612,100.8158
นน.ถ1-0053	r	19.1814,100.8421 19.1788,100.8402 19.1773,100.8378
5087	r	19.3912,100.5788 19.3939,100.5788 19.3950,100.5788
5087	r	19.3821,100.5985 19.3807,100.5960 19.3793,100.5935 19.3803,100.5904 19.3812,100.5876 19.3822,100.5842 19.3841,100.5815 19.3870,100.5795 19.3902,100.5788 19.3912,100.5788
4020	r	19.3947,100.4554 19.3934,100.4528 19.3920,100.4507
นน.016	r	18.6980,100.7479 18.6980,100.7481
นน.016	r	18.6980,100.7495 18.6968,100.7524 18.6967,100.7554 18.6961,100.7583 18.6963,100.7598
นน.016	r	18.6980,100.7481 18.6980,100.7495
นน.4005	r	18.6228,100.8326 18.6231,100.8354 18.6242,100.8381 18.6246,100.8415 18.6290,100.8438 18.6309,100.8477 18.6335,100.8519 18.6336,100.8554 18.6352,100.8581 18.6369,100.8615 18.6384,100.8640 18.6381,100.8669 18.6382,100.8697 18.6385,100.8739 18.6412,100.8750 18.6423,100.8791 18.6433,100.8823 18.6439,100.8852 18.6446,100.8882 18.6474,100.8886 18.6492,100.8909 18.6496,100.8943 18.6496,100.8974 18.6511,100.9003 18.6504,100.9031 18.6489,100.9079 18.6500,100.9108 18.6499,100.9140 18.6511,100.9167 18.6533,100.9204 18.6514,100.9230 18.6488,100.9251 18.6460,100.9247 18.6442,100.9271 18.6418,100.9284 18.6405,100.9311 18.6419,100.9360 18.6430,100.9393 18.6454,100.9411 18.6449,100.9442 18.6486,100.9449 18.6523,100.9466 18.6543,100.9485 18.6569,100.9501 18.6587,100.9534 18.6601,100.9562 18.6623,100.9606 18.6622,100.9635
นน.4020	r	18.6188,100.8321 18.6154,100.8316 18.6120,100.8327 18.6088,100.8342 18.6065,100.8365 18.6033,100.8382 18.6004,100.8383 18.5974,100.8398 18.5942,100.8405 18.5916,100.8416 18.5890,100.8461 18.5892,100.8507 18.5891,100.8528
4020	r	18.5724,100.9264 18.5726,100.9272
นน.3014	r	18.4768,100.7223 18.4805,100.7206 18.4832,100.7188 18.4841,100.7156 18.4855,100.7129 18.4876,100.7110 18.4893,100.7086 18.4915,100.7061 18.4942,100.7055 18.4973,100.7049 18.4979,100.7021 18.4987,100.6993 18.4999,100.6965 18.5020,100.6937 18.5055,100.6938 18.5083,100.6938 18.5109,100.6927 18.5145,100.6906 18.5171,100.6918 18.5199,100.6914 18.5227,100.6930 18.5254,100.6926 18.5266,100.6932
นน.ถ1-0019	r	18.5925,100.8405 18.5929,100.8372 18.5919,100.8339 18.5925,100.8308 18.5936,100.8271 18.5953,100.8248 18.5953,100.8210 18.5940,100.8184 18.5933,100.8152 18.5934,100.8113 18.5943,100.8084 18.5920,100.8035 18.5916,100.8002 18.5914,100.7967 18.5894,100.7944 18.5876,100.7921 18.5862,100.7891 18.5838,100.7865 18.5801,100.7846 18.5790,100.7815 18.5765,100.7797 18.5741,100.7783 18.5732,100.7755 18.5725,100.7754
นน.3003	r	18.5318,100.6548 18.5263,100.6552 18.5235,100.6546 18.5213,100.6521 18.5188,100.6492 18.5162,100.6475 18.5146,100.6444 18.5106,100.6417 18.5080,100.6399 18.5053,100.6394 18.5030,100.6371 18.5007,100.6355 18.4971,100.6341 18.4936,100.6326 18.4908,100.6309 18.4878,100.6315 18.4848,100.6316 18.4819,100.6310 18.4786,100.6303 18.4758,100.6301 18.4725,100.6313 18.4699,100.6317 18.4675,100.6349 18.4659,100.6376 18.4646,100.6411 18.4657,100.6446 18.4642,100.6476 18.4636,100.6509 18.4608,100.6497 18.4565,100.6524 18.4558,100.6599 18.4547,100.6627 18.4539,100.6655 18.4499,100.6632 18.4465,100.6610 18.4435,100.6594 18.4406,100.6577 18.4414,100.6549 18.4403,100.6515 18.4382,100.6492 18.4352,100.6477 18.4353,100.6439 18.4350,100.6407 18.4333,100.6383 18.4329,100.6354 18.4338,100.6321 18.4331,100.6292 18.4321,100.6260 18.4314,100.6230 18.4328,100.6205 18.4316,100.6175 18.4324,100.6142 18.4287,100.6148 18.4259,100.6136 18.4234,100.6123 18.4223,100.6097 18.4214,100.6063 18.4186,100.6044 18.4172,100.6017 18.4169,100.5988 18.4174,100.5958 18.4157,100.5933 18.4150,100.5901 18.4106,100.5904 18.4075,100.5904 18.4045,100.5906 18.4033,100.5933 18.4054,100.5960 18.4044,100.5986 18.4026,100.6028 18.4018,100.6049
นน.3026	r	18.5725,100.7754 18.5727,100.7725 18.5728,100.7676 18.5730,100.7647 18.5742,100.7617 18.5765,100.7601 18.5796,100.7640 18.5812,100.7669 18.5859,100.7697 18.5887,100.7700 18.5919,100.7691 18.5948,100.7663 18.5971,100.7643 18.6000,100.7642 18.6028,100.7643 18.6079,100.7668 18.6114,100.7686 18.6147,100.7689 18.6175,100.7682 18.6202,100.7685 18.6229,100.7668 18.6251,100.7650 18.6279,100.7652 18.6308,100.7674 18.6320,100.7705 18.6354,100.7720 18.6401,100.7724 18.6442,100.7738 18.6453,100.7744
นน.3042	r	18.2963,100.5882 18.2938,100.5896 18.2908,100.5908 18.2875,100.5906 18.2856,100.5882 18.2829,100.5868 18.2814,100.5844 18.2793,100.5818 18.2761,100.5828 18.2723,100.5835 18.2695,100.5845 18.2664,100.5832 18.2660,100.5858
นน.3012	r	18.5665,100.7361 18.5687,100.7339 18.5702,100.7312 18.5718,100.7287 18.5726,100.7241 18.5734,100.7211 18.5741,100.7183 18.5767,100.7178 18.5795,100.7183 18.5816,100.7162 18.5829,100.7169
นน.4027	r	18.5822,100.7158 18.5841,100.7131 18.5857,100.7105 18.5860,100.7073 18.5842,100.7047 18.5843,100.7013 18.5817,100.6990 18.5790,100.6977 18.5777,100.6951 18.5763,100.6918 18.5742,100.6894 18.5725,100.6870 18.5729,100.6841 18.5725,100.6812 18.5722,100.6783 18.5715,100.6753 18.5723,100.6715 18.5731,100.6683 18.5715,100.6644 18.5696,100.6610 18.5676,100.6586 18.5667,100.6550 18.5661,100.6522 18.5652,100.6476 18.5639,100.6414 18.5612,100.6393 18.5625,100.6360 18.5632,100.6330 18.5646,100.6303 18.5642,100.6273 18.5681,100.6250 18.5706,100.6228 18.5732,100.6199 18.5750,100.6170 18.5768,100.6148 18.5781,100.6118 18.5799,100.6092 18.5823,100.6058 18.5835,100.6025 18.5847,100.5993 18.5896,100.5971 18.5936,100.5956 18.5973,100.5955 18.5998,100.5943 18.6027,100.5941 18.6050,100.5927 18.6056,100.5896 18.6080,100.5876 18.6100,100.5849 18.6110,100.5822 18.6142,100.5809 18.6173,100.5800 18.6204,100.5774 18.6220,100.5753
พร.4018	r	18.1965,100.2326 18.1936,100.2320 18.1908,100.2325 18.1880,100.2327 18.1851,100.2315 18.1825,100.2308 18.1787,100.2301 18.1758,100.2287 18.1730,100.2278 18.1703,100.2258 18.1673,100.2246 18.1648,100.2228 18.1621,100.2217 18.1594,100.2210 18.1565,100.2194 18.1545,100.2174 18.1522,100.2154 18.1500,100.2127 18.1480,100.2106 18.1464,100.2081 18.1439,100.2068 18.1414,100.2040 18.1402,100.2031
1342	r	18.2293,100.4131 18.2288,100.4162 18.2259,100.4162 18.2239,100.4154
นน.4010	r	18.1804,100.5027 18.1803,100.4990 18.1806,100.4956 18.1797,100.4927 18.1817,100.4905 18.1830,100.4872 18.1831,100.4841 18.1843,100.4816 18.1832,100.4783 18.1867,100.4771 18.1897,100.4764 18.1914,100.4739 18.1921,100.4710 18.1924,100.4679 18.1939,100.4652 18.1943,100.4619 18.1934,100.4591 18.1915,100.4564 18.1894,100.4542 18.1877,100.4519 18.1898,100.4496 18.1918,100.4475 18.1915,100.4447 18.1931,100.4410 18.1948,100.4386 18.1967,100.4365 18.1989,100.4345 18.2002,100.4320 18.2006,100.4291 18.2023,100.4268 18.2050,100.4254 18.2068,100.4232 18.2095,100.4231
นน.4081	r	18.1804,100.5027 18.1828,100.5008 18.1863,100.4989 18.1891,100.4983 18.1908,100.4961 18.1938,100.4941 18.1949,100.4941
นน.4001	r	18.1949,100.4941 18.1961,100.4977 18.1983,100.5001 18.1992,100.5031 18.2006,100.5057 18.2017,100.5083 18.2025,100.5111 18.2048,100.5131 18.2075,100.5122 18.2103,100.5126 18.2125,100.5147 18.2147,100.5164 18.2163,100.5188 18.2191,100.5201 18.2191,100.5203
ชม.5102	r	18.8231,99.1789 18.8258,99.1793 18.8284,99.1808 18.8296,99.1840 18.8299,99.1847
ชม.5102	r	18.8229,99.1787 18.8231,99.1789
ชม.5102	r	18.8213,99.1782 18.8229,99.1787
พร.4035	r	18.4332,100.4554 18.4359,100.4550 18.4379,100.4525 18.4381,100.4522
พร.4035	r	18.4332,100.4554 18.4316,100.4524 18.4298,100.4498 18.4275,100.4478 18.4263,100.4447 18.4249,100.4423 18.4253,100.4389 18.4252,100.4359 18.4228,100.4337 18.4189,100.4319 18.4160,100.4307 18.4131,100.4280 18.4102,100.4259 18.4069,100.4249 18.4042,100.4242 18.4013,100.4263 18.3980,100.4264 18.3949,100.4281 18.3920,100.4287 18.3895,100.4271 18.3866,100.4263 18.3845,100.4284 18.3828,100.4307 18.3828,100.4309
พร.4035	r	18.4381,100.4522 18.4392,100.4494 18.4418,100.4476 18.4451,100.4469 18.4479,100.4468 18.4515,100.4461 18.4539,100.4437 18.4558,100.4415 18.4590,100.4406 18.4624,100.4402 18.4654,100.4390 18.4678,100.4364 18.4704,100.4355 18.4742,100.4358 18.4770,100.4348 18.4804,100.4348 18.4826,100.4327 18.4846,100.4307 18.4867,100.4287 18.4888,100.4264 18.4918,100.4262 18.4945,100.4267 18.4972,100.4250 18.4984,100.4220 18.5000,100.4195 18.4988,100.4162 18.4993,100.4132 18.4999,100.4101 18.5014,100.4076 18.5030,100.4068
นน.2026	r	18.9860,100.7771 18.9888,100.7774 18.9914,100.7764 18.9930,100.7788 18.9961,100.7800 18.9995,100.7814 19.0029,100.7826 19.0069,100.7839 19.0097,100.7830 19.0088,100.7801 19.0095,100.7772 19.0099,100.7757
1279	r	19.5312,100.6925 19.5282,100.6928 19.5252,100.6933 19.5220,100.6933 19.5192,100.6940 19.5164,100.6946 19.5133,100.6956 19.5098,100.6963 19.5059,100.6976 19.5031,100.6960 19.4998,100.6943 19.4971,100.6948 19.4935,100.6937 19.4906,100.6946 19.4877,100.6949 19.4849,100.6958 19.4830,100.6982 19.4820,100.7012 19.4786,100.7008 19.4757,100.7015 19.4729,100.7014 19.4698,100.7000 19.4663,100.6992 19.4636,100.6975 19.4606,100.6959 19.4586,100.6935 19.4575,100.6908 19.4546,100.6909 19.4517,100.6904 19.4535,100.6883 19.4509,100.6863 19.4479,100.6850 19.4470,100.6813 19.4442,100.6805 19.4414,100.6801 19.4387,100.6801 19.4365,100.6781 19.4341,100.6767 19.4312,100.6784 19.4277,100.6785 19.4251,100.6803 19.4225,100.6813 19.4203,100.6830 19.4179,100.6843 19.4171,100.6870 19.4162,100.6901 19.4135,100.6908 19.4105,100.6911 19.4073,100.6914 19.4044,100.6922 19.4013,100.6936 19.3992,100.6915 19.3962,100.6914 19.3927,100.6940 19.3902,100.6954 19.3869,100.6953 19.3840,100.6965 19.3807,100.6974 19.3774,100.6977 19.3731,100.6992 19.3694,100.7005 19.3659,100.7003 19.3658,100.7002
นน.4011	r	19.2171,100.6433 19.2200,100.6441 19.2211,100.6471 19.2216,100.6502 19.2232,100.6526 19.2223,100.6558 19.2215,100.6586 19.2232,100.6612 19.2252,100.6635 19.2275,100.6657 19.2306,100.6663 19.2333,100.6668 19.2345,100.6696 19.2351,100.6738 19.2346,100.6771 19.2337,100.6800 19.2348,100.6827 19.2362,100.6856 19.2384,100.6876 19.2396,100.6906 19.2386,100.6946 19.2386,100.6976 19.2398,100.7004 19.2429,100.7014 19.2460,100.7020 19.2469,100.7052 19.2482,100.7082 19.2497,100.7108 19.2514,100.7137 19.2520,100.7165 19.2531,100.7198 19.2538,100.7228 19.2529,100.7260 19.2532,100.7289 19.2533,100.7319 19.2508,100.7333 19.2494,100.7359 19.2473,100.7382 19.2446,100.7399 19.2423,100.7418 19.2406,100.7443 19.2374,100.7470 19.2352,100.7489 19.2331,100.7508 19.2307,100.7522 19.2303,100.7536
นน.2051	r	18.2366,100.6760 18.2391,100.6738 18.2409,100.6706 18.2436,100.6682 18.2452,100.6653 18.2463,100.6624 18.2469,100.6590 18.2463,100.6560 18.2486,100.6542 18.2510,100.6526 18.2540,100.6525 18.2562,100.6508 18.2583,100.6484 18.2604,100.6462 18.2599,100.6430 18.2579,100.6405 18.2580,100.6374 18.2571,100.6346 18.2558,100.6316 18.2569,100.6286 18.2594,100.6274 18.2623,100.6293 18.2656,100.6293 18.2671,100.6266 18.2695,100.6245 18.2728,100.6229 18.2743,100.6206 18.2770,100.6201 18.2776,100.6172 18.2793,100.6147 18.2816,100.6126 18.2842,100.6103 18.2848,100.6073 18.2838,100.6040 18.2861,100.6024 18.2884,100.6008 18.2913,100.6003 18.2942,100.5972 18.2958,100.5944 18.2939,100.5923 18.2925,100.5906
นน.4011	r	18.3292,100.7367 18.3318,100.7340 18.3351,100.7305 18.3375,100.7291 18.3396,100.7282
พย.1014	r	19.2724,99.8609 19.2751,99.8593 19.2777,99.8578 19.2807,99.8574 19.2833,99.8584 19.2862,99.8590 19.2890,99.8592 19.2917,99.8580 19.2950,99.8572 19.2977,99.8559 19.3018,99.8564 19.3047,99.8561 19.3082,99.8557 19.3112,99.8554 19.3142,99.8554 19.3175,99.8557 19.3204,99.8555 19.3242,99.8562 19.3267,99.8576 19.3290,99.8593 19.3314,99.8573 19.3353,99.8577 19.3386,99.8580 19.3415,99.8592 19.3437,99.8610 19.3465,99.8622 19.3468,99.8623
พย.1019	r	19.2755,99.8807 19.2749,99.8746 19.2733,99.8698 19.2727,99.8644 19.2725,99.8614 19.2721,99.8585 19.2723,99.8569
พย.1014	r	19.3582,99.8684 19.3579,99.8638 19.3564,99.8610 19.3556,99.8575 19.3558,99.8545 19.3563,99.8506 19.3536,99.8496 19.3495,99.8488 19.3468,99.8477 19.3446,99.8454 19.3460,99.8429 19.3452,99.8396 19.3442,99.8380
พย.1014	r	19.3329,99.8473 19.3301,99.8474 19.3276,99.8487 19.3250,99.8478 19.3222,99.8467 19.3200,99.8450 19.3167,99.8440 19.3147,99.8432
พย.1014	r	19.3442,99.8380 19.3469,99.8345 19.3482,99.8326
พย.4010	r	19.3468,99.8623 19.3442,99.8595 19.3427,99.8564 19.3409,99.8540 19.3385,99.8521 19.3361,99.8508 19.3336,99.8484 19.3329,99.8473
ชร.1030	r	19.5269,99.8539 19.5240,99.8537 19.5199,99.8548 19.5174,99.8565 19.5154,99.8591 19.5123,99.8605 19.5094,99.8606 19.5060,99.8597 19.5034,99.8591 19.4998,99.8593 19.4982,99.8565 19.4992,99.8522 19.4985,99.8485 19.4978,99.8455 19.4981,99.8423 19.5003,99.8382 19.5022,99.8358 19.5038,99.8334 19.5058,99.8314 19.5060,99.8284 19.5092,99.8280 19.5117,99.8283
ชร.2009	r	19.5063,99.8277 19.5045,99.8252 19.5013,99.8243 19.4986,99.8238 19.4955,99.8246 19.4915,99.8233 19.4886,99.8216 19.4861,99.8203 19.4833,99.8205 19.4805,99.8203 19.4797,99.8168 19.4784,99.8129 19.4778,99.8097 19.4762,99.8059 19.4749,99.8032 19.4748,99.8000 19.4747,99.7957 19.4743,99.7924 19.4739,99.7895 19.4735,99.7861 19.4718,99.7819 19.4708,99.7791 19.4698,99.7761 19.4676,99.7740 19.4654,99.7724 19.4652,99.7690 19.4653,99.7656 19.4652,99.7627 19.4648,99.7597 19.4635,99.7572 19.4626,99.7555
ชร.1030	r	19.5201,99.7892 19.5223,99.7870 19.5248,99.7858 19.5270,99.7824 19.5292,99.7804 19.5304,99.7778 19.5322,99.7750 19.5347,99.7736 19.5356,99.7703 19.5360,99.7673 19.5373,99.7646 19.5396,99.7630 19.5404,99.7599 19.5412,99.7572 19.5414,99.7535 19.5426,99.7505 19.5429,99.7476 19.5432,99.7448 19.5430,99.7430
ชร.ถ1-0005	r	19.5805,99.8837 19.5778,99.8833 19.5754,99.8816 19.5728,99.8801 19.5702,99.8781 19.5675,99.8764 19.5652,99.8744 19.5648,99.8714 19.5620,99.8698 19.5592,99.8674 19.5566,99.8660 19.5546,99.8634 19.5519,99.8651 19.5496,99.8669 19.5463,99.8679 19.5438,99.8669 19.5401,99.8650 19.5375,99.8638 19.5340,99.8622 19.5312,99.8629 19.5286,99.8617 19.5274,99.8590 19.5271,99.8560 19.5269,99.8539
ชร.1030	r	19.5497,99.7865 19.5497,99.7898 19.5480,99.7927 19.5465,99.7952 19.5452,99.7979 19.5432,99.8018 19.5414,99.8042 19.5405,99.8070 19.5402,99.8107 19.5398,99.8136 19.5394,99.8176 19.5400,99.8213 19.5398,99.8245 19.5419,99.8266 19.5438,99.8287 19.5443,99.8319 19.5447,99.8348 19.5440,99.8389 19.5455,99.8417 19.5487,99.8402 19.5519,99.8429 19.5546,99.8439 19.5575,99.8436 19.5580,99.8408 19.5603,99.8392 19.5606,99.8362 19.5623,99.8340 19.5641,99.8315 19.5667,99.8300 19.5700,99.8305 19.5730,99.8310 19.5737,99.8311
ชร.1056	r	19.5570,99.7054 19.5536,99.7100 19.5525,99.7127 19.5512,99.7159 19.5497,99.7199 19.5485,99.7246 19.5471,99.7313 19.5450,99.7359 19.5429,99.7378 19.5405,99.7402 19.5405,99.7418
ชร.1057	r	19.5405,99.7422 19.5402,99.7451 19.5377,99.7464 19.5348,99.7480 19.5320,99.7477 19.5295,99.7492 19.5277,99.7527 19.5251,99.7577 19.5232,99.7614 19.5232,99.7655 19.5228,99.7688 19.5224,99.7720 19.5215,99.7763 19.5207,99.7804 19.5195,99.7865 19.5200,99.7893
ชร.2029	r	19.5711,99.6814 19.5709,99.6845 19.5712,99.6876 19.5717,99.6909 19.5724,99.6936 19.5728,99.6967 19.5727,99.7004 19.5714,99.7037 19.5697,99.7079
ชร.3186	r	19.5711,99.6814 19.5684,99.6801 19.5646,99.6794 19.5620,99.6784 19.5596,99.6767 19.5569,99.6760 19.5546,99.6741 19.5519,99.6729 19.5490,99.6741 19.5463,99.6734 19.5439,99.6714 19.5416,99.6693 19.5389,99.6669 19.5362,99.6654 19.5333,99.6649 19.5306,99.6649 19.5279,99.6652 19.5247,99.6644 19.5219,99.6628 19.5186,99.6633 19.5179,99.6642
ชร.2029	r	19.5804,99.6627 19.5785,99.6649 19.5785,99.6679 19.5773,99.6712 19.5760,99.6738 19.5742,99.6759 19.5720,99.6785 19.5711,99.6814
ชร.1048	r	19.6331,99.6525 19.6343,99.6553 19.6364,99.6579 19.6381,99.6609 19.6378,99.6649 19.6376,99.6689 19.6346,99.6734 19.6315,99.6744 19.6294,99.6777 19.6271,99.6796 19.6247,99.6809 19.6217,99.6829 19.6190,99.6837 19.6154,99.6846 19.6128,99.6857 19.6106,99.6875 19.6076,99.6892 19.6039,99.6899 19.6010,99.6910 19.6001,99.6943 19.5979,99.6963 19.5950,99.6966 19.5920,99.6970 19.5895,99.6984 19.5878,99.7009 19.5884,99.7039 19.5894,99.7068 19.5912,99.7090 19.5912,99.7090
นน.3131	r	18.7724,100.7310 18.7700,100.7292 18.7677,100.7267 18.7659,100.7236 18.7631,100.7220 18.7613,100.7198 18.7604,100.7169 18.7630,100.7154 18.7637,100.7123 18.7651,100.7099 18.7678,100.7077
นน.4100	r	18.8142,100.7020 18.8115,100.7023 18.8088,100.7037 18.8086,100.7070
นน.4062	r	18.7733,100.7057 18.7763,100.7037 18.7760,100.7008 18.7788,100.6996 18.7815,100.6998 18.7841,100.7021 18.7865,100.7036 18.7892,100.7032 18.7921,100.7024 18.7954,100.7023 18.7982,100.7020 18.8014,100.7021 18.8035,100.7039 18.8041,100.7072 18.8048,100.7097
นน.4004	r	18.6455,100.7414 18.6469,100.7382 18.6495,100.7356 18.6511,100.7328 18.6529,100.7279 18.6551,100.7246 18.6553,100.7203 18.6555,100.7164 18.6553,100.7127 18.6563,100.7079 18.6559,100.7044 18.6560,100.7013 18.6546,100.6967 18.6544,100.6936 18.6527,100.6913 18.6532,100.6885 18.6529,100.6854 18.6541,100.6826 18.6575,100.6805 18.6606,100.6781 18.6629,100.6762 18.6649,100.6738 18.6675,100.6701 18.6690,100.6676 18.6704,100.6636 18.6726,100.6615 18.6762,100.6597 18.6785,100.6582 18.6808,100.6566 18.6802,100.6537 18.6801,100.6506 18.6821,100.6480 18.6859,100.6483 18.6892,100.6474 18.6920,100.6465 18.6948,100.6454 18.6974,100.6463 18.7032,100.6499 18.7049,100.6525 18.7075,100.6534 18.7101,100.6547 18.7133,100.6532 18.7159,100.6517 18.7186,100.6513 18.7185,100.6547 18.7192,100.6575 18.7194,100.6623 18.7208,100.6655 18.7224,100.6685 18.7233,100.6714 18.7251,100.6738 18.7268,100.6769 18.7285,100.6799 18.7308,100.6815 18.7323,100.6840 18.7351,100.6849 18.7378,100.6859 18.7404,100.6868 18.7422,100.6891 18.7449,100.6913 18.7478,100.6931 18.7507,100.6949 18.7533,100.6961 18.7551,100.6984 18.7571,100.7011 18.7607,100.7018 18.7627,100.7041 18.7657,100.7057 18.7678,100.7077 18.7702,100.7062 18.7733,100.7057
นน.3021	r	18.7965,100.7220 18.8015,100.7258 18.8047,100.7259 18.8083,100.7257 18.8108,100.7270 18.8152,100.7273 18.8191,100.7289 18.8227,100.7296 18.8250,100.7272 18.8284,100.7265 18.8311,100.7254 18.8340,100.7249 18.8365,100.7261 18.8390,100.7277 18.8406,100.7312 18.8408,100.7336
นน.3030	r	18.8144,100.7019 18.8169,100.7031 18.8198,100.7036 18.8226,100.7034 18.8246,100.7011 18.8269,100.6979 18.8295,100.6966 18.8319,100.6943 18.8346,100.6939 18.8373,100.6930 18.8396,100.6913 18.8417,100.6886 18.8445,100.6874 18.8458,100.6839 18.8477,100.6819 18.8500,100.6800 18.8527,100.6794 18.8549,100.6776 18.8585,100.6763 18.8611,100.6778 18.8639,100.6775 18.8665,100.6761 18.8694,100.6754 18.8744,100.6757 18.8773,100.6760 18.8795,100.6740 18.8824,100.6737 18.8842,100.6762 18.8856,100.6792 18.8875,100.6820 18.8890,100.6847 18.8918,100.6843 18.8945,100.6831 18.8970,100.6819 18.9000,100.6818 18.9020,100.6799 18.9037,100.6770 18.9044,100.6758
นน.3036	r	18.8159,100.6644 18.8125,100.6647 18.8096,100.6654 18.8072,100.6668 18.8040,100.6660 18.8011,100.6656 18.7983,100.6621 18.7944,100.6622 18.7921,100.6646 18.7894,100.6644 18.7901,100.6615 18.7871,100.6619 18.7857,100.6595 18.7858,100.6558 18.7830,100.6559 18.7815,100.6584 18.7813,100.6616 18.7808,100.6646 18.7813,100.6677 18.7804,100.6707 18.7783,100.6727 18.7754,100.6751 18.7745,100.6778 18.7751,100.6801
นน.3083	r	18.7664,100.6772 18.7673,100.6800 18.7702,100.6805 18.7732,100.6790 18.7745,100.6778
นน.3070	r	18.7549,100.6917 18.7541,100.6879 18.7552,100.6843 18.7570,100.6818 18.7590,100.6797 18.7619,100.6798 18.7645,100.6785 18.7662,100.6787
นน.2029	r	18.7533,100.6961 18.7525,100.6930 18.7515,100.6911
นน.3036	r	18.7732,100.7039 18.7733,100.7057
ชม.2154	r	19.1439,98.9853 19.1412,98.9853 19.1383,98.9853 19.1362,98.9879 19.1341,98.9900 19.1313,98.9903 19.1270,98.9911 19.1255,98.9928
นน.3046	r	18.6783,100.5702 18.6796,100.5675 18.6780,100.5646 18.6772,100.5615 18.6775,100.5583 18.6761,100.5550 18.6754,100.5542
นน.3046	r	18.6753,100.5525 18.6779,100.5537 18.6805,100.5550 18.6828,100.5530 18.6861,100.5526 18.6892,100.5522 18.6920,100.5522 18.6953,100.5503 18.6986,100.5503 18.7016,100.5512 18.7031,100.5491
นน.3046	r	18.7523,100.5426 18.7494,100.5424 18.7467,100.5427 18.7440,100.5440 18.7419,100.5458 18.7400,100.5478 18.7378,100.5496 18.7352,100.5507 18.7326,100.5515 18.7300,100.5506 18.7274,100.5472 18.7271,100.5442 18.7239,100.5438 18.7214,100.5426 18.7187,100.5440 18.7153,100.5452 18.7125,100.5467 18.7097,100.5468 18.7064,100.5470 18.7039,100.5484 18.7051,100.5523 18.7055,100.5554 18.7072,100.5578 18.7084,100.5607 18.7101,100.5644 18.7113,100.5675 18.7124,100.5714 18.7133,100.5744 18.7147,100.5769 18.7146,100.5799 18.7153,100.5828 18.7155,100.5858 18.7171,100.5884 18.7160,100.5912 18.7146,100.5943 18.7136,100.5973 18.7135,100.6013 18.7138,100.6051 18.7140,100.6086 18.7159,100.6112 18.7156,100.6143 18.7151,100.6175 18.7157,100.6213 18.7171,100.6257 18.7177,100.6286 18.7186,100.6318 18.7202,100.6345 18.7207,100.6389 18.7204,100.6423 18.7205,100.6453 18.7207,100.6489 18.7194,100.6515
นน.3023	r	19.3450,100.9780 19.3468,100.9757 19.3478,100.9730 19.3481,100.9699 19.3470,100.9673 19.3462,100.9644 19.3437,100.9633 19.3419,100.9611 19.3419,100.9574 19.3401,100.9551 19.3374,100.9548 19.3356,100.9526 19.3350,100.9498 19.3372,100.9478 19.3378,100.9448 19.3394,100.9425 19.3417,100.9407 19.3411,100.9379 19.3400,100.9353 19.3397,100.9324 19.3385,100.9298 19.3372,100.9273 19.3358,100.9248 19.3348,100.9221 19.3321,100.9249 19.3311,100.9220 19.3302,100.9191 19.3312,100.9164 19.3328,100.9140 19.3312,100.9112 19.3292,100.9090 19.3265,100.9071 19.3241,100.9057 19.3247,100.9023 19.3256,100.8987 19.3243,100.8945 19.3225,100.8905 19.3210,100.8876 19.3200,100.8845 19.3185,100.8811 19.3188,100.8780 19.3189,100.8744 19.3187,100.8707 19.3183,100.8673 19.3181,100.8658
นน.2033	r	18.7357,100.8372 18.7385,100.8378 18.7414,100.8389 18.7435,100.8411 18.7528,100.8467
นน.3026	r	18.6784,100.8220 18.6756,100.8222 18.6723,100.8263 18.6697,100.8277 18.6664,100.8291 18.6604,100.8313 18.6578,100.8323 18.6551,100.8316 18.6528,100.8298 18.6525,100.8290
ชม.4090	r	18.7212,99.0829 18.7212,99.0828
ชม.4090	r	18.7212,99.0828 18.7208,99.0793 18.7205,99.0762
ชม.3059	r	19.9146,99.1542 19.9149,99.1508 19.9151,99.1479 19.9162,99.1453 19.9169,99.1422 19.9190,99.1398 19.9208,99.1377 19.9235,99.1372 19.9253,99.1338 19.9281,99.1299 19.9323,99.1278 19.9340,99.1255 19.9350,99.1224 19.9356,99.1194 19.9369,99.1163 19.9385,99.1132 19.9394,99.1103 19.9422,99.1104 19.9424,99.1104
ชม.3001	r	19.8064,99.1330 19.8105,99.1327 19.8134,99.1324 19.8168,99.1334 19.8202,99.1343 19.8222,99.1368 19.8247,99.1382 19.8275,99.1381 19.8299,99.1368 19.8315,99.1377
ชม.3001	r	19.7281,99.1128 19.7310,99.1120 19.7339,99.1118 19.7374,99.1116 19.7404,99.1113 19.7433,99.1106 19.7460,99.1098 19.7488,99.1107 19.7484,99.1140 19.7488,99.1173 19.7514,99.1192 19.7542,99.1181 19.7569,99.1173 19.7599,99.1183 19.7625,99.1197 19.7653,99.1231 19.7678,99.1245 19.7698,99.1267 19.7726,99.1259 19.7754,99.1263 19.7774,99.1283 19.7798,99.1313 19.7822,99.1300 19.7849,99.1307 19.7859,99.1340 19.7876,99.1362 19.7901,99.1373 19.7934,99.1376 19.7948,99.1377
ชร.4004	r	20.1543,100.0309 20.1555,100.0338 20.1554,100.0368 20.1548,100.0403 20.1569,100.0435 20.1574,100.0459
ชม.4235	r	19.0909,98.9204 19.0941,98.9204 19.0973,98.9204 19.1018,98.9203 19.1045,98.9203 19.1083,98.9203 19.1113,98.9203 19.1141,98.9202 19.1149,98.9202
ชร.4058	r	19.8734,100.4391 19.8760,100.4379 19.8791,100.4373 19.8818,100.4369 19.8843,100.4353 19.8871,100.4349 19.8893,100.4366 19.8876,100.4389 19.8885,100.4417 19.8908,100.4400 19.8932,100.4385 19.8921,100.4359 19.8928,100.4330 19.8933,100.4302 19.8943,100.4274 19.8955,100.4247 19.8956,100.4231
ชร.4021	r	19.9749,100.2515 19.9754,100.2545 19.9740,100.2572 19.9725,100.2608 19.9710,100.2641 19.9704,100.2683 19.9700,100.2723 19.9691,100.2751 19.9682,100.2780 19.9678,100.2809 19.9667,100.2838 19.9644,100.2866 19.9627,100.2895 19.9613,100.2920 19.9611,100.2962 19.9623,100.3016 19.9601,100.3060 19.9597,100.3064
ชร.4008	r	19.8967,100.2031 19.8934,100.2065 19.8926,100.2087
ชม.4195	r	19.1413,98.9183 19.1403,98.9211 19.1401,98.9222
พร.2032	r	18.1525,100.1577 18.1523,100.1608 18.1516,100.1638 18.1507,100.1666 18.1502,100.1698 18.1489,100.1726 18.1488,100.1728
พร.4011	r	18.1999,100.2248 18.1980,100.2226 18.1960,100.2206 18.1938,100.2181 18.1920,100.2159 18.1900,100.2139 18.1870,100.2120 18.1866,100.2091 18.1851,100.2066 18.1847,100.2035 18.1856,100.2007 18.1868,100.1979 18.1874,100.1964
1379	r	17.9811,100.0498 17.9815,100.0504
1379	r	17.9815,100.0504 17.9818,100.0508
1379	r	17.9818,100.0508 17.9833,100.0527
พร.2024	r	18.0449,100.1055 18.0446,100.1004 18.0457,100.0977 18.0442,100.0952 18.0436,100.0917 18.0432,100.0887 18.0430,100.0853 18.0440,100.0808 18.0441,100.0799
พร.6019	r	18.0185,100.0633 18.0185,100.0602 18.0182,100.0573 18.0171,100.0546 18.0153,100.0524 18.0133,100.0503 18.0109,100.0490 18.0075,100.0468 18.0053,100.0452 18.0025,100.0440 17.9996,100.0441 17.9959,100.0471 17.9923,100.0498 17.9894,100.0521 17.9891,100.0524
พร.2047	r	18.0397,100.1024 18.0379,100.0997 18.0367,100.0967 18.0358,100.0938 18.0343,100.0914 18.0343,100.0885 18.0338,100.0855 18.0327,100.0822 18.0322,100.0786 18.0320,100.0775
พร.3150	r	17.9758,100.0130 17.9790,100.0121 17.9815,100.0109 17.9827,100.0074 17.9838,100.0046 17.9854,100.0022 17.9866,99.9995 17.9898,100.0008 17.9923,100.0028 17.9945,100.0051 17.9948,100.0053
3063	r	17.7740,99.4564 17.7730,99.4591 17.7718,99.4618 17.7732,99.4646 17.7741,99.4673 17.7766,99.4686 17.7788,99.4702 17.7806,99.4729 17.7831,99.4742 17.7858,99.4745 17.7882,99.4746
พร.3024	r	18.0065,100.1013 18.0039,100.0987 18.0013,100.0968 17.9985,100.0948 17.9945,100.0920 17.9921,100.0903 17.9894,100.0883
พร.3024	r	18.0091,100.1054 18.0113,100.1090 18.0138,100.1108 18.0178,100.1128 18.0204,100.1141 18.0245,100.1161 18.0277,100.1181 18.0294,100.1194
ชม.3044	r	18.7470,99.1815 18.7458,99.1841 18.7455,99.1876 18.7450,99.1913 18.7444,99.1941 18.7462,99.1974 18.7453,99.2002 18.7433,99.2009
ชม.2187	r	18.7421,99.1684 18.7453,99.1687 18.7461,99.1690
ชม.2187	r	18.7476,99.1691 18.7503,99.1690 18.7530,99.1702 18.7530,99.1702
ลพ.2005	r	18.5252,99.0836 18.5227,99.0826 18.5195,99.0818 18.5168,99.0816 18.5138,99.0777 18.5134,99.0771
ลพ.2026	r	18.4624,99.1738 18.4622,99.1738
ลพ.2037	r	18.5419,99.0651 18.5391,99.0672 18.5371,99.0692 18.5338,99.0706 18.5305,99.0718 18.5262,99.0728 18.5234,99.0736 18.5207,99.0743 18.5178,99.0752 18.5151,99.0763 18.5134,99.0771
ชม.001	r	18.6201,98.9548 18.6198,98.9540
ชม.2041	r	18.6198,98.9540 18.6198,98.9538
ชม.3028	r	18.7439,98.9285 18.7441,98.9288
ชม.3028	r	18.7269,98.9477 18.7292,98.9435 18.7311,98.9413 18.7338,98.9385 18.7359,98.9361 18.7382,98.9336
ชม.3028	r	18.7268,98.9482 18.7267,98.9483
ชม.3028	r	18.7390,98.9328 18.7415,98.9308 18.7437,98.9290 18.7439,98.9285
ชม.4041	r	18.8240,99.2161 18.8215,99.2178 18.8193,99.2202 18.8193,99.2231 18.8164,99.2250 18.8132,99.2260 18.8112,99.2280 18.8122,99.2308 18.8123,99.2338 18.8113,99.2364 18.8085,99.2371 18.8051,99.2371 18.8021,99.2393 18.7998,99.2408 18.7981,99.2433 18.7972,99.2447
1317	r	18.8490,99.2693 18.8520,99.2717 18.8542,99.2735 18.8543,99.2735
ชม.2045	r	19.1978,99.5181 19.1965,99.5203
ชม.7066	r	19.4934,99.4751 19.4942,99.4718 19.4947,99.4698
ชร.2019	r	19.5838,99.4935 19.5858,99.4916 19.5870,99.4890 19.5874,99.4860 19.5883,99.4840
ชม.2045	r	19.1962,99.5205 19.1917,99.5232 19.1871,99.5257 19.1857,99.5283 19.1847,99.5311 19.1866,99.5332 19.1876,99.5363 19.1875,99.5370
ชร.3037	r	19.6730,99.5532 19.6733,99.5504 19.6741,99.5475 19.6769,99.5468 19.6806,99.5461 19.6831,99.5451 19.6844,99.5422 19.6866,99.5401 19.6898,99.5389 19.6926,99.5380 19.6958,99.5371 19.6984,99.5359 19.7011,99.5351 19.7005,99.5321 19.7027,99.5303 19.7032,99.5274 19.7025,99.5244 19.7023,99.5215 19.7038,99.5188 19.7030,99.5157 19.7058,99.5155 19.7066,99.5152
ชร.3037	r	19.7906,99.4986 19.7918,99.4951 19.7951,99.4942 19.7975,99.4957 19.8000,99.4978 19.8028,99.4986 19.8052,99.5000 19.8087,99.5006 19.8114,99.5014 19.8145,99.5012 19.8161,99.5010
ชร.3058	r	19.1084,99.4549 19.1083,99.4551
ชร.3037	r	19.7603,99.4995 19.7627,99.5018 19.7661,99.5012 19.7689,99.5011 19.7716,99.4989 19.7742,99.5000 19.7768,99.4988 19.7792,99.5001 19.7823,99.4998 19.7840,99.4968 19.7867,99.4969 19.7893,99.4980 19.7903,99.4987
ชร.3037	r	19.7903,99.4987 19.7906,99.4986
ชร.3037	r	19.7074,99.5148 19.7101,99.5140 19.7128,99.5130 19.7158,99.5125 19.7171,99.5127
ชร.3037	r	19.7265,99.5065 19.7290,99.5055 19.7312,99.5037 19.7340,99.5023 19.7368,99.5021 19.7396,99.5024 19.7422,99.5016 19.7435,99.4985 19.7442,99.4979
ชร.3037	r	19.7598,99.4993 19.7603,99.4995
ชร.3037	r	19.7174,99.5124 19.7210,99.5104 19.7242,99.5096 19.7261,99.5081
ชร.3037	r	19.8845,99.4583 19.8865,99.4602 19.8889,99.4587 19.8892,99.4586
ชร.3037	r	19.8392,99.5065 19.8398,99.5063
ชร.3037	r	19.8164,99.5009 19.8192,99.5005 19.8219,99.5002 19.8248,99.5016 19.8280,99.5023 19.8299,99.5044 19.8328,99.5059 19.8358,99.5069 19.8385,99.5067 19.8392,99.5065
ชร.3037	r	19.8398,99.5063 19.8426,99.5056 19.8450,99.5071 19.8478,99.5075 19.8506,99.5079 19.8531,99.5059 19.8558,99.5053 19.8585,99.5053 19.8601,99.5029 19.8595,99.5000 19.8622,99.4994 19.8644,99.4976 19.8629,99.4951 19.8610,99.4928 19.8628,99.4902 19.8656,99.4898 19.8676,99.4917 19.8697,99.4892 19.8712,99.4868 19.8735,99.4832 19.8737,99.4803 19.8717,99.4782 19.8705,99.4757 19.8727,99.4740 19.8748,99.4721 19.8772,99.4697 19.8794,99.4674 19.8811,99.4651 19.8806,99.4623 19.8815,99.4591 19.8840,99.4582 19.8842,99.4582
ชร.3037	r	19.7066,99.5152 19.7074,99.5148
ชร.3037	r	19.7261,99.5081 19.7265,99.5065
ชร.3037	r	19.7171,99.5127 19.7174,99.5124
ชร.3037	r	19.8892,99.4586 19.8895,99.4585
ชร.3037	r	19.8842,99.4582 19.8845,99.4583
ชร.3037	r	19.8161,99.5010 19.8164,99.5009
ชร.3037	r	19.8895,99.4585 19.8922,99.4580 19.8950,99.4595 19.8973,99.4610 19.8978,99.4638 19.8984,99.4666 19.9006,99.4684 19.9029,99.4702 19.9036,99.4734 19.9027,99.4767 19.9055,99.4772 19.9062,99.4766
1207	r	19.9247,99.8448 19.9246,99.8446
ชร.2006	r	19.8533,99.8346 19.8541,99.8379 19.8546,99.8409 19.8569,99.8427 19.8577,99.8436
พย.4005	r	19.4168,100.1200 19.4184,100.1266 19.4195,100.1298 19.4205,100.1329 19.4228,100.1347 19.4252,100.1359 19.4247,100.1401 19.4241,100.1460 19.4228,100.1512 19.4225,100.1542 19.4227,100.1598 19.4235,100.1634 19.4238,100.1663 19.4236,100.1693 19.4237,100.1722 19.4232,100.1751 19.4233,100.1787 19.4233,100.1788
พย.1292	r	19.3368,100.1330 19.3400,100.1338 19.3428,100.1336 19.3439,100.1325
นน.3052	r	18.8381,100.4376 18.8371,100.4377
พย.3070	r	18.8912,100.3092 18.8925,100.3091
นน.3052	r	18.8499,100.4366 18.8472,100.4376 18.8444,100.4371 18.8416,100.4376 18.8389,100.4378 18.8383,100.4376
นน.3080	r	18.8338,100.4380 18.8302,100.4388 18.8276,100.4399 18.8249,100.4400 18.8223,100.4383 18.8193,100.4365 18.8166,100.4345 18.8142,100.4324 18.8111,100.4298 18.8085,100.4308 18.8058,100.4308 18.8031,100.4321 18.8042,100.4358 18.8063,100.4384 18.8090,100.4403 18.8096,100.4435 18.8093,100.4465 18.8096,100.4494 18.8095,100.4523 18.8109,100.4550 18.8114,100.4566
นน.ถ1-0024	r	18.6093,100.7430 18.6065,100.7444 18.6037,100.7455 18.6009,100.7463 18.5970,100.7475 18.5944,100.7482 18.5895,100.7482 18.5871,100.7482
นน.004	r	18.5925,100.7610 18.5931,100.7625
นน.004	r	18.5895,100.7482 18.5898,100.7515 18.5905,100.7543 18.5914,100.7576 18.5924,100.7606 18.5925,100.7610
นน.ถ1-0024	r	18.5869,100.7482 18.5835,100.7482 18.5806,100.7481 18.5795,100.7481
นน.004	r	18.5931,100.7625 18.5947,100.7661 18.5948,100.7663
นน.3012	r	18.5835,100.7170 18.5863,100.7184 18.5892,100.7171 18.5907,100.7144 18.5909,100.7110 18.5923,100.7080 18.5968,100.7101 18.5967,100.7131 18.5980,100.7171 18.5990,100.7198 18.6003,100.7224 18.6008,100.7264 18.6019,100.7293 18.6026,100.7322 18.6021,100.7359 18.6008,100.7389 18.5995,100.7419 18.5997,100.7433
นน.3012	r	18.5829,100.7169 18.5835,100.7170
นน.4011	r	18.3107,100.7281 18.3105,100.7286
นน.4011	r	18.2916,100.7193 18.2917,100.7194
นน.4011	r	18.2917,100.7194 18.2938,100.7212 18.2978,100.7219 18.3009,100.7221 18.3036,100.7223 18.3064,100.7221 18.3108,100.7218 18.3110,100.7247 18.3113,100.7275 18.3107,100.7281
นน.4011	r	18.3105,100.7286 18.3102,100.7331 18.3091,100.7359 18.3074,100.7386 18.3053,100.7429 18.3052,100.7460 18.3039,100.7497 18.3047,100.7526 18.3062,100.7565 18.3055,100.7594 18.3059,100.7639 18.3099,100.7626 18.3115,100.7600 18.3151,100.7579 18.3172,100.7557 18.3187,100.7528 18.3195,100.7498 18.3213,100.7476 18.3249,100.7442 18.3286,100.7442 18.3313,100.7436 18.3317,100.7430
นน.4011	r	18.2894,100.7149 18.2900,100.7179 18.2916,100.7193
ชม.2085	r	18.7381,99.0978 18.7397,99.1001 18.7402,99.1010
ชม.2085	r	18.7380,99.0977 18.7381,99.0978
นน.3041	r	18.2320,100.6873 18.2293,100.6873 18.2266,100.6883 18.2239,100.6878 18.2212,100.6886 18.2192,100.6864 18.2168,100.6846 18.2148,100.6827 18.2141,100.6802
นน.3041	r	18.2383,100.6891 18.2360,100.6905 18.2338,100.6886 18.2323,100.6877
นน.3041	r	18.2385,100.6890 18.2403,100.6880
นน.4011	r	18.3407,100.7283 18.3403,100.7244 18.3425,100.7226 18.3452,100.7229 18.3483,100.7238 18.3507,100.7224 18.3527,100.7198 18.3538,100.7175
นน.4011	r	18.3396,100.7282 18.3405,100.7282
ชม.4041	r	18.8200,99.2477 18.8201,99.2436 18.8199,99.2404 18.8195,99.2372 18.8206,99.2337 18.8225,99.2308 18.8236,99.2288
ชม.7082	r	18.8506,99.2242 18.8506,99.2242
ชม.7082	r	18.8496,99.2240 18.8506,99.2242
ชม.4039	r	18.7412,99.1580 18.7410,99.1581
ชม.2001	r	18.6793,98.9848 18.6795,98.9843
ชม.3044	r	18.8845,99.1553 18.8860,99.1544
ชม.7082	r	18.8509,99.2248 18.8520,99.2277 18.8565,99.2280 18.8576,99.2251 18.8605,99.2249 18.8631,99.2241 18.8665,99.2221 18.8685,99.2197 18.8712,99.2190 18.8741,99.2180 18.8767,99.2171 18.8785,99.2197 18.8818,99.2197 18.8847,99.2194 18.8863,99.2218 18.8902,99.2217 18.8930,99.2214 18.8957,99.2221 18.8968,99.2223
ชม.2025	r	18.8090,98.9952 18.8109,98.9952
ชม.2025	r	18.8108,98.9955 18.8090,98.9952
ลพ.4042	r	18.8813,99.2646 18.8812,99.2655
ชม.7081	r	18.8899,99.2255 18.8887,99.2224
ลพ.4042	r	18.8813,99.2646 18.8795,99.2623 18.8769,99.2607 18.8748,99.2584 18.8748,99.2554 18.8727,99.2533 18.8720,99.2505 18.8726,99.2475 18.8704,99.2454 18.8688,99.2435
1107	r	18.5637,99.0623 18.5613,99.0637 18.5585,99.0652 18.5557,99.0656 18.5550,99.0659
ลพ.3008	r	18.5528,99.0723 18.5520,99.0756 18.5509,99.0785 18.5501,99.0825 18.5493,99.0853 18.5490,99.0867
ชร.7065	r	19.1125,99.4582 19.1154,99.4566 19.1177,99.4544 19.1192,99.4518 19.1204,99.4491 19.1224,99.4468 19.1241,99.4445 19.1255,99.4420 19.1276,99.4400 19.1290,99.4375 19.1301,99.4349 19.1324,99.4334 19.1349,99.4321 19.1374,99.4306 19.1385,99.4277 19.1378,99.4248 19.1390,99.4232
ชร.3058	r	19.0519,99.4652 19.0546,99.4659 19.0576,99.4662 19.0604,99.4666 19.0627,99.4666
ชม.1-047	r	19.0479,98.9180 19.0491,98.9215 19.0503,98.9240 19.0530,98.9249 19.0544,98.9276 19.0544,98.9276
ลป.4059	r	19.3382,99.6170 19.3352,99.6161 19.3326,99.6152 19.3303,99.6177 19.3266,99.6172 19.3230,99.6151 19.3198,99.6149 19.3167,99.6138 19.3139,99.6134 19.3109,99.6148 19.3085,99.6165 19.3053,99.6179 19.3023,99.6192 19.2992,99.6188 19.2963,99.6197 19.2933,99.6215 19.2912,99.6234 19.2918,99.6272 19.2912,99.6316 19.2900,99.6327
พร.3073	r	18.2981,100.2926 18.2984,100.2895 18.2989,100.2837 18.2992,100.2821
พร.3009	r	18.3277,100.2322 18.3245,100.2350 18.3227,100.2382 18.3198,100.2406 18.3166,100.2420 18.3106,100.2442 18.3080,100.2455 18.3044,100.2462 18.3021,100.2445
ลป.3022	r	18.9938,99.6647 18.9960,99.6665 18.9969,99.6693 18.9992,99.6708 19.0011,99.6730 19.0019,99.6734
ลป.3022	r	19.0122,99.7020 19.0090,99.7022 19.0082,99.7055 19.0078,99.7072
ลป.3022	r	19.0195,99.7070 19.0170,99.7087 19.0142,99.7087 19.0115,99.7081 19.0087,99.7074 19.0078,99.7072
ลป.3022	r	19.0259,99.7070 19.0230,99.7076 19.0203,99.7076 19.0195,99.7070
ชร.4052	r	20.2325,99.6671 20.2350,99.6660 20.2377,99.6650 20.2404,99.6641 20.2423,99.6620 20.2451,99.6616 20.2467,99.6592 20.2483,99.6568 20.2506,99.6553 20.2525,99.6528 20.2536,99.6520
ชร.4044	r	19.9617,99.7038 19.9611,99.7008 19.9601,99.6974 19.9604,99.6944 19.9610,99.6915 19.9616,99.6884 19.9647,99.6872 19.9648,99.6843 19.9650,99.6803 19.9649,99.6772 19.9663,99.6743 19.9681,99.6706 19.9701,99.6684 19.9725,99.6666
ชร.1030	r	19.5432,99.7430 19.5431,99.7431
ลป.4012	r	18.6522,99.5371 18.6530,99.5341 18.6542,99.5314 18.6535,99.5284 18.6536,99.5254 18.6515,99.5234 18.6518,99.5205 18.6517,99.5170 18.6513,99.5140 18.6513,99.5111 18.6492,99.5093 18.6486,99.5064 18.6488,99.5033 18.6504,99.5006 18.6514,99.4975 18.6505,99.4947 18.6501,99.4939
ชม. 4092	r	19.2015,98.6807 19.2042,98.6806 19.2062,98.6826 19.2090,98.6829 19.2111,98.6847 19.2139,98.6849 19.2167,98.6840 19.2196,98.6838 19.2222,98.6826 19.2248,98.6843 19.2274,98.6864 19.2297,98.6882 19.2305,98.6909 19.2316,98.6936 19.2344,98.6933 19.2368,98.6918 19.2393,98.6905 19.2403,98.6883
ชม.3024	r	19.3925,98.9298 19.3906,98.9298
ชม.3038	r	19.1318,98.9493 19.1318,98.9502
ลพ.2001	r	18.6342,99.0507 18.6327,99.0534 18.6322,99.0548
ลป.2031	r	18.3863,99.2613 18.3840,99.2593 18.3810,99.2591 18.3780,99.2597 18.3751,99.2593 18.3720,99.2604 18.3691,99.2603 18.3663,99.2598 18.3637,99.2607 18.3613,99.2589 18.3593,99.2569 18.3585,99.2557
ลป.1002	r	18.1106,99.3563 18.1087,99.3617 18.1069,99.3694 18.1062,99.3726 18.1063,99.3758 18.1046,99.3815 18.0983,99.3836 18.0958,99.3850 18.0929,99.3946 18.0928,99.3969
ลพ.3002	r	18.4966,98.9925 18.4984,98.9890 18.4996,98.9863 18.5010,98.9838 18.5020,98.9804 18.5044,98.9786 18.5057,98.9760 18.5061,98.9753
ลพ.3002	r	18.4966,98.9925 18.4949,98.9964 18.4938,98.9990 18.4929,99.0017 18.4916,99.0057
ลพ.6039	r	18.4870,99.0470 18.4866,99.0501 18.4854,99.0531 18.4827,99.0555 18.4825,99.0556
ชม.5257	r	18.9284,99.0503 18.9303,99.0534 18.9310,99.0563 18.9326,99.0587 18.9348,99.0611
ลพ.4007	r	18.3907,98.7414 18.3903,98.7381 18.3903,98.7379
ชร.ถ1-0030	r	19.8486,100.0002 19.8505,100.0028 19.8510,100.0067 19.8516,100.0105
ชร.4013	r	19.9133,99.8863 19.9160,99.8872 19.9164,99.8881
ชม.5036	r	18.6343,98.8507 18.6370,98.8487
ลพ.1102	r	18.5367,98.9519 18.5354,98.9547 18.5350,98.9577 18.5339,98.9604 18.5325,98.9633 18.5325,98.9668 18.5337,98.9684
ลพ.3008	r	17.7656,98.8204 17.7666,98.8235 17.7676,98.8265 17.7695,98.8286 17.7714,98.8308 17.7715,98.8338 17.7724,98.8371 17.7719,98.8402 17.7698,98.8423 17.7695,98.8455 17.7701,98.8483 17.7724,98.8508 17.7753,98.8525 17.7779,98.8534 17.7790,98.8561
ลพ.3008	r	17.7656,98.8204 17.7629,98.8213
ชม.2155	r	18.7068,98.9848 18.7046,98.9872 18.7023,98.9888 18.7000,98.9891
อบจ.4002	r	18.7134,98.9331 18.7103,98.9369
ชม.3007	r	18.7000,98.9791 18.7001,98.9793
ชม.5120	r	18.7564,98.5399 18.7588,98.5426 18.7614,98.5440 18.7640,98.5450 18.7656,98.5451
ชม.3002	r	19.4589,98.9934 19.4606,98.9911 19.4632,98.9885 19.4657,98.9862 19.4684,98.9855 19.4707,98.9841 19.4734,98.9834 19.4762,98.9832 19.4783,98.9810 19.4809,98.9794 19.4836,98.9784 19.4863,98.9772 19.4891,98.9760 19.4918,98.9756 19.4938,98.9738 19.4981,98.9722 19.5012,98.9729 19.5038,98.9717 19.5058,98.9690 19.5085,98.9655 19.5109,98.9640 19.5110,98.9610 19.5104,98.9592
ชร.3037	r	19.9062,99.4766 19.9090,99.4767 19.9094,99.4799 19.9117,99.4814 19.9135,99.4839 19.9158,99.4856 19.9176,99.4878 19.9204,99.4871 19.9223,99.4895 19.9248,99.4905 19.9276,99.4901 19.9300,99.4901
ชม.3048	r	19.6417,98.9994 19.6404,99.0027 19.6386,99.0069 19.6361,99.0094 19.6347,99.0122 19.6334,99.0149 19.6322,99.0178 19.6300,99.0211 19.6279,99.0234 19.6268,99.0260 19.6279,99.0294 19.6288,99.0312
ชม.3048	r	19.6315,99.0419 19.6314,99.0453 19.6309,99.0484 19.6325,99.0508 19.6331,99.0538 19.6305,99.0547 19.6274,99.0545 19.6245,99.0560 19.6217,99.0577 19.6185,99.0594 19.6181,99.0622 19.6153,99.0632 19.6153,99.0644
ชม.3048	r	19.6462,98.9969 19.6431,98.9995 19.6417,98.9994
ชม.3048	r	19.6288,99.0312 19.6302,99.0339 19.6313,99.0365 19.6317,99.0408 19.6315,99.0419
ชม.3048	r	19.6153,99.0644 19.6143,99.0677 19.6116,99.0708 19.6080,99.0694 19.6049,99.0701 19.6023,99.0709 19.6022,99.0678 19.6019,99.0646 19.6006,99.0615 19.5981,99.0589 19.5952,99.0588 19.5924,99.0597 19.5936,99.0570 19.5938,99.0540 19.5933,99.0536
ชม.5060	r	19.8599,99.1655 19.8619,99.1625 19.8647,99.1613 19.8659,99.1586 19.8678,99.1559 19.8712,99.1557 19.8745,99.1557 19.8770,99.1543 19.8800,99.1553 19.8826,99.1564 19.8849,99.1582 19.8872,99.1594
ชม.3037	r	19.9506,99.2028 19.9533,99.2016 19.9561,99.2009 19.9585,99.1996 19.9605,99.1975 19.9633,99.1977 19.9646,99.1970
ชม.3037	r	19.9646,99.1970 19.9671,99.1958 19.9683,99.1932 19.9696,99.1957 19.9717,99.1950
ชม.4040	r	18.7760,99.2412 18.7756,99.2450 18.7786,99.2468 18.7814,99.2468 18.7840,99.2493
ชม. 3082	r	19.2329,99.1725 19.2358,99.1738 19.2377,99.1763 19.2391,99.1791 19.2390,99.1802
ชม. 3082	r	19.2252,99.1661 19.2251,99.1695 19.2249,99.1729
ชม. 3082	r	19.2249,99.1729 19.2277,99.1738 19.2303,99.1746 19.2326,99.1729 19.2329,99.1725
ชม.7086	r	18.5257,98.6515 18.5288,98.6519 18.5313,98.6501 18.5341,98.6482 18.5349,98.6474
ชม.4039	r	18.7706,99.1726 18.7673,99.1743 18.7638,99.1748 18.7604,99.1745 18.7577,99.1748 18.7548,99.1744 18.7532,99.1719 18.7531,99.1679 18.7529,99.1673
ลป.5001	r	18.7648,99.5061 18.7625,99.5041
ลป.3021	r	17.6245,99.1879 17.6218,99.1908 17.6191,99.1942 17.6153,99.1988 17.6124,99.2024 17.6113,99.2036
ลป.4261	r	17.6311,99.2256 17.6321,99.2229 17.6336,99.2202 17.6368,99.2152 17.6385,99.2126 17.6403,99.2100 17.6462,99.2065 17.6490,99.2055 17.6510,99.2051
ลป.3011	r	17.6031,99.2086 17.6039,99.2055 17.6050,99.2027 17.6059,99.1997 17.6064,99.1968 17.6063,99.1905 17.6061,99.1873 17.6060,99.1843 17.6052,99.1800 17.6038,99.1761 17.6042,99.1722 17.6033,99.1690 17.6033,99.1660 17.6047,99.1629 17.6063,99.1592 17.6105,99.1548 17.6111,99.1520 17.6114,99.1508
ลป.5001	r	18.5619,99.4588 18.5650,99.4588 18.5688,99.4591 18.5714,99.4576 18.5739,99.4553 18.5766,99.4541 18.5790,99.4561 18.5818,99.4574 18.5842,99.4594 18.5874,99.4614 18.5900,99.4637 18.5934,99.4659 18.5963,99.4680 18.5996,99.4687 18.6025,99.4699 18.6054,99.4708 18.6086,99.4711 18.6127,99.4718 18.6155,99.4724 18.6181,99.4747 18.6205,99.4766 18.6229,99.4781 18.6260,99.4802 18.6283,99.4820 18.6306,99.4838 18.6337,99.4860 18.6357,99.4870
ชม.020	r	18.7028,98.9836 18.7028,98.9838
1032	r	18.5233,98.8992 18.5198,98.9015 18.5172,98.9032 18.5148,98.9048 18.5127,98.9069 18.5121,98.9099 18.5116,98.9129 18.5122,98.9162 18.5143,98.9186 18.5166,98.9217 18.5180,98.9246 18.5182,98.9289 18.5187,98.9320 18.5195,98.9353 18.5204,98.9396 18.5206,98.9404
ลป.4253	r	17.6538,99.2358 17.6527,99.2386 17.6518,99.2396
ลป.4253	r	17.6542,99.2335 17.6529,99.2309 17.6502,99.2287 17.6473,99.2286 17.6449,99.2307 17.6424,99.2294
มส.ถ1-0006	r	18.1522,97.9352 18.1504,97.9383 18.1497,97.9397
มส.ถ1-0006	r	18.1553,97.9306 18.1547,97.9337 18.1547,97.9337
มส.4057	r	18.1526,97.9347 18.1522,97.9352
มส.4075	r	18.1641,97.9556 18.1643,97.9527 18.1623,97.9506 18.1596,97.9493 18.1567,97.9488 18.1551,97.9464 18.1548,97.9435 18.1524,97.9419 18.1498,97.9406 18.1491,97.9401
ชร.5047	r	19.8072,99.5608 19.8052,99.5589 19.8030,99.5571 19.8008,99.5551 19.7988,99.5532 19.7957,99.5539 19.7928,99.5546 19.7904,99.5561 19.7877,99.5569 19.7862,99.5593 19.7834,99.5595 19.7804,99.5592 19.7777,99.5573 19.7749,99.5580 19.7721,99.5584 19.7694,99.5583 19.7670,99.5564 19.7645,99.5545 19.7631,99.5520 19.7607,99.5505 19.7580,99.5498 19.7557,99.5467 19.7532,99.5455 19.7502,99.5451 19.7478,99.5432 19.7461,99.5410 19.7438,99.5393 19.7423,99.5363 19.7408,99.5338 19.7386,99.5310 19.7362,99.5296 19.7334,99.5291 19.7303,99.5286 19.7271,99.5295 19.7244,99.5282 19.7216,99.5279 19.7188,99.5278 19.7161,99.5288 19.7134,99.5297 19.7106,99.5289 19.7078,99.5294 19.7050,99.5302 19.7031,99.5295
ชม.3011	r	19.0060,98.9719 19.0069,98.9687 19.0076,98.9659 19.0098,98.9630 19.0109,98.9616
ชม.3011	r	19.0094,98.9587 19.0096,98.9592
ชม.3011	r	19.0100,98.9601 19.0109,98.9616
ลป.1-0058	r	18.8241,99.5767 18.8214,99.5787 18.8187,99.5790 18.8161,99.5775 18.8125,99.5766 18.8099,99.5755 18.8068,99.5751 18.8034,99.5755 18.8000,99.5755 18.7974,99.5763 18.7939,99.5769 18.7906,99.5769 18.7880,99.5761 18.7851,99.5753 18.7822,99.5746 18.7796,99.5739 18.7768,99.5740
มส.3007	r	18.9031,97.9014 18.9022,97.9044 18.9011,97.9072 18.8995,97.9097 18.8973,97.9119 18.8972,97.9156 18.8946,97.9167 18.8930,97.9196 18.8919,97.9228 18.8934,97.9255 18.8918,97.9278 18.8892,97.9293 18.8880,97.9303
มส.5064	r	18.8138,97.9345 18.8163,97.9333 18.8185,97.9315 18.8196,97.9285 18.8218,97.9272
ชร.4018	r	19.8604,100.3678 19.8630,100.3665 19.8647,100.3642 19.8649,100.3633
ลป.4025	r	18.7774,99.4866 18.7799,99.4879 18.7819,99.4903 18.7827,99.4930 18.7860,99.4953 18.7885,99.4943 18.7908,99.4923 18.7934,99.4915 18.7965,99.4906 18.7991,99.4891 18.8014,99.4858 18.8032,99.4836 18.8060,99.4825 18.8088,99.4816 18.8121,99.4759 18.8146,99.4742 18.8169,99.4725 18.8183,99.4699 18.8194,99.4671 18.8194,99.4642 18.8192,99.4610 18.8196,99.4581 18.8201,99.4552 18.8212,99.4535
ลป.4025	r	18.7761,99.4904 18.7772,99.4885
ลป.2044	r	18.7839,99.4987 18.7823,99.5011 18.7815,99.5031
ลป.4185	r	18.8052,99.5045 18.8028,99.5030 18.8006,99.5012 18.7983,99.4994 18.7954,99.4994 18.7928,99.4979 18.7902,99.4971 18.7878,99.4957
ลป.4181	r	18.7688,99.4917 18.7712,99.4926
ลป.4025	r	18.7698,99.4966 18.7714,99.4943 18.7736,99.4923 18.7759,99.4906 18.7761,99.4904
ลป.4001	r	18.5375,99.4647 18.5406,99.4650 18.5436,99.4639 18.5466,99.4630 18.5492,99.4615 18.5564,99.4586 18.5590,99.4576 18.5616,99.4587
ลป.4015	r	18.4740,99.4671 18.4741,99.4668
ลป.6010	r	18.4343,99.4320 18.4369,99.4331 18.4397,99.4339 18.4403,99.4353
ลป.4025	r	18.4636,99.4190 18.4612,99.4183
ลป.5001	r	18.6361,99.4871 18.6390,99.4875 18.6419,99.4878 18.6460,99.4879 18.6483,99.4871
ลป.5001	r	18.6493,99.4763 18.6497,99.4795 18.6485,99.4824 18.6487,99.4855 18.6483,99.4871
1107	r	18.5552,98.9950 18.5531,98.9975 18.5518,99.0002 18.5502,99.0029 18.5483,99.0049 18.5478,99.0057
ลพ.3002	r	18.5535,99.0356 18.5498,99.0357 18.5497,99.0357
ลพ.3002	r	18.5538,99.0357 18.5535,99.0356
ลป.1005	r	18.7139,99.9581 18.7156,99.9556 18.7173,99.9527 18.7184,99.9498 18.7188,99.9464 18.7189,99.9448
นน.2024	r	19.4992,100.8851 19.5006,100.8825 19.5031,100.8808 19.5058,100.8800 19.5081,100.8774 19.5092,100.8744 19.5122,100.8738 19.5145,100.8719 19.5177,100.8722 19.5213,100.8706 19.5249,100.8707 19.5276,100.8698 19.5310,100.8705 19.5339,100.8704 19.5368,100.8706 19.5377,100.8734 19.5410,100.8738 19.5437,100.8746 19.5457,100.8766 19.5484,100.8781 19.5508,100.8800 19.5510,100.8801
นน.2024	r	19.4929,100.8989 19.4929,100.8956 19.4932,100.8918 19.4953,100.8892 19.4976,100.8874 19.4987,100.8856
นน.3197	r	18.8694,101.0016 18.8715,101.0035 18.8728,101.0064 18.8726,101.0094 18.8745,101.0122 18.8757,101.0149 18.8784,101.0160 18.8813,101.0184 18.8820,101.0223 18.8821,101.0252 18.8851,101.0257 18.8880,101.0255 18.8906,101.0245 18.8923,101.0235
นน.4024	r	18.9292,101.0915 18.9315,101.0894 18.9337,101.0875 18.9352,101.0851 18.9328,101.0830 18.9314,101.0800 18.9324,101.0774 18.9341,101.0751 18.9347,101.0737
นน.4015	r	19.1132,100.8102 19.1149,100.8129 19.1152,100.8161 19.1165,100.8203 19.1182,100.8230 19.1193,100.8262 19.1215,100.8286 19.1230,100.8312 19.1244,100.8338 19.1236,100.8372 19.1223,100.8398 19.1224,100.8431 19.1239,100.8475 19.1239,100.8509 19.1243,100.8551 19.1235,100.8584 19.1246,100.8615 19.1256,100.8650 19.1282,100.8680 19.1287,100.8701
นน.2023	r	19.1750,100.9113 19.1723,100.9107 19.1685,100.9093 19.1658,100.9097 19.1631,100.9080 19.1605,100.9068 19.1576,100.9062 19.1536,100.9077 19.1510,100.9097 19.1522,100.9124 19.1501,100.9146 19.1479,100.9171 19.1461,100.9193 19.1447,100.9222 19.1422,100.9242 19.1412,100.9271 19.1407,100.9313 19.1401,100.9339
นน.2018	r	19.0839,100.8904 19.0829,100.8916
นน.4015	r	19.0842,100.8909 19.0863,100.8879 19.0872,100.8850 19.0895,100.8833 19.0907,100.8805 19.0929,100.8776 19.0955,100.8763 19.0971,100.8736 19.1004,100.8749 19.1031,100.8739 19.1063,100.8739 19.1093,100.8723 19.1128,100.8730 19.1160,100.8718 19.1190,100.8724 19.1214,100.8739 19.1242,100.8711 19.1271,100.8698 19.1287,100.8701
ชม.4067	r	18.9851,98.5745 18.9873,98.5762 18.9903,98.5774 18.9926,98.5792 18.9957,98.5795 18.9964,98.5798
ชม.4041	r	18.8236,99.2288 18.8259,99.2274
ลพ.4042	r	18.8688,99.2435 18.8662,99.2437
ลพ.4042	r	18.8617,99.2470 18.8590,99.2475 18.8561,99.2470 18.8547,99.2515 18.8539,99.2543 18.8544,99.2579 18.8534,99.2606 18.8500,99.2617 18.8474,99.2625 18.8444,99.2635 18.8441,99.2637
ลป.1002	r	18.1122,99.3481 18.1128,99.3464
ลป.1002	r	18.1122,99.3481 18.1115,99.3517 18.1109,99.3547 18.1106,99.3563
ชม.5032	r	19.0846,98.2631 19.0850,98.2664 19.0873,98.2687 19.0860,98.2716 19.0835,98.2729 19.0803,98.2751 19.0790,98.2776 19.0768,98.2795 19.0729,98.2808 19.0705,98.2821 19.0703,98.2851 19.0707,98.2859
ชม.4235	r	19.1307,98.9200 19.1279,98.9200 19.1244,98.9201 19.1226,98.9202
ชม.2101	r	19.1699,98.9238 19.1671,98.9240 19.1666,98.9240
ชม.4061	r	19.2201,98.8472 19.2208,98.8473
ชม.4061	r	19.2208,98.8473 19.2213,98.8474
ชม.4067	r	19.0102,98.5882 19.0119,98.5907 19.0121,98.5936 19.0148,98.5950 19.0176,98.5957 19.0176,98.5959
ชม.3010	r	20.0748,99.4905 20.0771,99.4880 20.0795,99.4859 20.0805,99.4850
ชม.3010	r	20.0485,99.5177 20.0512,99.5151 20.0545,99.5129 20.0544,99.5098 20.0551,99.5069 20.0573,99.5048 20.0597,99.5031 20.0628,99.5027 20.0656,99.5026 20.0670,99.5001 20.0690,99.4980 20.0712,99.4961 20.0743,99.4952 20.0748,99.4923 20.0747,99.4911
ชม.3010	r	20.0747,99.4911 20.0748,99.4905
มส.4009	r	18.5979,97.9424 18.5972,97.9453 18.5987,97.9477 18.5997,97.9507 18.6022,97.9518 18.6035,97.9544 18.6033,97.9574 18.6020,97.9600 18.6019,97.9630 18.6015,97.9658 18.6002,97.9685 18.6029,97.9692 18.6057,97.9699 18.6075,97.9721 18.6106,97.9731 18.6115,97.9760 18.6119,97.9789 18.6114,97.9818 18.6117,97.9847 18.6145,97.9857
ชร.4050	r	19.9768,99.9504 19.9797,99.9491 19.9826,99.9488 19.9845,99.9514 19.9861,99.9539 19.9884,99.9558 19.9922,99.9555 19.9958,99.9547 19.9997,99.9545 20.0026,99.9535 20.0056,99.9531 20.0086,99.9524
ชร.4050	r	19.9598,99.9462 19.9594,99.9465
ชร.4050	r	19.9610,99.9456 19.9598,99.9462
ชร.4013	r	19.9601,99.9534 19.9634,99.9599 19.9655,99.9624 19.9680,99.9646 19.9703,99.9661 19.9709,99.9693 19.9714,99.9727 19.9738,99.9745 19.9730,99.9773 19.9708,99.9794 19.9684,99.9810 19.9673,99.9813
มส.3164	r	18.3769,98.0771 18.3791,98.0738 18.3789,98.0706 18.3789,98.0677 18.3776,98.0653
ชม.3006	r	18.6051,98.8577 18.6029,98.8594 18.5997,98.8605 18.5963,98.8614 18.5932,98.8619 18.5901,98.8621 18.5868,98.8630 18.5840,98.8644 18.5806,98.8656 18.5774,98.8662 18.5737,98.8671 18.5701,98.8686 18.5673,98.8698 18.5645,98.8709
ชม.3006	r	18.6051,98.8577 18.6065,98.8550 18.6093,98.8545 18.6122,98.8555 18.6131,98.8556
ลพ.3054	r	18.4927,98.9578 18.4940,98.9551 18.4956,98.9526 18.4939,98.9502 18.4930,98.9497
มส.3004	r	17.9306,97.9114 17.9284,97.9131 17.9273,97.9104 17.9262,97.9075 17.9245,97.9051 17.9236,97.9023 17.9209,97.9037 17.9181,97.9040 17.9154,97.9042 17.9125,97.9034 17.9103,97.9017 17.9129,97.9009 17.9139,97.8982 17.9113,97.8975 17.9107,97.8947 17.9110,97.8938
มส.3004	r	17.9630,97.9252 17.9641,97.9264
มส.3004	r	17.9641,97.9264 17.9655,97.9283
มส.3010	r	18.2188,98.0375 18.2191,98.0407 18.2179,98.0435 18.2190,98.0463 18.2209,98.0485 18.2234,98.0475 18.2261,98.0470 18.2289,98.0474 18.2315,98.0487 18.2344,98.0487 18.2378,98.0484 18.2405,98.0492 18.2434,98.0492 18.2436,98.0492
มส.3010	r	18.2045,98.0114 18.2043,98.0117
มส.3010	r	18.2845,98.0871 18.2846,98.0900 18.2849,98.0929 18.2867,98.0952 18.2875,98.0980 18.2844,98.0982 18.2826,98.1003 18.2843,98.1032 18.2854,98.1059 18.2838,98.1083 18.2821,98.1112 18.2823,98.1142 18.2790,98.1152 18.2765,98.1169 18.2750,98.1198 18.2767,98.1221 18.2785,98.1244 18.2810,98.1228 18.2834,98.1243 18.2854,98.1262 18.2868,98.1291 18.2870,98.1320 18.2852,98.1351 18.2853,98.1387 18.2883,98.1396 18.2909,98.1385 18.2938,98.1387 18.2945,98.1415 18.2958,98.1440
มส.3010	r	18.2958,98.1440 18.2982,98.1455 18.3004,98.1479 18.3029,98.1497 18.3058,98.1503 18.3087,98.1522 18.3086,98.1525
มส.3010	r	18.2045,98.0114 18.2025,98.0094 18.2005,98.0114 18.1978,98.0123 18.1949,98.0115 18.1915,98.0101 18.1886,98.0094 18.1856,98.0088 18.1828,98.0089 18.1817,98.0117 18.1792,98.0128 18.1784,98.0159 18.1757,98.0165 18.1734,98.0181 18.1722,98.0207 18.1718,98.0239 18.1707,98.0266 18.1681,98.0279 18.1655,98.0286 18.1631,98.0305 18.1618,98.0330 18.1618,98.0332
มส.3010	r	18.2118,98.0328 18.2136,98.0350 18.2164,98.0345 18.2167,98.0377 18.2188,98.0375
มส.3010	r	18.2043,98.0117 18.2038,98.0147 18.2040,98.0179 18.2062,98.0195 18.2081,98.0218 18.2090,98.0246 18.2108,98.0269 18.2106,98.0286
มส.3010	r	18.2436,98.0492 18.2463,98.0498 18.2487,98.0515 18.2514,98.0523 18.2541,98.0509 18.2577,98.0507 18.2607,98.0495 18.2634,98.0503 18.2660,98.0513 18.2685,98.0529 18.2709,98.0546 18.2717,98.0576 18.2736,98.0598 18.2762,98.0614 18.2784,98.0631 18.2805,98.0659 18.2828,98.0675 18.2840,98.0702 18.2841,98.0730 18.2837,98.0762 18.2827,98.0791 18.2818,98.0818 18.2832,98.0843 18.2845,98.0871
มส.4003	r	18.0348,97.8538 18.0344,97.8508 18.0340,97.8475 18.0351,97.8447 18.0353,97.8417 18.0370,97.8392 18.0397,97.8363 18.0411,97.8338 18.0428,97.8313 18.0441,97.8283 18.0455,97.8256 18.0471,97.8233 18.0478,97.8202
ลพ.4016	r	18.5096,98.8816 18.5068,98.8833 18.5050,98.8856 18.5021,98.8853 18.5013,98.8850
ลพ.4020	r	18.4349,98.7955 18.4381,98.7948 18.4425,98.7945 18.4457,98.7943 18.4487,98.7945 18.4512,98.7934
ลพ.3038	r	18.4524,98.8890 18.4551,98.8886 18.4593,98.8890 18.4623,98.8891 18.4654,98.8911 18.4681,98.8924 18.4699,98.8897 18.4725,98.8868 18.4753,98.8861 18.4757,98.8856
ชม.4230	r	18.8485,99.0302 18.8486,99.0332 18.8492,99.0361 18.8496,99.0391 18.8514,99.0416 18.8524,99.0444 18.8520,99.0448
มส.3005	r	18.0692,98.1313 18.0666,98.1303 18.0644,98.1285 18.0618,98.1293 18.0595,98.1308 18.0571,98.1321 18.0559,98.1331
มส.3005	r	18.1509,98.1318 18.1493,98.1341 18.1473,98.1362 18.1446,98.1355 18.1419,98.1364 18.1410,98.1391 18.1386,98.1405 18.1360,98.1416 18.1341,98.1436 18.1315,98.1450 18.1289,98.1443 18.1260,98.1446 18.1233,98.1452 18.1205,98.1455 18.1178,98.1463 18.1155,98.1478 18.1128,98.1475 18.1105,98.1495 18.1093,98.1520 18.1062,98.1530 18.1034,98.1539 18.1005,98.1544 18.0977,98.1549 18.0952,98.1561 18.0930,98.1580 18.0909,98.1599 18.0877,98.1596 18.0851,98.1604 18.0824,98.1606 18.0796,98.1603 18.0769,98.1609 18.0742,98.1607 18.0717,98.1592 18.0716,98.1591
มส.3005	r	17.9956,98.1458 17.9967,98.1485 17.9994,98.1482 18.0019,98.1496 18.0038,98.1518 18.0059,98.1540 18.0087,98.1543 18.0092,98.1547
ชม.4085	r	18.1523,98.2139 18.1508,98.2167 18.1483,98.2181 18.1455,98.2185 18.1432,98.2201 18.1409,98.2181 18.1380,98.2185 18.1361,98.2207 18.1336,98.2219 18.1307,98.2206 18.1283,98.2189 18.1241,98.2175 18.1202,98.2179 18.1171,98.2182 18.1141,98.2181 18.1116,98.2193 18.1081,98.2194 18.1051,98.2190 18.1031,98.2171 18.1005,98.2136 18.0984,98.2117
มส.4006	r	18.3603,98.1378 18.3635,98.1395 18.3662,98.1402 18.3637,98.1422
มส.7020	r	18.2929,98.1385 18.2943,98.1357 18.2962,98.1333 18.2980,98.1311 18.2990,98.1283 18.3022,98.1274 18.3047,98.1262 18.3074,98.1254 18.3089,98.1228 18.3118,98.1230 18.3141,98.1246 18.3162,98.1268 18.3189,98.1264 18.3216,98.1253 18.3242,98.1264 18.3270,98.1258 18.3298,98.1261 18.3326,98.1265 18.3354,98.1260 18.3380,98.1244 18.3407,98.1246 18.3411,98.1218 18.3435,98.1200 18.3448,98.1173 18.3450,98.1170
มส.4006	r	18.3485,98.0628 18.3460,98.0641 18.3436,98.0659 18.3425,98.0686 18.3402,98.0704 18.3397,98.0732 18.3420,98.0752 18.3441,98.0771 18.3439,98.0801 18.3439,98.0803
ลพ.5127	r	18.7248,99.1953 18.7247,99.1950
ลพ.5127	r	18.7247,99.1950 18.7238,99.1918 18.7233,99.1903
ลพ 6043	r	18.4409,98.8162 18.4384,98.8142 18.4364,98.8122
ลพ.3130	r	18.4310,98.8611 18.4351,98.8599 18.4391,98.8587 18.4429,98.8576 18.4461,98.8569 18.4488,98.8563 18.4520,98.8532 18.4550,98.8500 18.4569,98.8478 18.4584,98.8449 18.4599,98.8424 18.4624,98.8405 18.4637,98.8385
ลพ.3029	r	18.4545,98.8315 18.4521,98.8343 18.4498,98.8369 18.4472,98.8402 18.4441,98.8439 18.4408,98.8475 18.4386,98.8498 18.4366,98.8521 18.4358,98.8548 18.4330,98.8584 18.4311,98.8610 18.4290,98.8628 18.4276,98.8640
ลพ.4035	r	18.4854,98.9037 18.4851,98.9005 18.4869,98.8978 18.4866,98.8945 18.4853,98.8919 18.4834,98.8894 18.4834,98.8893
มส.4018	r	18.1981,97.8966 18.1978,97.8966
มส.4018	r	18.1978,97.8966 18.1950,97.8970 18.1925,97.8985 18.1898,97.8993 18.1866,97.8997 18.1840,97.9014 18.1818,97.9035 18.1800,97.9058 18.1785,97.9086 18.1755,97.9088 18.1744,97.9114 18.1744,97.9118
มส.4044	r	18.2855,97.8149 18.2866,97.8123 18.2894,97.8128 18.2922,97.8104 18.2891,97.8112 18.2878,97.8084 18.2901,97.8069 18.2910,97.8040 18.2899,97.8014 18.2930,97.8018 18.2959,97.8012 18.2978,97.7991 18.3007,97.7980 18.3030,97.7963 18.3065,97.7945 18.3095,97.7935 18.3119,97.7909 18.3150,97.7892 18.3156,97.7853 18.3174,97.7880 18.3198,97.7893 18.3220,97.7914 18.3233,97.7942 18.3259,97.7930 18.3283,97.7911 18.3286,97.7882 18.3299,97.7855 18.3302,97.7823 18.3327,97.7810 18.3328,97.7779 18.3345,97.7755 18.3356,97.7723 18.3384,97.7726 18.3410,97.7736 18.3436,97.7721 18.3418,97.7698 18.3398,97.7678 18.3425,97.7670 18.3452,97.7664 18.3477,97.7651 18.3484,97.7619 18.3456,97.7606 18.3463,97.7572 18.3469,97.7543 18.3492,97.7521 18.3507,97.7496 18.3516,97.7467 18.3523,97.7437 18.3535,97.7411 18.3538,97.7374 18.3529,97.7343 18.3527,97.7313 18.3533,97.7284 18.3547,97.7246 18.3567,97.7214 18.3575,97.7184 18.3560,97.7157 18.3544,97.7133 18.3527,97.7106 18.3559,97.7101 18.3588,97.7102 18.3611,97.7086 18.3614,97.7057 18.3599,97.7029 18.3574,97.7011 18.3547,97.7008 18.3522,97.6994 18.3500,97.6976 18.3481,97.6954 18.3472,97.6926 18.3454,97.6908
มส.4044	r	18.2855,97.8149 18.2850,97.8179 18.2875,97.8169 18.2887,97.8194 18.2917,97.8187 18.2925,97.8197
พย.4017	r	19.0503,100.0486 19.0482,100.0457
พย.1016	r	19.0605,100.0066 19.0587,100.0041 19.0580,100.0006 19.0579,99.9976 19.0576,99.9943 19.0574,99.9912 19.0541,99.9912 19.0516,99.9897 19.0505,99.9870 19.0483,99.9852 19.0453,99.9846 19.0445,99.9816 19.0414,99.9797 19.0390,99.9810 19.0364,99.9820 19.0340,99.9838 19.0313,99.9836 19.0288,99.9833
พย.4017	r	19.0597,100.0314 19.0589,100.0342 19.0568,100.0363 19.0547,100.0381 19.0527,100.0401 19.0503,100.0416 19.0484,100.0438 19.0482,100.0457
นน.3107	r	18.7994,100.8551 18.8021,100.8554 18.8041,100.8533 18.8067,100.8521 18.8094,100.8512 18.8119,100.8527 18.8139,100.8547 18.8154,100.8574 18.8161,100.8594
ลพ.3003	r	18.2366,98.8356 18.2401,98.8356 18.2428,98.8365 18.2454,98.8376 18.2482,98.8379 18.2517,98.8385 18.2541,98.8379
ลพ.3003	r	18.3089,98.8216 18.3062,98.8217 18.3051,98.8244 18.3046,98.8254
นน.3077	r	19.1881,100.7189 19.1871,100.7216 19.1897,100.7229 19.1905,100.7258 19.1900,100.7287 19.1887,100.7315 19.1892,100.7346 19.1901,100.7375 19.1912,100.7408 19.1900,100.7434 19.1891,100.7461 19.1860,100.7470 19.1833,100.7480 19.1858,100.7514 19.1855,100.7545 19.1861,100.7581 19.1860,100.7610 19.1844,100.7635 19.1842,100.7666 19.1813,100.7687 19.1794,100.7694
พย.ถ1-0011	r	19.0866,99.9909 19.0891,99.9891 19.0938,99.9862 19.0981,99.9837 19.1016,99.9816 19.1038,99.9798 19.1070,99.9786 19.1128,99.9792 19.1157,99.9762 19.1173,99.9739 19.1202,99.9724 19.1210,99.9693 19.1227,99.9669 19.1249,99.9651 19.1261,99.9623 19.1278,99.9599 19.1296,99.9575 19.1319,99.9558 19.1335,99.9528 19.1356,99.9503 19.1374,99.9481 19.1396,99.9463 19.1416,99.9441 19.1437,99.9423 19.1455,99.9400 19.1475,99.9378 19.1499,99.9360 19.1510,99.9343
ชม.1-047	r	19.0479,98.9180 19.0503,98.9166 19.0519,98.9137 19.0537,98.9111 19.0537,98.9081 19.0546,98.9050 19.0547,98.9020 19.0551,98.8990 19.0549,98.8960 19.0552,98.8928 19.0533,98.8892 19.0518,98.8868 19.0512,98.8832 19.0505,98.8802 19.0502,98.8773 19.0504,98.8743 19.0483,98.8715 19.0467,98.8691 19.0446,98.8677
ชม.103-001	r	19.0558,98.9293 19.0555,98.9326 19.0556,98.9359 19.0555,98.9379
ชม. 4054	r	19.0555,98.9381 19.0555,98.9379
ชม. 4054	r	19.0550,98.9427 19.0549,98.9420
ชม.4195	r	19.1521,98.9016 19.1513,98.9046 19.1505,98.9079 19.1473,98.9104 19.1462,98.9108
ชม.2116	r	18.7307,98.9062 18.7287,98.9052
ลป.5006	r	18.1235,99.3475 18.1258,99.3495 18.1300,99.3532 18.1323,99.3551 18.1367,99.3588 18.1388,99.3616 18.1404,99.3642 18.1422,99.3669 18.1444,99.3697 18.1474,99.3728 18.1507,99.3747 18.1537,99.3764 18.1572,99.3784 18.1602,99.3801 18.1627,99.3816 18.1650,99.3834 18.1691,99.3867 18.1723,99.3892 18.1745,99.3910 18.1752,99.3915
ลพ.3006	r	18.0451,98.8925 18.0449,98.8919
ลพ.3006	r	18.0449,98.8919 18.0437,98.8888 18.0442,98.8843 18.0445,98.8814 18.0445,98.8813
ชม.7081	r	18.8612,99.2403 18.8639,99.2415 18.8662,99.2433 18.8662,99.2437
ลพ.4042	r	18.8662,99.2437 18.8632,99.2474 18.8617,99.2470
ชม.7081	r	18.8899,99.2255 18.8907,99.2274
ชม.7081	r	18.8612,99.2403 18.8630,99.2379 18.8648,99.2355 18.8673,99.2342 18.8701,99.2348 18.8721,99.2325 18.8748,99.2321 18.8777,99.2322 18.8803,99.2299 18.8826,99.2316 18.8847,99.2298 18.8874,99.2278 18.8904,99.2277 18.8907,99.2274
ชม.2014	r	18.5116,98.9124 18.5084,98.9133 18.5057,98.9120 18.5029,98.9112 18.5006,98.9110
ลพ.1207	r	18.4937,98.8949 18.4946,98.8920 18.4946,98.8889 18.4938,98.8870
ลพ.4016	r	18.4938,98.8870 18.4918,98.8848 18.4898,98.8817 18.4879,98.8795 18.4856,98.8773 18.4833,98.8755 18.4806,98.8734 18.4779,98.8727 18.4779,98.8726
ลพ.4016	r	18.5013,98.8850 18.4980,98.8841 18.4952,98.8847 18.4938,98.8870
ลพ.4016	r	18.4779,98.8726 18.4752,98.8720 18.4731,98.8702 18.4703,98.8697 18.4677,98.8708 18.4657,98.8697
ลป.4072	r	18.7420,100.0051 18.7429,100.0082 18.7428,100.0115 18.7448,100.0135 18.7461,100.0166 18.7451,100.0194 18.7453,100.0224 18.7453,100.0225
ลป.4072	r	18.7453,100.0225 18.7471,100.0249 18.7491,100.0270 18.7517,100.0253 18.7540,100.0269 18.7570,100.0260 18.7592,100.0242 18.7605,100.0215 18.7602,100.0203
พย.4004	r	19.1651,99.8501 19.1657,99.8472 19.1688,99.8475 19.1718,99.8470 19.1742,99.8456 19.1779,99.8444 19.1798,99.8422 19.1800,99.8386 19.1810,99.8363
พย.4004	r	19.1530,99.8582 19.1563,99.8578 19.1571,99.8541 19.1576,99.8515
มส.4009	r	18.8275,98.0368 18.8270,98.0397 18.8291,98.0418 18.8315,98.0433 18.8320,98.0453
มส.4009	r	18.8571,98.0778 18.8593,98.0797 18.8617,98.0817 18.8644,98.0829 18.8667,98.0845 18.8671,98.0876 18.8692,98.0901 18.8717,98.0911 18.8741,98.0929 18.8767,98.0938 18.8801,98.0959 18.8828,98.0961 18.8848,98.0942 18.8875,98.0932 18.8907,98.0932 18.8938,98.0921 18.8952,98.0896 18.8975,98.0880 18.9004,98.0879 18.9031,98.0884 18.9059,98.0892 18.9086,98.0911 18.9114,98.0914 18.9143,98.0906 18.9169,98.0899 18.9186,98.0874 18.9205,98.0850 18.9233,98.0855
ชม.2025	r	18.7970,98.9942 18.7973,98.9944
ชม.2025	r	18.8060,98.9952 18.8087,98.9952 18.8090,98.9952
ชม.4030	r	19.3138,98.6015 19.3110,98.6014 19.3078,98.6019 19.3057,98.6001 19.3026,98.5990 19.2997,98.6001 19.2969,98.6002 19.2954,98.5978 19.2929,98.5960 19.2904,98.5946 19.2875,98.5949 19.2862,98.5974 19.2838,98.5989 19.2823,98.6021 19.2807,98.6046 19.2784,98.6033
ชม.3024	r	19.3789,98.7209 19.3812,98.7188 19.3840,98.7172 19.3863,98.7157
ชม.3023	r	20.0374,99.4755 20.0392,99.4732 20.0424,99.4741 20.0423,99.4712 20.0432,99.4680 20.0428,99.4646 20.0435,99.4618 20.0429,99.4588 20.0439,99.4560 20.0458,99.4536 20.0476,99.4514 20.0454,99.4497 20.0430,99.4481 20.0419,99.4455 20.0439,99.4427 20.0459,99.4395 20.0464,99.4384
ชม.3023	r	20.0464,99.4384 20.0478,99.4356 20.0476,99.4325 20.0471,99.4295 20.0471,99.4261 20.0476,99.4230 20.0476,99.4200 20.0481,99.4170 20.0458,99.4136 20.0449,99.4108 20.0432,99.4080 20.0432,99.4050 20.0408,99.4034 20.0386,99.4015 20.0358,99.4025 20.0348,99.3997 20.0323,99.3982 20.0299,99.3969 20.0284,99.3945 20.0266,99.3922 20.0254,99.3895 20.0246,99.3865 20.0242,99.3834 20.0238,99.3806 20.0228,99.3776 20.0231,99.3743 20.0225,99.3714 20.0209,99.3685 20.0186,99.3665 20.0159,99.3657 20.0134,99.3633 20.0117,99.3611 20.0097,99.3590 20.0087,99.3558 20.0078,99.3531 20.0064,99.3503 20.0054,99.3474 20.0027,99.3453 20.0000,99.3442 19.9992,99.3413 19.9989,99.3380 19.9977,99.3351 19.9962,99.3326 19.9934,99.3310 19.9916,99.3289 19.9895,99.3266 19.9874,99.3247 19.9853,99.3228 19.9826,99.3214 19.9803,99.3191 19.9779,99.3174 19.9756,99.3155 19.9731,99.3132 19.9705,99.3094 19.9687,99.3070 19.9668,99.3040 19.9654,99.3016 19.9647,99.2986 19.9639,99.2959 19.9631,99.2929 19.9616,99.2893 19.9606,99.2866 19.9598,99.2829 19.9591,99.2799 19.9581,99.2770 19.9576,99.2740 19.9568,99.2712 19.9535,99.2713 19.9511,99.2698 19.9503,99.2667 19.9485,99.2644 19.9454,99.2622 19.9433,99.2601 19.9407,99.2580 19.9379,99.2571 19.9353,99.2559 19.9328,99.2544 19.9297,99.2522 19.9277,99.2502 19.9246,99.2480 19.9223,99.2460 19.9201,99.2439 19.9173,99.2423 19.9139,99.2408 19.9119,99.2385 19.9105,99.2361 19.9082,99.2340 19.9055,99.2318 19.9029,99.2306 19.9014,99.2299
ชม.3023	r	19.9014,99.2299 19.9028,99.2266 19.9044,99.2239 19.9084,99.2203 19.9086,99.2201
ลป.4023	r	18.7237,99.5617 18.7255,99.5586 18.7255,99.5552 18.7282,99.5535 18.7282,99.5501 18.7276,99.5471 18.7302,99.5463 18.7338,99.5466 18.7366,99.5463 18.7400,99.5468 18.7424,99.5481 18.7450,99.5468 18.7466,99.5493 18.7473,99.5512
ลป.4023	r	18.7200,99.5619 18.7227,99.5614 18.7237,99.5617
พย.1019	r	19.1768,99.9021 19.1801,99.9030 19.1828,99.9025 19.1852,99.9011 19.1880,99.8999 19.1909,99.8996 19.1937,99.8986 19.1965,99.8972 19.1990,99.8961 19.2027,99.8969 19.2084,99.8982 19.2141,99.8996 19.2198,99.9009 19.2256,99.9022 19.2290,99.9031 19.2328,99.9026 19.2372,99.9003 19.2403,99.8986 19.2466,99.8951 19.2510,99.8927 19.2561,99.8899 19.2589,99.8860 19.2620,99.8846 19.2661,99.8834 19.2700,99.8822 19.2753,99.8807 19.2755,99.8807
พย.4026	r	19.2148,99.8997 19.2164,99.9026 19.2189,99.9053 19.2206,99.9080 19.2224,99.9103 19.2243,99.9126 19.2268,99.9136
พย.3014	r	19.2786,99.9740 19.2782,99.9770 19.2771,99.9806 19.2767,99.9839 19.2770,99.9871 19.2787,99.9896 19.2772,99.9920 19.2783,99.9962 19.2785,99.9992 19.2769,100.0015 19.2743,100.0029 19.2725,100.0058 19.2720,100.0068
พย.4024	r	19.3995,100.0350 19.4026,100.0309 19.4059,100.0289 19.4062,100.0249 19.4076,100.0222 19.4119,100.0202 19.4133,100.0176 19.4168,100.0159 19.4203,100.0149 19.4235,100.0141 19.4287,100.0145 19.4336,100.0104 19.4364,100.0098 19.4370,100.0094
พย.4006	r	19.4032,100.0364 19.3995,100.0350 19.3948,100.0347 19.3915,100.0344 19.3864,100.0350 19.3838,100.0364 19.3813,100.0384 19.3780,100.0396 19.3753,100.0403 19.3721,100.0399 19.3682,100.0416 19.3651,100.0435 19.3611,100.0467 19.3610,100.0468
พย.4007	r	19.0724,99.8796 19.0756,99.8786 19.0786,99.8782 19.0823,99.8770 19.0825,99.8769
พย.3034	r	19.0326,99.8969 19.0326,99.9002 19.0326,99.9006
ลป.3027	r	18.3694,99.2966 18.3676,99.2988 18.3675,99.2989
พย.1-0014	r	19.6217,100.3654 19.6174,100.3653 19.6132,100.3652 19.6078,100.3651 19.6044,100.3651 19.6014,100.3652 19.5971,100.3649 19.5940,100.3644 19.5874,100.3631 19.5870,100.3597 19.5842,100.3587 19.5834,100.3589
ชม.3024	r	19.3779,98.9452 19.3774,98.9462
ลพ.3003	r	18.2541,98.8379 18.2543,98.8378
ลพ.3003	r	18.2543,98.8378 18.2573,98.8368 18.2601,98.8367 18.2630,98.8361 18.2650,98.8341 18.2679,98.8333 18.2710,98.8325 18.2736,98.8316 18.2762,98.8311 18.2797,98.8309 18.2831,98.8305 18.2861,98.8307 18.2887,98.8317 18.2922,98.8308 18.2948,98.8295 18.2978,98.8290 18.3005,98.8290 18.3031,98.8280 18.3043,98.8258
ลพ.3021	r	18.2325,98.8353 18.2327,98.8357
ลพ.3021	r	18.2327,98.8357 18.2355,98.8357 18.2385,98.8374 18.2402,98.8403 18.2396,98.8445 18.2396,98.8473 18.2394,98.8502 18.2415,98.8522 18.2419,98.8553 18.2420,98.8582 18.2419,98.8616 18.2415,98.8643
ลพ.3021	r	18.2454,98.8826 18.2470,98.8862 18.2492,98.8880 18.2509,98.8905 18.2484,98.8943 18.2478,98.8972 18.2498,98.8997 18.2515,98.9023
ลพ.3021	r	18.2515,98.9023 18.2516,98.9025
ลพ.3021	r	18.2516,98.9025 18.2527,98.9058 18.2553,98.9106 18.2570,98.9132 18.2597,98.9137 18.2615,98.9163 18.2633,98.9196 18.2649,98.9224 18.2658,98.9255 18.2658,98.9291 18.2647,98.9326 18.2640,98.9354 18.2632,98.9373
ลพ.3021	r	18.2415,98.8643 18.2415,98.8648
ลพ.3021	r	18.2454,98.8822 18.2454,98.8826
ลพ.3021	r	18.2415,98.8648 18.2430,98.8673 18.2442,98.8719 18.2444,98.8767 18.2445,98.8799 18.2454,98.8822
ชร.4017	r	19.7663,100.1223 19.7665,100.1193 19.7680,100.1166 19.7707,100.1151 19.7728,100.1127 19.7759,100.1104 19.7783,100.1066 19.7793,100.1039 19.7811,100.1017 19.7837,100.0997 19.7860,100.0976 19.7875,100.0942 19.7878,100.0914 19.7880,100.0885 19.7888,100.0857 19.7895,100.0825 19.7893,100.0795 19.7894,100.0765 19.7912,100.0744 19.7931,100.0722 19.7949,100.0698 19.7977,100.0692 19.7991,100.0662 19.8005,100.0631 19.8010,100.0601 19.8025,100.0575 19.8058,100.0570 19.8092,100.0563 19.8119,100.0547 19.8138,100.0527 19.8171,100.0507 19.8184,100.0475 19.8199,100.0449 19.8216,100.0411 19.8233,100.0367 19.8231,100.0337 19.8241,100.0309 19.8262,100.0289 19.8294,100.0297 19.8297,100.0295
ชร.3091	r	19.6849,100.1224 19.6855,100.1255 19.6864,100.1285 19.6865,100.1314 19.6859,100.1339
ชร.4015	r	19.7324,100.1122 19.7311,100.1153 19.7307,100.1182 19.7295,100.1209 19.7261,100.1217 19.7214,100.1220 19.7144,100.1224 19.7111,100.1226 19.7073,100.1227 19.7035,100.1228 19.6985,100.1228 19.6955,100.1228 19.6925,100.1228 19.6869,100.1228 19.6853,100.1202 19.6857,100.1173 19.6858,100.1141 19.6873,100.1115 19.6900,100.1107 19.6911,100.1080 19.6910,100.1044
ชร.4015	r	19.6849,100.1224 19.6820,100.1227 19.6794,100.1236 19.6791,100.1238
พร.3095	r	18.2682,100.2383 18.2685,100.2351 18.2689,100.2321 18.2691,100.2291 18.2682,100.2262 18.2671,100.2231 18.2654,100.2201 18.2627,100.2173 18.2605,100.2146 18.2603,100.2116 18.2606,100.2077 18.2616,100.2049 18.2625,100.2010 18.2630,100.1980 18.2640,100.1941 18.2649,100.1913 18.2651,100.1882 18.2653,100.1850 18.2658,100.1817 18.2660,100.1785
พร.3095	r	18.2659,100.1763 18.2671,100.1739
พร.4006	r	18.2459,100.1449 18.2449,100.1476 18.2434,100.1507 18.2423,100.1540 18.2418,100.1573 18.2410,100.1605 18.2405,100.1639 18.2395,100.1665 18.2393,100.1696 18.2387,100.1723
พร.3091	r	18.2387,100.1723 18.2361,100.1738 18.2329,100.1748 18.2303,100.1758 18.2278,100.1775 18.2247,100.1777 18.2219,100.1773 18.2193,100.1783 18.2184,100.1782
พร.2025	r	18.2345,100.1379 18.2324,100.1405 18.2313,100.1444 18.2276,100.1488 18.2260,100.1515 18.2242,100.1537 18.2219,100.1555 18.2202,100.1571
พร.2001	r	18.2144,100.1649 18.2171,100.1640 18.2177,100.1631
พร.2001	r	18.2126,100.1651 18.2114,100.1678 18.2107,100.1706 18.2080,100.1704 18.2057,100.1683 18.2040,100.1661 18.2018,100.1637 18.1994,100.1622 18.1971,100.1604 18.1944,100.1598 18.1917,100.1588 18.1895,100.1569 18.1867,100.1561 18.1832,100.1551 18.1805,100.1557 18.1776,100.1544 18.1746,100.1532 18.1715,100.1519 18.1694,100.1501 18.1670,100.1491
พร.4009	r	18.2913,100.1667 18.2937,100.1634 18.2957,100.1614 18.2976,100.1592 18.3004,100.1580 18.3033,100.1576 18.3061,100.1581 18.3068,100.1552 18.3093,100.1538 18.3101,100.1512
พร.4009	r	18.3099,100.1511 18.3106,100.1480 18.3127,100.1461 18.3158,100.1455 18.3247,100.1436 18.3276,100.1447 18.3309,100.1456 18.3334,100.1438 18.3358,100.1421 18.3368,100.1385 18.3377,100.1355 18.3388,100.1309 18.3390,100.1272 18.3392,100.1239 18.3394,100.1210 18.3388,100.1178 18.3382,100.1149 18.3374,100.1114 18.3367,100.1086 18.3351,100.1060 18.3327,100.1036 18.3312,100.1011 18.3289,100.0983 18.3270,100.0961 18.3252,100.0939 18.3220,100.0928 18.3193,100.0906 18.3176,100.0872 18.3158,100.0832 18.3144,100.0804 18.3098,100.0807 18.3069,100.0820 18.3040,100.0824 18.3008,100.0793 18.2987,100.0763 18.2957,100.0751 18.2931,100.0741 18.2902,100.0724 18.2901,100.0686 18.2907,100.0651 18.2923,100.0627 18.2923,100.0598 18.2949,100.0570 18.2947,100.0536 18.2957,100.0508 18.2972,100.0459 18.2962,100.0431 18.2956,100.0399 18.2946,100.0368 18.2947,100.0332 18.2944,100.0289 18.2965,100.0266 18.2976,100.0241
พร.3023	r	18.3101,100.1512 18.3115,100.1487 18.3155,100.1469 18.3209,100.1481 18.3245,100.1486 18.3286,100.1486 18.3312,100.1477 18.3331,100.1505 18.3361,100.1510
พร.4009	r	18.3101,100.1512 18.3099,100.1511
พร.4009	r	18.2976,100.0241 18.2951,100.0222 18.2924,100.0204 18.2912,100.0176 18.2891,100.0155 18.2876,100.0131 18.2863,100.0081 18.2851,100.0055 18.2809,100.0034 18.2788,100.0012 18.2769,99.9990 18.2747,99.9970 18.2721,99.9954 18.2700,99.9933 18.2674,99.9924 18.2652,99.9907 18.2648,99.9906
พร.3019	r	18.2579,99.9873 18.2569,99.9843 18.2560,99.9816 18.2546,99.9791 18.2533,99.9787
พร.4009	r	18.2578,99.9878 18.2559,99.9902 18.2527,99.9924 18.2495,99.9914 18.2471,99.9900 18.2438,99.9889 18.2385,99.9865 18.2358,99.9855 18.2328,99.9846 18.2303,99.9834 18.2272,99.9817 18.2248,99.9800 18.2209,99.9785 18.2181,99.9770 18.2151,99.9755 18.2121,99.9743 18.2092,99.9733 18.2060,99.9722 18.2030,99.9722 18.2004,99.9705 18.1977,99.9691 18.1952,99.9679 18.1926,99.9660 18.1904,99.9641 18.1872,99.9624 18.1852,99.9599 18.1825,99.9580 18.1799,99.9568 18.1781,99.9543 18.1761,99.9523 18.1738,99.9503 18.1711,99.9498 18.1685,99.9483 18.1658,99.9470 18.1631,99.9470 18.1606,99.9459 18.1594,99.9457
4009	r	18.2648,99.9906 18.2644,99.9908
3019	r	18.2533,99.9787 18.2527,99.9785
พร.3019	r	18.2579,99.9873 18.2578,99.9877
ชม.3023	r	19.9084,99.2203 19.9064,99.2174 19.9045,99.2153 19.9036,99.2151
ชม.5060	r	19.9149,99.1528 19.9126,99.1523
ชม.4016	r	20.0389,99.3202 20.0376,99.3231 20.0357,99.3255 20.0331,99.3272 20.0311,99.3292 20.0288,99.3311 20.0262,99.3330 20.0244,99.3350
ชม.3023	r	19.9037,99.2141 19.9018,99.2113 19.9023,99.2085 19.9022,99.2055 19.9036,99.2030 19.9040,99.2009
ชม.3047	r	19.3113,99.0182 19.3131,99.0205 19.3158,99.0216 19.3174,99.0240 19.3189,99.0267 19.3215,99.0276 19.3234,99.0276
ชม.4105	r	19.1409,98.9223 19.1379,98.9249 19.1350,98.9253 19.1320,98.9249 19.1281,98.9255 19.1254,98.9268 19.1229,98.9279 19.1204,98.9268 19.1177,98.9283 19.1148,98.9302 19.1126,98.9307
ชม.3047	r	19.3027,98.9613 19.3039,98.9587 19.3040,98.9570
ชม.3047	r	19.3024,98.9613 19.3027,98.9613
พย.3039	r	19.0908,99.8364 19.0934,99.8375 19.0965,99.8373 19.0998,99.8363 19.1032,99.8381 19.1054,99.8401 19.1079,99.8424 19.1104,99.8433 19.1119,99.8458 19.1125,99.8462
พย.4007	r	19.0825,99.8769 19.0861,99.8754 19.0868,99.8711 19.0869,99.8679 19.0891,99.8660 19.0914,99.8644 19.0930,99.8619 19.0961,99.8608 19.0992,99.8608 19.1021,99.8604 19.1050,99.8609 19.1074,99.8593 19.1089,99.8569 19.1122,99.8576 19.1130,99.8545 19.1131,99.8544
พย.4007	r	19.1131,99.8544 19.1157,99.8535 19.1184,99.8538 19.1212,99.8548 19.1223,99.8549
พย.3040	r	19.1018,99.8281 19.0991,99.8278 19.0978,99.8304 19.0933,99.8290 19.0923,99.8284
พย.3028	r	19.1236,99.8587 19.1266,99.8587 19.1294,99.8590 19.1319,99.8601 19.1344,99.8616 19.1366,99.8632 19.1383,99.8638
พย.4004	r	19.1520,99.8563 19.1530,99.8582
พย.4004	r	19.1576,99.8515 19.1605,99.8515 19.1629,99.8500 19.1651,99.8501
พย.4021	r	19.1787,99.8142 19.1794,99.8172 19.1757,99.8187 19.1742,99.8213 19.1736,99.8251 19.1741,99.8284 19.1744,99.8314 19.1745,99.8334
พย.2071	r	19.3136,99.7248 19.3115,99.7271 19.3112,99.7305 19.3111,99.7335 19.3098,99.7361 19.3087,99.7393 19.3074,99.7421 19.3074,99.7449 19.3059,99.7474 19.3044,99.7498 19.3018,99.7513 19.2986,99.7543 19.2971,99.7567 19.2958,99.7595 19.2940,99.7626 19.2921,99.7649 19.2894,99.7673 19.2888,99.7708 19.2881,99.7737 19.2878,99.7776 19.2878,99.7829 19.2865,99.7872 19.2863,99.7906 19.2858,99.7935 19.2858,99.7967 19.2850,99.7997 19.2851,99.8029 19.2857,99.8058 19.2861,99.8102 19.2847,99.8130 19.2848,99.8149
พย.5062	r	19.3083,99.7958 19.3075,99.7928 19.3077,99.7897 19.3075,99.7860 19.3078,99.7829 19.3084,99.7797 19.3103,99.7768 19.3122,99.7747 19.3131,99.7714 19.3141,99.7685 19.3149,99.7654 19.3160,99.7617 19.3169,99.7590 19.3177,99.7553 19.3176,99.7543
พย.4002	r	19.2158,99.9552 19.2170,99.9579 19.2183,99.9605 19.2186,99.9634 19.2191,99.9664 19.2181,99.9692 19.2173,99.9720 19.2162,99.9748 19.2154,99.9777 19.2147,99.9813 19.2147,99.9843 19.2164,99.9870 19.2189,99.9887 19.2229,99.9916 19.2257,99.9936 19.2285,99.9940 19.2311,99.9951 19.2332,99.9971 19.2358,100.0008 19.2385,100.0022 19.2413,100.0046 19.2443,100.0050 19.2469,100.0060 19.2492,100.0076 19.2532,100.0075 19.2555,100.0090 19.2579,100.0110 19.2600,100.0134 19.2607,100.0152
พย.3041	r	19.1736,99.9870 19.1748,99.9844 19.1770,99.9826 19.1794,99.9813 19.1802,99.9784 19.1807,99.9755 19.1808,99.9719 19.1815,99.9675 19.1821,99.9638 19.1827,99.9596 19.1838,99.9569 19.1838,99.9538 19.1846,99.9492 19.1855,99.9462 19.1865,99.9441
พร.2035	r	18.0613,100.0790 18.0648,100.0797 18.0689,100.0800 18.0721,100.0802 18.0742,100.0822 18.0757,100.0856 18.0770,100.0883 18.0791,100.0902 18.0823,100.0920 18.0849,100.0938
พร.6019	r	18.0613,100.0790 18.0610,100.0836 18.0609,100.0858
พร.6019	r	18.0617,100.0774 18.0613,100.0790
พร.2043	r	18.0856,100.0893 18.0867,100.0877
พร.2043	r	18.0765,100.1223 18.0774,100.1192 18.0787,100.1162 18.0802,100.1130 18.0817,100.1104 18.0834,100.1081 18.0849,100.1051 18.0840,100.1022 18.0837,100.0990 18.0848,100.0958 18.0852,100.0924 18.0855,100.0895 18.0856,100.0893
พร.2043	r	18.0867,100.0877 18.0869,100.0875
พร.4004	r	18.1160,100.1120 18.1133,100.1126 18.1103,100.1137 18.1074,100.1141 18.1029,100.1136 18.1004,100.1123 18.0981,100.1108 18.0984,100.1079 18.0972,100.1053 18.0944,100.1034 18.0934,100.1007 18.0924,100.0980 18.0930,100.0935 18.0924,100.0907 18.0903,100.0885 18.0885,100.0862 18.0869,100.0875
พร.3164	r	18.0618,100.0769 18.0620,100.0740 18.0616,100.0710 18.0625,100.0683 18.0616,100.0639 18.0623,100.0607 18.0628,100.0574 18.0636,100.0549
พร.4004	r	18.1131,100.1134 18.1157,100.1129 18.1187,100.1132 18.1216,100.1119 18.1244,100.1125 18.1262,100.1148 18.1275,100.1174 18.1271,100.1204 18.1256,100.1239 18.1285,100.1243 18.1313,100.1241 18.1336,100.1234
พร.3016	r	18.0609,100.0858 18.0604,100.0887 18.0597,100.0918 18.0600,100.0948 18.0603,100.0977 18.0595,100.1005 18.0589,100.1033 18.0574,100.1068 18.0563,100.1095 18.0540,100.1115 18.0526,100.1132
พร.6019	r	18.0609,100.0858 18.0581,100.0844 18.0553,100.0834 18.0530,100.0818 18.0499,100.0807 18.0474,100.0793 18.0473,100.0793
พร.6019	r	18.0617,100.0774 18.0618,100.0769
พร.2544	r	18.0857,100.1747 18.0882,100.1757 18.0910,100.1732 18.0929,100.1712 18.0944,100.1680 18.0961,100.1626 18.0976,100.1579 18.0993,100.1523 18.1002,100.1493 18.1015,100.1453 18.1048,100.1426 18.1083,100.1402 18.1097,100.1379
พร.3067	r	18.1122,100.1765 18.1117,100.1730 18.1114,100.1701 18.1091,100.1682 18.1059,100.1666 18.1031,100.1662 18.0998,100.1658 18.0967,100.1659 18.0939,100.1654 18.0934,100.1653
พร.5027	r	18.0737,100.1215 18.0728,100.1250 18.0721,100.1280 18.0719,100.1309 18.0718,100.1346 18.0707,100.1407 18.0696,100.1461 18.0695,100.1474
พร.3024	r	18.0329,100.1215 18.0364,100.1242 18.0393,100.1267 18.0414,100.1285 18.0470,100.1331 18.0498,100.1355 18.0547,100.1394 18.0571,100.1415 18.0592,100.1436 18.0638,100.1485 18.0659,100.1507 18.0708,100.1560 18.0730,100.1583 18.0757,100.1587 18.0777,100.1596
พร.2009	r	18.0876,100.2019 18.0847,100.2014 18.0830,100.2000
พร.3024	r	18.0777,100.1596 18.0804,100.1633 18.0848,100.1680 18.0849,100.1682
พร.3024	r	18.0855,100.1687 18.0868,100.1712 18.0857,100.1747 18.0860,100.1778 18.0878,100.1827 18.0888,100.1855 18.0936,100.1867 18.0979,100.1872 18.1018,100.1876 18.1045,100.1875 18.1065,100.1853 18.1077,100.1823 18.1097,100.1801 18.1134,100.1793 18.1170,100.1793 18.1199,100.1792 18.1241,100.1791 18.1274,100.1791 18.1327,100.1795 18.1360,100.1798 18.1385,100.1810 18.1391,100.1848 18.1404,100.1880 18.1406,100.1882
พร.3067	r	18.1122,100.1765 18.1134,100.1792 18.1134,100.1793
พร.2430	r	18.0984,100.2030 18.0994,100.2003 18.1024,100.1991 18.1046,100.1964 18.1066,100.1944 18.1081,100.1920 18.1099,100.1898 18.1106,100.1878
พร.3067	r	18.1134,100.1797 18.1126,100.1825 18.1116,100.1854 18.1106,100.1878
พร.3067	r	18.0862,100.1694 18.0897,100.1681 18.0901,100.1682
พร.2022	r	18.1496,100.1004 18.1489,100.1035 18.1480,100.1077 18.1470,100.1130 18.1458,100.1178 18.1455,100.1208 18.1453,100.1242 18.1453,100.1248
พร.3023	r	18.1455,100.1002 18.1496,100.1004 18.1517,100.1025 18.1545,100.1026 18.1591,100.1049 18.1618,100.1037 18.1645,100.1041 18.1682,100.1053 18.1712,100.1059 18.1742,100.1073 18.1770,100.1079 18.1787,100.1103 18.1808,100.1125 18.1830,100.1145 18.1860,100.1158 18.1886,100.1150 18.1903,100.1173 18.1927,100.1191 18.1955,100.1198 18.1994,100.1194 18.2022,100.1192 18.2048,100.1181 18.2075,100.1181 18.2104,100.1208 18.2137,100.1217 18.2147,100.1247 18.2183,100.1279 18.2208,100.1295 18.2242,100.1316 18.2285,100.1342 18.2310,100.1358 18.2343,100.1378 18.2369,100.1393 18.2399,100.1412 18.2423,100.1426 18.2450,100.1443 18.2475,100.1458 18.2516,100.1460 18.2545,100.1450 18.2568,100.1431 18.2601,100.1432 18.2629,100.1439 18.2652,100.1456 18.2681,100.1447 18.2719,100.1450 18.2797,100.1478 18.2822,100.1463 18.2860,100.1463 18.2887,100.1477 18.2923,100.1476 18.2948,100.1495 18.2980,100.1507 18.3008,100.1520 18.3033,100.1533 18.3062,100.1508 18.3091,100.1512 18.3101,100.1512
พร.2044	r	18.1538,100.1361 18.1557,100.1336 18.1579,100.1315 18.1604,100.1298 18.1622,100.1272 18.1637,100.1243 18.1649,100.1215 18.1659,100.1187 18.1697,100.1196 18.1722,100.1178 18.1744,100.1155 18.1733,100.1118 18.1738,100.1089 18.1742,100.1073
พร.3170	r	18.0870,100.0800 18.0870,100.0769 18.0876,100.0735 18.0895,100.0713 18.0913,100.0703
พร.3023	r	18.1455,100.1002 18.1430,100.0986 18.1399,100.0972 18.1372,100.0965 18.1317,100.0968 18.1283,100.0958 18.1262,100.0935 18.1245,100.0910 18.1218,100.0917 18.1206,100.0885 18.1179,100.0873 18.1151,100.0874 18.1119,100.0851 18.1099,100.0822 18.1061,100.0805 18.1048,100.0779 18.1020,100.0776 18.0996,100.0760 18.0976,100.0740 18.0953,100.0724 18.0917,100.0703 18.0913,100.0703
ชม.3009	r	19.0163,98.8804 19.0163,98.8806
ชม.3009	r	19.0163,98.8806 19.0147,98.8835 19.0121,98.8850 19.0091,98.8855 19.0063,98.8858 19.0034,98.8870 19.0010,98.8885 18.9983,98.8890 18.9954,98.8910 18.9928,98.8925 18.9917,98.8951 18.9896,98.8971 18.9897,98.9000 18.9883,98.9025 18.9870,98.9053 18.9853,98.9076 18.9826,98.9093 18.9819,98.9125 18.9831,98.9148
ชม.3009	r	19.0395,98.8701 19.0373,98.8717 19.0343,98.8714 19.0317,98.8731 19.0289,98.8738 19.0269,98.8758 19.0264,98.8757
ชม.3009	r	19.0417,98.8694 19.0416,98.8694
พร.3046	r	18.1359,99.9335 18.1354,99.9337
พร.3046	r	18.1354,99.9337 18.1327,99.9337 18.1298,99.9337 18.1273,99.9354 18.1254,99.9379 18.1225,99.9381 18.1196,99.9387 18.1167,99.9389 18.1142,99.9406 18.1114,99.9426 18.1098,99.9452 18.1097,99.9462
พร.3046	r	18.1542,99.9443 18.1529,99.9415 18.1505,99.9401 18.1485,99.9377 18.1457,99.9363 18.1425,99.9356 18.1415,99.9357
พร.3046	r	18.1415,99.9357 18.1386,99.9349 18.1363,99.9333 18.1359,99.9335
พร.3046	r	18.1094,99.9463 18.1067,99.9480 18.1040,99.9490 18.1012,99.9496 18.0983,99.9495 18.0955,99.9476 18.0934,99.9458 18.0910,99.9443 18.0883,99.9434 18.0847,99.9429 18.0819,99.9425 18.0792,99.9410 18.0775,99.9387 18.0766,99.9353 18.0759,99.9325 18.0741,99.9304 18.0743,99.9275 18.0722,99.9254 18.0696,99.9239 18.0675,99.9224
พร.3019	r	18.2527,99.9785 18.2518,99.9756 18.2515,99.9724 18.2514,99.9696 18.2498,99.9663 18.2494,99.9600 18.2497,99.9570 18.2489,99.9540 18.2471,99.9489 18.2453,99.9466 18.2440,99.9430 18.2432,99.9394 18.2401,99.9380 18.2379,99.9361 18.2353,99.9376 18.2331,99.9396 18.2308,99.9412 18.2282,99.9431 18.2267,99.9464 18.2256,99.9492 18.2237,99.9515 18.2211,99.9532 18.2185,99.9542 18.2150,99.9535 18.2125,99.9522 18.2102,99.9504 18.2077,99.9488 18.2048,99.9465 18.2022,99.9453 18.1992,99.9450 18.1963,99.9450 18.1939,99.9435 18.1910,99.9435 18.1885,99.9447 18.1876,99.9475 18.1868,99.9473
ชม.3001	r	19.7049,99.1115 19.7056,99.1144 19.7066,99.1172 19.7077,99.1201 19.7081,99.1230 19.7090,99.1260 19.7088,99.1289 19.7091,99.1318 19.7092,99.1340
ชม.3001	r	19.7948,99.1378 19.7979,99.1381 19.8009,99.1382 19.8036,99.1384 19.8055,99.1385
ชร.4019	r	20.1214,100.3612 20.1226,100.3639 20.1230,100.3670 20.1239,100.3702 20.1257,100.3729 20.1270,100.3757 20.1280,100.3784 20.1305,100.3801 20.1330,100.3816 20.1363,100.3855 20.1363,100.3907 20.1358,100.3936 20.1376,100.3964 20.1386,100.3992 20.1398,100.4021 20.1406,100.4054 20.1405,100.4086 20.1405,100.4121 20.1416,100.4164 20.1416,100.4165
ชร.4011	r	20.0798,100.3877 20.0779,100.3901 20.0770,100.3932 20.0768,100.3957
ชร.4011	r	20.0798,100.3877 20.0811,100.3866
ชร.4011	r	20.0811,100.3866 20.0846,100.3846 20.0870,100.3826 20.0888,100.3804 20.0914,100.3783 20.0939,100.3774 20.0968,100.3765 20.0985,100.3735 20.0999,100.3706 20.1022,100.3681 20.1050,100.3676 20.1080,100.3684 20.1099,100.3705 20.1125,100.3695 20.1145,100.3675 20.1175,100.3688 20.1190,100.3663 20.1203,100.3636 20.1214,100.3612
ชม.4043	r	18.9546,98.7949 18.9550,98.7978 18.9555,98.8013 18.9564,98.8053 18.9575,98.8079 18.9583,98.8108 18.9581,98.8138 18.9577,98.8160
พย.4017	r	19.0503,100.0486 19.0512,100.0500
ชร.1030	r	19.5331,99.8320 19.5315,99.8349 19.5295,99.8384 19.5271,99.8417 19.5271,99.8452 19.5269,99.8488 19.5269,99.8521 19.5269,99.8539
ชร.2019	r	19.6221,99.4771 19.6226,99.4768
ชร.2019	r	19.6226,99.4768 19.6252,99.4757 19.6279,99.4741 19.6303,99.4722 19.6319,99.4694 19.6351,99.4687 19.6377,99.4677 19.6404,99.4664 19.6430,99.4649 19.6460,99.4655 19.6494,99.4657
ลพ.3043	r	18.4354,98.8724 18.4327,98.8767 18.4312,98.8794 18.4297,98.8821 18.4272,98.8848 18.4265,98.8880 18.4251,98.8907 18.4224,98.8922 18.4195,98.8942 18.4150,98.8965 18.4169,98.8996
ลป.4001	r	18.5616,99.4587 18.5619,99.4588
ลป.4015	r	18.4744,99.4661 18.4763,99.4635 18.4741,99.4612 18.4719,99.4592 18.4712,99.4565 18.4698,99.4540 18.4710,99.4511 18.4727,99.4488 18.4743,99.4456 18.4761,99.4430 18.4783,99.4408 18.4808,99.4395 18.4837,99.4384 18.4861,99.4369 18.4892,99.4372 18.4920,99.4376 18.4920,99.4376
ลป.4015	r	18.4741,99.4668 18.4744,99.4661
ลป.4015	r	18.4920,99.4376 18.4923,99.4377
ลป.4015	r	18.4923,99.4377 18.4948,99.4389 18.4967,99.4368 18.4970,99.4370
ลป.1014	r	17.9236,99.2895 17.9253,99.2868 17.9269,99.2842 17.9294,99.2816 17.9313,99.2787 17.9324,99.2759 17.9337,99.2731 17.9365,99.2724 17.9394,99.2716 17.9414,99.2695 17.9440,99.2675 17.9469,99.2661 17.9496,99.2655 17.9516,99.2635 17.9525,99.2607 17.9550,99.2590 17.9577,99.2579 17.9598,99.2561 17.9620,99.2537 17.9638,99.2512 17.9659,99.2493 17.9686,99.2491 17.9715,99.2487 17.9744,99.2476 17.9772,99.2458 17.9808,99.2456 17.9830,99.2430 17.9857,99.2420 17.9885,99.2409 17.9912,99.2401 17.9944,99.2391 17.9971,99.2374 17.9993,99.2356 18.0013,99.2331 18.0039,99.2314 18.0063,99.2271 18.0101,99.2253 18.0130,99.2239 18.0164,99.2226 18.0188,99.2218
ลพ.4022	r	17.8774,98.9273 17.8798,98.9287 17.8818,98.9307 17.8846,98.9303 17.8877,98.9287 17.8894,98.9262 17.8914,98.9242 17.8941,98.9237 17.8968,98.9224 17.8993,98.9211 17.9020,98.9191 17.9053,98.9184 17.9081,98.9186 17.9107,98.9197 17.9133,98.9190 17.9161,98.9188 17.9188,98.9181 17.9217,98.9176 17.9250,98.9170 17.9274,98.9155 17.9304,98.9150 17.9334,98.9149 17.9362,98.9147 17.9390,98.9150 17.9433,98.9142 17.9461,98.9135 17.9493,98.9120 17.9521,98.9120 17.9550,98.9111 17.9557,98.9111
ลพ.3105	r	17.9118,98.9125 17.9118,98.9163 17.9110,98.9191 17.9109,98.9197
ลพ.3105	r	17.9118,98.9116 17.9118,98.9125
ลพ.3105	r	17.9118,98.9116 17.9117,98.9091
ชร.4041	r	20.0147,100.3083 20.0147,100.3094
ชร.4014	r	20.0201,100.3282 20.0224,100.3242 20.0252,100.3240 20.0274,100.3216 20.0282,100.3184 20.0307,100.3159 20.0316,100.3115 20.0295,100.3091 20.0311,100.3059 20.0328,100.3028 20.0353,100.3003 20.0402,100.2977 20.0417,100.2952 20.0430,100.2931
ชร.4041	r	20.0147,100.3094 20.0160,100.3120 20.0167,100.3148 20.0161,100.3177 20.0142,100.3198 20.0115,100.3231 20.0089,100.3262 20.0071,100.3295 20.0056,100.3318 20.0042,100.3344 20.0036,100.3373 20.0018,100.3396 19.9999,100.3427 19.9999,100.3428
ชร.4041	r	20.0166,100.2725 20.0161,100.2753 20.0162,100.2784 20.0151,100.2811 20.0147,100.2851 20.0142,100.2883 20.0138,100.2913 20.0133,100.2950 20.0128,100.2979 20.0144,100.3003 20.0151,100.3034 20.0147,100.3064 20.0147,100.3083
ชม.3038	r	19.1743,99.0314 19.1720,99.0297 19.1686,99.0299 19.1663,99.0320 19.1663,99.0321
ชม.3052	r	19.2216,98.8537 19.2191,98.8551 19.2180,98.8583 19.2168,98.8611 19.2158,98.8641 19.2153,98.8670 19.2156,98.8698 19.2132,98.8714 19.2114,98.8736 19.2097,98.8759 19.2085,98.8785 19.2058,98.8802 19.2026,98.8810 19.2006,98.8830 19.2003,98.8846
มส.ถ1-0016	r	18.1266,97.9318 18.1263,97.9323
มส.ถ1-0016	r	18.1254,97.9337 18.1249,97.9370 18.1250,97.9382
ชม.4032	r	18.7395,98.9804 18.7396,98.9805
ชม.5121	r	18.8074,98.5280 18.8047,98.5282 18.8021,98.5272 18.7994,98.5263 18.7966,98.5267 18.7955,98.5296 18.7935,98.5315 18.7911,98.5316
ชม.4053	r	18.8046,98.5563 18.8019,98.5550 18.7994,98.5539 18.7968,98.5524 18.7962,98.5496 18.7955,98.5468 18.7943,98.5441 18.7923,98.5421 18.7899,98.5406 18.7892,98.5399
มส.4024	r	19.3447,98.4534 19.3427,98.4514 19.3398,98.4520 19.3373,98.4535 19.3341,98.4544 19.3311,98.4542 19.3279,98.4549 19.3253,98.4555 19.3225,98.4562 19.3182,98.4571 19.3158,98.4591 19.3126,98.4612 19.3105,98.4630 19.3089,98.4661 19.3066,98.4678 19.3040,98.4685 19.3011,98.4688 19.2984,98.4697 19.2967,98.4691
มส.4024	r	19.3563,98.4443 19.3559,98.4451
ชม.2093	r	18.5258,98.8952 18.5280,98.8932 18.5282,98.8929
ลพ.3027	r	18.4345,98.8012 18.4311,98.8024 18.4276,98.8035 18.4255,98.8057 18.4234,98.8079 18.4217,98.8104 18.4197,98.8123 18.4172,98.8135 18.4147,98.8153 18.4122,98.8172 18.4095,98.8199 18.4066,98.8192 18.4041,98.8205 18.4024,98.8228 18.4011,98.8258 18.3999,98.8286 18.3987,98.8313 18.3974,98.8328
ลพ.4016	r	18.4355,98.8723 18.4400,98.8713 18.4429,98.8705 18.4463,98.8693 18.4495,98.8687 18.4522,98.8675 18.4548,98.8686 18.4573,98.8709 18.4604,98.8717 18.4639,98.8727
ลพ.3023	r	18.3740,98.8145 18.3742,98.8115 18.3748,98.8087 18.3742,98.8052 18.3730,98.7999 18.3730,98.7970 18.3712,98.7944 18.3696,98.7916 18.3678,98.7879 18.3666,98.7848 18.3660,98.7819 18.3688,98.7805 18.3715,98.7816 18.3746,98.7828 18.3769,98.7851 18.3798,98.7859 18.3826,98.7861 18.3861,98.7863 18.3890,98.7864 18.3920,98.7876 18.3950,98.7897 18.3977,98.7910 18.3991,98.7900
ชม.3003	r	18.4032,98.7204 18.4042,98.7231 18.4046,98.7260 18.4069,98.7276 18.4060,98.7303 18.4035,98.7321 18.4031,98.7351 18.4031,98.7362
ลพ.3004	r	18.4032,98.7204 18.4018,98.7178 18.3999,98.7139 18.3982,98.7093 18.3965,98.7063 18.3956,98.7035 18.3965,98.7005 18.3948,98.6982 18.3934,98.6953 18.3923,98.6927 18.3900,98.6904 18.3869,98.6892 18.3833,98.6889 18.3804,98.6885 18.3773,98.6882 18.3745,98.6860 18.3719,98.6840 18.3696,98.6823 18.3667,98.6829 18.3648,98.6853 18.3624,98.6879 18.3597,98.6907 18.3561,98.6937 18.3532,98.6959 18.3499,98.6980 18.3471,98.6991 18.3441,98.7005 18.3414,98.7026 18.3395,98.7048 18.3373,98.7075 18.3371,98.7087
ลพ.3058	r	18.3371,98.7087 18.3341,98.7076 18.3323,98.7048 18.3301,98.7022 18.3284,98.6994 18.3282,98.6963 18.3277,98.6923 18.3283,98.6894 18.3282,98.6865 18.3258,98.6838 18.3235,98.6862 18.3222,98.6890 18.3245,98.6920 18.3251,98.6935
ชม.4008	r	18.3486,98.7390 18.3463,98.7374 18.3443,98.7353 18.3417,98.7331 18.3397,98.7312 18.3370,98.7289 18.3347,98.7268 18.3324,98.7247 18.3308,98.7224 18.3260,98.7184 18.3235,98.7171 18.3219,98.7147 18.3191,98.7116 18.3168,98.7094 18.3145,98.7070 18.3106,98.7016 18.3091,98.6992 18.3071,98.6968 18.3030,98.6946 18.3017,98.6932
ลพ.6028	r	18.3406,98.7098 18.3429,98.7117 18.3455,98.7136 18.3483,98.7145 18.3493,98.7115 18.3513,98.7094 18.3542,98.7090 18.3566,98.7071 18.3578,98.7045 18.3606,98.7049 18.3635,98.7060 18.3654,98.7062
ลพ.6028	r	18.3670,98.7110 18.3692,98.7088 18.3719,98.7080 18.3746,98.7087 18.3775,98.7109 18.3788,98.7140 18.3806,98.7162 18.3837,98.7168 18.3872,98.7168 18.3907,98.7165 18.3945,98.7181 18.3974,98.7192 18.4003,98.7182 18.4018,98.7178
ลพ.3004	r	18.3371,98.7087 18.3400,98.7094 18.3417,98.7117 18.3429,98.7163 18.3438,98.7204 18.3449,98.7231 18.3449,98.7260 18.3457,98.7292 18.3465,98.7332 18.3485,98.7386 18.3486,98.7390
ชร.71-002	r	19.7247,100.3846 19.7268,100.3826 19.7287,100.3804 19.7276,100.3777 19.7283,100.3761
พย.1-0012	r	19.6468,100.3526 19.6439,100.3532 19.6409,100.3528 19.6378,100.3515 19.6348,100.3509 19.6322,100.3500 19.6294,100.3502 19.6281,100.3476 19.6252,100.3484 19.6224,100.3478 19.6214,100.3473
ชม.3009	r	19.0209,98.8761 19.0184,98.8775 19.0166,98.8798 19.0163,98.8804
ชม.3011	r	19.0096,98.9592 19.0100,98.9601
ชร.2021	r	19.8152,99.7590 19.8165,99.7558 19.8167,99.7529 19.8182,99.7503 19.8187,99.7474 19.8187,99.7444 19.8175,99.7409 19.8166,99.7380 19.8162,99.7350 19.8166,99.7320 19.8174,99.7291 19.8175,99.7288
พร.5092	r	18.2941,100.2749 18.2915,100.2755 18.2887,100.2762 18.2868,100.2783 18.2823,100.2802 18.2802,100.2819 18.2771,100.2821 18.2767,100.2821
พร.5042	r	18.2759,100.2821 18.2740,100.2842 18.2744,100.2870 18.2718,100.2899 18.2700,100.2925 18.2677,100.2962 18.2658,100.2983 18.2632,100.2975 18.2613,100.3002 18.2599,100.3029 18.2576,100.3045 18.2573,100.3045
พร.2059	r	18.2718,100.2899 18.2722,100.2936 18.2727,100.2965 18.2748,100.2986 18.2771,100.3003 18.2791,100.3023 18.2815,100.3037 18.2845,100.3049 18.2855,100.3071
พร.3078	r	18.3021,100.2445 18.3018,100.2415 18.2996,100.2396 18.2989,100.2367 18.2983,100.2337 18.2984,100.2304
พร.3009	r	18.3010,100.2454 18.2973,100.2467 18.2931,100.2478 18.2917,100.2504 18.2922,100.2537 18.2899,100.2545
พร.3009	r	18.3013,100.2451 18.3021,100.2445
พร.3009	r	18.3277,100.2322 18.3275,100.2292 18.3285,100.2263 18.3292,100.2232 18.3296,100.2198 18.3299,100.2160 18.3303,100.2130 18.3296,100.2101 18.3271,100.2083 18.3257,100.2057 18.3254,100.2022 18.3254,100.2007
พร.3080	r	18.3315,100.2106 18.3347,100.2127 18.3378,100.2135 18.3414,100.2146 18.3426,100.2172 18.3443,100.2173
พร.3009	r	18.3254,100.2007 18.3252,100.2004
พร.3033	r	18.3053,100.2283 18.3071,100.2245 18.3088,100.2222 18.3112,100.2204 18.3135,100.2155 18.3148,100.2119 18.3160,100.2088 18.3172,100.2057 18.3247,100.2007 18.3278,100.1988 18.3292,100.1981
พร.2042	r	18.3509,100.2234 18.3536,100.2241 18.3564,100.2238 18.3600,100.2237 18.3638,100.2250 18.3669,100.2273 18.3694,100.2292 18.3719,100.2307 18.3750,100.2323 18.3787,100.2342 18.3825,100.2361 18.3838,100.2368
พร.2041	r	18.4351,100.1843 18.4353,100.1882 18.4361,100.1912 18.4364,100.1942 18.4364,100.1953
พร.4005	r	18.4249,100.2071 18.4222,100.2084 18.4210,100.2126 18.4190,100.2106 18.4180,100.2080
พร.4005	r	18.4496,100.1855 18.4478,100.1879 18.4449,100.1882 18.4428,100.1901 18.4405,100.1931 18.4376,100.1944 18.4363,100.1970 18.4327,100.1975 18.4323,100.2005 18.4293,100.2015 18.4266,100.2032 18.4253,100.2058 18.4250,100.2070
พร.4005	r	18.4179,100.2078 18.4154,100.2058 18.4134,100.2038 18.4120,100.2012 18.4098,100.1991 18.4102,100.1962 18.4099,100.1933 18.4087,100.1906 18.4063,100.1888 18.4064,100.1855 18.4062,100.1844
พร.3002	r	18.5081,100.1610 18.5082,100.1580 18.5083,100.1552 18.5081,100.1523 18.5093,100.1496 18.5082,100.1468 18.5090,100.1440 18.5085,100.1410 18.5090,100.1380 18.5091,100.1346 18.5073,100.1321 18.5072,100.1319
พร.6047	r	18.5098,100.1669 18.5078,100.1688 18.5050,100.1688 18.5022,100.1708 18.4995,100.1709 18.4975,100.1689 18.4950,100.1668 18.4922,100.1657 18.4896,100.1665 18.4879,100.1690 18.4853,100.1701 18.4833,100.1722 18.4819,100.1748 18.4798,100.1772 18.4773,100.1790 18.4742,100.1806 18.4720,100.1828 18.4719,100.1829
พร.3002	r	18.5098,100.1669 18.5179,100.1639 18.5203,100.1687 18.5216,100.1718 18.5231,100.1754 18.5258,100.1763 18.5285,100.1752 18.5311,100.1773 18.5336,100.1786 18.5348,100.1803
พร.3002	r	18.5098,100.1669 18.5088,100.1636 18.5085,100.1625
พร.3002	r	18.5085,100.1625 18.5081,100.1610
พร.3098	r	18.4699,100.1746 18.4687,100.1720 18.4674,100.1694 18.4684,100.1667 18.4680,100.1639 18.4686,100.1610 18.4695,100.1581 18.4662,100.1554 18.4656,100.1531
พร.3098	r	18.4662,100.1511 18.4650,100.1484 18.4644,100.1474
ชม.3011	r	19.0138,98.9479 19.0139,98.9481
ชร.2047	r	19.7853,99.7072 19.7854,99.7071
ชร.3002	r	19.7953,99.7190 19.7943,99.7162 19.7946,99.7133 19.7939,99.7083 19.7935,99.7055 19.7928,99.7021 19.7901,99.7004 19.7874,99.6990 19.7842,99.6975 19.7808,99.6960 19.7786,99.6942 19.7776,99.6913 19.7742,99.6885 19.7715,99.6880 19.7688,99.6873 19.7681,99.6872
ชร.2047	r	19.7854,99.7071 19.7866,99.7042 19.7874,99.7015 19.7890,99.6984 19.7908,99.6958 19.7920,99.6925 19.7917,99.6886 19.7909,99.6855 19.7937,99.6851 19.7963,99.6843 19.7990,99.6839 19.8001,99.6811 19.8012,99.6782 19.8044,99.6770 19.8059,99.6768
ชร.4052	r	20.2324,99.6673 20.2325,99.6671
5032 ชร.4052	r	20.3272,99.6360 20.3246,99.6373 20.3218,99.6381 20.3195,99.6403 20.3181,99.6428 20.3150,99.6430 20.3122,99.6438 20.3102,99.6458 20.3085,99.6483 20.3077,99.6511 20.3058,99.6533 20.3043,99.6559 20.3025,99.6580 20.3009,99.6606 20.2980,99.6605 20.2953,99.6600 20.2926,99.6606 20.2898,99.6610 20.2866,99.6620 20.2843,99.6638 20.2818,99.6616 20.2799,99.6595 20.2778,99.6576 20.2751,99.6562 20.2726,99.6549 20.2712,99.6524 20.2684,99.6513 20.2656,99.6514 20.2628,99.6513 20.2600,99.6515 20.2572,99.6517 20.2544,99.6522 20.2536,99.6520
4052 ชร.4026	r	20.2536,99.6520 20.2536,99.6491 20.2550,99.6465 20.2579,99.6460 20.2608,99.6456 20.2633,99.6443 20.2632,99.6413 20.2647,99.6387 20.2656,99.6359 20.2671,99.6334 20.2670,99.6300 20.2685,99.6272 20.2704,99.6253 20.2718,99.6220 20.2724,99.6192 20.2730,99.6162 20.2714,99.6137 20.2705,99.6110 20.2702,99.6081 20.2715,99.6054 20.2741,99.6034 20.2742,99.6005 20.2738,99.5971 20.2758,99.5947 20.2784,99.5934 20.2791,99.5905 20.2804,99.5879 20.2836,99.5861 20.2863,99.5854 20.2875,99.5827 20.2895,99.5807 20.2915,99.5782 20.2932,99.5758 20.2934,99.5729 20.2937,99.5697 20.2964,99.5684 20.2989,99.5669 20.3019,99.5675 20.3027,99.5644 20.3040,99.5614 20.3048,99.5584 20.3057,99.5557 20.3060,99.5525 20.3084,99.5503 20.3107,99.5485 20.3132,99.5501 20.3161,99.5501 20.3185,99.5485 20.3214,99.5475 20.3242,99.5466 20.3254,99.5438 20.3268,99.5411 20.3285,99.5388 20.3282,99.5357 20.3294,99.5326 20.3317,99.5310 20.3338,99.5291 20.3364,99.5280 20.3382,99.5258 20.3397,99.5233 20.3418,99.5205 20.3425,99.5175 20.3461,99.5167 20.3481,99.5145 20.3491,99.5117 20.3506,99.5090 20.3481,99.5080 20.3478,99.5051 20.3495,99.5027 20.3520,99.4999 20.3542,99.4978 20.3561,99.4954 20.3583,99.4929 20.3612,99.4918 20.3626,99.4894 20.3646,99.4872 20.3664,99.4850 20.3659,99.4820 20.3676,99.4798 20.3692,99.4772 20.3690,99.4744 20.3671,99.4721 20.3668,99.4705
ชร.3259	r	19.5937,99.4752 19.5937,99.4746
ชร.3259	r	19.5937,99.4746 19.5934,99.4714 19.5919,99.4672 19.5916,99.4643 19.5911,99.4610 19.5919,99.4575 19.5925,99.4542 19.5915,99.4501 19.5898,99.4475 19.5873,99.4454 19.5846,99.4429 19.5823,99.4412 19.5804,99.4375 19.5785,99.4353 19.5785,99.4324 19.5785,99.4293 19.5772,99.4276
ชร.3259	r	19.5937,99.4772 19.5937,99.4752
ชม.2001	r	18.6837,98.9743 18.6847,98.9715 18.6858,98.9688 18.6871,98.9658 18.6881,98.9622 18.6885,98.9585 18.6891,98.9537 18.6893,98.9508 18.6895,98.9479 18.6896,98.9446 18.6894,98.9409 18.6891,98.9379 18.6888,98.9350 18.6886,98.9321 18.6886,98.9321
ชม.2001	r	18.6830,98.9763 18.6830,98.9761
4032	r	18.6774,98.9764 18.6774,98.9762
ชม.4259	r	19.8955,99.2242 19.8973,99.2265 19.8999,99.2281 19.9022,99.2282
ชม.3189	r	19.9052,99.2907 19.9043,99.2879 19.9046,99.2849 19.9068,99.2808 19.9077,99.2774 19.9084,99.2746 19.9085,99.2711 19.9082,99.2679 19.9079,99.2650 19.9086,99.2599 19.9083,99.2566
ชม.5163	r	18.9615,98.9147 18.9641,98.9128 18.9664,98.9108 18.9672,98.9075 18.9667,98.9033 18.9661,98.9004 18.9658,98.8975 18.9661,98.8967
ลพ.4010	r	18.4321,98.9572 18.4349,98.9568 18.4385,98.9553 18.4421,98.9539 18.4458,98.9526 18.4485,98.9515 18.4513,98.9519 18.4528,98.9525
ลพ.4010	r	18.4313,98.9571 18.4321,98.9572
นน.3248	r	18.7533,100.7754 18.7533,100.7786 18.7535,100.7816 18.7529,100.7847 18.7533,100.7877 18.7522,100.7908 18.7500,100.7933 18.7471,100.7966 18.7457,100.7992 18.7436,100.8015 18.7434,100.8017
นน.3113	r	19.1673,100.9366 19.1668,100.9337 19.1676,100.9305 19.1697,100.9283 19.1712,100.9258 19.1732,100.9237 19.1755,100.9219 19.1769,100.9194 19.1784,100.9187
นน.3154	r	19.1978,100.9261 19.1989,100.9288 19.2010,100.9316 19.1996,100.9351 19.1983,100.9379 19.1967,100.9402
นน.3154	r	19.1966,100.9404 19.1931,100.9399 19.1922,100.9427 19.1892,100.9429 19.1857,100.9430 19.1829,100.9441 19.1807,100.9441
นน.3019	r	18.8224,100.7663 18.8242,100.7686 18.8263,100.7714 18.8294,100.7738 18.8325,100.7751 18.8344,100.7772 18.8365,100.7795 18.8386,100.7813 18.8405,100.7787 18.8432,100.7778 18.8464,100.7776 18.8485,100.7794 18.8503,100.7819 18.8513,100.7846 18.8541,100.7867 18.8551,100.7907 18.8545,100.7937 18.8545,100.7979 18.8559,100.8004 18.8561,100.8037 18.8578,100.8063 18.8595,100.8085 18.8608,100.8113 18.8613,100.8141 18.8612,100.8158
ชร.3188	r	20.0832,99.8534 20.0827,99.8563 20.0820,99.8597 20.0807,99.8623 20.0792,99.8648 20.0793,99.8657
ชร.5054	r	20.3969,99.9643 20.3965,99.9684 20.3959,99.9719 20.3947,99.9750 20.3934,99.9782 20.3922,99.9824 20.3909,99.9853 20.3894,99.9921 20.3882,99.9974 20.3894,100.0002 20.3874,100.0021 20.3872,100.0030
ชร.5054	r	20.4362,99.9306 20.4300,99.9311 20.4272,99.9311 20.4230,99.9351 20.4176,99.9397 20.4143,99.9429 20.4123,99.9450 20.4099,99.9472 20.4063,99.9509 20.4035,99.9537 20.4010,99.9563 20.3986,99.9601 20.3982,99.9609
ชร.5055	r	20.4396,99.9419 20.4364,99.9440 20.4335,99.9440 20.4304,99.9447 20.4275,99.9477 20.4255,99.9512 20.4244,99.9560 20.4234,99.9599 20.4205,99.9624 20.4182,99.9662 20.4160,99.9688 20.4140,99.9716 20.4102,99.9752 20.4083,99.9788
ชร.5055	r	20.4083,99.9788 20.4085,99.9828 20.4084,99.9862 20.4085,99.9903 20.4091,99.9932 20.4078,99.9960 20.4078,99.9986
ชม.3012	r	18.8897,99.0937 18.8924,99.0939
ชม.3012	r	18.8894,99.0939 18.8897,99.0937
ชม.4034	r	18.9944,98.9810 18.9942,98.9809
ชม.4034	r	18.9693,98.9870 18.9674,98.9894 18.9642,98.9920 18.9608,98.9932 18.9582,98.9918 18.9556,98.9899 18.9530,98.9891 18.9528,98.9891
ชม. ????	r	19.3195,98.9516 19.3191,98.9545 19.3192,98.9559
ชม.2074	r	18.9113,99.1110 18.9166,99.1137 18.9177,99.1138
ชม.4096	r	18.8872,99.1229 18.8872,99.1230
ชม.4096	r	18.8872,99.1230 18.8869,99.1237
ชม.3047	r	19.4099,99.0315 19.4083,99.0339 19.4056,99.0335 19.4029,99.0329 19.4005,99.0313 19.3981,99.0297 19.3955,99.0290 19.3926,99.0290 19.3899,99.0274 19.3872,99.0260 19.3844,99.0261 19.3814,99.0268 19.3785,99.0264 19.3755,99.0262 19.3747,99.0264
ชม.3047	r	19.4347,99.0406 19.4316,99.0400 19.4295,99.0378 19.4269,99.0360 19.4245,99.0345 19.4221,99.0331 19.4213,99.0301 19.4198,99.0294
ชม.4046	r	19.1503,99.0381 19.1503,99.0382
ชม.3038	r	19.1570,99.0306 19.1604,99.0301 19.1613,99.0304
ชม.3038	r	19.1563,99.0316 19.1570,99.0306
ชม.4046	r	19.1503,99.0382 19.1498,99.0410 19.1481,99.0440 19.1449,99.0482 19.1434,99.0517 19.1406,99.0539 19.1377,99.0559 19.1357,99.0579 19.1346,99.0606 19.1316,99.0595 19.1282,99.0578 19.1262,99.0593
ชม.3038	r	19.1312,98.9495 19.1312,98.9492
ชม.3038	r	19.1311,98.9492 19.1316,98.9499
ชม.3038	r	19.1318,98.9502 19.1309,98.9493
ชม.2101	r	19.1554,98.9309 19.1528,98.9326 19.1506,98.9344 19.1484,98.9362 19.1479,98.9364
ชม.4104	r	19.0529,98.9392 19.0525,98.9422 19.0521,98.9440
ชม.4104	r	19.0532,98.9391 19.0529,98.9392
ชม.2054	r	18.8937,99.0835 18.8911,99.0822 18.8863,99.0818 18.8847,99.0819
พย.001	r	19.2050,99.8717 19.2050,99.8715
นน.4019	r	18.8529,100.7855 18.8558,100.7860 18.8583,100.7869 18.8621,100.7880 18.8651,100.7882 18.8677,100.7904 18.8706,100.7907 18.8734,100.7901 18.8760,100.7933 18.8799,100.7949 18.8803,100.7949
ชม.4061	r	19.2158,98.8542 19.2123,98.8559 19.2098,98.8546 19.2069,98.8540 19.2043,98.8527 19.2017,98.8517 19.1991,98.8527 19.1961,98.8541 19.1934,98.8547 19.1906,98.8552 19.1878,98.8542 19.1851,98.8533 19.1825,98.8552 19.1799,98.8563 19.1770,98.8566 19.1742,98.8566 19.1713,98.8573 19.1688,98.8585 19.1662,98.8595 19.1634,98.8597 19.1603,98.8591 19.1573,98.8585 19.1546,98.8591 19.1518,98.8585 19.1491,98.8596 19.1468,98.8611 19.1453,98.8636 19.1427,98.8665 19.1404,98.8682 19.1379,98.8694 19.1360,98.8718 19.1351,98.8746 19.1347,98.8775 19.1323,98.8813 19.1303,98.8834 19.1274,98.8841 19.1250,98.8860 19.1229,98.8880 19.1211,98.8904 19.1188,98.8924 19.1167,98.8942 19.1138,98.8950 19.1114,98.8963 19.1101,98.8975
ชม.2101	r	19.1666,98.9240 19.1623,98.9257 19.1603,98.9279 19.1579,98.9297 19.1554,98.9309
นน.2022	r	18.8863,100.8330 18.8870,100.8301 18.8870,100.8272 18.8885,100.8246 18.8892,100.8218 18.8888,100.8190 18.8888,100.8161 18.8881,100.8133 18.8877,100.8098 18.8868,100.8065 18.8862,100.8031 18.8859,100.8017
ชม.3052	r	19.2002,98.8851 19.2003,98.8882 19.2006,98.8897
ชม.4235	r	19.1322,98.9200 19.1337,98.9200
นน.4007	r	19.1354,100.7877 19.1330,100.7903 19.1304,100.7920 19.1276,100.7918 19.1200,100.7954 19.1183,100.7978 19.1177,100.7980
ชม.4105	r	19.1087,98.9359 19.1089,98.9326 19.1116,98.9308 19.1126,98.9307
ชม.4105	r	19.1087,98.9359 19.1086,98.9361
ชม.3047	r	19.3026,98.9691 19.3029,98.9661 19.3024,98.9647
นน.4027	r	18.6220,100.5753 18.6232,100.5727 18.6226,100.5692 18.6261,100.5691 18.6288,100.5682 18.6312,100.5661 18.6341,100.5638 18.6372,100.5632 18.6399,100.5647
ชม.4055	r	19.3314,99.3234 19.3330,99.3211 19.3358,99.3228 19.3386,99.3227 19.3400,99.3201 19.3424,99.3186 19.3451,99.3182 19.3477,99.3166 19.3508,99.3165 19.3535,99.3177 19.3557,99.3194 19.3578,99.3214 19.3587,99.3243 19.3607,99.3264 19.3620,99.3291 19.3645,99.3301 19.3673,99.3303 19.3700,99.3308 19.3728,99.3310 19.3760,99.3311 19.3788,99.3310 19.3817,99.3309 19.3834,99.3284 19.3839,99.3278
5065	r	19.5092,99.3399 19.5115,99.3382 19.5131,99.3391
5065	r	19.5232,99.3757 19.5220,99.3784 19.5210,99.3814 19.5211,99.3845 19.5204,99.3875 19.5185,99.3896 19.5178,99.3924 19.5165,99.3951 19.5170,99.3979 19.5164,99.3992
ชม.3048	r	19.5933,99.0536 19.5904,99.0546 19.5870,99.0557 19.5844,99.0582 19.5814,99.0603 19.5790,99.0617 19.5736,99.0635 19.5703,99.0632 19.5671,99.0635 19.5632,99.0637 19.5625,99.0640
นน.2029	r	18.7433,100.6783 18.7450,100.6805 18.7464,100.6836 18.7488,100.6870 18.7508,100.6903 18.7515,100.6911
พย.4025	r	19.5153,100.2880 19.5177,100.2853 19.5210,100.2850 19.5243,100.2853 19.5260,100.2845
พย.ถ13-001	r	19.2182,99.8629 19.2181,99.8624
พย.ถ13-001	r	19.2181,99.8624 19.2168,99.8596 19.2155,99.8568 19.2151,99.8540 19.2164,99.8511 19.2176,99.8480 19.2187,99.8450 19.2192,99.8415 19.2196,99.8384 19.2179,99.8362 19.2172,99.8335
ชม.4053	r	18.8365,98.5661 18.8391,98.5656 18.8422,98.5664 18.8420,98.5693 18.8421,98.5709
ชม.4053	r	18.8264,98.5692 18.8286,98.5710 18.8302,98.5678 18.8325,98.5659 18.8357,98.5661 18.8365,98.5661
ชม.4053	r	18.8046,98.5563 18.8074,98.5569 18.8094,98.5593 18.8114,98.5613 18.8130,98.5638 18.8149,98.5667 18.8185,98.5676 18.8193,98.5679
ชม.4053	r	18.7049,98.5519 18.7073,98.5532 18.7102,98.5538 18.7133,98.5551 18.7161,98.5551 18.7186,98.5539 18.7217,98.5541 18.7228,98.5535
ชม.4053	r	18.7350,98.5431 18.7377,98.5409 18.7404,98.5395 18.7431,98.5384 18.7467,98.5382 18.7497,98.5384 18.7528,98.5390 18.7558,98.5399 18.7584,98.5389 18.7611,98.5384 18.7639,98.5378 18.7666,98.5383 18.7688,98.5363 18.7714,98.5355 18.7740,98.5342 18.7762,98.5320 18.7779,98.5297 18.7788,98.5274
ชม.4053	r	18.7228,98.5535 18.7256,98.5526 18.7280,98.5506 18.7289,98.5494
ชร.4025	r	19.6499,100.2998 19.6500,100.2964 19.6494,100.2923 19.6487,100.2880 19.6483,100.2866
ชม.3018	r	18.6000,98.8024 18.5973,98.8011 18.5951,98.7994 18.5929,98.7977 18.5915,98.7967
นน.3154	r	19.1967,100.9402 19.1967,100.9403
นน.3154	r	19.1967,100.9403 19.1966,100.9404
1307	r	19.5070,101.1488 19.5072,101.1525 19.5080,101.1555 19.5086,101.1585 19.5115,101.1582 19.5136,101.1602 19.5156,101.1621 19.5186,101.1621 19.5217,101.1622 19.5244,101.1631 19.5273,101.1638 19.5281,101.1665 19.5301,101.1690 19.5331,101.1695 19.5359,101.1717 19.5369,101.1744 19.5383,101.1775 19.5392,101.1803 19.5385,101.1833 19.5388,101.1864 19.5381,101.1893 19.5387,101.1924 19.5385,101.1953 19.5405,101.1973 19.5426,101.2000 19.5444,101.2034 19.5460,101.2058 19.5436,101.2043 19.5408,101.2047 19.5380,101.2043 19.5354,101.2054 19.5333,101.2077 19.5317,101.2100 19.5289,101.2101 19.5267,101.2119 19.5260,101.2147 19.5244,101.2186 19.5217,101.2195 19.5209,101.2224 19.5197,101.2251 19.5178,101.2259
นน.2018	r	19.0824,100.8921 19.0792,100.8957 19.0771,100.8980 19.0767,100.8984
ชม.4087	r	18.9059,98.9387 18.9061,98.9391
ชม.4087	r	18.9059,98.9387 18.9045,98.9362 18.9016,98.9373 18.8985,98.9384 18.8961,98.9398 18.8903,98.9464 18.8880,98.9489 18.8883,98.9533 18.8878,98.9550
ลพ.4020	r	18.3709,98.7673 18.3734,98.7673
ลพ.5034	r	18.3402,98.7654 18.3442,98.7636 18.3480,98.7617 18.3509,98.7603 18.3538,98.7606 18.3569,98.7602 18.3592,98.7586 18.3617,98.7571 18.3643,98.7583 18.3669,98.7571 18.3663,98.7520 18.3677,98.7481 18.3688,98.7450 18.3719,98.7430 18.3748,98.7418 18.3788,98.7392 18.3807,98.7372 18.3828,98.7346 18.3858,98.7342 18.3877,98.7334
ลพ.5034	r	18.3877,98.7334 18.3891,98.7304 18.3900,98.7274 18.3913,98.7249 18.3928,98.7225 18.3931,98.7191
ลพ.5034	r	18.3928,98.7172 18.3931,98.7191
ลป.6043	r	18.3534,98.7434 18.3578,98.7425 18.3616,98.7418 18.3645,98.7412 18.3693,98.7403 18.3718,98.7415 18.3737,98.7425
พร.2015	r	18.0333,99.8523 18.0362,99.8509 18.0391,99.8507 18.0416,99.8483 18.0434,99.8457 18.0446,99.8429 18.0459,99.8402 18.0483,99.8388 18.0500,99.8364 18.0529,99.8350 18.0555,99.8344 18.0574,99.8334
ชร.3003	r	19.9176,100.1123 19.9144,100.1113 19.9117,100.1101 19.9089,100.1094 19.9061,100.1089 19.9031,100.1088 19.8995,100.1082 19.8968,100.1076 19.8933,100.1082 19.8922,100.1083
ชร.4014	r	20.0036,100.3373 20.0060,100.3359 20.0094,100.3363 20.0114,100.3334 20.0128,100.3301 20.0153,100.3286 20.0180,100.3286 20.0192,100.3288
พย.4012	r	19.8038,100.1515 19.8038,100.1546 19.8038,100.1576 19.8033,100.1605 19.8035,100.1634 19.8027,100.1667
ชร.4034	r	20.0251,100.0154 20.0242,100.0182 20.0220,100.0207 20.0191,100.0222 20.0164,100.0230 20.0136,100.0238 20.0109,100.0245 20.0106,100.0244
ชม.3001	r	19.7092,99.1340 19.7115,99.1356 19.7135,99.1377 19.7159,99.1392 19.7163,99.1417
ชม.2192	r	19.7947,99.1373 19.7945,99.1339 19.7933,99.1311 19.7918,99.1284 19.7908,99.1257 19.7901,99.1226 19.7894,99.1189 19.7904,99.1148 19.7901,99.1117 19.7895,99.1089 19.7889,99.1060 19.7892,99.1054
ชม.3189	r	19.9139,99.2408 19.9130,99.2438 19.9114,99.2478 19.9104,99.2506 19.9089,99.2533 19.9083,99.2566
ชม.4067	r	19.0313,98.6073 19.0299,98.6098 19.0306,98.6127 19.0326,98.6149 19.0333,98.6178 19.0355,98.6198 19.0366,98.6225 19.0377,98.6251 19.0397,98.6272 19.0389,98.6300 19.0382,98.6329 19.0406,98.6345 19.0425,98.6370 19.0441,98.6396 19.0439,98.6425 19.0427,98.6454 19.0428,98.6483 19.0446,98.6506 19.0452,98.6534 19.0461,98.6561
ชม.4067	r	19.1156,98.7098 19.1176,98.7118 19.1194,98.7141 19.1200,98.7146
พร.3043	r	18.0703,99.8413 18.0718,99.8388 18.0740,99.8369 18.0763,99.8353 18.0770,99.8342
พร.ถ14-001	r	18.0799,99.8240 18.0825,99.8255 18.0858,99.8250 18.0884,99.8260 18.0894,99.8288 18.0917,99.8304 18.0939,99.8323 18.0962,99.8341 18.0993,99.8334 18.0999,99.8375 18.0972,99.8396 18.0941,99.8409 18.0914,99.8417 18.0888,99.8430 18.0885,99.8432
พร.6041	r	18.0549,99.8140 18.0532,99.8172 18.0549,99.8197 18.0576,99.8220 18.0600,99.8237 18.0633,99.8241 18.0659,99.8244 18.0674,99.8253
พร.2050	r	18.0758,99.8017 18.0782,99.8001 18.0812,99.7989 18.0831,99.7967 18.0850,99.7946 18.0880,99.7937 18.0907,99.7929 18.0928,99.7908 18.0956,99.7907 18.0982,99.7914 18.1005,99.7899 18.1023,99.7875 18.1023,99.7873
พร.2015	r	18.0327,99.8523 18.0301,99.8539 18.0275,99.8548 18.0250,99.8561 18.0225,99.8550 18.0196,99.8550 18.0176,99.8530 18.0147,99.8522 18.0124,99.8502 18.0095,99.8494 18.0066,99.8503 18.0046,99.8527 18.0021,99.8538 17.9993,99.8549 17.9967,99.8542 17.9942,99.8527 17.9936,99.8525
มส.6014	r	19.5667,98.5179 19.5679,98.5153 19.5704,98.5135 19.5722,98.5111 19.5740,98.5085 19.5768,98.5063 19.5780,98.5034 19.5780,98.5004 19.5787,98.4976 19.5804,98.4951 19.5826,98.4935 19.5851,98.4918 19.5880,98.4918 19.5925,98.4919 19.5952,98.4913 19.5967,98.4877 19.5995,98.4881 19.6020,98.4859 19.6040,98.4839 19.6069,98.4821 19.6091,98.4796 19.6109,98.4771 19.6109,98.4741 19.6121,98.4706 19.6146,98.4693 19.6180,98.4675 19.6195,98.4644 19.6218,98.4628 19.6227,98.4600 19.6243,98.4576 19.6266,98.4560 19.6296,98.4558 19.6310,98.4571
มส.6014	r	19.5129,98.5248 19.5157,98.5252 19.5183,98.5265 19.5208,98.5276 19.5235,98.5267 19.5267,98.5275 19.5292,98.5288 19.5315,98.5269 19.5343,98.5272 19.5364,98.5248 19.5385,98.5229 19.5392,98.5234
มส.6014	r	19.5392,98.5234 19.5395,98.5233
มส.4014	r	19.4582,98.4735 19.4581,98.4736
มส.4014	r	19.4128,98.4699 19.4106,98.4681 19.4081,98.4668 19.4058,98.4652 19.4059,98.4624 19.4047,98.4596 19.4029,98.4570 19.4001,98.4563 19.3982,98.4541 19.3997,98.4516 19.4007,98.4493
มส.4025	r	19.2289,97.9569 19.2320,97.9554 19.2350,97.9548 19.2365,97.9524 19.2375,97.9494 19.2382,97.9466 19.2407,97.9452 19.2430,97.9431 19.2455,97.9411 19.2484,97.9407 19.2515,97.9413 19.2541,97.9422 19.2572,97.9418 19.2599,97.9426 19.2627,97.9444 19.2654,97.9450 19.2693,97.9462 19.2720,97.9469 19.2741,97.9493 19.2754,97.9517
มส.3018	r	19.2281,97.9431 19.2288,97.9398 19.2307,97.9377 19.2305,97.9348 19.2330,97.9335 19.2341,97.9301 19.2332,97.9271 19.2325,97.9243 19.2300,97.9225 19.2274,97.9228
มส.5019	r	19.3918,97.8587 19.3926,97.8559 19.3939,97.8533 19.3959,97.8513 19.3972,97.8488 19.3991,97.8464 19.3996,97.8435 19.4023,97.8427 19.4053,97.8414 19.4081,97.8407 19.4077,97.8378 19.4052,97.8368 19.4046,97.8360
มส.4009	r	19.0058,97.9951 19.0053,97.9980 19.0062,98.0008 19.0048,98.0036 19.0028,98.0057 19.0032,98.0086 19.0040,98.0114 19.0031,98.0142 19.0001,98.0161 18.9991,98.0188 18.9975,98.0213 18.9961,98.0238 18.9953,98.0266 18.9929,98.0284 18.9916,98.0309 18.9910,98.0337 18.9912,98.0366 18.9903,98.0394 18.9903,98.0424 18.9893,98.0453 18.9911,98.0477 18.9911,98.0479
มส.4009	r	19.0087,97.9744 19.0074,97.9773 19.0088,97.9802 19.0079,97.9831 19.0063,97.9855 19.0051,97.9882 19.0024,97.9890 19.0043,97.9910 19.0052,97.9939 19.0058,97.9951
มส.4009	r	18.9476,98.0661 18.9458,98.0684 18.9437,98.0705 18.9414,98.0745 18.9385,98.0735 18.9360,98.0748 18.9346,98.0744
มส.4009	r	18.9561,98.0806 18.9592,98.0806 18.9619,98.0812 18.9646,98.0814 18.9662,98.0840 18.9688,98.0845 18.9716,98.0858 18.9740,98.0873 18.9751,98.0878
พร.4003	r	18.0649,99.7857 18.0680,99.7859 18.0705,99.7845 18.0726,99.7826 18.0744,99.7803 18.0748,99.7774 18.0773,99.7753 18.0800,99.7745 18.0821,99.7768 18.0850,99.7767 18.0879,99.7770 18.0914,99.7783 18.0945,99.7805 18.0975,99.7820 18.1012,99.7843 18.1022,99.7869 18.1027,99.7876
พร.4003	r	18.1027,99.7876 18.1029,99.7878
พร.4003	r	18.1029,99.7878 18.1059,99.7887 18.1086,99.7901 18.1109,99.7917 18.1135,99.7927 18.1162,99.7936 18.1165,99.7968 18.1217,99.8031 18.1248,99.8041 18.1282,99.8061 18.1310,99.8056 18.1336,99.8061 18.1363,99.8075 18.1381,99.8106 18.1409,99.8130 18.1445,99.8139 18.1467,99.8155 18.1494,99.8163 18.1499,99.8194 18.1516,99.8217 18.1540,99.8232 18.1557,99.8255 18.1578,99.8270
พร.4003	r	18.1580,99.8271 18.1602,99.8289 18.1642,99.8297 18.1672,99.8312 18.1691,99.8336 18.1718,99.8341 18.1715,99.8369 18.1730,99.8400 18.1757,99.8417 18.1790,99.8436 18.1818,99.8445 18.1837,99.8465 18.1879,99.8485 18.1908,99.8502 18.1941,99.8514 18.1969,99.8527 18.2006,99.8536 18.2030,99.8549 18.2051,99.8571 18.2060,99.8599 18.2076,99.8629 18.2087,99.8656 18.2100,99.8681 18.2100,99.8699
พร.4003	r	18.1578,99.8270 18.1580,99.8271
ลป.5026	r	18.2596,99.7096 18.2581,99.7102
ลป.5026	r	18.2596,99.7096 18.2595,99.7059 18.2601,99.7048
ลป.2004	r	18.2092,99.6597 18.2153,99.6595 18.2183,99.6592 18.2220,99.6580 18.2247,99.6568 18.2289,99.6568 18.2342,99.6571 18.2374,99.6572 18.2421,99.6574 18.2449,99.6574 18.2493,99.6576 18.2529,99.6593 18.2556,99.6591 18.2586,99.6603 18.2617,99.6606 18.2656,99.6580 18.2683,99.6562 18.2711,99.6542 18.2734,99.6526 18.2746,99.6518
ลป.3078	r	18.2092,99.6597 18.2088,99.6626 18.2061,99.6718 18.2037,99.6745 18.1967,99.6771 18.1913,99.6760 18.1894,99.6790 18.1892,99.6797
ลป.2004	r	18.1350,99.6189 18.1354,99.6219 18.1372,99.6244 18.1398,99.6260 18.1422,99.6277 18.1440,99.6304 18.1454,99.6329 18.1453,99.6358 18.1435,99.6381 18.1419,99.6405 18.1429,99.6433 18.1446,99.6459 18.1472,99.6466 18.1497,99.6482 18.1517,99.6502 18.1534,99.6530 18.1561,99.6539 18.1588,99.6552 18.1611,99.6567 18.1638,99.6576 18.1674,99.6569 18.1686,99.6543 18.1706,99.6523 18.1734,99.6518 18.1761,99.6523 18.1789,99.6534 18.1825,99.6521 18.1858,99.6516 18.1884,99.6528 18.1925,99.6528 18.1953,99.6536 18.1986,99.6550 18.2012,99.6562 18.2038,99.6574 18.2074,99.6589 18.2092,99.6597
ลป.3163	r	18.1592,99.6575 18.1617,99.6592 18.1642,99.6579 18.1642,99.6577
ลป.3163	r	18.1586,99.6571 18.1554,99.6567 18.1524,99.6581 18.1515,99.6612 18.1516,99.6644 18.1504,99.6680 18.1478,99.6699 18.1464,99.6724 18.1458,99.6734
ลป.3078	r	18.1458,99.6734 18.1431,99.6738 18.1402,99.6756 18.1390,99.6783 18.1370,99.6807 18.1360,99.6835 18.1331,99.6853 18.1315,99.6878 18.1316,99.6907 18.1330,99.6917
ลป.3164	r	18.1337,99.6847 18.1317,99.6814 18.1288,99.6807 18.1262,99.6792 18.1235,99.6782 18.1208,99.6773 18.1197,99.6744 18.1173,99.6731 18.1142,99.6730 18.1121,99.6727
ลป.4042	r	18.2015,99.4927 18.2049,99.4917 18.2078,99.4911 18.2105,99.4913 18.2142,99.4908 18.2173,99.4903 18.2197,99.4902
ชม.4322	r	18.2349,98.6976 18.2352,98.7006 18.2351,98.7037 18.2354,98.7065 18.2345,98.7101 18.2345,98.7134 18.2355,98.7161 18.2384,98.7158 18.2416,98.7167 18.2436,98.7186 18.2474,98.7184 18.2505,98.7198 18.2521,98.7203
1390	r	20.3274,99.8246 20.3282,99.8274 20.3273,99.8301 20.3262,99.8327 20.3247,99.8329
ชร.3303	r	20.0362,99.9448 20.0375,99.9421 20.0375,99.9388 20.0379,99.9355 20.0390,99.9327 20.0401,99.9298 20.0423,99.9274 20.0457,99.9260 20.0484,99.9243 20.0507,99.9208 20.0516,99.9179 20.0544,99.9179 20.0557,99.9169
นน.3041	r	18.2141,100.6802 18.2133,100.6774 18.2100,100.6749 18.2073,100.6742 18.2047,100.6729 18.2024,100.6712 18.2020,100.6681 18.2027,100.6659
ชร.4024	r	19.6429,99.9602 19.6456,99.9619 19.6485,99.9636 19.6510,99.9653 19.6537,99.9654 19.6562,99.9666 19.6577,99.9691 19.6608,99.9693 19.6635,99.9709 19.6662,99.9709 19.6696,99.9700 19.6726,99.9712 19.6757,99.9730 19.6784,99.9736 19.6811,99.9732 19.6841,99.9734 19.6842,99.9704 19.6865,99.9689 19.6890,99.9670 19.6911,99.9650 19.6918,99.9620 19.6928,99.9587 19.6914,99.9552 19.6920,99.9520 19.6945,99.9499 19.6964,99.9477 19.6956,99.9444 19.6951,99.9413 19.6940,99.9379 19.6932,99.9348 19.6927,99.9318 19.6920,99.9289 19.6915,99.9259 19.6899,99.9236 19.6890,99.9217
ชร.4016	r	19.7960,99.9055 19.7969,99.9083 19.7980,99.9113 19.7997,99.9140 19.8023,99.9148 19.8050,99.9153 19.8081,99.9157 19.8108,99.9151 19.8133,99.9164 19.8161,99.9174 19.8171,99.9172
ชร.4016	r	19.8173,99.9173 19.8201,99.9173 19.8242,99.9181 19.8268,99.9188 19.8303,99.9208 19.8329,99.9202 19.8345,99.9229 19.8371,99.9243 19.8414,99.9245 19.8416,99.9274 19.8418,99.9306 19.8449,99.9315 19.8483,99.9341 19.8498,99.9366 19.8512,99.9390 19.8514,99.9398
ชร.4016	r	19.8171,99.9172 19.8173,99.9173
ชร.33/47	r	19.5830,99.8541 19.5838,99.8504 19.5845,99.8475 19.5847,99.8434 19.5850,99.8405 19.5871,99.8382 19.5895,99.8370 19.5923,99.8361 19.5950,99.8352 19.5962,99.8325 19.5972,99.8297 19.5977,99.8285
พร.3072	r	17.9603,99.9287 17.9586,99.9263 17.9565,99.9243 17.9536,99.9214 17.9508,99.9205 17.9481,99.9198 17.9452,99.9184 17.9423,99.9186 17.9415,99.9191
ลพ.4007	r	18.3903,98.7379 18.3899,98.7369
ลพ.4007	r	18.3899,98.7369 18.3877,98.7334 18.3855,98.7314 18.3830,98.7301 18.3799,98.7289 18.3775,98.7260 18.3761,98.7231 18.3742,98.7208 18.3716,98.7191 18.3688,98.7174 18.3677,98.7144 18.3670,98.7115 18.3655,98.7064 18.3661,98.7027 18.3654,98.6995 18.3643,98.6960 18.3644,98.6929 18.3636,98.6892 18.3624,98.6879
ลพ.3175	r	18.4175,98.8131 18.4183,98.8101 18.4189,98.8071 18.4192,98.8037 18.4191,98.8007 18.4193,98.7970
ลพ.3019	r	18.4181,98.9562 18.4202,98.9591 18.4229,98.9594
ลพ.3169	r	18.4011,98.8366 18.4025,98.8340 18.4056,98.8321 18.4078,98.8305 18.4103,98.8275 18.4118,98.8250 18.4129,98.8218 18.4141,98.8193 18.4162,98.8172 18.4180,98.8150 18.4197,98.8126 18.4197,98.8123
ลพ.3019	r	18.4205,98.9197 18.4178,98.9197 18.4154,98.9217 18.4112,98.9247 18.4102,98.9275 18.4100,98.9308 18.4115,98.9345 18.4130,98.9369 18.4137,98.9397 18.4130,98.9432 18.4126,98.9460 18.4127,98.9497 18.4158,98.9514 18.4168,98.9542 18.4181,98.9562
ลพ.4010	r	18.4149,98.9646 18.4180,98.9638 18.4204,98.9621 18.4222,98.9597 18.4248,98.9590 18.4275,98.9583 18.4285,98.9578
ลพ.3075	r	18.4151,98.9693 18.4128,98.9722 18.4112,98.9746 18.4107,98.9775 18.4109,98.9791
ลพ.5050	r	18.4150,98.8970 18.4118,98.8981 18.4092,98.8998 18.4061,98.8987 18.4027,98.8979 18.3999,98.8977 18.3974,98.8998 18.3947,98.9010 18.3918,98.9036 18.3874,98.9058 18.3855,98.9084 18.3824,98.9106 18.3800,98.9083 18.3790,98.9048 18.3779,98.9009 18.3767,98.8976 18.3754,98.8947
ลพ.3043	r	18.4209,98.9063 18.4206,98.9097
ลพ.3043	r	18.4169,98.8996 18.4212,98.9052 18.4209,98.9063
ลพ.3075	r	18.4109,98.9791 18.4111,98.9793
ลพ.3075	r	18.4111,98.9793 18.4135,98.9809 18.4128,98.9838 18.4101,98.9856 18.4079,98.9874 18.4062,98.9897 18.4052,98.9924 18.4052,98.9931
ลพ.4161	r	18.4209,98.9814 18.4196,98.9843 18.4222,98.9859 18.4248,98.9872 18.4252,98.9906
ลพ.5407	r	18.4199,98.9742 18.4202,98.9737
ลพ.5407	r	18.4199,98.9742 18.4191,98.9769 18.4168,98.9792 18.4164,98.9801
ลพ.4161	r	18.4052,98.9931 18.4082,98.9938 18.4114,98.9941 18.4143,98.9937 18.4173,98.9932 18.4180,98.9930
ลพ.4161	r	18.4185,98.9930 18.4220,98.9916 18.4247,98.9907 18.4252,98.9906
ลพ.4161	r	18.4180,98.9930 18.4185,98.9930
ลพ.5407	r	18.4202,98.9737 18.4222,98.9718 18.4248,98.9730 18.4262,98.9754 18.4298,98.9777 18.4338,98.9781 18.4359,98.9783
ลพ.5050	r	18.4209,98.9808 18.4181,98.9817 18.4154,98.9819 18.4147,98.9817
ลพ.6042	r	18.3729,98.9634 18.3750,98.9621
ลพ.6042	r	18.3729,98.9634 18.3725,98.9636
ลพ.6042	r	18.3725,98.9636 18.3693,98.9650 18.3666,98.9654 18.3639,98.9662 18.3610,98.9675 18.3581,98.9683 18.3554,98.9692 18.3517,98.9702 18.3491,98.9713 18.3467,98.9729 18.3439,98.9733 18.3411,98.9749 18.3384,98.9755 18.3329,98.9749 18.3301,98.9759 18.3272,98.9765 18.3245,98.9779 18.3222,98.9795
ลพ.3041	r	18.3422,98.8994 18.3442,98.8972 18.3466,98.8956 18.3484,98.8933 18.3507,98.8916 18.3531,98.8902 18.3559,98.8882 18.3595,98.8876 18.3623,98.8885 18.3651,98.8887 18.3678,98.8881 18.3698,98.8861 18.3710,98.8834 18.3737,98.8812 18.3766,98.8811 18.3803,98.8803 18.3818,98.8797
ลพ.5058	r	18.3423,98.8978 18.3410,98.8953 18.3383,98.8935 18.3362,98.8902 18.3370,98.8863 18.3381,98.8836 18.3400,98.8815 18.3405,98.8809
ลพ.5055	r	18.3350,98.8736 18.3351,98.8764 18.3377,98.8779 18.3399,98.8801 18.3405,98.8809
ลพ.3041	r	18.3917,98.8835 18.3886,98.8819 18.3855,98.8808 18.3825,98.8802 18.3837,98.8770 18.3817,98.8749 18.3803,98.8723 18.3778,98.8693 18.3761,98.8670 18.3736,98.8632 18.3721,98.8608 18.3742,98.8586 18.3758,98.8559 18.3760,98.8531 18.3766,98.8501 18.3782,98.8478 18.3794,98.8439 18.3805,98.8412 18.3814,98.8382 18.3828,98.8353 18.3842,98.8328 18.3866,98.8308 18.3886,98.8283 18.3901,98.8255 18.3902,98.8253
ลพ.6075	r	18.4164,98.8901 18.4194,98.8880 18.4227,98.8869 18.4262,98.8864
ลพ.5074	r	18.4030,98.8958 18.4023,98.8978
ลพ.5073	r	18.4122,98.8879 18.4147,98.8850 18.4219,98.8817 18.4248,98.8808 18.4261,98.8795
ลพ.5074	r	18.4030,98.8958 18.4073,98.8930 18.4099,98.8915 18.4144,98.8888 18.4146,98.8886
ลพ.4063	r	18.3773,98.8924 18.3750,98.8904 18.3749,98.8865 18.3740,98.8826 18.3738,98.8812
ลพ.3019	r	18.4368,98.8887 18.4424,98.8887 18.4458,98.8894 18.4473,98.8884
ลพ.3038	r	18.4757,98.8856 18.4741,98.8833 18.4753,98.8805 18.4734,98.8783 18.4750,98.8758 18.4774,98.8745 18.4774,98.8730
ลพ.1204	r	18.4721,98.9278 18.4735,98.9244 18.4748,98.9209 18.4749,98.9156 18.4752,98.9137
พร.3058	r	18.0835,99.8485 18.0856,99.8462 18.0885,99.8432
พร.3043	r	18.0666,99.9206 18.0638,99.9196 18.0614,99.9175 18.0566,99.9168 18.0529,99.9156 18.0510,99.9135 18.0490,99.9113 18.0462,99.9096 18.0436,99.9105 18.0411,99.9092 18.0402,99.9064 18.0375,99.9061 18.0357,99.9037 18.0333,99.9015 18.0314,99.8993 18.0295,99.8968 18.0287,99.8940 18.0303,99.8911 18.0322,99.8891 18.0357,99.8881 18.0387,99.8887 18.0414,99.8883 18.0440,99.8875 18.0467,99.8871 18.0493,99.8861 18.0502,99.8830 18.0506,99.8801 18.0512,99.8772 18.0514,99.8743 18.0523,99.8710 18.0533,99.8677 18.0542,99.8647 18.0567,99.8631 18.0593,99.8617 18.0612,99.8594 18.0625,99.8563 18.0641,99.8538 18.0649,99.8510 18.0665,99.8480 18.0682,99.8455 18.0689,99.8430
พร.2007	r	18.0334,99.9057 18.0308,99.9047 18.0279,99.9053 18.0263,99.9026 18.0243,99.9006 18.0217,99.8987 18.0202,99.8963 18.0167,99.8950 18.0149,99.8928 18.0121,99.8924 18.0094,99.8934 18.0071,99.8949 18.0050,99.8931 18.0023,99.8918 18.0007,99.8894 17.9987,99.8873 17.9963,99.8857 17.9953,99.8830 17.9925,99.8826 17.9905,99.8835
พร.3030	r	18.0725,99.8268 18.0672,99.8211 18.0639,99.8175 18.0617,99.8154 18.0585,99.8142 18.0559,99.8131 18.0540,99.8118
พร.4013	r	18.0520,99.8117 18.0540,99.8118
พร.4013	r	18.0508,99.8117 18.0481,99.8114 18.0474,99.8084 18.0445,99.8081 18.0409,99.8065 18.0402,99.8030 18.0378,99.8015 18.0365,99.7990 18.0337,99.7957 18.0317,99.7936 18.0284,99.7902 18.0258,99.7892 18.0230,99.7897 18.0165,99.7848 18.0148,99.7817 18.0127,99.7790 18.0099,99.7779 18.0072,99.7787 18.0039,99.7748 18.0012,99.7745
พร.4013	r	18.0508,99.8117 18.0520,99.8117
พร.4013	r	18.0012,99.7745 17.9985,99.7749 17.9955,99.7747 17.9933,99.7721 17.9920,99.7696 17.9867,99.7682 17.9832,99.7677 17.9803,99.7655 17.9786,99.7625 17.9772,99.7598 17.9769,99.7564 17.9767,99.7535 17.9741,99.7515 17.9713,99.7483 17.9670,99.7416 17.9653,99.7388 17.9608,99.7319 17.9590,99.7290 17.9574,99.7265 17.9546,99.7219 17.9507,99.7161 17.9501,99.7132 17.9495,99.7102 17.9500,99.7069 17.9473,99.7032 17.9448,99.7007 17.9424,99.6992 17.9408,99.6965 17.9399,99.6938 17.9381,99.6914 17.9354,99.6909 17.9302,99.6900 17.9272,99.6886 17.9245,99.6865 17.9218,99.6881 17.9194,99.6899 17.9166,99.6899 17.9137,99.6902 17.9099,99.6906 17.9065,99.6906 17.9037,99.6900 17.9023,99.6863 17.9004,99.6841 17.8967,99.6835 17.8939,99.6830 17.8900,99.6784 17.8888,99.6749 17.8880,99.6698 17.8874,99.6659 17.8869,99.6629 17.8860,99.6602 17.8862,99.6574 17.8867,99.6534 17.8866,99.6501 17.8860,99.6471 17.8845,99.6406 17.8813,99.6269 17.8804,99.6231 17.8796,99.6197
พร.3090	r	17.8792,99.5948 17.8812,99.5968 17.8832,99.5991 17.8848,99.6017 17.8875,99.6026 17.8880,99.6026
พร.3037	r	17.9018,99.6049 17.9046,99.6058 17.9080,99.6062 17.9111,99.6069 17.9132,99.6089 17.9152,99.6109 17.9155,99.6144 17.9171,99.6171 17.9203,99.6182 17.9233,99.6191 17.9265,99.6198 17.9290,99.6215 17.9308,99.6239 17.9325,99.6263 17.9357,99.6268 17.9375,99.6244 17.9404,99.6232 17.9432,99.6200 17.9464,99.6191 17.9490,99.6201 17.9499,99.6230 17.9520,99.6250 17.9532,99.6283 17.9544,99.6309 17.9576,99.6332 17.9575,99.6373 17.9570,99.6401 17.9590,99.6423 17.9588,99.6453 17.9589,99.6483 17.9616,99.6493 17.9643,99.6500 17.9664,99.6525 17.9687,99.6547 17.9700,99.6578 17.9717,99.6607 17.9746,99.6625 17.9762,99.6652 17.9755,99.6684 17.9747,99.6719 17.9746,99.6749 17.9766,99.6770 17.9793,99.6779 17.9819,99.6789 17.9846,99.6778 17.9864,99.6756 17.9880,99.6732 17.9907,99.6722 17.9936,99.6719 17.9956,99.6718
พร.2062	r	17.9473,99.6194 17.9475,99.6165 17.9497,99.6132 17.9497,99.6102 17.9501,99.6069 17.9501,99.6062
พร.3049	r	17.9103,99.5491 17.9137,99.5514 17.9150,99.5547 17.9150,99.5578 17.9156,99.5608 17.9159,99.5640 17.9155,99.5672 17.9164,99.5706 17.9186,99.5724 17.9212,99.5734 17.9219,99.5771 17.9223,99.5782
พร.3042	r	17.9277,99.5753 17.9273,99.5756
พร.3042	r	17.9273,99.5756 17.9248,99.5772 17.9213,99.5783 17.9186,99.5764 17.9155,99.5771 17.9131,99.5785 17.9123,99.5814 17.9103,99.5834 17.9080,99.5856 17.9061,99.5884 17.9033,99.5894 17.9012,99.5913 17.8994,99.5935 17.8971,99.5952 17.8958,99.5971
พร.2063	r	17.8916,99.5937 17.8895,99.5900 17.8879,99.5874 17.8862,99.5848 17.8860,99.5817 17.8911,99.5779 17.8926,99.5762
พร.4008	r	17.8470,99.6207 17.8472,99.6223
พร.3090	r	17.8792,99.5948 17.8789,99.5945
พร.3090	r	17.8789,99.5945 17.8778,99.5919 17.8758,99.5896 17.8744,99.5871 17.8723,99.5851 17.8701,99.5835 17.8675,99.5820 17.8644,99.5808 17.8613,99.5802 17.8583,99.5807 17.8556,99.5810 17.8529,99.5801 17.8483,99.5804 17.8457,99.5819 17.8431,99.5832 17.8402,99.5832 17.8381,99.5850
พร.4008	r	17.8047,99.4896 17.8057,99.4924 17.8056,99.4955 17.8057,99.4983 17.8074,99.5012 17.8085,99.5039 17.8093,99.5069 17.8098,99.5098 17.8108,99.5125 17.8131,99.5144 17.8137,99.5173 17.8143,99.5201 17.8159,99.5225 17.8169,99.5253 17.8175,99.5282 17.8181,99.5311 17.8194,99.5344 17.8207,99.5371 17.8217,99.5399 17.8219,99.5429 17.8218,99.5457 17.8220,99.5486 17.8234,99.5513 17.8258,99.5534 17.8272,99.5559 17.8278,99.5587 17.8287,99.5616 17.8300,99.5649 17.8311,99.5676 17.8331,99.5696 17.8332,99.5725 17.8328,99.5754 17.8341,99.5782 17.8362,99.5806 17.8365,99.5837 17.8380,99.5865 17.8375,99.5895 17.8389,99.5920 17.8389,99.5949 17.8399,99.5977 17.8411,99.6004 17.8419,99.6043 17.8432,99.6073 17.8453,99.6098 17.8456,99.6131 17.8461,99.6168 17.8470,99.6204 17.8470,99.6207
พร.3042	r	17.8935,99.5546 17.8922,99.5571 17.8909,99.5614 17.8910,99.5644 17.8898,99.5678
พร.3047	r	17.8608,99.6989 17.8605,99.6960 17.8612,99.6926 17.8597,99.6902 17.8587,99.6869 17.8567,99.6830 17.8559,99.6802 17.8548,99.6775 17.8532,99.6750 17.8522,99.6716 17.8515,99.6687 17.8519,99.6652 17.8508,99.6624 17.8507,99.6591 17.8495,99.6561 17.8482,99.6534 17.8472,99.6505 17.8457,99.6479 17.8447,99.6450 17.8438,99.6415
พร.4037	r	17.7834,99.7438 17.7803,99.7453 17.7772,99.7464 17.7718,99.7504 17.7701,99.7528 17.7676,99.7548 17.7670,99.7580 17.7658,99.7609 17.7631,99.7607 17.7602,99.7596 17.7581,99.7577 17.7563,99.7555 17.7546,99.7530 17.7533,99.7500 17.7510,99.7476 17.7483,99.7469 17.7453,99.7447 17.7426,99.7433 17.7399,99.7430 17.7372,99.7423 17.7345,99.7415 17.7314,99.7409 17.7312,99.7412
พร.3053	r	17.8328,99.7605 17.8312,99.7629 17.8298,99.7653 17.8273,99.7670 17.8253,99.7683
พร.4039	r	17.8253,99.7683 17.8270,99.7707 17.8286,99.7707
พร.3042	r	17.9277,99.5753 17.9306,99.5759 17.9328,99.5782 17.9345,99.5807 17.9362,99.5832
พร.1023	r	17.9290,99.6030 17.9286,99.6001 17.9285,99.5972 17.9295,99.5944 17.9294,99.5913 17.9282,99.5885 17.9280,99.5856 17.9274,99.5827 17.9293,99.5804 17.9306,99.5767 17.9308,99.5760
พร.2021	r	17.9362,99.5832 17.9383,99.5852 17.9404,99.5872 17.9416,99.5900 17.9432,99.5928 17.9443,99.5954 17.9433,99.5983 17.9443,99.6013 17.9435,99.6040
พร.3044	r	17.9791,99.7351 17.9788,99.7318 17.9772,99.7294 17.9765,99.7266 17.9757,99.7234 17.9738,99.7209 17.9709,99.7208 17.9682,99.7198 17.9662,99.7177 17.9646,99.7152 17.9622,99.7120
พร.3030	r	18.0365,99.7843 18.0356,99.7815 18.0363,99.7787 18.0323,99.7768 18.0299,99.7756 18.0271,99.7749 18.0247,99.7767 18.0218,99.7771 18.0189,99.7757 18.0158,99.7734 18.0132,99.7718 18.0104,99.7720 18.0075,99.7712 18.0050,99.7695 18.0026,99.7683 18.0002,99.7679
พร.2053	r	17.9429,99.6937 17.9442,99.6935
พร.2053	r	17.9400,99.6938 17.9429,99.6937
พร.2053	r	17.9442,99.6935 17.9457,99.6905 17.9478,99.6882 17.9502,99.6865 17.9529,99.6863 17.9558,99.6863 17.9593,99.6854 17.9625,99.6848 17.9653,99.6836 17.9665,99.6810 17.9690,99.6792 17.9714,99.6777 17.9743,99.6763 17.9749,99.6764
ชม.4242	r	18.6879,98.8054 18.6851,98.8062 18.6828,98.8078 18.6821,98.8083
ชม.4016	r	20.0201,99.3541 20.0170,99.3543 20.0143,99.3555 20.0123,99.3574 20.0100,99.3583
พย.3153	r	19.1956,99.8291 19.1963,99.8262 19.1986,99.8239 19.2014,99.8237 19.2043,99.8234 19.2068,99.8217 19.2094,99.8222 19.2124,99.8221 19.2154,99.8223 19.2189,99.8220
พย.3036	r	19.1037,99.8270 19.1044,99.8239 19.1062,99.8217 19.1095,99.8211 19.1126,99.8200 19.1179,99.8199 19.1210,99.8199 19.1222,99.8152 19.1255,99.8148 19.1281,99.8160 19.1304,99.8169
พย.3001	r	19.1454,99.8256 19.1425,99.8240 19.1392,99.8226 19.1362,99.8214 19.1331,99.8208 19.1306,99.8232 19.1308,99.8284 19.1311,99.8313 19.1314,99.8342 19.1319,99.8378 19.1322,99.8410 19.1322,99.8414
พย.ถ1-0031	r	19.2861,99.8270 19.2856,99.8241 19.2856,99.8211 19.2857,99.8180 19.2848,99.8149
พย.ถ1-0031	r	19.2869,99.8296 19.2897,99.8296 19.2924,99.8299 19.2953,99.8310 19.2969,99.8336 19.2992,99.8352 19.3014,99.8371 19.3051,99.8366 19.3075,99.8352 19.3108,99.8357 19.3134,99.8373 19.3156,99.8393 19.3193,99.8398
พย.3065	r	19.2861,99.8270 19.2861,99.8274
พย.ถ1-0031	r	19.2861,99.8274 19.2867,99.8292
พย.3065	r	19.2867,99.8292 19.2869,99.8296
ชม.5060	r	19.9104,99.1524 19.9076,99.1524 19.9048,99.1536 19.9023,99.1521 19.8993,99.1545 19.8961,99.1544 19.8929,99.1536 19.8893,99.1527 19.8863,99.1523 19.8859,99.1522
ชร.4044	r	19.9438,99.7810 19.9440,99.7807
ชร.4044	r	19.9440,99.7807 19.9459,99.7786 19.9438,99.7765 19.9415,99.7747 19.9388,99.7740 19.9372,99.7716 19.9377,99.7703
ชม.3018	r	18.5915,98.7967 18.5912,98.7965
ชม.3018	r	18.5912,98.7965 18.5901,98.7957
ชม.7082	r	18.8974,99.2225 18.9009,99.2214 18.9038,99.2194 18.9073,99.2178 18.9094,99.2166
ชม.4307	r	18.8240,98.9626 18.8244,98.9612
ชม.3009	r	19.0809,98.8548 19.0775,98.8557 19.0751,98.8570 19.0724,98.8581 19.0701,98.8596 19.0696,98.8601
ลป.1321	r	18.0158,99.3219 18.0149,99.3228
ลป.1321	r	18.0149,99.3228 18.0135,99.3263 18.0127,99.3301 18.0112,99.3326 18.0135,99.3348 18.0151,99.3383 18.0152,99.3412 18.0146,99.3485 18.0140,99.3542 18.0126,99.3576
ลป.1014	r	17.8905,99.3272 17.8901,99.3285
ลป.1321	r	18.0178,99.3199 18.0158,99.3219
ลป.4007	r	18.2623,99.3062 18.2623,99.3093 18.2624,99.3126 18.2592,99.3155 18.2568,99.3171 18.2539,99.3203 18.2517,99.3223 18.2493,99.3245 18.2452,99.3269 18.2427,99.3282 18.2400,99.3281 18.2370,99.3292 18.2336,99.3304 18.2302,99.3316 18.2278,99.3331 18.2248,99.3357 18.2206,99.3391 18.2177,99.3396 18.2143,99.3392 18.2111,99.3392 18.2089,99.3410 18.2087,99.3446 18.2087,99.3483 18.2084,99.3519 18.2077,99.3562 18.2071,99.3590 18.2075,99.3620 18.2076,99.3651 18.2085,99.3678 18.2083,99.3709 18.2082,99.3740 18.2060,99.3762 18.2052,99.3790 18.2057,99.3819 18.2039,99.3869 18.2038,99.3897
ลป.1014	r	17.8871,99.3387 17.8877,99.3359 17.8887,99.3326 17.8899,99.3298 17.8901,99.3285
ชม.3018	r	18.5824,98.7967 18.5802,98.7947 18.5783,98.7923 18.5768,98.7952 18.5757,98.7984 18.5744,98.8010 18.5735,98.8037 18.5730,98.8047
ชม.4077	r	18.8535,98.7901 18.8509,98.7892 18.8505,98.7862 18.8485,98.7842 18.8459,98.7826 18.8432,98.7834 18.8408,98.7821 18.8395,98.7822
ชม.5036	r	18.5661,98.8845 18.5694,98.8855 18.5730,98.8868 18.5784,98.8866 18.5833,98.8886 18.5849,98.8897
ชม.5036	r	18.5570,98.8723 18.5565,98.8690 18.5531,98.8677 18.5506,98.8669
ตก.7054	r	17.3708,98.4877 17.3735,98.4869 17.3746,98.4842 17.3768,98.4825 17.3786,98.4799 17.3797,98.4771 17.3821,98.4759 17.3819,98.4734
ตก.7054	r	17.3699,98.4869 17.3708,98.4877
ตก.7054	r	17.3819,98.4734 17.3834,98.4731
ตก.7054	r	17.3834,98.4731 17.3856,98.4712 17.3872,98.4693
ตก.7054	r	17.3877,98.4673 17.3877,98.4685
ตก.7054	r	17.3876,98.4694 17.3877,98.4685
ตก.7054	r	17.3877,98.4673 17.3896,98.4649 17.3914,98.4625 17.3920,98.4594 17.3947,98.4601 17.3972,98.4615 17.3981,98.4621
ตก.7054	r	17.3985,98.4590 17.3980,98.4600
ชม.5101	r	17.7682,98.3659 17.7710,98.3656 17.7732,98.3676 17.7757,98.3667 17.7786,98.3665 17.7813,98.3657 17.7828,98.3638
ชม.5101	r	17.7856,98.3721 17.7883,98.3705 17.7914,98.3708 17.7941,98.3714 17.7966,98.3728 17.7987,98.3745 17.7984,98.3770
ชม.5101	r	17.7828,98.3638 17.7836,98.3668 17.7831,98.3698 17.7846,98.3725 17.7854,98.3726
ชม.4052	r	17.8329,98.3200 17.8303,98.3187 17.8264,98.3188 17.8237,98.3188 17.8221,98.3213 17.8194,98.3226 17.8174,98.3244 17.8151,98.3266 17.8142,98.3295 17.8106,98.3306 17.8083,98.3322 17.8051,98.3320 17.8022,98.3335 17.8008,98.3367 17.7998,98.3399 17.7986,98.3428 17.7979,98.3459 17.7975,98.3489 17.7986,98.3516 17.7978,98.3548 17.7985,98.3571
ลป.4010	r	18.3374,99.4312 18.3425,99.4303 18.3452,99.4307 18.3479,99.4313 18.3503,99.4327 18.3532,99.4327 18.3561,99.4334 18.3610,99.4334 18.3635,99.4318 18.3663,99.4323 18.3691,99.4327 18.3718,99.4340 18.3772,99.4342 18.3799,99.4363 18.3844,99.4376 18.3852,99.4400
ลป.4001	r	18.5013,99.4245 18.5016,99.4245
ลป.5001	r	18.5016,99.4245 18.5023,99.4273 18.5021,99.4304 18.5015,99.4334 18.4990,99.4351 18.4970,99.4370 18.4999,99.4382 18.5072,99.4407 18.5099,99.4450 18.5138,99.4496 18.5152,99.4529 18.5167,99.4553 18.5223,99.4586 18.5238,99.4614 18.5276,99.4627 18.5301,99.4615 18.5331,99.4628 18.5356,99.4639 18.5375,99.4647
ลป.4129	r	18.3042,99.4270 18.3040,99.4274
ลป.4129	r	18.3064,99.4291 18.3042,99.4270
ลป.4129	r	18.3193,99.4266 18.3165,99.4277 18.3131,99.4282 18.3106,99.4297 18.3075,99.4294 18.3064,99.4291
ลป.6010	r	18.4337,99.4320 18.4343,99.4320
ลป.4025	r	18.4612,99.4183 18.4612,99.4181
ลป.4025	r	18.4612,99.4181 18.4611,99.4148 18.4581,99.4135 18.4554,99.4138 18.4526,99.4135 18.4498,99.4126 18.4472,99.4112 18.4451,99.4093 18.4418,99.4085 18.4390,99.4075 18.4362,99.4072 18.4333,99.4076 18.4307,99.4078
มส.3109	r	18.2313,97.9227 18.2286,97.9231 18.2271,97.9257 18.2270,97.9286 18.2248,97.9322 18.2219,97.9325 18.2191,97.9340 18.2177,97.9367 18.2156,97.9388 18.2155,97.9390
นน.3057	r	19.1652,100.8275 19.1660,100.8246 19.1649,100.8216 19.1645,100.8195
นน.3057	r	19.1733,100.8350 19.1766,100.8340 19.1799,100.8335 19.1818,100.8314 19.1820,100.8283 19.1811,100.8255 19.1789,100.8233 19.1750,100.8216 19.1723,100.8208 19.1691,100.8198 19.1657,100.8196 19.1645,100.8195
ชม.4021	r	18.9153,98.7219 18.9139,98.7193 18.9108,98.7181 18.9086,98.7163 18.9063,98.7180 18.9045,98.7158 18.9018,98.7162 18.9000,98.7187 18.8966,98.7188 18.8955,98.7160 18.8928,98.7166 18.8902,98.7177 18.8880,98.7157 18.8853,98.7161 18.8847,98.7163
ชม.4043	r	18.9680,98.7282 18.9650,98.7295 18.9626,98.7315 18.9615,98.7349 18.9598,98.7372 18.9597,98.7405 18.9592,98.7434 18.9567,98.7447 18.9549,98.7471 18.9546,98.7479
ชม.4021	r	18.9155,98.7217 18.9153,98.7219
ชม.4043	r	18.9577,98.8160 18.9577,98.8162
ชม.4043	r	18.9518,98.8684 18.9517,98.8686
ชม.4043	r	18.9358,98.8954 18.9341,98.8977 18.9320,98.8995 18.9292,98.9009 18.9273,98.9014
ชม.4043	r	18.9531,98.7540 18.9531,98.7538
ชม.4043	r	18.9577,98.8162 18.9572,98.8191 18.9577,98.8220 18.9569,98.8248 18.9579,98.8275 18.9583,98.8304 18.9594,98.8334 18.9591,98.8363 18.9581,98.8390 18.9570,98.8417 18.9577,98.8446 18.9580,98.8475 18.9600,98.8496 18.9622,98.8513 18.9623,98.8518
ลพ.1101	r	18.6279,98.9757 18.6254,98.9785 18.6245,98.9814 18.6231,98.9810
ลป.3022	r	18.9887,99.6306 18.9892,99.6344 18.9885,99.6380 18.9883,99.6410 18.9884,99.6449 18.9903,99.6476 18.9921,99.6498 18.9930,99.6526 18.9933,99.6558 18.9939,99.6595 18.9938,99.6627 18.9937,99.6643
ลป.4017	r	18.9910,99.6216 18.9908,99.6205
ลป.4017	r	18.9908,99.6205 18.9893,99.6177 18.9891,99.6162
ลป.4329	r	18.8191,99.4455 18.8187,99.4425 18.8182,99.4399
ชม.5080	r	18.8670,99.3251 18.8675,99.3223 18.8676,99.3220
ชม.5073	r	18.8677,99.3262 18.8680,99.3267
ชม.5080	r	18.8672,99.3253 18.8670,99.3251
ชม.5080	r	18.8676,99.3220 18.8678,99.3217
ชม.5080	r	18.8678,99.3217 18.8691,99.3191 18.8685,99.3162 18.8674,99.3132 18.8673,99.3103 18.8673,99.3074 18.8651,99.3056 18.8646,99.3051
ชม.5080	r	18.8628,99.2992 18.8630,99.2955 18.8636,99.2925 18.8640,99.2893 18.8634,99.2864 18.8635,99.2835 18.8625,99.2808 18.8606,99.2783 18.8598,99.2756 18.8598,99.2755
ชม.4063	r	18.9030,99.2871 18.9023,99.2840 18.9031,99.2812 18.9035,99.2783 18.9017,99.2761 18.8990,99.2748 18.8990,99.2716 18.8976,99.2691 18.8971,99.2660 18.8957,99.2633 18.8957,99.2617
ชม.5073	r	18.8837,99.3598 18.8856,99.3577 18.8883,99.3569 18.8895,99.3543 18.8909,99.3518 18.8926,99.3493 18.8949,99.3508 18.8965,99.3532 18.8978,99.3557 18.9002,99.3572 18.9018,99.3595 18.9020,99.3601
ชม.5073	r	18.8799,99.3468 18.8800,99.3468
ชม.5073	r	18.8802,99.3481 18.8802,99.3482
ชม.5073	r	18.8811,99.3500 18.8822,99.3529 18.8826,99.3558 18.8826,99.3558
ชม.5073	r	18.8773,99.3388 18.8766,99.3417 18.8788,99.3439 18.8798,99.3467 18.8799,99.3468
ชม.5073	r	18.8800,99.3468 18.8802,99.3481
ชม.5073	r	18.8680,99.3267 18.8681,99.3270
ชม.5073	r	18.8773,99.3384 18.8773,99.3388
ชม.5073	r	18.8681,99.3270 18.8690,99.3298 18.8709,99.3319 18.8733,99.3338 18.8755,99.3356 18.8771,99.3381 18.8773,99.3384
ชม.7094	r	18.4293,98.5045 18.4303,98.5057
ลพ.3002	r	18.5093,98.9766 18.5101,98.9739 18.5108,98.9709 18.5118,98.9668 18.5120,98.9640
ชม.3023	r	19.9037,99.2145 19.9037,99.2141
ชม.3023	r	19.9086,99.2201 19.9089,99.2197
ชม.3023	r	19.9089,99.2197 19.9108,99.2176 19.9138,99.2172 19.9158,99.2145 19.9166,99.2117 19.9170,99.2111
ชม.2116	r	18.7086,98.9021 18.7061,98.9002 18.7035,98.8987 18.7011,98.8970 18.6986,98.8952 18.6965,98.8929 18.6942,98.8903 18.6921,98.8880 18.6902,98.8858 18.6878,98.8843
ชม.4037	r	18.7182,98.8440 18.7183,98.8410 18.7206,98.8388 18.7212,98.8360 18.7226,98.8332 18.7246,98.8328
ชม.4037	r	18.6857,98.8972 18.6864,98.8942 18.6861,98.8910 18.6866,98.8880 18.6876,98.8847 18.6878,98.8843
ชม.4037	r	18.7069,98.8585 18.7069,98.8583
ลพ.2005	r	18.5123,99.0778 18.5120,99.0775
ลป.2067	r	18.2999,99.4982 18.3027,99.4975 18.3048,99.4970
ชม.5060	r	19.8872,99.1594 19.8866,99.1564 19.8859,99.1535 19.8859,99.1522
ลป.4033	r	18.3397,99.4874 18.3412,99.4894
ลพ.3002	r	18.5061,98.9753 18.5087,98.9764 18.5093,98.9766
ลพ. 3012	r	18.5467,98.9437 18.5439,98.9434 18.5416,98.9426
ลพ. 3012	r	18.5469,98.9436 18.5467,98.9437
ชร.2021	r	19.8360,99.7099 19.8335,99.7114 19.8313,99.7133 19.8291,99.7156 19.8263,99.7164 19.8219,99.7179 19.8199,99.7201 19.8182,99.7228 19.8174,99.7258 19.8176,99.7286
ชม.3037	r	19.9757,99.1954 19.9780,99.1940 19.9805,99.1925 19.9804,99.1896 19.9817,99.1871 19.9844,99.1864 19.9867,99.1882 19.9894,99.1874 19.9920,99.1865 19.9946,99.1851 19.9968,99.1832 19.9998,99.1823 20.0006,99.1796 20.0027,99.1777 20.0054,99.1774 20.0049,99.1745 20.0042,99.1718 20.0056,99.1693 20.0067,99.1663 20.0084,99.1640 20.0101,99.1616 20.0119,99.1587 20.0143,99.1567 20.0167,99.1555
ชม.3037	r	19.9717,99.1950 19.9744,99.1957 19.9757,99.1954
ชม.3004	r	19.8323,99.1380 19.8325,99.1411 19.8311,99.1455 19.8317,99.1486 19.8328,99.1515 19.8357,99.1518 19.8367,99.1491 19.8386,99.1471 19.8403,99.1447 19.8426,99.1427 19.8452,99.1406 19.8486,99.1400 19.8513,99.1392 19.8536,99.1375 19.8570,99.1361 19.8596,99.1370 19.8599,99.1399 19.8577,99.1420 19.8550,99.1454 19.8543,99.1482 19.8545,99.1525 19.8549,99.1555 19.8556,99.1587 19.8569,99.1618 19.8587,99.1641 19.8595,99.1674 19.8585,99.1701 19.8577,99.1729 19.8565,99.1754
มส.3007	r	18.8290,97.9329 18.8261,97.9311 18.8236,97.9298 18.8220,97.9274 18.8218,97.9272
ชม.4339	r	18.4958,98.3732 18.4954,98.3764 18.4942,98.3790 18.4964,98.3812 18.4988,98.3829 18.5013,98.3842 18.5039,98.3834 18.5066,98.3839 18.5096,98.3846 18.5120,98.3866 18.5143,98.3883 18.5160,98.3906 18.5173,98.3931 18.5182,98.3962 18.5205,98.3978 18.5236,98.3977 18.5263,98.3981 18.5266,98.3952 18.5265,98.3946
มส.4009	r	18.8570,98.0777 18.8571,98.0778
มส.4009	r	18.9346,98.0744 18.9345,98.0743
มส.4009	r	18.8320,98.0453 18.8320,98.0455
มส.4009	r	18.8320,98.0455 18.8309,98.0481 18.8320,98.0508 18.8339,98.0531 18.8368,98.0554 18.8380,98.0585 18.8405,98.0614 18.8429,98.0638 18.8450,98.0662 18.8469,98.0689 18.8496,98.0694 18.8526,98.0699 18.8534,98.0730 18.8546,98.0757 18.8568,98.0775 18.8570,98.0777
มส.4009	r	18.9345,98.0743 18.9319,98.0755 18.9298,98.0775 18.9285,98.0801 18.9277,98.0830 18.9253,98.0848 18.9233,98.0855
มส.4015	r	19.5547,98.1178 19.5577,98.1175 19.5604,98.1164 19.5632,98.1148 19.5652,98.1173 19.5688,98.1168 19.5706,98.1142 19.5733,98.1148 19.5762,98.1143 19.5789,98.1147 19.5811,98.1128 19.5838,98.1129 19.5857,98.1150 19.5880,98.1132 19.5910,98.1132 19.5936,98.1126 19.5957,98.1108 19.5983,98.1097 19.6012,98.1087 19.6040,98.1070 19.6067,98.1064 19.6095,98.1060 19.6111,98.1036 19.6139,98.1028 19.6167,98.1025 19.6203,98.1029 19.6232,98.1022 19.6254,98.1003 19.6261,98.1002
มส.4001	r	19.3780,97.9591 19.3778,97.9582
มส.4001	r	19.3778,97.9582 19.3784,97.9574
มส.4014	r	19.5187,98.2627 19.5189,98.2629
มส.4014	r	19.5189,98.2629 19.5214,98.2645 19.5237,98.2660 19.5258,98.2680 19.5270,98.2708 19.5298,98.2704 19.5326,98.2700 19.5340,98.2697
พย.ถ1-0030	r	19.3613,99.7506 19.3603,99.7533 19.3609,99.7563 19.3608,99.7592 19.3587,99.7612 19.3579,99.7641 19.3572,99.7671 19.3571,99.7700 19.3577,99.7733 19.3580,99.7763 19.3584,99.7791 19.3571,99.7836 19.3557,99.7861 19.3553,99.7894 19.3541,99.7927 19.3544,99.7956 19.3538,99.7985 19.3543,99.8012
ลป.4015	r	19.3167,99.6417 19.3182,99.6452 19.3188,99.6461
ลป.4015	r	19.3188,99.6461 19.3191,99.6464
ลป.4015	r	19.3190,99.6503 19.3188,99.6506
ลป.4015	r	19.3178,99.6514 19.3175,99.6515
ลป.4015	r	19.3168,99.6415 19.3167,99.6417
ลป.4015	r	19.2900,99.6327 19.2920,99.6348 19.2935,99.6375 19.2962,99.6371 19.2996,99.6370 19.3029,99.6378 19.3056,99.6380 19.3086,99.6374 19.3116,99.6375 19.3145,99.6394 19.3168,99.6410 19.3168,99.6415
ลป.4015	r	19.3175,99.6515 19.3163,99.6545 19.3186,99.6576 19.3184,99.6610
ลป.4015	r	19.3188,99.6506 19.3178,99.6514
ลป.4015	r	19.3191,99.6464 19.3192,99.6495 19.3190,99.6503
ชร.1056	r	19.5901,99.7091 19.5901,99.7129 19.5904,99.7158 19.5910,99.7212 19.5918,99.7279 19.5922,99.7317 19.5914,99.7358 19.5903,99.7404 19.5889,99.7461
ลพ.2037	r	18.5066,99.1141 18.5031,99.1139 18.5012,99.1101 18.4998,99.1068 18.4959,99.1069 18.4918,99.1027 18.4933,99.0993 18.4958,99.0977 18.4980,99.0956 18.5003,99.0930 18.5022,99.0909 18.5027,99.0878 18.5046,99.0856 18.5072,99.0832 18.5091,99.0811 18.5112,99.0786 18.5123,99.0778
นน.ถ1-0053	r	19.1767,100.8374 19.1743,100.8360 19.1733,100.8350
ลป.4033	r	18.3668,99.4682 18.3718,99.4675 18.3742,99.4621 18.3761,99.4596 18.3783,99.4586
พย.4013	r	19.2713,100.0452 19.2667,100.0508 19.2644,100.0526 19.2618,100.0536 19.2583,100.0525 19.2554,100.0526 19.2482,100.0540 19.2451,100.0545 19.2421,100.0558 19.2382,100.0575 19.2333,100.0596 19.2305,100.0606 19.2264,100.0609 19.2232,100.0611 19.2195,100.0613 19.2136,100.0617 19.2105,100.0619 19.2071,100.0621 19.2031,100.0623 19.2003,100.0625 19.1963,100.0628 19.1929,100.0630 19.1895,100.0632 19.1847,100.0635 19.1789,100.0638 19.1761,100.0640 19.1734,100.0642 19.1686,100.0645 19.1647,100.0648 19.1620,100.0649 19.1585,100.0651 19.1551,100.0653 19.1489,100.0657 19.1437,100.0660 19.1397,100.0663 19.1326,100.0667 19.1272,100.0670 19.1227,100.0673 19.1189,100.0676 19.1153,100.0678 19.1090,100.0682 19.1043,100.0685 19.1009,100.0687 19.0979,100.0688 19.0953,100.0680 19.0950,100.0679
พย.4008	r	19.1726,100.0403 19.1733,100.0433 19.1732,100.0463 19.1727,100.0524 19.1734,100.0565 19.1746,100.0594 19.1758,100.0627 19.1761,100.0640
นน.3077	r	19.1798,100.7701 19.1797,100.7731
นน.3077	r	19.1794,100.7694 19.1798,100.7701
นน.4011	r	19.2305,100.7543 19.2334,100.7548 19.2343,100.7552
นน.4011	r	19.2303,100.7536 19.2305,100.7543
พย.4026	r	19.2010,99.9417 19.2017,99.9385 19.2025,99.9357 19.2047,99.9338 19.2073,99.9318 19.2108,99.9312 19.2128,99.9291 19.2142,99.9256 19.2170,99.9254 19.2193,99.9233 19.2198,99.9195
พย.4026	r	19.2268,99.9136 19.2249,99.9158 19.2229,99.9187 19.2198,99.9195
พย.4017	r	19.1469,100.0009 19.1464,100.0039 19.1463,100.0079 19.1470,100.0111 19.1447,100.0127 19.1420,100.0131 19.1393,100.0147 19.1365,100.0162
ลป.2020	r	18.2330,99.3607 18.2346,99.3649 18.2355,99.3677 18.2391,99.3693 18.2419,99.3694 18.2448,99.3692 18.2509,99.3662 18.2525,99.3705 18.2569,99.3708 18.2625,99.3717 18.2659,99.3711 18.2686,99.3712 18.2732,99.3714 18.2786,99.3716 18.2815,99.3698 18.2842,99.3681 18.2876,99.3658 18.2904,99.3639 18.2910,99.3601 18.2938,99.3602 18.2949,99.3573 18.2976,99.3576 18.2998,99.3532 18.3002,99.3500 18.3006,99.3471 18.3010,99.3438 18.3008,99.3409 18.3018,99.3376 18.3020,99.3345 18.3040,99.3313 18.3050,99.3283 18.3061,99.3257 18.3091,99.3252 18.3165,99.3247 18.3198,99.3239 18.3201,99.3239
ลป.2027	r	18.2143,99.3392 18.2169,99.3409 18.2188,99.3430 18.2209,99.3461 18.2231,99.3488 18.2259,99.3515 18.2263,99.3517
ลป.2027	r	18.2740,99.3435 18.2739,99.3399 18.2736,99.3366 18.2738,99.3333 18.2742,99.3299 18.2751,99.3257 18.2791,99.3263 18.2853,99.3275 18.2889,99.3283 18.2940,99.3293 18.3040,99.3313
พย.3120	r	19.1039,99.9655 19.1074,99.9665 19.1141,99.9665 19.1204,99.9654 19.1233,99.9650 19.1253,99.9637
ลป.2027	r	18.3109,99.3295 18.3143,99.3299 18.3176,99.3285 18.3202,99.3271 18.3204,99.3270
ลป.2027	r	18.3040,99.3313 18.3066,99.3304 18.3108,99.3288 18.3109,99.3288
ลป.2027	r	18.3109,99.3288 18.3109,99.3295
นน.4022	r	19.1361,100.7883 19.1349,100.7916 19.1326,100.7932 19.1333,100.7961 19.1337,100.7971
ชม.4051	r	18.9284,98.8236 18.9277,98.8209 18.9301,98.8193 18.9314,98.8166 18.9339,98.8155 18.9357,98.8155
ชม.4051	r	18.9357,98.8155 18.9353,98.8126 18.9328,98.8114 18.9326,98.8085 18.9354,98.8084 18.9377,98.8068 18.9388,98.8041 18.9414,98.8029 18.9416,98.7999 18.9421,98.7971 18.9446,98.7959 18.9472,98.7951 18.9491,98.7930 18.9515,98.7916 18.9543,98.7931 18.9546,98.7949
ลพ.3036	r	18.4377,98.9764 18.4352,98.9728 18.4336,98.9702 18.4314,98.9671 18.4298,98.9647 18.4303,98.9624
ลพ.3036	r	18.4484,98.9775 18.4511,98.9762 18.4544,98.9758 18.4572,98.9758 18.4599,98.9766 18.4609,98.9759
ลพ.3046	r	18.5487,98.9342 18.5460,98.9332 18.5440,98.9353 18.5431,98.9382 18.5430,98.9395
นน.4007	r	19.0961,100.8029 19.0963,100.8022
นน.4007	r	19.0963,100.8022 19.0943,100.8001 19.0923,100.7978 19.0916,100.7949 19.0909,100.7904 19.0897,100.7876 19.0897,100.7870
ชม.4091	r	18.7164,99.0395 18.7147,99.0372 18.7135,99.0356
ชม.3044	r	18.8860,99.1544 18.8863,99.1543
ชม.3044	r	18.9169,99.1478 18.9192,99.1459 18.9214,99.1441 18.9244,99.1435 18.9278,99.1430 18.9314,99.1425 18.9351,99.1402 18.9367,99.1388
ลป.4034	r	18.2846,99.5160 18.2846,99.5192 18.2830,99.5219 18.2840,99.5247 18.2846,99.5277 18.2850,99.5306 18.2880,99.5301 18.2916,99.5276 18.2944,99.5276 18.2970,99.5287 18.2995,99.5309 18.3040,99.5332 18.3058,99.5357 18.3087,99.5373 18.3095,99.5402 18.3125,99.5432 18.3155,99.5438 18.3176,99.5467 18.3202,99.5520 18.3238,99.5520 18.3266,99.5526 18.3292,99.5546
พร.6019	r	18.0470,100.0793 18.0441,100.0799
ลป.5006	r	17.9429,99.3433 17.9430,99.3403 17.9425,99.3372 17.9425,99.3343 17.9431,99.3307 17.9452,99.3268 17.9465,99.3238 17.9473,99.3208 17.9478,99.3179 17.9499,99.3157 17.9531,99.3146 17.9562,99.3133 17.9645,99.3120 17.9690,99.3112 17.9724,99.3092 17.9754,99.3086 17.9788,99.3099 17.9834,99.3079 17.9866,99.3090 17.9893,99.3097 17.9931,99.3120 17.9957,99.3137 18.0001,99.3141 18.0049,99.3149 18.0079,99.3165 18.0113,99.3171 18.0138,99.3183 18.0172,99.3198 18.0178,99.3199
ลป.5006	r	18.0704,99.3231 18.0710,99.3222
ลป.5006	r	18.0710,99.3222 18.0744,99.3209 18.0771,99.3195 18.0824,99.3228 18.0845,99.3247 18.0872,99.3272 18.0900,99.3298 18.0948,99.3343 18.0961,99.3370 18.0950,99.3399 18.0964,99.3412
ชม.4043	r	18.9680,98.7261 18.9683,98.7231 18.9688,98.7199 18.9670,98.7173 18.9659,98.7163
ชม.4043	r	18.9531,98.7538 18.9532,98.7537
ชม.4043	r	18.9532,98.7537 18.9552,98.7518 18.9555,98.7513
ชม.4043	r	18.9748,98.6843 18.9750,98.6834
ชม.4043	r	18.9748,98.6845 18.9748,98.6843
ชม.4043	r	18.8898,98.6813 18.8897,98.6810
ชม.4043	r	18.8897,98.6810 18.8888,98.6800
พร.5031	r	18.3690,100.1773 18.3674,100.1797 18.3646,100.1801 18.3619,100.1794 18.3591,100.1797 18.3565,100.1779 18.3536,100.1768 18.3509,100.1766 18.3482,100.1761 18.3455,100.1768 18.3426,100.1763 18.3405,100.1742 18.3375,100.1722 18.3338,100.1702 18.3309,100.1688 18.3284,100.1672 18.3253,100.1656 18.3219,100.1647 18.3192,100.1647
พย.ถ13-001	r	19.2343,99.7671 19.2326,99.7651
พย.ถ13-001	r	19.2325,99.7649 19.2313,99.7622 19.2303,99.7592 19.2309,99.7563 19.2298,99.7533 19.2292,99.7502 19.2293,99.7468 19.2276,99.7438 19.2250,99.7421 19.2229,99.7400 19.2208,99.7373 19.2178,99.7380
พย.ถ13-001	r	19.2326,99.7651 19.2325,99.7649
พย.ถ13-001	r	19.2172,99.8335 19.2176,99.8307 19.2183,99.8277 19.2185,99.8247 19.2185,99.8207 19.2187,99.8163 19.2191,99.8133 19.2216,99.8116 19.2226,99.8088 19.2225,99.8058 19.2225,99.8017 19.2253,99.7992 19.2266,99.7956 19.2285,99.7912 19.2297,99.7885 19.2301,99.7844 19.2298,99.7802 19.2305,99.7771 19.2314,99.7734 19.2325,99.7707 19.2339,99.7678 19.2343,99.7671
ลพ.5127	r	18.7162,99.2341 18.7163,99.2345
ลพ.5127	r	18.7163,99.2345 18.7165,99.2359
ลพ.3054	r	18.4975,98.9440 18.4978,98.9425
นน.3057	r	19.1733,100.8350 19.1707,100.8346
มส.4006	r	19.2037,98.3732 19.2052,98.3708 19.2084,98.3706 19.2118,98.3689 19.2141,98.3673 19.2142,98.3673
มส.4006	r	19.2206,98.3310 19.2200,98.3326
มส.4006	r	18.3439,98.0803 18.3462,98.0821 18.3487,98.0834 18.3501,98.0859 18.3513,98.0885 18.3529,98.0911 18.3507,98.0928 18.3480,98.0933 18.3479,98.0968 18.3462,98.0997 18.3442,98.1021 18.3428,98.1046 18.3433,98.1079 18.3440,98.1105
ลป.4129	r	18.3040,99.4274 18.3014,99.4266 18.2988,99.4250 18.2965,99.4223 18.2940,99.4201
พร.4010	r	18.1288,100.2059 18.1279,100.2032 18.1270,100.2001 18.1273,100.1972 18.1274,100.1941 18.1266,100.1913 18.1271,100.1882 18.1289,100.1859 18.1289,100.1858
พร.4010	r	18.1289,100.1858 18.1283,100.1817 18.1274,100.1794
พร.4010	r	18.1274,100.1791 18.1255,100.1767 18.1247,100.1738 18.1236,100.1710 18.1226,100.1683 18.1223,100.1672
ลป.4071	r	18.7573,99.9780 18.7587,99.9809 18.7605,99.9842 18.7604,99.9873 18.7614,99.9900 18.7619,99.9920
ชม.3013	r	19.8277,99.1696 19.8260,99.1727 19.8253,99.1742
ลพ.2005	r	18.5120,99.0775 18.5117,99.0772
ลพ.2005	r	18.4952,99.0762 18.4939,99.0735 18.4922,99.0712 18.4900,99.0677 18.4872,99.0680 18.4872,99.0680
ลพ.3014	r	17.8708,98.9682 17.8685,98.9665 17.8675,98.9635 17.8679,98.9604 17.8693,98.9578 17.8687,98.9545 17.8677,98.9502 17.8671,98.9473 17.8661,98.9431 17.8654,98.9398 17.8648,98.9369 17.8642,98.9337 17.8631,98.9305 17.8629,98.9295
ลพ.3014	r	17.8627,98.9291 17.8623,98.9279
ลพ.3017	r	17.7222,98.9714 17.7228,98.9679 17.7233,98.9619 17.7252,98.9571
ลพ.4024	r	17.6916,98.9845 17.6916,98.9810 17.6903,98.9785 17.6880,98.9764 17.6871,98.9737 17.6862,98.9707 17.6850,98.9678 17.6846,98.9648 17.6852,98.9610 17.6850,98.9581 17.6847,98.9552 17.6853,98.9522 17.6867,98.9495 17.6892,98.9472 17.6918,98.9459 17.6950,98.9445 17.6977,98.9443 17.7007,98.9453 17.7029,98.9471 17.7032,98.9501 17.7028,98.9530
ลพ.3028	r	17.7305,98.9550 17.7308,98.9515 17.7311,98.9481 17.7315,98.9443 17.7318,98.9412 17.7333,98.9382 17.7366,98.9321
ลพ.3003	r	18.4238,98.6971 18.4242,98.6923 18.4242,98.6881 18.4243,98.6851 18.4243,98.6809 18.4243,98.6796
ชร.4021	r	19.9593,100.3067 19.9581,100.3094 19.9582,100.3128 19.9581,100.3147
ชร.4027	r	20.0676,100.3041 20.0680,100.3072 20.0664,100.3098 20.0652,100.3128 20.0639,100.3160 20.0620,100.3185 20.0608,100.3213 20.0592,100.3249 20.0574,100.3292 20.0551,100.3315 20.0533,100.3339 20.0552,100.3359 20.0574,100.3378 20.0598,100.3392 20.0587,100.3467 20.0564,100.3485 20.0538,100.3501 20.0501,100.3517 20.0481,100.3540 20.0457,100.3558 20.0434,100.3584
ชร.4013	r	19.9237,99.8986 19.9240,99.8989
ชร.4013	r	19.9240,99.8989 19.9270,99.9014 19.9287,99.9038 19.9298,99.9064 19.9323,99.9085 19.9348,99.9122 19.9361,99.9153 19.9390,99.9181 19.9419,99.9193 19.9440,99.9216 19.9445,99.9245 19.9449,99.9276 19.9456,99.9306 19.9484,99.9323 19.9511,99.9339 19.9534,99.9356 19.9554,99.9384 19.9574,99.9416 19.9585,99.9443 19.9596,99.9475 19.9589,99.9502 19.9601,99.9534
ชม.3024	r	19.3883,98.9301 19.3881,98.9301
ชม.3024	r	19.3773,98.9462 19.3779,98.9452
ชม.3024	r	19.3906,98.9298 19.3905,98.9298
ชม.3024	r	19.3853,98.9328 19.3852,98.9358 19.3841,98.9384 19.3836,98.9413 19.3813,98.9432 19.3785,98.9442 19.3779,98.9452
ชม.3024	r	19.3905,98.9298 19.3883,98.9301
ชม.5089	r	18.6375,98.6372 18.6361,98.6347 18.6346,98.6321 18.6332,98.6294 18.6315,98.6270 18.6306,98.6242 18.6294,98.6215 18.6276,98.6194 18.6257,98.6165 18.6230,98.6150 18.6220,98.6122 18.6207,98.6093 18.6188,98.6070 18.6163,98.6080 18.6135,98.6083 18.6114,98.6114 18.6087,98.6110 18.6062,98.6096 18.6034,98.6081 18.6016,98.6063
ตก.7054	r	17.3669,98.4853 17.3695,98.4863 17.3699,98.4869
ตก.7054	r	17.3627,98.4785 17.3599,98.4773 17.3570,98.4773 17.3544,98.4783 17.3519,98.4794 17.3493,98.4802 17.3482,98.4774 17.3466,98.4750 17.3469,98.4721 17.3469,98.4692 17.3454,98.4665 17.3432,98.4649 17.3406,98.4634 17.3375,98.4626 17.3352,98.4608 17.3341,98.4582 17.3312,98.4574 17.3289,98.4558 17.3307,98.4537 17.3311,98.4508 17.3305,98.4479 17.3303,98.4450 17.3295,98.4421 17.3298,98.4392 17.3282,98.4368 17.3260,98.4348 17.3255,98.4319 17.3224,98.4316 17.3197,98.4316 17.3167,98.4317 17.3160,98.4288 17.3157,98.4259 17.3134,98.4240 17.3117,98.4217 17.3106,98.4214
มส.3017	r	17.8672,97.9651 17.8683,97.9680 17.8674,97.9707 17.8656,97.9730 17.8630,97.9739 17.8608,97.9721 17.8580,97.9722 17.8562,97.9700 17.8533,97.9706 17.8504,97.9710 17.8502,97.9739 17.8479,97.9755 17.8453,97.9769 17.8430,97.9787 17.8411,97.9808 17.8386,97.9826 17.8359,97.9832 17.8331,97.9831 17.8304,97.9824 17.8276,97.9839 17.8254,97.9859 17.8227,97.9862 17.8207,97.9840 17.8184,97.9823 17.8158,97.9815 17.8139,97.9835 17.8121,97.9862 17.8119,97.9865
พร.3091	r	18.2055,100.1932 18.2039,100.1961
พร.4011	r	18.1862,100.1955 18.1836,100.1945 18.1812,100.1930 18.1790,100.1920
พร.4011	r	18.1874,100.1964 18.1874,100.1960
พร.2032	r	18.1431,100.1899 18.1424,100.1937 18.1398,100.1945 18.1391,100.1973 18.1379,100.2000 18.1368,100.2034 18.1368,100.2040
พร.4022	r	18.1198,100.1694 18.1194,100.1724 18.1189,100.1758 18.1185,100.1789 18.1186,100.1792
พร.4022	r	18.1188,100.1796 18.1185,100.1827 18.1201,100.1852 18.1218,100.1877 18.1243,100.1890 18.1269,100.1879 18.1271,100.1878
พร.2009	r	18.0696,100.1488 18.0685,100.1457 18.0667,100.1430 18.0648,100.1410 18.0642,100.1377 18.0635,100.1347 18.0639,100.1313 18.0640,100.1284 18.0656,100.1257 18.0661,100.1229 18.0667,100.1201 18.0667,100.1196
ชม.4040	r	18.7858,99.2491 18.7853,99.2522 18.7860,99.2532
ชร.3037	r	19.9300,99.4901 19.9303,99.4901
ชร.3037	r	19.9303,99.4901 19.9329,99.4887 19.9351,99.4869 19.9381,99.4874 19.9408,99.4881 19.9413,99.4918 19.9436,99.4936 19.9467,99.4938 19.9496,99.4944 19.9524,99.4957 19.9544,99.4976 19.9571,99.4984 19.9599,99.4980 19.9626,99.4995 19.9655,99.5003 19.9684,99.5002 19.9708,99.4987 19.9732,99.4970 19.9755,99.4986 19.9763,99.5020 19.9779,99.5044 19.9796,99.5066 19.9818,99.5085 19.9837,99.5107 19.9869,99.5109 19.9902,99.5106 19.9911,99.5079 19.9941,99.5077 19.9973,99.5069 20.0000,99.5082 20.0030,99.5083 20.0062,99.5066 20.0091,99.5057 20.0097,99.5029 20.0098,99.5016
ชร.3037	r	19.9987,99.2558 19.9996,99.2528 19.9995,99.2495 20.0002,99.2466 20.0008,99.2438 20.0022,99.2406
ชม.3004	r	19.8144,99.1663 19.8155,99.1637 19.8168,99.1604 19.8184,99.1577 19.8206,99.1556 19.8228,99.1537 19.8252,99.1509 19.8262,99.1475 19.8276,99.1449 19.8287,99.1421 19.8303,99.1398 19.8323,99.1380
ชม.4039	r	18.8692,99.1380 18.8665,99.1398 18.8646,99.1419 18.8644,99.1436
นน.3026	r	18.6451,100.7747 18.6447,100.7781 18.6449,100.7811 18.6438,100.7841 18.6448,100.7876 18.6470,100.7902 18.6492,100.7929 18.6499,100.7959 18.6523,100.7981 18.6533,100.8009 18.6523,100.8091
4020	r	18.5891,100.8531 18.5881,100.8560 18.5829,100.8585 18.5801,100.8606 18.5775,100.8618 18.5758,100.8650 18.5727,100.8663 18.5711,100.8697 18.5717,100.8732 18.5721,100.8766 18.5711,100.8800 18.5710,100.8833 18.5714,100.8861 18.5720,100.8891 18.5734,100.8919 18.5730,100.8953 18.5740,100.8986 18.5742,100.9019 18.5724,100.9045 18.5709,100.9076 18.5705,100.9106 18.5719,100.9142 18.5727,100.9170 18.5743,100.9201 18.5733,100.9229 18.5725,100.9257 18.5720,100.9268
นน.4020	r	18.5891,100.8528 18.5891,100.8531
นน.4020	r	18.6191,100.8322 18.6188,100.8321
นน.4005	r	18.6622,100.9635 18.6620,100.9635
4005	r	18.6620,100.9635 18.6609,100.9640
นน.3223	r	18.7226,100.8367 18.7208,100.8390 18.7183,100.8408 18.7169,100.8420
1168	r	18.7590,100.7896 18.7618,100.7878 18.7642,100.7860 18.7668,100.7842 18.7702,100.7814 18.7704,100.7814
ชม. 3057	r	18.4006,98.5735 18.4001,98.5706 18.3993,98.5676 18.3981,98.5649 18.3979,98.5620 18.3957,98.5603 18.3962,98.5574 18.3956,98.5543 18.3935,98.5522 18.3912,98.5505 18.3901,98.5479 18.3894,98.5444 18.3889,98.5413 18.3874,98.5381 18.3867,98.5370
ชม. 3057	r	18.3991,98.5980 18.3995,98.5948 18.4001,98.5914 18.4004,98.5885 18.4017,98.5852 18.4027,98.5825 18.4023,98.5795 18.4019,98.5762 18.4006,98.5737 18.4006,98.5735
ชม. 3057	r	18.3785,98.5314 18.3811,98.5332 18.3827,98.5355 18.3853,98.5363 18.3867,98.5370
ชม. 7089	r	18.3865,98.3872 18.3847,98.3897 18.3826,98.3916 18.3806,98.3939 18.3789,98.3962 18.3762,98.3957 18.3748,98.3985 18.3745,98.4016 18.3722,98.4036 18.3701,98.4056 18.3686,98.4080 18.3659,98.4095 18.3637,98.4076 18.3602,98.4084 18.3576,98.4096 18.3550,98.4113 18.3532,98.4145 18.3534,98.4183 18.3548,98.4210 18.3569,98.4231 18.3597,98.4244 18.3610,98.4274 18.3627,98.4296 18.3622,98.4319
มส.ถ1-0001	r	19.0605,97.8822 19.0606,97.8851 19.0612,97.8883 19.0621,97.8913 19.0611,97.8959 19.0603,97.9003 19.0618,97.9027 19.0624,97.9054
มส.ถ1-0001	r	19.0624,97.9054 19.0607,97.9079 19.0592,97.9105 19.0580,97.9136 19.0576,97.9165 19.0615,97.9175 19.0639,97.9193 19.0667,97.9192 19.0689,97.9215 19.0707,97.9236 19.0737,97.9244 19.0762,97.9259 19.0790,97.9260 19.0796,97.9262
มส.ถ1-0001	r	19.0800,97.9264 19.0827,97.9271 19.0829,97.9300 19.0847,97.9322 19.0859,97.9350 19.0847,97.9377 19.0823,97.9398 19.0804,97.9419 19.0777,97.9427 19.0747,97.9431 19.0722,97.9447 19.0699,97.9468 19.0687,97.9494 19.0678,97.9522 19.0657,97.9540 19.0630,97.9553 19.0630,97.9582 19.0624,97.9615
มส.ถ1-0001	r	19.0796,97.9262 19.0800,97.9264
มส.3018	r	19.2274,97.9228 19.2291,97.9205 19.2291,97.9176 19.2272,97.9156 19.2294,97.9136 19.2320,97.9118 19.2316,97.9089 19.2299,97.9054 19.2295,97.9025 19.2318,97.9004 19.2342,97.8991 19.2339,97.8961 19.2341,97.8931 19.2350,97.8897 19.2335,97.8863 19.2315,97.8839 19.2294,97.8817 19.2286,97.8790 19.2273,97.8765 19.2270,97.8737 19.2260,97.8710 19.2255,97.8681 19.2260,97.8651 19.2259,97.8647
มส.ถ1-0001	r	19.0624,97.9615 19.0632,97.9642 19.0654,97.9668 19.0659,97.9703 19.0679,97.9723 19.0697,97.9748 19.0700,97.9777 19.0705,97.9807 19.0693,97.9838 19.0684,97.9865 19.0678,97.9894 19.0679,97.9925 19.0707,97.9936 19.0714,97.9935
มส.7084	r	18.7989,98.1105 18.8017,98.1094 18.8044,98.1082 18.8067,98.1065 18.8093,98.1075 18.8122,98.1078 18.8148,98.1066 18.8161,98.1091 18.8175,98.1116 18.8182,98.1145 18.8200,98.1167 18.8211,98.1197 18.8227,98.1220 18.8242,98.1192 18.8269,98.1195 18.8287,98.1217 18.8305,98.1246 18.8320,98.1270 18.8334,98.1281
ซน.6050	r	18.9999,98.2709 19.0028,98.2696 19.0053,98.2684 19.0074,98.2708 19.0099,98.2728 19.0118,98.2755 19.0125,98.2784 19.0134,98.2811 19.0161,98.2791 19.0186,98.2777 19.0198,98.2768
ซน.6050	r	18.9138,98.1993 18.9167,98.1983 18.9195,98.2007 18.9198,98.2036 18.9192,98.2066 18.9197,98.2095 18.9200,98.2128 18.9197,98.2157 18.9216,98.2180 18.9242,98.2188 18.9270,98.2184 18.9301,98.2187 18.9328,98.2185 18.9355,98.2189 18.9382,98.2198 18.9408,98.2208 18.9434,98.2221 18.9462,98.2217 18.9485,98.2231 18.9500,98.2262 18.9522,98.2282 18.9549,98.2292 18.9576,98.2310 18.9602,98.2322 18.9629,98.2330 18.9656,98.2325 18.9671,98.2361 18.9698,98.2359 18.9717,98.2337 18.9747,98.2335 18.9760,98.2334
ซน.6050	r	19.0198,98.2768 19.0220,98.2745 19.0247,98.2729 19.0266,98.2700 19.0294,98.2687 19.0322,98.2682 19.0348,98.2693 19.0376,98.2693 19.0409,98.2725 19.0410,98.2727
ซน.6050	r	19.0410,98.2727 19.0437,98.2737 19.0464,98.2752 19.0483,98.2770
ชม.5050	r	19.0464,98.2838 19.0482,98.2794 19.0491,98.2781
ชม.5050	r	19.0511,98.2765 19.0491,98.2781
ชม.5050	r	19.0459,98.2847 19.0433,98.2835 19.0406,98.2845 19.0398,98.2816 19.0413,98.2792 19.0405,98.2761 19.0405,98.2733 19.0410,98.2727
ชม.5050	r	19.0491,98.2781 19.0477,98.2810 19.0464,98.2838
ชม.7091	r	19.0984,98.3059 19.0957,98.3060 19.0934,98.3077 19.0906,98.3066 19.0879,98.3048 19.0849,98.3041 19.0821,98.3047 19.0794,98.3048
ชม.7091	r	19.1139,98.3014 19.1165,98.2996 19.1188,98.2975 19.1200,98.2948 19.1201,98.2940
ชม.7091	r	19.0984,98.3059 19.1008,98.3041 19.1037,98.3035 19.1068,98.3020 19.1086,98.3019
ชม.7091	r	19.1094,98.3024 19.1121,98.3023 19.1139,98.3014
ชม.4062	r	18.8127,99.1343 18.8126,99.1346
ชม.4062	r	18.8126,99.1346 18.8109,99.1371 18.8107,99.1399 18.8099,99.1413
ชม.4016	r	20.0243,99.3351 20.0242,99.3380 20.0240,99.3411 20.0239,99.3441 20.0223,99.3465 20.0208,99.3491 20.0215,99.3526 20.0212,99.3537
ชม.7110	r	18.5417,98.5736 18.5445,98.5721 18.5463,98.5696 18.5446,98.5671 18.5448,98.5642 18.5477,98.5629 18.5503,98.5654 18.5532,98.5652 18.5540,98.5650
1168	r	18.7704,100.7814 18.7679,100.7835 18.7655,100.7854 18.7618,100.7880 18.7599,100.7900 18.7605,100.7909
ชม.4049	r	19.2089,99.2004 19.2080,99.1973 19.2072,99.1943 19.2070,99.1913 19.2062,99.1890
ชม.4049	r	19.2089,99.2004 19.2115,99.1988 19.2134,99.1965 19.2162,99.1961 19.2184,99.1974
ชม. 3295	r	19.3008,99.1912 19.3008,99.1890
ชม. 3295	r	19.3071,99.2011 19.3074,99.2009
ชม. 3295	r	19.3037,99.2005 19.3065,99.2001 19.3071,99.2011
ชม. 4290	r	19.3105,99.2032 19.3129,99.2047 19.3142,99.2059
ชม. 3295	r	19.3025,99.1930 19.3035,99.1957 19.3036,99.1986 19.3037,99.2005
ชม.2095	r	19.3474,99.1989 19.3487,99.2022 19.3502,99.2048 19.3507,99.2076 19.3520,99.2105 19.3522,99.2115
ชม.5243	r	19.3522,99.2115 19.3525,99.2143 19.3521,99.2173 19.3533,99.2202 19.3554,99.2225 19.3583,99.2232 19.3608,99.2248 19.3635,99.2257 19.3662,99.2264 19.3672,99.2269
ชม.4049	r	19.3364,99.2278 19.3415,99.2299 19.3452,99.2313 19.3521,99.2341 19.3547,99.2351 19.3577,99.2363 19.3604,99.2374
ลป.4034	r	18.4309,99.6301 18.4275,99.6290 18.4263,99.6258 18.4226,99.6224 18.4182,99.6196 18.4140,99.6197 18.4051,99.6223 18.4005,99.6222 18.3966,99.6189 18.3944,99.6170 18.3903,99.6152 18.3844,99.6103 18.3829,99.6098
ชม.4065	r	18.4981,98.3611 18.5005,98.3580 18.5029,98.3549 18.5030,98.3548
ชม.3038	r	19.1613,99.0304 19.1614,99.0304
ชม.3038	r	19.1614,99.0304 19.1657,99.0318 19.1663,99.0321
นน.2035	r	18.7528,100.8467 18.7523,100.8433 18.7530,100.8399 18.7547,100.8366 18.7566,100.8343 18.7588,100.8296 18.7600,100.8256 18.7613,100.8228 18.7618,100.8198 18.7628,100.8162 18.7629,100.8131 18.7635,100.8103 18.7638,100.8071 18.7644,100.8040 18.7662,100.8014 18.7665,100.8012
ลป.4329	r	18.8212,99.4535 18.8201,99.4508 18.8197,99.4473 18.8191,99.4455
ลป.1-0058	r	18.9766,99.5234 18.9797,99.5248 18.9829,99.5244 18.9832,99.5244
ลป.1-0058	r	18.8923,99.5334 18.8925,99.5330
ลป.1-0058	r	18.9832,99.5244 18.9834,99.5244
ลป.1-0058	r	18.9762,99.5231 18.9766,99.5234
ลป.1-0058	r	18.8925,99.5330 18.8955,99.5314 18.8980,99.5301 18.9011,99.5289 18.9036,99.5276 18.9064,99.5275 18.9084,99.5256 18.9115,99.5236 18.9148,99.5235 18.9178,99.5234 18.9213,99.5227 18.9251,99.5231 18.9279,99.5242 18.9306,99.5238 18.9352,99.5236 18.9379,99.5226 18.9407,99.5226 18.9433,99.5242 18.9463,99.5244 18.9497,99.5244 18.9542,99.5230 18.9570,99.5204 18.9598,99.5198 18.9626,99.5214 18.9655,99.5216 18.9680,99.5207 18.9708,99.5206 18.9737,99.5204 18.9757,99.5227 18.9762,99.5231
ลป.1-0058	r	18.9834,99.5244 18.9858,99.5230 18.9889,99.5220 18.9929,99.5206 18.9954,99.5215
ลป.1-0058	r	18.8241,99.5767 18.8264,99.5751 18.8285,99.5733 18.8308,99.5707 18.8329,99.5684 18.8373,99.5676 18.8400,99.5667 18.8435,99.5665 18.8471,99.5666 18.8498,99.5658 18.8508,99.5628 18.8535,99.5627 18.8568,99.5637 18.8595,99.5618 18.8622,99.5604 18.8645,99.5584 18.8676,99.5571 18.8701,99.5557 18.8717,99.5533 18.8743,99.5524 18.8754,99.5492 18.8768,99.5466 18.8788,99.5444 18.8805,99.5421 18.8826,99.5399 18.8853,99.5395 18.8881,99.5390 18.8890,99.5370
ชม.4079	r	18.8687,98.8524 18.8704,98.8501 18.8730,98.8492 18.8756,98.8483 18.8786,98.8474 18.8813,98.8462 18.8845,98.8462 18.8853,98.8460
ลป.4034	r	18.2844,99.5159 18.2817,99.5144 18.2790,99.5144 18.2763,99.5159 18.2748,99.5133 18.2722,99.5122 18.2695,99.5126 18.2662,99.5100 18.2637,99.5087 18.2552,99.5063 18.2517,99.5053 18.2514,99.5044
ชม.3005	r	18.8988,99.2591 18.9011,99.2572 18.9032,99.2547 18.9054,99.2525 18.9079,99.2512 18.9088,99.2480 18.9083,99.2451 18.9080,99.2425
ชม.3005	r	18.8984,99.2593 18.8988,99.2591
ชม.4067	r	19.0290,98.6052 19.0315,98.6063 19.0313,98.6073
นน.4013	r	18.7873,100.7413 18.7901,100.7415 18.7927,100.7428 18.7954,100.7437 18.7980,100.7444 18.8005,100.7430 18.8032,100.7417 18.8061,100.7400 18.8080,100.7376 18.8105,100.7356 18.8125,100.7333 18.8151,100.7319 18.8179,100.7312 18.8207,100.7321 18.8238,100.7327 18.8267,100.7330 18.8293,100.7338 18.8321,100.7336 18.8346,100.7350 18.8362,100.7374 18.8390,100.7372 18.8407,100.7384
นน.3040	r	18.5411,100.7272 18.5421,100.7225 18.5434,100.7194 18.5439,100.7162 18.5434,100.7130 18.5418,100.7106 18.5423,100.7072 18.5440,100.7024 18.5455,100.7021
ชม.2155	r	18.6989,98.9942 18.7015,98.9952 18.7041,98.9959 18.7059,98.9981 18.7082,98.9998 18.7103,99.0009
ลป.1043	r	18.0230,99.4839 18.0253,99.4855 18.0278,99.4872 18.0291,99.4918 18.0313,99.4937 18.0342,99.4935 18.0376,99.4950 18.0404,99.4952 18.0430,99.4995 18.0434,99.5024 18.0461,99.5033 18.0489,99.5035 18.0521,99.5010 18.0555,99.5003 18.0583,99.4998 18.0597,99.4973 18.0616,99.4949 18.0642,99.4937 18.0670,99.4927 18.0707,99.4924 18.0750,99.4925 18.0780,99.4924 18.0811,99.4922 18.0840,99.4920 18.0868,99.4918 18.0895,99.4909 18.0925,99.4911 18.0953,99.4911 18.0979,99.4924 18.0999,99.4946 18.1023,99.4964 18.1044,99.4995 18.1055,99.5022 18.1074,99.5037
ลป.1003	r	18.1125,99.4907 18.1108,99.4942 18.1094,99.4988 18.1093,99.5016 18.1086,99.5050 18.1069,99.5080 18.1053,99.5103 18.1063,99.5133 18.1088,99.5156 18.1108,99.5178 18.1128,99.5201 18.1139,99.5224
ลป.1043	r	18.1088,99.5035 18.1082,99.5035
ชม.3005	r	18.9166,99.2358 18.9182,99.2356
ชม.3005	r	18.9162,99.2358 18.9166,99.2358
นน.3080	r	18.8366,100.4380 18.8345,100.4379
ชร.02301	r	19.9118,100.0489 19.9081,100.0474 19.9056,100.0484 19.9021,100.0470 19.9012,100.0440 19.8982,100.0426 19.8956,100.0408 19.8932,100.0425 19.8902,100.0423 19.8876,100.0414 19.8849,100.0402 19.8824,100.0414 19.8784,100.0410 19.8758,100.0419 19.8736,100.0440 19.8708,100.0432
ชร.4055	r	19.9458,100.2291 19.9483,100.2280 19.9512,100.2269 19.9538,100.2259 19.9570,100.2264 19.9597,100.2252 19.9637,100.2254 19.9670,100.2263 19.9692,100.2245 19.9708,100.2215 19.9738,100.2209 19.9756,100.2210
พย.3169	r	19.4030,100.1207 19.4013,100.1231 19.4001,100.1259 19.3974,100.1270 19.3945,100.1280 19.3914,100.1288 19.3887,100.1292 19.3859,100.1288 19.3836,100.1316 19.3831,100.1353 19.3834,100.1389 19.3833,100.1425 19.3830,100.1458 19.3841,100.1492 19.3844,100.1541 19.3839,100.1573 19.3831,100.1606 19.3820,100.1640
พย.4068	r	19.5340,100.2465 19.5372,100.2474 19.5396,100.2492 19.5427,100.2479 19.5452,100.2467 19.5481,100.2454 19.5511,100.2435 19.5528,100.2405 19.5535,100.2358 19.5544,100.2330 19.5551,100.2303 19.5567,100.2268 19.5582,100.2240 19.5591,100.2209 19.5612,100.2185 19.5635,100.2167 19.5655,100.2146 19.5671,100.2119 19.5686,100.2094 19.5704,100.2072 19.5728,100.2059 19.5752,100.2039 19.5799,100.2034 19.5829,100.2031 19.5827,100.1977 19.5825,100.1961
พย.1-0012	r	19.6214,100.3473 19.6209,100.3470
พย.1-0012	r	19.6209,100.3470 19.6184,100.3457
พย.4028	r	19.7470,100.1796 19.7464,100.1838 19.7468,100.1871 19.7468,100.1886
พย.4028	r	19.7467,100.1894 19.7464,100.1933 19.7477,100.1961 19.7487,100.1989 19.7484,100.2020 19.7488,100.2069 19.7490,100.2101 19.7498,100.2146 19.7511,100.2173 19.7518,100.2202 19.7518,100.2234 19.7520,100.2264 19.7524,100.2293 19.7524,100.2307
พย.4028	r	19.7480,100.1776 19.7473,100.1790
พย.4028	r	19.7473,100.1790 19.7470,100.1796
พย.4028	r	19.7468,100.1886 19.7467,100.1894
พย.3031	r	19.3103,100.1686 19.3117,100.1711 19.3142,100.1732 19.3176,100.1741 19.3204,100.1737 19.3233,100.1735 19.3258,100.1720 19.3286,100.1710 19.3313,100.1701 19.3342,100.1699 19.3372,100.1698 19.3405,100.1692 19.3424,100.1671 19.3449,100.1650 19.3470,100.1621 19.3479,100.1592 19.3481,100.1561 19.3487,100.1533 19.3502,100.1505 19.3526,100.1492 19.3548,100.1473 19.3578,100.1463 19.3600,100.1454
ชม.5381	r	19.3534,99.2136 19.3564,99.2141 19.3587,99.2157 19.3614,99.2150 19.3641,99.2157
ชม105-005	r	19.3405,99.2161 19.3499,99.2198 19.3537,99.2213 19.3542,99.2212
ชม105-013	r	19.3329,99.2197 19.3339,99.2169 19.3350,99.2139 19.3360,99.2111 19.3370,99.2081 19.3391,99.2022 19.3403,99.1987 19.3415,99.1954
ชม. 4359	r	19.3039,99.1883 19.3066,99.1883 19.3102,99.1872 19.3130,99.1864 19.3147,99.1873
ชม. 4359	r	19.3035,99.1881 19.3006,99.1875 19.2979,99.1877 19.2958,99.1875
ชม. 4359	r	19.3039,99.1883 19.3035,99.1881
ชม.4049	r	19.3604,99.2374 19.3629,99.2384 19.3657,99.2394 19.3666,99.2398
ชม105-005	r	19.3405,99.2161 19.3378,99.2150 19.3350,99.2139
ชม.7086	r	18.5651,98.6351 18.5677,98.6342 18.5694,98.6319 18.5721,98.6322 18.5745,98.6306 18.5773,98.6307 18.5799,98.6318 18.5803,98.6317
ชม.7086	r	18.5806,98.6293 18.5810,98.6264 18.5829,98.6241 18.5830,98.6240
ชม.7086	r	18.5520,98.6394 18.5547,98.6397 18.5577,98.6386 18.5598,98.6366 18.5622,98.6351 18.5651,98.6351
ชม.4024	r	18.4701,98.2197 18.4672,98.2215 18.4646,98.2202 18.4621,98.2189 18.4606,98.2159 18.4576,98.2151 18.4549,98.2148 18.4525,98.2135 18.4538,98.2106 18.4564,98.2099 18.4579,98.2069 18.4598,98.2045 18.4614,98.2018 18.4628,98.1992 18.4635,98.1964 18.4635,98.1931 18.4655,98.1911 18.4659,98.1882 18.4671,98.1855 18.4644,98.1846 18.4619,98.1830 18.4600,98.1806 18.4575,98.1788 18.4574,98.1788
ชม.4024	r	18.4574,98.1788 18.4601,98.1793 18.4628,98.1800 18.4625,98.1768 18.4609,98.1743 18.4589,98.1722 18.4580,98.1693 18.4578,98.1681
ชม.4024	r	18.5091,98.2315 18.5062,98.2310 18.5033,98.2309 18.5010,98.2294 18.4983,98.2282 18.4955,98.2282 18.4928,98.2269 18.4907,98.2250 18.4877,98.2244 18.4847,98.2235 18.4822,98.2225 18.4796,98.2211 18.4761,98.2205 18.4733,98.2200 18.4704,98.2196 18.4701,98.2197
ชม.4024	r	18.4098,98.1283 18.4101,98.1254 18.4107,98.1225 18.4106,98.1220
ชม.4024	r	18.4101,98.1373 18.4103,98.1341 18.4110,98.1311 18.4098,98.1285 18.4098,98.1283
ชม.4024	r	18.4543,98.1631 18.4519,98.1610 18.4522,98.1580 18.4505,98.1555 18.4479,98.1540 18.4475,98.1569 18.4461,98.1544 18.4447,98.1518 18.4428,98.1497 18.4410,98.1474 18.4412,98.1445 18.4392,98.1422 18.4366,98.1419 18.4355,98.1407
มส.4018	r	18.1633,97.9170 18.1653,97.9166
มส.4011	r	18.1595,97.8785 18.1589,97.8757 18.1573,97.8734 18.1564,97.8705 18.1556,97.8677 18.1552,97.8644 18.1566,97.8620 18.1587,97.8598 18.1579,97.8570 18.1582,97.8541 18.1563,97.8518 18.1544,97.8497 18.1527,97.8475 18.1524,97.8444 18.1530,97.8412 18.1544,97.8387 18.1558,97.8362 18.1571,97.8336 18.1567,97.8307 18.1565,97.8276 18.1542,97.8252 18.1514,97.8248 18.1488,97.8257 18.1463,97.8246 18.1439,97.8261 18.1413,97.8273 18.1388,97.8260 18.1388,97.8237
มส.4011	r	18.1634,97.9180 18.1614,97.9156 18.1596,97.9129 18.1601,97.9097 18.1613,97.9070 18.1622,97.9026 18.1614,97.8995 18.1599,97.8967 18.1599,97.8937 18.1617,97.8913 18.1633,97.8888 18.1650,97.8867
มส.4011	r	18.1388,97.8237 18.1393,97.8225
มส.4123	r	18.1620,97.8961 18.1611,97.8987
มส.4136	r	18.3803,97.9366 18.3814,97.9365
มส.4136	r	18.3880,97.9379 18.3848,97.9375 18.3818,97.9366 18.3814,97.9365
มส.3008	r	18.4823,97.9071 18.4838,97.9044 18.4844,97.9015 18.4872,97.9012 18.4899,97.9023 18.4938,97.9025 18.4967,97.9014 18.4988,97.8991 18.5006,97.8967 18.5036,97.8958 18.5064,97.8951 18.5090,97.8942 18.5118,97.8956 18.5144,97.8972 18.5177,97.8964 18.5204,97.8964 18.5231,97.8971 18.5249,97.8944 18.5267,97.8924 18.5296,97.8929 18.5324,97.8930 18.5353,97.8940 18.5363,97.8944
มส.3008	r	18.4802,97.9397 18.4821,97.9373 18.4827,97.9342 18.4831,97.9313 18.4814,97.9289 18.4801,97.9264 18.4790,97.9238 18.4779,97.9212 18.4794,97.9187 18.4786,97.9160 18.4789,97.9131 18.4796,97.9100 18.4804,97.9070 18.4810,97.9063
มส.3008	r	18.4810,97.9063 18.4823,97.9071
มส.3008	r	18.5428,97.8970 18.5431,97.8981
มส.3008	r	18.5365,97.9344 18.5374,97.9313 18.5394,97.9292 18.5376,97.9267 18.5376,97.9233 18.5382,97.9201 18.5408,97.9186 18.5426,97.9164 18.5435,97.9133 18.5425,97.9104 18.5441,97.9080 18.5439,97.9050 18.5433,97.9019 18.5432,97.8988 18.5431,97.8981
มส.3008	r	18.5363,97.8944 18.5390,97.8942 18.5398,97.8970 18.5425,97.8971 18.5428,97.8970
มส.3008	r	18.5365,97.9344 18.5352,97.9355
มส.3007	r	18.8017,97.8976 18.8043,97.8965 18.8063,97.8935 18.8070,97.8906 18.8097,97.8901 18.8125,97.8893 18.8143,97.8869 18.8117,97.8860 18.8087,97.8856 18.8104,97.8833 18.8115,97.8806 18.8096,97.8786 18.8080,97.8761 18.8071,97.8731 18.8099,97.8738 18.8128,97.8754 18.8142,97.8727 18.8157,97.8703 18.8160,97.8673 18.8132,97.8672 18.8113,97.8651 18.8085,97.8646 18.8099,97.8620 18.8109,97.8593 18.8120,97.8567 18.8132,97.8540 18.8131,97.8512 18.8141,97.8483 18.8169,97.8486 18.8197,97.8490 18.8217,97.8467 18.8236,97.8441 18.8251,97.8417 18.8274,97.8396 18.8296,97.8379 18.8321,97.8361
มส.4012	r	19.2708,97.9420 19.2738,97.9433 19.2739,97.9434
มส.4070	r	19.2899,97.9392 19.2906,97.9420 19.2907,97.9449 19.2891,97.9474 19.2872,97.9496 19.2881,97.9527 19.2884,97.9556 19.2885,97.9566
มส.5016	r	19.2973,97.9731 19.2973,97.9731
มส.5016	r	19.3006,97.9727 19.2982,97.9730
มส.5016	r	19.2926,97.9663 19.2926,97.9647
มส.5016	r	19.2947,97.9687 19.2928,97.9666
มส.5016	r	19.2929,97.9665 19.2947,97.9687
มส.5016	r	19.2947,97.9687 19.2969,97.9713 19.2973,97.9731
มส.5016	r	19.2928,97.9666 19.2926,97.9663
มส.5016	r	19.2926,97.9647 19.2927,97.9662
มส.5016	r	19.2973,97.9730 19.2976,97.9730
มส.4056	r	19.3126,97.9569 19.3154,97.9579 19.3182,97.9579 19.3214,97.9574 19.3244,97.9572 19.3274,97.9568 19.3293,97.9567
มส.3021	r	19.3105,97.9499 19.3106,97.9530 19.3122,97.9554 19.3126,97.9569
พย.4031	r	19.5722,100.2857 19.5723,100.2891 19.5724,100.2920 19.5717,100.2938
พย.4025	r	19.5260,100.2845 19.5259,100.2842
พย.3036	r	19.5393,100.2841 19.5365,100.2848 19.5345,100.2873 19.5334,100.2882
พย.3036	r	19.5397,100.2839 19.5423,100.2812 19.5456,100.2807 19.5487,100.2812 19.5514,100.2824 19.5542,100.2854 19.5562,100.2874 19.5592,100.2875 19.5617,100.2886
พย.4025	r	19.5259,100.2842 19.5257,100.2812 19.5254,100.2782 19.5254,100.2753 19.5260,100.2725 19.5263,100.2693 19.5266,100.2663 19.5278,100.2633 19.5288,100.2601 19.5299,100.2570 19.5306,100.2540 19.5321,100.2513 19.5330,100.2484 19.5340,100.2465
พย.4018	r	19.5153,100.2873 19.5139,100.2846 19.5112,100.2825 19.5086,100.2814 19.5057,100.2798 19.5032,100.2784 19.5006,100.2775 19.4979,100.2762 19.4952,100.2758 19.4926,100.2749 19.4908,100.2743
พย.3077	r	19.5169,100.2443 19.5123,100.2459 19.5098,100.2471 19.5093,100.2475
พย.3036	r	19.5618,100.2946 19.5620,100.2913 19.5617,100.2886
พย.3036	r	19.5334,100.2882 19.5349,100.2912
พย.3036	r	19.5614,100.2953 19.5608,100.2979
ชร.71-002	r	19.7283,100.3761 19.7289,100.3747
พย.1-0045	r	19.6468,100.3526 19.6481,100.3497 19.6484,100.3467 19.6478,100.3431 19.6488,100.3402 19.6503,100.3359 19.6476,100.3345 19.6452,100.3329 19.6450,100.3300 19.6439,100.3272 19.6433,100.3236 19.6439,100.3203 19.6426,100.3137 19.6417,100.3092 19.6412,100.3059 19.6411,100.3028 19.6412,100.2998 19.6411,100.2967 19.6396,100.2929
ชร.71-002	r	19.7225,100.3630 19.7208,100.3607 19.7198,100.3579 19.7165,100.3569 19.7140,100.3557 19.7113,100.3549 19.7081,100.3545 19.7049,100.3542 19.7021,100.3544 19.6995,100.3557 19.6968,100.3549 19.6945,100.3564 19.6911,100.3570 19.6884,100.3579 19.6876,100.3580
ชร.71-002	r	19.7289,100.3747 19.7267,100.3731 19.7272,100.3702 19.7261,100.3676 19.7257,100.3666
ชม.4029	r	19.9353,100.5080 19.9362,100.5107 19.9389,100.5112 19.9419,100.5125 19.9448,100.5126 19.9478,100.5112 19.9453,100.5100 19.9427,100.5089 19.9398,100.5076 19.9384,100.5044 19.9397,100.5019 19.9387,100.4992 19.9406,100.4970 19.9411,100.4941 19.9416,100.4911 19.9422,100.4883 19.9449,100.4881 19.9482,100.4884 19.9509,100.4874 19.9532,100.4856 19.9561,100.4856 19.9600,100.4862 19.9628,100.4863 19.9658,100.4873 19.9678,100.4852 19.9695,100.4830 19.9721,100.4840 19.9749,100.4834 19.9771,100.4853 19.9784,100.4822 19.9797,100.4794 19.9806,100.4764 19.9832,100.4743 19.9854,100.4707 19.9874,100.4682 19.9882,100.4670
ชร.4061	r	20.0284,100.4923 20.0300,100.4900 20.0302,100.4897
ชร.4061	r	20.0306,100.4893 20.0289,100.4868 20.0269,100.4847 20.0240,100.4842 20.0221,100.4821 20.0197,100.4803 20.0180,100.4780 20.0162,100.4757 20.0154,100.4728 20.0155,100.4700 20.0156,100.4668 20.0153,100.4657
ชร.4061	r	20.0302,100.4897 20.0306,100.4893
ชร.4007	r	20.3487,100.3516 20.3510,100.3501 20.3520,100.3511
ชร.4007	r	20.3391,100.2370 20.3408,100.2396 20.3421,100.2422 20.3440,100.2444 20.3466,100.2456 20.3486,100.2474 20.3505,100.2496 20.3532,100.2510 20.3561,100.2510 20.3588,100.2510 20.3617,100.2527 20.3645,100.2528 20.3673,100.2530 20.3700,100.2529 20.3704,100.2530
ชร.4007	r	20.3391,100.2370 20.3371,100.2344 20.3330,100.2345 20.3306,100.2328 20.3279,100.2316 20.3251,100.2309 20.3228,100.2292 20.3200,100.2283 20.3173,100.2274 20.3142,100.2271 20.3113,100.2278 20.3105,100.2286
ชร.4007	r	20.3007,100.2274 20.3035,100.2222 20.3041,100.2194 20.3056,100.2168 20.3076,100.2143 20.3090,100.2113 20.3076,100.2088 20.3068,100.2060 20.3055,100.2008 20.3053,100.1982
ลป.1013	r	18.8282,99.9409 18.8280,99.9441 18.8279,99.9447
ชม.5270	r	19.4091,99.2188 19.4059,99.2182 19.4021,99.2174 19.3990,99.2168 19.3963,99.2155 19.3934,99.2133 19.3908,99.2113 19.3878,99.2095 19.3853,99.2082 19.3833,99.2063 19.3827,99.2049
ชม. 2171	r	19.4201,99.2121 19.4177,99.2098 19.4156,99.2080 19.4140,99.2057 19.4114,99.2033 19.4077,99.2017 19.4046,99.1997 19.4028,99.1991
ชร.ถ1-0014	r	19.6137,100.1850 19.6131,100.1876
ชร.1048	r	19.5912,99.7091 19.5913,99.7122 19.5917,99.7155 19.5916,99.7185 19.5921,99.7213 19.5940,99.7235 19.5954,99.7262 19.5936,99.7283 19.5928,99.7321 19.5934,99.7352 19.5932,99.7381 19.5945,99.7408 19.5939,99.7438 19.5926,99.7471
ชร.2029	r	19.5696,99.7082 19.5674,99.7123 19.5655,99.7152 19.5626,99.7200 19.5602,99.7241 19.5586,99.7287 19.5575,99.7320 19.5566,99.7347 19.5555,99.7373 19.5532,99.7398 19.5530,99.7410
ชม. 4093	r	19.1120,99.1796 19.1148,99.1794 19.1185,99.1785 19.1202,99.1777
ชม. 4093	r	19.1197,99.1879 19.1199,99.1850 19.1208,99.1817 19.1217,99.1788 19.1235,99.1765 19.1256,99.1734 19.1276,99.1707 19.1302,99.1690 19.1332,99.1665 19.1334,99.1664
ชม. 4093	r	19.1087,99.1794 19.1068,99.1814 19.1039,99.1813 19.1009,99.1814 19.0977,99.1810 19.0948,99.1821 19.0943,99.1821
ชม. 4093	r	19.0912,99.1816 19.0940,99.1818 19.0943,99.1821
ชม. 4093	r	19.0911,99.1816 19.0907,99.1815
ชม.4049	r	19.2088,99.1791 19.2074,99.1817 19.2078,99.1855 19.2065,99.1885 19.2062,99.1890
ลป.5337	r	17.4791,99.0867 17.4816,99.0878 17.4852,99.0886 17.4885,99.0886 17.4909,99.0890
ลป.5337	r	17.4781,99.0864 17.4785,99.0865
นน.2029	r	18.7433,100.6783 18.7432,100.6751 18.7420,100.6721 18.7425,100.6704
ตก.7054	r	17.2584,98.4230 17.2602,98.4252 17.2618,98.4276 17.2646,98.4276 17.2675,98.4281 17.2701,98.4292 17.2727,98.4300 17.2754,98.4309 17.2783,98.4319 17.2808,98.4335 17.2836,98.4341 17.2825,98.4312 17.2819,98.4283 17.2835,98.4258 17.2857,98.4239 17.2882,98.4228 17.2910,98.4223 17.2937,98.4226 17.2938,98.4226
ซน.6050	r	18.9138,98.1993 18.9121,98.2015 18.9100,98.2036 18.9073,98.2039 18.9046,98.2026 18.9022,98.2043 18.9013,98.2074 18.9002,98.2102 18.8972,98.2113 18.8942,98.2115 18.8920,98.2132 18.8902,98.2161 18.8875,98.2187 18.8856,98.2213 18.8830,98.2227 18.8809,98.2246 18.8779,98.2249 18.8751,98.2244 18.8743,98.2249
ชม.4075	r	19.1127,98.7747 19.1130,98.7776 19.1151,98.7794 19.1144,98.7825 19.1148,98.7842
มส.4006	r	19.2922,98.4418 19.2924,98.4424
มส.4006	r	19.2215,98.3507 19.2210,98.3478 19.2202,98.3451 19.2210,98.3423 19.2214,98.3387 19.2209,98.3352 19.2200,98.3326
มส.4006	r	19.3123,98.4421 19.3092,98.4422 19.3059,98.4424 19.3024,98.4436 19.2994,98.4441 19.2964,98.4441 19.2936,98.4436 19.2924,98.4424
มส.4006	r	19.2165,98.3622 19.2169,98.3593 19.2191,98.3559 19.2204,98.3533 19.2215,98.3507
มส.4006	r	19.2224,98.4229 19.2256,98.4254 19.2274,98.4283 19.2286,98.4309 19.2266,98.4333 19.2246,98.4355 19.2269,98.4370 19.2286,98.4393 19.2306,98.4416 19.2332,98.4429 19.2358,98.4455 19.2381,98.4478 19.2404,98.4494 19.2428,98.4508 19.2456,98.4510 19.2479,98.4528 19.2509,98.4518 19.2535,98.4506 19.2550,98.4476 19.2576,98.4463 19.2603,98.4480 19.2635,98.4472 19.2650,98.4445 19.2640,98.4417 19.2661,98.4393 19.2689,98.4390 19.2709,98.4366 19.2727,98.4343 19.2730,98.4313 19.2737,98.4285 19.2742,98.4254 19.2739,98.4223 19.2768,98.4212 19.2791,98.4229 19.2808,98.4260 19.2822,98.4287 19.2825,98.4316 19.2835,98.4345 19.2853,98.4371 19.2881,98.4390 19.2898,98.4413 19.2922,98.4418
มส.30-001	r	19.4022,98.4494 19.4025,98.4457 19.4015,98.4429 19.3983,98.4429 19.3957,98.4435 19.3929,98.4430 19.3902,98.4428 19.3881,98.4410
ลพ.4066	r	17.8726,98.9885 17.8743,98.9912 17.8769,98.9949 17.8788,98.9985 17.8797,99.0013 17.8812,99.0061 17.8832,99.0092 17.8856,99.0107 17.8886,99.0102 17.8895,99.0132 17.8916,99.0159 17.8931,99.0186 17.8937,99.0204
ลพ.4066	r	17.8937,99.0204 17.8946,99.0231 17.8951,99.0261 17.8973,99.0282 17.8971,99.0312 17.8977,99.0342 17.8958,99.0363 17.8945,99.0393 17.8921,99.0413 17.8897,99.0435 17.8875,99.0452 17.8846,99.0470 17.8817,99.0481 17.8811,99.0513 17.8804,99.0542 17.8792,99.0569 17.8783,99.0571
ลพ.3014	r	17.8708,98.9682 17.8719,98.9711 17.8721,98.9748 17.8729,98.9778 17.8740,98.9806 17.8721,98.9850 17.8726,98.9885
มส.4014	r	19.5007,98.5053 19.4978,98.5054 19.4961,98.5070
มส.4014	r	19.4619,98.4751 19.4600,98.4757
มส.4014	r	19.5064,98.5060 19.5062,98.5059
มส.4014	r	19.5062,98.5059 19.5034,98.5048 19.5010,98.5052
มส.4014	r	19.5114,98.5146 19.5090,98.5132 19.5091,98.5103 19.5099,98.5075 19.5076,98.5060 19.5068,98.5061
มส.4089	r	19.3271,98.4365 19.3284,98.4400 19.3292,98.4427 19.3314,98.4451 19.3316,98.4456
ชม.4065	r	18.5030,98.3548 18.5019,98.3522 18.5001,98.3496 18.5015,98.3471 18.5044,98.3464 18.5057,98.3439 18.5075,98.3417 18.5086,98.3386 18.5110,98.3369 18.5123,98.3336 18.5138,98.3310 18.5168,98.3299 18.5195,98.3292 18.5222,98.3286 18.5249,98.3288 18.5270,98.3269 18.5288,98.3246 18.5277,98.3217 18.5285,98.3187 18.5281,98.3146 18.5269,98.3120 18.5239,98.3113 18.5224,98.3112
ชม.2149	r	18.5030,98.3548 18.5057,98.3538 18.5085,98.3537 18.5110,98.3538
ชม.2149	r	18.5124,98.3548 18.5132,98.3517 18.5160,98.3507 18.5188,98.3513 18.5214,98.3523 18.5250,98.3520 18.5279,98.3514 18.5311,98.3506 18.5339,98.3505 18.5366,98.3493 18.5398,98.3491 18.5423,98.3510 18.5449,98.3521 18.5474,98.3524
ชม.5257	r	18.9131,99.0173 18.9153,99.0219 18.9174,99.0242 18.9201,99.0262 18.9223,99.0298 18.9235,99.0312
ลพ.2001	r	18.5767,99.0941 18.5769,99.0970 18.5775,99.1002 18.5781,99.1035 18.5770,99.1064 18.5763,99.1092 18.5760,99.1133 18.5757,99.1164 18.5756,99.1171
ลป.3011	r	17.6114,99.1508 17.6124,99.1476 17.6136,99.1461
ลป.3198	r	17.5549,99.1792 17.5567,99.1813 17.5577,99.1827
ลป.3198	r	17.5567,99.1837 17.5554,99.1866 17.5544,99.1893 17.5543,99.1923 17.5535,99.1962 17.5520,99.1996 17.5519,99.1999
ลป.4042	r	17.6293,99.1320 17.6319,99.1329 17.6360,99.1328 17.6388,99.1328 17.6416,99.1335 17.6444,99.1336 17.6475,99.1345 17.6506,99.1348 17.6526,99.1329 17.6542,99.1304
ลป.4110	r	17.6393,99.1505 17.6402,99.1533 17.6415,99.1562 17.6425,99.1595 17.6447,99.1619 17.6462,99.1633
ลป.3021	r	17.6578,99.1569 17.6557,99.1591 17.6536,99.1611 17.6525,99.1640 17.6497,99.1646 17.6474,99.1627 17.6471,99.1623
ลป.3021	r	17.6462,99.1633 17.6442,99.1663 17.6428,99.1692 17.6397,99.1738 17.6364,99.1794 17.6345,99.1818 17.6318,99.1831 17.6295,99.1847 17.6256,99.1870 17.6245,99.1879
ลป.4110	r	17.6393,99.1505 17.6401,99.1475 17.6402,99.1441 17.6399,99.1409 17.6401,99.1370 17.6387,99.1328
ลป.3042	r	17.6136,99.1461 17.6162,99.1453 17.6191,99.1441 17.6216,99.1424 17.6234,99.1402 17.6252,99.1369 17.6269,99.1344
1285	r	19.6317,98.0082 19.6344,98.0083 19.6362,98.0068
พร.2017	r	17.9783,99.9268 17.9760,99.9250 17.9737,99.9228 17.9722,99.9221
ลป.1003	r	18.1220,99.4873 18.1245,99.4854 18.1262,99.4825 18.1271,99.4788
ลป.2031	r	18.3554,99.2466 18.3528,99.2483 18.3503,99.2502 18.3487,99.2524
ลป.2031	r	18.3487,99.2524 18.3458,99.2525 18.3433,99.2513 18.3406,99.2500 18.3376,99.2509 18.3349,99.2501 18.3347,99.2500
ลป.4034	r	18.2479,99.4975 18.2449,99.4987 18.2414,99.4987 18.2417,99.4957 18.2391,99.4947 18.2409,99.4924 18.2415,99.4914
ลป.4034	r	18.2482,99.4980 18.2500,99.5008 18.2498,99.5038 18.2513,99.5044
ลป.5024	r	18.8055,99.9173 18.8061,99.9211 18.8063,99.9216
ลป.1013	r	18.7931,99.9226 18.7960,99.9217 18.7988,99.9220 18.8016,99.9225 18.8044,99.9225 18.8069,99.9216 18.8098,99.9237 18.8119,99.9259 18.8149,99.9254 18.8178,99.9250 18.8211,99.9260 18.8215,99.9261
ชม.4063	r	18.9215,99.3318 18.9225,99.3291 18.9223,99.3257 18.9223,99.3250
ชม.4010	r	18.0819,98.5957 18.0844,98.5972 18.0863,98.6000 18.0871,98.6044 18.0867,98.6099 18.0864,98.6137 18.0862,98.6169 18.0859,98.6198 18.0853,98.6236 18.0835,98.6271 18.0820,98.6296 18.0802,98.6320 18.0800,98.6350 18.0790,98.6414 18.0789,98.6429
ลพ.3048	r	17.6919,99.0198 17.6903,99.0173 17.6875,99.0144 17.6851,99.0125 17.6821,99.0117 17.6807,99.0092 17.6827,99.0071 17.6823,99.0041 17.6827,99.0012 17.6834,98.9983 17.6854,98.9950 17.6868,98.9921 17.6885,98.9899 17.6898,98.9870 17.6914,98.9846 17.6940,98.9856 17.6967,98.9852 17.6997,98.9844 17.7026,98.9837 17.7051,98.9822 17.7072,98.9803 17.7093,98.9784 17.7114,98.9764 17.7136,98.9745 17.7160,98.9728 17.7186,98.9716 17.7214,98.9713 17.7244,98.9723 17.7272,98.9727 17.7301,98.9738 17.7333,98.9734 17.7364,98.9720 17.7396,98.9717 17.7427,98.9720 17.7455,98.9724 17.7487,98.9723 17.7517,98.9729 17.7549,98.9727 17.7580,98.9715 17.7607,98.9706 17.7633,98.9693 17.7644,98.9688
ชม.7094	r	18.4946,98.5318 18.4919,98.5322 18.4894,98.5310 18.4867,98.5318 18.4842,98.5306 18.4822,98.5326 18.4810,98.5353 18.4796,98.5377 18.4773,98.5395 18.4753,98.5375 18.4725,98.5381 18.4702,98.5366 18.4682,98.5343 18.4658,98.5328 18.4630,98.5327 18.4603,98.5333 18.4575,98.5352 18.4552,98.5374 18.4544,98.5403 18.4521,98.5388 18.4511,98.5360 18.4498,98.5334 18.4478,98.5315 18.4455,98.5299 18.4427,98.5303 18.4415,98.5277 18.4394,98.5256 18.4368,98.5245 18.4340,98.5243 18.4320,98.5223 18.4293,98.5225 18.4297,98.5196 18.4298,98.5167 18.4287,98.5137 18.4304,98.5115 18.4303,98.5086 18.4303,98.5079
พย.4023	r	19.4484,100.1090 19.4495,100.1050 19.4498,100.1020 19.4488,100.0981 19.4479,100.0951 19.4482,100.0922 19.4464,100.0900 19.4432,100.0903 19.4407,100.0891 19.4385,100.0874 19.4359,100.0861 19.4339,100.0852
พย.4006	r	19.4293,100.0828 19.4293,100.0794 19.4294,100.0764 19.4304,100.0737 19.4297,100.0709 19.4284,100.0683 19.4285,100.0652 19.4287,100.0614 19.4289,100.0580 19.4293,100.0549 19.4294,100.0516 19.4311,100.0492 19.4313,100.0456 19.4318,100.0425 19.4280,100.0414 19.4234,100.0404
ชม.4063	r	18.9227,99.3179 18.9232,99.3151 18.9216,99.3126 18.9189,99.3121 18.9162,99.3114 18.9135,99.3106 18.9117,99.3076 18.9095,99.3046 18.9074,99.3024 18.9063,99.2997 18.9052,99.2970 18.9041,99.2943 18.9027,99.2912 18.9029,99.2879 18.9031,99.2873
ชม.3005	r	18.8909,99.2628 18.8911,99.2628
ชม.3005	r	18.9080,99.2425 18.9081,99.2418
ชม.3005	r	18.8911,99.2628 18.8938,99.2623
ชม.3005	r	18.9081,99.2418 18.9092,99.2391 18.9111,99.2370 18.9142,99.2363 18.9162,99.2358
ลป.4181	r	18.7713,99.4928 18.7721,99.4936
ลป.4181	r	18.7712,99.4926 18.7713,99.4928
ชม.3065	r	18.5161,98.8348 18.5148,98.8383 18.5138,98.8393
ชม.3065	r	18.5161,98.8347 18.5161,98.8348
ชม.3009	r	19.0929,98.8475 19.0929,98.8473
ชม.3009	r	18.9831,98.9149 18.9831,98.9148
ชม.3009	r	19.0929,98.8473 19.0900,98.8489 19.0877,98.8505 19.0856,98.8525 19.0827,98.8536 19.0811,98.8547
ชม.5163	r	18.9611,98.9166 18.9614,98.9150
มส.30-001	r	19.3878,98.4409 19.3859,98.4387 19.3862,98.4357 19.3879,98.4334 19.3905,98.4316 19.3931,98.4298 19.3917,98.4273 19.3873,98.4263 19.3866,98.4260
ชม.4032	r	18.5643,98.9408 18.5646,98.9381
ชม.4032	r	18.5645,98.9379 18.5615,98.9369 18.5584,98.9357 18.5568,98.9353
ชม.4032	r	18.5646,98.9381 18.5645,98.9379
ชม.4032	r	18.5641,98.9411 18.5643,98.9408
ชม. 4054	r	19.0549,98.9420 19.0549,98.9419
ชม.4054	r	19.0549,98.9419 19.0552,98.9390 19.0555,98.9381
ชม.4037	r	18.6902,98.8764 18.6903,98.8763
ชม.4037	r	18.6927,98.8709 18.6944,98.8681 18.6966,98.8661 18.6986,98.8642 18.7008,98.8615 18.7034,98.8603 18.7052,98.8602
ชม.4037	r	18.6903,98.8763 18.6910,98.8734 18.6926,98.8710
ชม.4037	r	18.7052,98.8601 18.7069,98.8585
ชม.5036	r	18.6372,98.8487 18.6397,98.8466 18.6418,98.8452
ชม.5036	r	18.6370,98.8487 18.6372,98.8487
ลป.5006	r	18.0178,99.3199 18.0208,99.3198 18.0237,99.3212 18.0266,99.3232 18.0292,99.3249 18.0324,99.3256 18.0352,99.3262 18.0375,99.3282 18.0411,99.3300 18.0439,99.3308 18.0473,99.3308 18.0541,99.3314 18.0581,99.3310 18.0638,99.3266 18.0664,99.3251 18.0694,99.3237 18.0704,99.3231
ชม.4067	r	18.8761,98.6214 18.8765,98.6215
ชม.4016	r	18.6556,98.6850 18.6557,98.6845
ชม.4016	r	18.6557,98.6845 18.6561,98.6817 18.6557,98.6786 18.6566,98.6755 18.6577,98.6727 18.6583,98.6698 18.6595,98.6671 18.6612,98.6644 18.6615,98.6616 18.6631,98.6592 18.6656,98.6577 18.6684,98.6574 18.6691,98.6576
4301	r	18.5548,98.7955 18.5588,98.7942 18.5626,98.7930 18.5659,98.7920 18.5689,98.7913 18.5699,98.7912
ชม.3065	r	18.5340,98.7973 18.5342,98.8003 18.5350,98.8037 18.5349,98.8077 18.5352,98.8119 18.5355,98.8152 18.5341,98.8178 18.5321,98.8198 18.5293,98.8212 18.5266,98.8228 18.5242,98.8256 18.5228,98.8283 18.5201,98.8295 18.5169,98.8317 18.5161,98.8347
ชม.3018	r	18.5825,98.7968 18.5824,98.7967
ลป.2011	r	18.1306,99.5329 18.1308,99.5320
ลป.2011	r	18.1288,99.6233 18.1259,99.6229 18.1231,99.6236 18.1208,99.6263 18.1180,99.6263 18.1186,99.6233 18.1173,99.6206 18.1185,99.6179 18.1186,99.6145 18.1205,99.6125 18.1206,99.6096 18.1204,99.6067 18.1189,99.6039 18.1185,99.6006 18.1190,99.5976 18.1178,99.5943 18.1161,99.5919 18.1154,99.5890 18.1167,99.5859 18.1180,99.5803 18.1189,99.5759 18.1196,99.5722 18.1209,99.5693 18.1233,99.5671 18.1250,99.5646 18.1269,99.5621 18.1284,99.5594 18.1287,99.5564 18.1291,99.5534 18.1326,99.5464 18.1308,99.5423 18.1295,99.5398 18.1298,99.5369 18.1303,99.5338 18.1306,99.5329
ลป.2011	r	18.1316,99.5310 18.1315,99.5280 18.1318,99.5251 18.1328,99.5222 18.1329,99.5193 18.1350,99.5173 18.1351,99.5171
ลป.4032	r	18.1200,99.5254 18.1226,99.5261 18.1250,99.5276 18.1273,99.5294 18.1300,99.5303 18.1315,99.5309
ลป.2011	r	18.1308,99.5320 18.1315,99.5310
ลป.3094	r	18.1416,99.5220 18.1445,99.5220 18.1471,99.5230 18.1496,99.5241 18.1524,99.5246 18.1543,99.5217 18.1561,99.5179 18.1573,99.5147 18.1585,99.5120 18.1586,99.5091 18.1589,99.5085
ลป.2009	r	18.1741,99.5492 18.1722,99.5470 18.1698,99.5453 18.1675,99.5426 18.1650,99.5409 18.1628,99.5388 18.1612,99.5362 18.1597,99.5336 18.1567,99.5322 18.1538,99.5305
ลป.4220	r	18.1850,99.5604 18.1872,99.5631 18.1901,99.5657 18.1910,99.5687 18.1923,99.5715 18.1950,99.5743 18.1995,99.5768 18.2022,99.5776 18.2054,99.5775 18.2082,99.5778 18.2112,99.5783 18.2139,99.5792 18.2162,99.5814 18.2191,99.5833 18.2221,99.5859 18.2259,99.5883 18.2286,99.5903 18.2274,99.5929 18.2288,99.5947
ลป.1003	r	18.1523,99.4468 18.1550,99.4441 18.1568,99.4419 18.1594,99.4405 18.1630,99.4395 18.1647,99.4371 18.1667,99.4350 18.1692,99.4338 18.1720,99.4317 18.1755,99.4284 18.1780,99.4268 18.1790,99.4239 18.1805,99.4213 18.1845,99.4171 18.1863,99.4132 18.1888,99.4099 18.1902,99.4072 18.1903,99.4070
ลป.3161	r	18.1817,99.4586 18.1819,99.4555 18.1821,99.4526 18.1832,99.4481 18.1838,99.4453 18.1850,99.4427 18.1879,99.4411 18.1893,99.4384 18.1921,99.4340 18.1950,99.4325 18.1977,99.4303 18.1996,99.4275 18.2030,99.4243 18.2061,99.4213 18.2070,99.4204
ลป.1003	r	18.1220,99.4873 18.1204,99.4898 18.1198,99.4922
ลป.1003	r	18.1198,99.4922 18.1147,99.4912 18.1147,99.4912
ลป.1003	r	18.1312,99.5102 18.1286,99.5082 18.1270,99.5059 18.1248,99.5038 18.1225,99.5020 18.1213,99.4992 18.1205,99.4960 18.1205,99.4931 18.1204,99.4923
ชม.4016	r	18.6700,98.6543 18.6713,98.6515 18.6709,98.6484 18.6703,98.6455 18.6702,98.6426 18.6691,98.6400 18.6662,98.6401 18.6645,98.6392
ชม.4016	r	18.6699,98.6547 18.6700,98.6543
ชม.7091	r	19.0778,98.3045 19.0751,98.3035 19.0736,98.3042
ชม.5032	r	19.0707,98.2859 19.0689,98.2882 19.0679,98.2910 19.0673,98.2939 19.0671,98.2972 19.0673,98.3002 19.0682,98.3012
ชม.4226	r	19.0126,98.9361 19.0128,98.9390 19.0128,98.9410
ชม.3011	r	19.0139,98.9481 19.0141,98.9510 19.0149,98.9541 19.0128,98.9560 19.0099,98.9580 19.0094,98.9587
ชม.4226	r	19.0128,98.9411 19.0128,98.9412
ชม.4226	r	19.0126,98.9359 19.0126,98.9361
ชม.4034	r	19.0440,98.9777 19.0410,98.9786 19.0378,98.9795 19.0349,98.9801 19.0333,98.9828 19.0328,98.9856 19.0302,98.9844 19.0269,98.9849 19.0243,98.9840 19.0228,98.9865 19.0196,98.9858 19.0166,98.9853 19.0140,98.9842 19.0111,98.9841 19.0083,98.9847 19.0050,98.9840 19.0030,98.9820 19.0001,98.9817 18.9965,98.9812 18.9944,98.9810
ชม.4034	r	19.0441,98.9775 19.0440,98.9777
ลพ.5054	r	18.6276,98.5073 18.6260,98.5042 18.6256,98.5013 18.6283,98.5014 18.6309,98.5024 18.6332,98.5009 18.6358,98.4998 18.6387,98.5006 18.6411,98.4991 18.6438,98.4992 18.6458,98.4972 18.6470,98.4946 18.6490,98.4927 18.6505,98.4902 18.6508,98.4871 18.6522,98.4846 18.6517,98.4817 18.6527,98.4790 18.6524,98.4761 18.6544,98.4737 18.6561,98.4739
ชม.5078	r	18.6682,98.6339 18.6678,98.6309 18.6687,98.6281 18.6688,98.6279
ชม.7086	r	18.5254,98.6516 18.5257,98.6515
ชม.5036	r	18.6064,98.9030 18.6063,98.9030
ชม.5036	r	18.6063,98.9030 18.6030,98.9033 18.5998,98.9027 18.5993,98.8982 18.5977,98.8970
ชม.5036	r	18.5849,98.8897 18.5850,98.8899
ชม.5036	r	18.5570,98.8723 18.5570,98.8724
ชม.5036	r	18.5570,98.8724 18.5573,98.8764 18.5608,98.8786 18.5637,98.8785 18.5653,98.8825 18.5661,98.8845
ชม.5036	r	18.5508,98.8668 18.5506,98.8669
ชม.5036	r	18.5850,98.8899 18.5875,98.8912 18.5908,98.8905 18.5918,98.8932 18.5933,98.8956 18.5962,98.8957 18.5977,98.8970
ลพ. 3012	r	18.5691,98.9571 18.5690,98.9570
ชม.2093	r	18.5305,98.8894 18.5330,98.8907 18.5359,98.8916 18.5384,98.8897 18.5410,98.8883 18.5444,98.8897 18.5456,98.8898
นน.2022	r	18.9022,100.7962 18.8994,100.7979 18.8977,100.8004 18.8952,100.8028 18.8924,100.8033 18.8899,100.8015 18.8873,100.8000 18.8859,100.8017
พย.2036	r	19.4339,100.0852 19.4330,100.0884 19.4320,100.0923 19.4305,100.0948 19.4301,100.0988 19.4283,100.1015 19.4259,100.1054 19.4231,100.1105 19.4221,100.1132 19.4196,100.1152 19.4184,100.1179 19.4168,100.1200
พย.4035	r	19.4254,100.1347 19.4281,100.1351 19.4319,100.1359 19.4347,100.1359 19.4379,100.1354 19.4407,100.1346 19.4434,100.1342 19.4457,100.1316 19.4487,100.1308 19.4497,100.1306
พย.4006	r	19.4234,100.0404 19.4191,100.0389 19.4160,100.0394 19.4129,100.0383 19.4096,100.0370 19.4057,100.0360 19.4032,100.0364
พร.3078	r	18.2984,100.2304 18.2984,100.2300
ลป.3099	r	18.2579,99.3385 18.2609,99.3386 18.2638,99.3387 18.2665,99.3386 18.2693,99.3383 18.2720,99.3378 18.2737,99.3380
ชม.3005	r	18.8938,99.2623 18.8940,99.2622
ชม.3005	r	18.8570,99.2738 18.8573,99.2737
ชม.3005	r	18.8858,99.2645 18.8861,99.2644
ชม.3005	r	18.8573,99.2737 18.8597,99.2750 18.8624,99.2748 18.8647,99.2732 18.8665,99.2710 18.8692,99.2688 18.8708,99.2665 18.8736,99.2660 18.8763,99.2649 18.8790,99.2653 18.8805,99.2656
ชม.3005	r	18.8940,99.2622 18.8966,99.2615 18.8984,99.2593
ชม.3005	r	18.8861,99.2644 18.8887,99.2633 18.8909,99.2628
ชม.4316	r	18.2897,98.6407 18.2896,98.6438 18.2906,98.6465 18.2907,98.6466
ชม.4316	r	18.2907,98.6466 18.2918,98.6485
ชม.4316	r	18.2734,98.6520 18.2760,98.6533 18.2777,98.6559 18.2802,98.6570 18.2834,98.6575 18.2860,98.6565 18.2886,98.6556 18.2904,98.6533 18.2913,98.6506 18.2918,98.6485
ลป.4034	r	18.1990,99.4804 18.2031,99.4802 18.2070,99.4800 18.2089,99.4775 18.2103,99.4749 18.2103,99.4749
ลป.4034	r	18.2415,99.4914 18.2400,99.4890 18.2380,99.4851 18.2348,99.4831 18.2332,99.4833
ลป.4220	r	18.2348,99.5994 18.2320,99.5985 18.2289,99.5949
ลป.4220	r	18.2288,99.5947 18.2289,99.5949
ชม.3003	r	18.4039,98.7369 18.4048,98.7396
ชม.3003	r	18.4031,98.7362 18.4039,98.7369
ลป.1-0058	r	18.7768,99.5740 18.7763,99.5741
ลป.1-0058	r	18.7763,99.5741 18.7744,99.5757
ลป.4033	r	18.5188,99.6330 18.5182,99.6325
ลป.4033	r	18.5182,99.6325 18.5169,99.6302
ลป.5001	r	18.7621,99.5037 18.7595,99.5023 18.7570,99.5010 18.7555,99.4983 18.7549,99.4951 18.7539,99.4923 18.7522,99.4895 18.7494,99.4862 18.7477,99.4825 18.7453,99.4811 18.7428,99.4785 18.7395,99.4784 18.7362,99.4785 18.7333,99.4790 18.7307,99.4797 18.7279,99.4800 18.7250,99.4798 18.7202,99.4811 18.7166,99.4827 18.7133,99.4828 18.7104,99.4826 18.7075,99.4832 18.7048,99.4841 18.7006,99.4843 18.6984,99.4821 18.6948,99.4827 18.6917,99.4827 18.6886,99.4806 18.6859,99.4799 18.6835,99.4771 18.6815,99.4752 18.6786,99.4743 18.6761,99.4755 18.6731,99.4765 18.6701,99.4765 18.6662,99.4762 18.6629,99.4759 18.6599,99.4751 18.6571,99.4748 18.6543,99.4750 18.6517,99.4757 18.6493,99.4763
ลป.4034	r	18.4354,99.6328 18.4355,99.6325
ลป.4034	r	18.4355,99.6325 18.4309,99.6301
5065	r	19.5447,99.3446 19.5449,99.3446
5065	r	19.5449,99.3446 19.5445,99.3462
5065	r	19.5404,99.3266 19.5405,99.3265
5065	r	19.5402,99.3255 19.5411,99.3283 19.5413,99.3315 19.5427,99.3340 19.5438,99.3366 19.5451,99.3392 19.5435,99.3416 19.5443,99.3445 19.5447,99.3446
ชร.3062	r	19.5032,99.3312 19.5055,99.3331 19.5070,99.3360 19.5087,99.3386 19.5079,99.3413 19.5071,99.3442 19.5066,99.3472 19.5088,99.3499 19.5087,99.3532 19.5093,99.3560 19.5068,99.3576 19.5065,99.3604 19.5057,99.3633 19.5048,99.3661 19.5029,99.3682 19.5010,99.3706 19.4983,99.3700 19.5001,99.3726 19.4988,99.3754 19.4991,99.3784 19.4995,99.3812 19.4999,99.3843 19.5024,99.3854 19.5053,99.3851 19.5043,99.3880 19.5028,99.3907 19.5022,99.3936 19.5049,99.3945 19.5052,99.3974 19.5026,99.3982 19.5028,99.4012 19.5034,99.4040 19.5028,99.4072 19.5048,99.4092 19.5054,99.4092
ซน.6050	r	18.8645,98.2239 18.8643,98.2273 18.8647,98.2298
ชร.3058	r	19.1083,99.4551 19.1082,99.4553
ชร.3058	r	19.1082,99.4553 19.1053,99.4544 19.1023,99.4550 19.0998,99.4565 19.0994,99.4594 19.0971,99.4610 19.0951,99.4589 19.0924,99.4585 19.0907,99.4581
ชร.ถ1-0059	r	19.7519,99.6398 19.7518,99.6396
ชร.ถ1-0059	r	19.7518,99.6396 19.7523,99.6362 19.7504,99.6338 19.7482,99.6321 19.7471,99.6289 19.7466,99.6273
ชร.4013	r	19.9659,99.9835 19.9656,99.9867 19.9653,99.9897 19.9655,99.9928
ชร.4013	r	19.9655,99.9928 19.9655,99.9931
ชร.4013	r	19.9661,99.9831 19.9659,99.9835
ชร.4013	r	19.9655,99.9931 19.9650,99.9982 19.9649,100.0011 19.9643,100.0051 19.9638,100.0062
ชร.4034	r	20.0045,100.0259 20.0045,100.0261
ชร.4034	r	20.0045,100.0261 20.0017,100.0264 19.9989,100.0265 19.9958,100.0270 19.9925,100.0267 19.9896,100.0271 19.9867,100.0267
ลพ.5060	r	18.3686,98.8632 18.3732,98.8696 18.3751,98.8722 18.3771,98.8751 18.3802,98.8723
ชร.ถ1-0059	r	19.7623,99.6443 19.7622,99.6442
ชร.ถ1-0059	r	19.7622,99.6442 19.7589,99.6438 19.7561,99.6432 19.7535,99.6426 19.7521,99.6400 19.7519,99.6398
ชร.2113	r	19.7457,99.6247 19.7456,99.6247
ชร.ถ1-0059	r	19.7456,99.6247 19.7441,99.6244
ชร.4044	r	19.9377,99.7703 19.9377,99.7702
ชร.4044	r	19.9377,99.7702 19.9386,99.7672 19.9385,99.7643 19.9380,99.7614 19.9361,99.7592 19.9354,99.7563 19.9373,99.7539 19.9390,99.7517 19.9414,99.7492 19.9433,99.7472 19.9458,99.7448 19.9477,99.7426 19.9501,99.7409 19.9493,99.7381 19.9483,99.7353 19.9483,99.7321 19.9500,99.7298 19.9518,99.7270 19.9534,99.7246 19.9546,99.7219 19.9563,99.7195 19.9582,99.7175 19.9595,99.7150 19.9592,99.7120 19.9606,99.7095 19.9618,99.7065 19.9619,99.7063
ชม.2061	r	18.7332,99.1031 18.7331,99.1030
ชม.2061	r	18.7331,99.1030 18.7304,99.1020 18.7280,99.1001
ชม.4016	r	18.6853,98.5636 18.6852,98.5635
ชม.4016	r	18.6852,98.5635 18.6847,98.5606 18.6832,98.5579 18.6822,98.5551 18.6796,98.5541 18.6769,98.5534 18.6741,98.5532 18.6716,98.5519 18.6690,98.5505 18.6663,98.5504 18.6634,98.5499 18.6607,98.5478 18.6607,98.5446 18.6603,98.5417 18.6599,98.5388 18.6578,98.5367 18.6561,98.5344
ชม.4053	r	18.6974,98.5687 18.6994,98.5663 18.7017,98.5645 18.7036,98.5624 18.7053,98.5602 18.7065,98.5571 18.7045,98.5547 18.7049,98.5519
ตก.7054	r	17.4012,98.4572 17.3986,98.4586 17.3985,98.4590
ชม.2079	r	18.7971,99.0864 18.7999,99.0874 18.8019,99.0895 18.8040,99.0913 18.8067,99.0914 18.8097,99.0937 18.8112,99.0965 18.8112,99.0967
ชม.2079	r	18.7761,99.0820 18.7789,99.0823 18.7815,99.0828 18.7843,99.0821 18.7869,99.0821
ชร.4030	r	19.6785,100.2133 19.6815,100.2125 19.6840,100.2113 19.6865,100.2100 19.6896,100.2085 19.6911,100.2044 19.6905,100.2022
ชร.5090	r	19.6185,100.1288 19.6198,100.1261 19.6205,100.1227 19.6219,100.1201 19.6221,100.1171 19.6230,100.1143 19.6237,100.1105 19.6258,100.1087 19.6286,100.1092 19.6343,100.1084 19.6431,100.1071 19.6452,100.1045 19.6464,100.1013 19.6472,100.0985 19.6492,100.0963 19.6510,100.0935 19.6524,100.0904
ชร.ถ1-0014	r	19.6168,100.1459 19.6173,100.1427 19.6175,100.1394 19.6178,100.1365 19.6186,100.1331 19.6185,100.1300 19.6185,100.1288
ชร.ถ1-0016	r	19.5939,100.1043 19.5968,100.1049 19.5994,100.1060 19.6021,100.1066 19.6048,100.1068 19.6076,100.1078 19.6104,100.1073 19.6133,100.1073 19.6156,100.1080
ชร.ถ1-0014	r	19.6142,100.1830 19.6138,100.1801 19.6141,100.1766 19.6119,100.1750 19.6129,100.1718 19.6132,100.1687 19.6147,100.1662 19.6147,100.1631 19.6146,100.1598 19.6152,100.1566 19.6166,100.1535 19.6170,100.1480 19.6168,100.1459
ชร.3241	r	19.5892,100.1170 19.5896,100.1140 19.5907,100.1100 19.5917,100.1064 19.5926,100.1065
ชร.3241	r	19.5926,100.1065 19.5950,100.1028 19.5970,100.1003 19.5997,100.0991 19.6021,100.0967 19.6046,100.0953 19.6069,100.0933 19.6083,100.0907 19.6098,100.0906
1349	r	18.8635,98.7237 18.8606,98.7241 18.8575,98.7251 18.8571,98.7253
1394	r	19.0873,98.9059 19.0868,98.9054
นน.3014	r	18.5387,100.6980 18.5414,100.6990 18.5430,100.6978
นน.3014	r	18.5433,100.6977 18.5454,100.6992
นน.3014	r	18.5430,100.6978 18.5433,100.6977
นน.3014	r	18.5266,100.6932 18.5292,100.6942 18.5320,100.6943 18.5345,100.6933 18.5371,100.6944 18.5394,100.6959 18.5387,100.6980
นน.3003	r	18.3906,100.6237 18.3919,100.6204 18.3922,100.6171 18.3913,100.6143 18.3922,100.6115 18.3942,100.6089 18.3976,100.6084 18.4005,100.6074 18.4016,100.6050
นน.3003	r	18.3907,100.6241 18.3883,100.6259 18.3857,100.6267 18.3836,100.6296 18.3806,100.6317 18.3777,100.6340 18.3766,100.6376 18.3756,100.6404 18.3734,100.6422 18.3717,100.6454 18.3712,100.6484 18.3698,100.6512 18.3688,100.6540 18.3691,100.6570 18.3705,100.6608 18.3709,100.6639 18.3715,100.6669 18.3720,100.6710 18.3710,100.6739 18.3692,100.6772 18.3702,100.6808 18.3717,100.6834 18.3720,100.6863 18.3727,100.6903 18.3720,100.6931 18.3701,100.6952 18.3697,100.6981 18.3696,100.7010 18.3696,100.7040 18.3696,100.7054
นน.3003	r	18.3907,100.6241 18.3906,100.6237
นน.3003	r	18.4018,100.6049 18.4016,100.6050
นน.3064	r	18.3303,100.7413 18.3332,100.7402 18.3362,100.7398 18.3390,100.7393 18.3413,100.7412 18.3442,100.7416 18.3464,100.7397 18.3491,100.7382 18.3514,100.7362 18.3535,100.7339 18.3558,100.7324 18.3587,100.7336 18.3617,100.7307 18.3629,100.7281 18.3646,100.7257 18.3627,100.7236 18.3600,100.7218 18.3580,100.7197 18.3558,100.7180 18.3558,100.7178
ลป.2009	r	18.1741,99.5492 18.1756,99.5516 18.1768,99.5542 18.1778,99.5551
ลป.4034	r	18.2333,99.4835 18.2332,99.4833
ลป.3078	r	18.1892,99.6797 18.1890,99.6802
ลป.3078	r	18.1890,99.6802 18.1892,99.6838 18.1895,99.6875 18.1880,99.6900 18.1893,99.6927 18.1918,99.6949 18.1925,99.6980 18.1897,99.6999 18.1870,99.7018 18.1867,99.7020
ชม. 7089	r	18.3622,98.4319 18.3640,98.4351 18.3663,98.4369 18.3672,98.4401 18.3677,98.4430 18.3682,98.4459 18.3691,98.4486 18.3695,98.4514 18.3720,98.4537 18.3751,98.4530 18.3783,98.4541 18.3794,98.4543
ลพ.4080	r	18.0506,99.0369 18.0533,99.0375 18.0563,99.0380 18.0593,99.0364 18.0641,99.0365 18.0670,99.0368 18.0697,99.0361 18.0724,99.0370 18.0762,99.0356 18.0797,99.0338 18.0827,99.0331 18.0836,99.0328
ลพ.4080	r	18.0870,99.0297 18.0891,99.0274 18.0892,99.0246 18.0893,99.0215 18.0920,99.0191 18.0930,99.0160 18.0944,99.0126 18.0947,99.0116
นน.3030	r	18.9046,100.6757 18.9074,100.6750 18.9065,100.6714 18.9086,100.6691 18.9103,100.6668 18.9117,100.6640 18.9124,100.6612 18.9149,100.6596 18.9153,100.6591
นน.3030	r	18.9044,100.6758 18.9046,100.6757
ชม.4043	r	18.9624,98.8520 18.9635,98.8547 18.9614,98.8571 18.9590,98.8587 18.9572,98.8613 18.9562,98.8640 18.9544,98.8662 18.9522,98.8679 18.9518,98.8684
ชม.4043	r	18.9623,98.8518 18.9624,98.8520
ชม.4021	r	18.9528,98.7479 18.9512,98.7456 18.9484,98.7461 18.9455,98.7474 18.9436,98.7499 18.9409,98.7510 18.9381,98.7513 18.9352,98.7530 18.9332,98.7550 18.9301,98.7548 18.9292,98.7561
ชม.4021	r	18.9268,98.7471 18.9262,98.7439 18.9266,98.7410 18.9250,98.7381 18.9265,98.7349 18.9276,98.7322 18.9295,98.7301 18.9286,98.7270 18.9278,98.7237 18.9251,98.7228 18.9222,98.7212 18.9195,98.7212 18.9165,98.7215 18.9155,98.7217
ชม.4021	r	18.9269,98.7472 18.9268,98.7471
ชม.4021	r	18.8847,98.7163 18.8846,98.7164
ชม.4021	r	18.9529,98.7480 18.9528,98.7479
ชม.4021	r	18.8846,98.7164 18.8829,98.7186 18.8812,98.7210 18.8785,98.7210 18.8758,98.7205 18.8733,98.7218 18.8704,98.7218 18.8689,98.7227
ลพ.3004	r	18.3007,98.8148 18.3020,98.8113 18.3036,98.8081 18.3051,98.8046 18.3063,98.8019 18.3075,98.7989 18.3089,98.7957 18.3102,98.7928 18.3121,98.7901 18.3155,98.7871 18.3185,98.7847 18.3207,98.7829 18.3232,98.7807 18.3260,98.7776 18.3284,98.7748 18.3304,98.7721 18.3321,98.7697 18.3361,98.7675 18.3391,98.7660 18.3407,98.7632 18.3414,98.7602 18.3454,98.7596 18.3485,98.7585 18.3507,98.7557 18.3506,98.7526 18.3520,98.7497 18.3533,98.7438 18.3495,98.7398 18.3486,98.7390
พร.3006	r	18.3984,100.1474 18.3977,100.1504 18.4012,100.1529 18.4041,100.1536 18.4068,100.1542 18.4100,100.1551 18.4152,100.1564 18.4187,100.1573 18.4216,100.1579 18.4248,100.1587 18.4276,100.1592 18.4311,100.1608 18.4340,100.1624 18.4374,100.1647 18.4388,100.1655
พร.3023	r	18.4090,100.1487 18.4119,100.1498 18.4146,100.1515 18.4178,100.1522 18.4219,100.1499 18.4246,100.1488 18.4277,100.1480 18.4304,100.1501 18.4342,100.1529 18.4394,100.1563 18.4420,100.1575 18.4448,100.1572 18.4450,100.1572
พร.2065	r	18.4217,100.1397 18.4190,100.1389 18.4162,100.1379 18.4139,100.1383
พร.5086	r	18.4079,100.1546 18.4088,100.1515 18.4095,100.1489
พร.3014	r	18.4052,100.1721 18.4060,100.1737
พร.3023	r	18.3984,100.1474 18.4015,100.1474 18.4048,100.1477 18.4076,100.1484 18.4087,100.1486
พร.3014	r	18.4076,100.1545 18.4063,100.1572 18.4050,100.1614 18.4046,100.1643 18.4054,100.1672 18.4056,100.1701 18.4052,100.1721
พร.3014	r	18.4071,100.1760 18.4064,100.1792 18.4063,100.1801
พร.5086	r	18.4245,100.1089 18.4262,100.1112 18.4269,100.1141 18.4276,100.1168 18.4278,100.1198 18.4264,100.1223 18.4247,100.1249 18.4233,100.1275 18.4218,100.1301 18.4197,100.1321 18.4175,100.1341 18.4150,100.1354 18.4139,100.1381 18.4120,100.1404 18.4117,100.1434 18.4106,100.1464 18.4096,100.1487
พร.3014	r	18.4054,100.1841 18.4055,100.1845
พร.3084	r	18.3796,100.1623 18.3823,100.1640 18.3850,100.1646 18.3873,100.1667 18.3878,100.1695 18.3898,100.1716 18.3923,100.1730 18.3934,100.1757 18.3927,100.1787 18.3950,100.1805 18.3977,100.1828 18.3998,100.1847 18.4002,100.1858
พร.3006	r	18.3799,100.1612 18.3796,100.1623
พร.3017	r	18.3566,100.1966 18.3584,100.1994 18.3585,100.2025 18.3615,100.2048 18.3644,100.2057 18.3664,100.2070
พร.3023	r	18.3364,100.1510 18.3396,100.1520 18.3411,100.1545 18.3438,100.1541 18.3458,100.1520 18.3473,100.1521
พร.3028	r	18.0594,100.1011 18.0619,100.1036 18.0657,100.1060 18.0673,100.1084 18.0686,100.1116 18.0696,100.1143 18.0710,100.1180 18.0740,100.1184
พร.2017	r	18.0146,99.9419 18.0120,99.9413 18.0100,99.9384 18.0077,99.9363 18.0055,99.9344 18.0025,99.9345 17.9998,99.9349 17.9972,99.9337 17.9937,99.9329 17.9915,99.9308 17.9887,99.9315 17.9859,99.9308 17.9835,99.9294 17.9807,99.9286 17.9783,99.9268
ชร.7065	r	19.1375,99.4162 19.1374,99.4191 19.1387,99.4217 19.1391,99.4230
ลป.4329	r	18.8347,99.4771 18.8353,99.4742 18.8354,99.4713 18.8334,99.4686 18.8329,99.4669
ลป.4329	r	18.8329,99.4669 18.8309,99.4642 18.8283,99.4630 18.8283,99.4600 18.8267,99.4574 18.8246,99.4555 18.8229,99.4533 18.8212,99.4535
ลป.4329	r	18.8320,99.4849 18.8321,99.4844
ลป.4329	r	18.8321,99.4844 18.8335,99.4816 18.8342,99.4788 18.8346,99.4775
ชม.4067	r	18.9565,98.5801 18.9584,98.5778 18.9625,98.5768 18.9634,98.5739 18.9657,98.5722 18.9697,98.5722 18.9686,98.5750 18.9711,98.5763 18.9741,98.5768 18.9769,98.5746 18.9804,98.5726 18.9831,98.5728 18.9836,98.5736
ชม.4067	r	18.9836,98.5736 18.9838,98.5738
ชม.4067	r	18.9564,98.5804 18.9565,98.5801
มส.4136	r	18.3722,97.9349 18.3743,97.9369 18.3779,97.9366 18.3788,97.9365
มส.4136	r	18.3794,97.9365 18.3803,97.9366
ชม.2019	r	18.6260,98.9587 18.6280,98.9564 18.6304,98.9551 18.6333,98.9542 18.6360,98.9540 18.6390,98.9547 18.6418,98.9546 18.6447,98.9545 18.6473,98.9562 18.6498,98.9578 18.6523,98.9590 18.6540,98.9616 18.6541,98.9618
ชม.2041	r	18.6201,98.9548 18.6230,98.9555 18.6247,98.9578 18.6260,98.9587
ชม.2042	r	18.6806,99.0019 18.6776,99.0020 18.6748,99.0017 18.6714,99.0014 18.6689,98.9999 18.6662,98.9986 18.6635,98.9975 18.6630,98.9975
ชม.2043	r	18.6633,98.9858 18.6614,98.9879 18.6592,98.9896 18.6568,98.9875 18.6553,98.9870
ชม.4091	r	18.6629,98.9762 18.6652,98.9744 18.6678,98.9755 18.6704,98.9764 18.6724,98.9784 18.6741,98.9811 18.6763,98.9829 18.6788,98.9847 18.6793,98.9848
ลพ.3048	r	17.6919,99.0198 17.6932,99.0226 17.6947,99.0250 17.6955,99.0284 17.6956,99.0339 17.6971,99.0366 17.6986,99.0390 17.6997,99.0421 17.7000,99.0457 17.7002,99.0490 17.6992,99.0516 17.6990,99.0546 17.7007,99.0568 17.7035,99.0564 17.7062,99.0572 17.7085,99.0584
มส.5019	r	19.3784,97.9574 19.3751,97.9559 19.3706,97.9562 19.3677,97.9562 19.3654,97.9536 19.3627,97.9538 19.3591,97.9527 19.3562,97.9530 19.3534,97.9531 19.3508,97.9541 19.3480,97.9530 19.3428,97.9538 19.3406,97.9530
มส.4001	r	19.4631,97.9687 19.4602,97.9669
มส.4001	r	19.4360,97.9622 19.4360,97.9619
มส.4001	r	19.4602,97.9669 19.4600,97.9667
มส.4001	r	19.4600,97.9667 19.4571,97.9672 19.4542,97.9662 19.4511,97.9652 19.4485,97.9673 19.4461,97.9659 19.4438,97.9643 19.4394,97.9648 19.4365,97.9651 19.4340,97.9638 19.4360,97.9622
มส.4001	r	19.4360,97.9619 19.4320,97.9595 19.4282,97.9574 19.4261,97.9555 19.4245,97.9529 19.4215,97.9547 19.4185,97.9561 19.4154,97.9548 19.4128,97.9535 19.4100,97.9526 19.4078,97.9505 19.4064,97.9477 19.4037,97.9472 19.4010,97.9458 19.3980,97.9453 19.3937,97.9455 19.3910,97.9464 19.3889,97.9484 19.3851,97.9501 19.3830,97.9525 19.3805,97.9545 19.3793,97.9571 19.3784,97.9574
ชร.3058	r	19.0825,99.4604 19.0800,99.4619 19.0788,99.4588 19.0779,99.4616 19.0768,99.4636
ชร.3058	r	19.0907,99.4581 19.0906,99.4581
ชร.4007	r	20.3520,100.3511 20.3522,100.3511
ชร.4007	r	20.3522,100.3511 20.3551,100.3516 20.3579,100.3517 20.3601,100.3539 20.3637,100.3544 20.3664,100.3528 20.3696,100.3524 20.3723,100.3532 20.3771,100.3501 20.3799,100.3500 20.3814,100.3476 20.3836,100.3451 20.3853,100.3427 20.3869,100.3403 20.3893,100.3388 20.3913,100.3362 20.3933,100.3338 20.3957,100.3317 20.3972,100.3293 20.3971,100.3263 20.3966,100.3234 20.3965,100.3205 20.3972,100.3176 20.3973,100.3106 20.3974,100.3076 20.3967,100.3047 20.3964,100.3002 20.3957,100.2973 20.3954,100.2941 20.3952,100.2912 20.3953,100.2881 20.3964,100.2848 20.3972,100.2819 20.3978,100.2789 20.3984,100.2760 20.3980,100.2726 20.3977,100.2694 20.3967,100.2664 20.3948,100.2641 20.3924,100.2617 20.3899,100.2604 20.3871,100.2588 20.3837,100.2569 20.3810,100.2556 20.3782,100.2542 20.3760,100.2524 20.3732,100.2522 20.3706,100.2531 20.3704,100.2530
ชร.4034	r	20.0714,100.0478 20.0703,100.0446 20.0674,100.0421 20.0648,100.0406 20.0614,100.0398 20.0589,100.0412 20.0561,100.0410 20.0543,100.0386 20.0526,100.0363 20.0500,100.0345 20.0477,100.0326 20.0454,100.0305 20.0432,100.0284 20.0398,100.0265 20.0378,100.0246 20.0352,100.0236 20.0328,100.0217 20.0314,100.0192 20.0295,100.0171 20.0265,100.0159 20.0251,100.0154
ชร.4034	r	20.1049,100.0768 20.1045,100.0767
ชร.4044	r	19.9619,99.7063 19.9620,99.7061
ชร.4044	r	19.9620,99.7061 19.9617,99.7038
ชร. 4002	r	19.6295,99.9776 19.6268,99.9756 19.6247,99.9736 19.6227,99.9713 19.6204,99.9696 19.6181,99.9680 19.6149,99.9668 19.6122,99.9659 19.6097,99.9647 19.6068,99.9642 19.6040,99.9639 19.6010,99.9631 19.5993,99.9653 19.5966,99.9655 19.5932,99.9667 19.5905,99.9673 19.5876,99.9686 19.5849,99.9687 19.5822,99.9689 19.5796,99.9703 19.5776,99.9722 19.5755,99.9750 19.5739,99.9787 19.5738,99.9818 19.5733,99.9849 19.5703,99.9858 19.5696,99.9859
ลป.3022	r	19.0119,99.6887 19.0121,99.6889
ลป.3022	r	19.0410,99.7088 19.0407,99.7088
ลป.3022	r	19.0407,99.7088 19.0380,99.7087 19.0351,99.7080 19.0324,99.7083 19.0296,99.7086 19.0267,99.7076 19.0259,99.7070
ลป.3022	r	19.0121,99.6889 19.0123,99.6923 19.0137,99.6951 19.0126,99.6980 19.0121,99.7009
ลป.2035	r	18.9667,99.6049 18.9662,99.6018 18.9653,99.5990 18.9658,99.5959 18.9655,99.5928 18.9674,99.5893 18.9700,99.5870 18.9727,99.5860 18.9756,99.5870 18.9764,99.5871
ชม.4031	r	18.9881,99.1272 18.9908,99.1282 18.9930,99.1261 18.9958,99.1259 18.9986,99.1259 18.9992,99.1258
ชม. 3082	r	19.2237,99.1607 19.2227,99.1575 19.2198,99.1572 19.2191,99.1571
ชม. 3082	r	19.2236,99.1605 19.2206,99.1616 19.2191,99.1579 19.2191,99.1571
ชม. 3082	r	19.2243,99.1640 19.2243,99.1609 19.2237,99.1607
มส.4044	r	18.1610,97.9291 18.1631,97.9312 18.1659,97.9314 18.1686,97.9315 18.1716,97.9311 18.1747,97.9307 18.1756,97.9306
มส.4044	r	18.1756,97.9306 18.1780,97.9291 18.1815,97.9294 18.1852,97.9297 18.1882,97.9306 18.1910,97.9314
มส.4018	r	18.1742,97.9120 18.1701,97.9142 18.1670,97.9148 18.1663,97.9152
มส.4018	r	18.1744,97.9118 18.1742,97.9120
มส.4044	r	18.2022,97.9293 18.1983,97.9296 18.1957,97.9302 18.1923,97.9308
มส.4044	r	18.2026,97.9293 18.2022,97.9293
มส.ถ1-0006	r	18.1497,97.9397 18.1498,97.9402
มส.ถ1-0006	r	18.1547,97.9337 18.1526,97.9347
มส.4044	r	18.2151,97.9176 18.2153,97.9175
มส.4044	r	18.2153,97.9175 18.2180,97.9151 18.2219,97.9108 18.2229,97.9097
ชม.4055	r	19.4252,99.3033 19.4229,99.3014 19.4211,99.3035 19.4197,99.3060 19.4180,99.3083 19.4187,99.3111 19.4183,99.3140 19.4167,99.3163 19.4145,99.3181 19.4119,99.3194 19.4090,99.3189 19.4063,99.3204 19.4053,99.3230 19.4030,99.3246 19.4008,99.3271 19.3996,99.3298 19.3971,99.3287 19.3969,99.3258 19.3947,99.3241 19.3922,99.3254 19.3895,99.3262 19.3867,99.3265 19.3840,99.3277 19.3839,99.3278
ชม.4403	r	18.5137,98.5264 18.5142,98.5232 18.5170,98.5225 18.5195,98.5216 18.5222,98.5217 18.5253,98.5220 18.5280,98.5229
ชม.4016	r	18.6560,98.5343 18.6538,98.5326 18.6518,98.5304 18.6492,98.5299 18.6474,98.5277 18.6457,98.5252 18.6435,98.5220 18.6413,98.5196 18.6382,98.5181 18.6356,98.5175 18.6333,98.5159 18.6316,98.5134 18.6314,98.5106 18.6291,98.5091 18.6282,98.5079
ชม.4016	r	18.6561,98.5344 18.6560,98.5343
5065	r	19.5445,99.3462 19.5417,99.3457 19.5407,99.3484 19.5414,99.3512 19.5411,99.3541 19.5402,99.3570 19.5379,99.3596 19.5369,99.3623 19.5363,99.3654
ชร.5047	r	19.8146,99.6416 19.8170,99.6397 19.8192,99.6373 19.8200,99.6344 19.8209,99.6317 19.8230,99.6295 19.8235,99.6267 19.8242,99.6238 19.8252,99.6210 19.8251,99.6180 19.8260,99.6153 19.8272,99.6124 19.8274,99.6094 19.8265,99.6063 19.8261,99.6034 19.8268,99.6006 19.8279,99.5979 19.8293,99.5953 19.8272,99.5928 19.8245,99.5929 19.8238,99.5901 19.8221,99.5875 19.8204,99.5853 19.8188,99.5830 19.8189,99.5800 19.8197,99.5771 19.8202,99.5743 19.8187,99.5719 19.8170,99.5694 19.8149,99.5673 19.8133,99.5649 19.8111,99.5632 19.8108,99.5632
ชร.5047	r	19.8143,99.6417 19.8146,99.6416
ชร.5047	r	19.8143,99.6417 19.8132,99.6444 19.8108,99.6457 19.8078,99.6466 19.8057,99.6486 19.8028,99.6494 19.8001,99.6511 19.7983,99.6534 19.7957,99.6544 19.7924,99.6548 19.7903,99.6572 19.7884,99.6603
ชม.4063	r	18.9233,99.3345 18.9213,99.3322 18.9214,99.3319
ชม.4063	r	18.9225,99.3234 18.9228,99.3206 18.9226,99.3182
ชม.4076	r	18.9223,99.3236 18.9225,99.3234
ชม.4063	r	18.9223,99.3248 18.9223,99.3236
ลป.4060	r	17.5325,99.1491 17.5333,99.1461 17.5359,99.1439 17.5382,99.1417 17.5406,99.1400 17.5428,99.1372 17.5440,99.1345 17.5458,99.1317 17.5489,99.1289 17.5506,99.1242 17.5534,99.1136 17.5551,99.1073 17.5569,99.1034 17.5596,99.0990 17.5614,99.0968 17.5629,99.0948
มส.4011	r	18.1650,97.8867 18.1625,97.8854 18.1621,97.8825 18.1598,97.8810 18.1595,97.8785
มส.3086	r	18.0670,97.9328 18.0683,97.9292 18.0709,97.9283
ชม.4043	r	18.9682,98.7262 18.9680,98.7279
ชม.4021	r	18.9546,98.7479 18.9529,98.7480
ชม.4043	r	18.9750,98.6834 18.9723,98.6830 18.9695,98.6846 18.9666,98.6856 18.9638,98.6858 18.9610,98.6852 18.9572,98.6847 18.9546,98.6841
ตก.5015	r	17.3545,99.0795 17.3580,99.0793 17.3605,99.0779 17.3643,99.0766 17.3670,99.0772 17.3697,99.0781 17.3723,99.0792 17.3716,99.0822 17.3695,99.0843 17.3676,99.0865 17.3652,99.0878 17.3636,99.0902 17.3621,99.0928 17.3607,99.0960 17.3599,99.0987 17.3571,99.1022 17.3563,99.1056 17.3555,99.1088 17.3575,99.1110 17.3602,99.1123 17.3634,99.1134 17.3668,99.1136
ลพ.3086	r	17.7426,99.0249 17.7446,99.0268 17.7485,99.0294 17.7481,99.0325 17.7481,99.0355 17.7487,99.0383
ลพ.3003	r	18.3043,98.8258 18.3046,98.8254
ลพ.3017	r	17.7252,98.9571 17.7253,98.9568
ลพ.3017	r	17.7253,98.9568 17.7272,98.9588 17.7299,98.9607 17.7332,98.9610 17.7351,98.9589 17.7391,98.9584 17.7432,98.9587 17.7497,98.9593 17.7529,98.9596 17.7559,98.9599 17.7590,98.9603 17.7621,98.9608 17.7680,98.9609 17.7702,98.9610
ลพ.4024	r	17.7349,98.9716 17.7349,98.9719
ลพ.4024	r	17.7349,98.9719 17.7351,98.9728
ลพ.4024	r	17.7028,98.9530 17.7030,98.9532
ลพ.4024	r	17.7030,98.9532 17.7043,98.9559 17.7055,98.9586 17.7080,98.9601 17.7151,98.9583 17.7190,98.9592 17.7217,98.9602 17.7269,98.9651 17.7281,98.9679 17.7307,98.9693 17.7338,98.9701 17.7349,98.9716
ชม.4034	r	18.9341,98.9970 18.9339,98.9970
ชม.4034	r	18.9201,99.0009 18.9183,99.0033 18.9175,99.0061 18.9165,99.0089 18.9184,99.0110 18.9184,99.0115
ลป.5032	r	18.0246,99.3216 18.0247,99.3187 18.0231,99.3163 18.0224,99.3132 18.0217,99.3100 18.0187,99.3084 18.0162,99.3075 18.0152,99.3048 18.0155,99.3019 18.0172,99.2988 18.0191,99.2964 18.0211,99.2938 18.0230,99.2914 18.0250,99.2894 18.0270,99.2857 18.0292,99.2831 18.0321,99.2808 18.0353,99.2789 18.0377,99.2768 18.0400,99.2749 18.0401,99.2717 18.0406,99.2685 18.0410,99.2656 18.0416,99.2623 18.0428,99.2594 18.0451,99.2567 18.0471,99.2546 18.0475,99.2514 18.0482,99.2483 18.0489,99.2454 18.0496,99.2427 18.0516,99.2410
ลป.5032	r	18.0518,99.2405 18.0519,99.2401
ลป.5006	r	17.8981,99.3189 17.8991,99.3219 17.8986,99.3250 17.8975,99.3285 17.8980,99.3307
ลป.4039	r	17.6873,99.1803 17.6846,99.1809 17.6816,99.1815 17.6788,99.1823 17.6770,99.1850 17.6772,99.1879 17.6767,99.1912 17.6747,99.1938 17.6719,99.1951 17.6702,99.1974 17.6686,99.2000 17.6664,99.2018 17.6629,99.2031 17.6598,99.2036 17.6585,99.2042
ลป.1002	r	18.1135,99.3439 18.1128,99.3464
ลป.2016	r	18.1669,99.1768 18.1639,99.1766 18.1610,99.1772 18.1576,99.1780 18.1545,99.1790 18.1522,99.1815 18.1490,99.1842 18.1461,99.1838 18.1436,99.1851 18.1414,99.1873 18.1390,99.1886 18.1353,99.1900 18.1320,99.1909
ลป.4087	r	18.1664,99.1766 18.1689,99.1755 18.1710,99.1733 18.1717,99.1703 18.1735,99.1679 18.1768,99.1670 18.1799,99.1659 18.1810,99.1655
ลป.2016	r	18.1288,99.2008 18.1285,99.2013
ลป.2016	r	18.1285,99.2013 18.1271,99.2041 18.1243,99.2053 18.1213,99.2061 18.1181,99.2062 18.1153,99.2060 18.1125,99.2068 18.1096,99.2071 18.1067,99.2073 18.1038,99.2079 18.0992,99.2087 18.0961,99.2093 18.0928,99.2103 18.0894,99.2112 18.0858,99.2135 18.0834,99.2151 18.0803,99.2171 18.0776,99.2179 18.0749,99.2194 18.0725,99.2228
ชม.3013	r	18.8032,99.0616 18.8032,99.0613
ชม.3013	r	18.8422,99.0818 18.8451,99.0820 18.8475,99.0808
ชม.3013	r	18.8421,99.0818 18.8422,99.0818
ชม.7083	r	18.8313,98.7744 18.8321,98.7772 18.8347,98.7785 18.8370,98.7803 18.8398,98.7802 18.8398,98.7821
ชร.4010	r	20.2849,99.9934 20.2878,99.9938 20.2908,99.9944 20.2937,99.9932 20.2970,99.9926 20.3006,99.9917 20.3035,99.9914 20.3053,99.9911
ลพ.4010	r	18.4290,98.9578 18.4292,98.9579
ลพ.4010	r	18.4285,98.9578 18.4286,98.9578
ลพ.4010	r	18.4286,98.9578 18.4290,98.9578
ลพ.4010	r	18.4292,98.9579 18.4313,98.9571
ลพ.3006	r	18.0953,99.0099 18.0953,99.0096
ลพ.3006	r	18.0953,99.0096 18.0926,99.0063 18.0917,99.0006 18.0925,98.9977 18.0919,98.9946 18.0887,98.9901 18.0876,98.9859 18.0874,98.9803 18.0868,98.9772 18.0842,98.9756 18.0810,98.9758 18.0783,98.9756 18.0765,98.9732 18.0779,98.9699 18.0766,98.9675 18.0780,98.9622 18.0801,98.9603 18.0829,98.9591 18.0827,98.9554 18.0816,98.9517 18.0793,98.9451 18.0776,98.9403 18.0748,98.9381 18.0711,98.9360 18.0685,98.9345 18.0655,98.9328 18.0632,98.9297 18.0608,98.9266 18.0583,98.9245 18.0537,98.9217 18.0525,98.9185 18.0505,98.9164 18.0493,98.9134 18.0479,98.9097 18.0468,98.9061 18.0466,98.9005 18.0464,98.8973 18.0453,98.8934 18.0451,98.8925
ลพ.2037	r	18.5134,99.0771 18.5123,99.0778
ลพ.2005	r	18.4358,99.0485 18.4356,99.0485
ลพ.2005	r	18.4356,99.0485 18.4328,99.0488 18.4310,99.0491
ชม. 4093	r	19.1205,99.1778 19.1224,99.1780
ชม. 4093	r	19.1205,99.1778 19.1202,99.1777
ลป.2005	r	17.4725,99.1939 17.4736,99.1912 17.4749,99.1886 17.4737,99.1853 17.4719,99.1830 17.4696,99.1812 17.4689,99.1783 17.4656,99.1779 17.4626,99.1776 17.4595,99.1778 17.4570,99.1768 17.4537,99.1770 17.4510,99.1772 17.4482,99.1764 17.4456,99.1754 17.4447,99.1723 17.4438,99.1689 17.4448,99.1658 17.4447,99.1605 17.4444,99.1596
ลป.3045	r	17.3765,99.0775 17.3756,99.0803 17.3768,99.0831 17.3779,99.0858 17.3767,99.0886 17.3756,99.0919 17.3721,99.0976 17.3695,99.0997 17.3674,99.1021 17.3660,99.1045 17.3648,99.1078 17.3659,99.1106 17.3687,99.1107 17.3715,99.1102 17.3745,99.1101 17.3776,99.1081 17.3806,99.1064 17.3845,99.1032 17.3866,99.1009 17.3906,99.0979 17.3939,99.0955 17.3985,99.0933 17.4020,99.0924 17.4032,99.0956 17.4061,99.0969 17.4085,99.0991 17.4102,99.1021 17.4112,99.1041
ลป.3045	r	17.4512,99.1180 17.4524,99.1197
ชม.3052	r	19.1985,98.8931 19.1957,98.8950 19.1933,98.8972 19.1910,98.8989 19.1889,98.9009 19.1872,98.9040 19.1850,98.9059 19.1846,98.9088 19.1824,98.9104 19.1806,98.9129 19.1791,98.9157 19.1783,98.9161
ชม.3052	r	19.2003,98.8846 19.2002,98.8851
ชม.3023	r	19.9036,99.2151 19.9037,99.2145
มส.3018	r	19.2236,97.8614 19.2255,97.8637 19.2259,97.8647
มส.4012	r	19.2585,97.9116 19.2571,97.9158 19.2553,97.9182 19.2530,97.9201 19.2512,97.9224 19.2501,97.9251 19.2513,97.9276 19.2546,97.9280 19.2568,97.9308 19.2584,97.9336 19.2601,97.9359 19.2620,97.9383 19.2650,97.9396 19.2677,97.9412 19.2705,97.9418 19.2708,97.9420
5065	r	19.5131,99.3391 19.5158,99.3398 19.5184,99.3410 19.5206,99.3393 19.5227,99.3375 19.5254,99.3369 19.5265,99.3342 19.5290,99.3330 19.5313,99.3311 19.5338,99.3297 19.5359,99.3277 19.5386,99.3283 19.5404,99.3266
ชม.2036	r	18.7566,99.1281 18.7579,99.1255 18.7592,99.1229 18.7608,99.1204 18.7625,99.1176 18.7644,99.1136 18.7671,99.1128 18.7692,99.1138
ชม.3047	r	19.3747,99.0264 19.3719,99.0264 19.3690,99.0264 19.3654,99.0254 19.3628,99.0246 19.3595,99.0233 19.3543,99.0214 19.3514,99.0205 19.3503,99.0195
ชม.4090	r	18.7240,99.0493 18.7218,99.0511 18.7190,99.0514 18.7173,99.0537 18.7169,99.0550
ลพ.3049	r	17.8404,98.9894 17.8432,98.9894 17.8458,98.9883 17.8480,98.9865 17.8509,98.9860 17.8530,98.9839 17.8557,98.9824 17.8584,98.9826 17.8612,98.9826 17.8642,98.9843 17.8667,98.9857 17.8692,98.9875 17.8718,98.9884 17.8726,98.9885
ลป.4209	r	18.3120,99.3864 18.3095,99.3851 18.3077,99.3840
ลป.4209	r	18.2977,99.3743 18.2967,99.3770 18.2966,99.3800 18.2972,99.3832 18.2996,99.3845
ลป.4209	r	18.2978,99.3741 18.2977,99.3743
ลป.4209	r	18.3077,99.3840 18.3074,99.3840
ลป.4209	r	18.2998,99.3845 18.2996,99.3845
ลป.4209	r	18.2981,99.3729 18.2978,99.3741
ลป.4209	r	18.3074,99.3840 18.3038,99.3841 18.3010,99.3843 18.2998,99.3845
ชม. 4093	r	19.0805,99.1771 19.0833,99.1775 19.0861,99.1779 19.0881,99.1801 19.0905,99.1814 19.0907,99.1814
พร.3041	r	17.7312,99.7412 17.7310,99.7417
ชม.5078	r	18.6688,98.6278 18.6671,98.6256 18.6652,98.6235
ชม.5078	r	18.6652,98.6234 18.6653,98.6205 18.6667,98.6202
ชม.4016	r	18.6043,98.7983 18.6046,98.7955 18.6048,98.7919 18.6040,98.7890 18.6041,98.7861 18.6057,98.7836 18.6061,98.7822
ชม.4016	r	18.6282,98.5079 18.6276,98.5073
นน.4022	r	19.0955,100.5842 19.0947,100.5875 19.0939,100.5905 19.0949,100.5932 19.0960,100.5966 19.0964,100.5997 19.0989,100.6012 19.0995,100.6047 19.0994,100.6075 19.0999,100.6106 19.1021,100.6123 19.1042,100.6147 19.1061,100.6170 19.1072,100.6198 19.1057,100.6223 19.1046,100.6249 19.1018,100.6244 19.1007,100.6271 19.0992,100.6297 19.0978,100.6342 19.0989,100.6374 19.1007,100.6396 19.1028,100.6417 19.1053,100.6432 19.1068,100.6458 19.1097,100.6469 19.1126,100.6483 19.1156,100.6499 19.1146,100.6526 19.1155,100.6555 19.1162,100.6585 19.1140,100.6620 19.1118,100.6642 19.1091,100.6657 19.1060,100.6667 19.1033,100.6683 19.1009,100.6700 19.0987,100.6719 19.0978,100.6755 19.0956,100.6776 19.0927,100.6797 19.0913,100.6833 19.0903,100.6865 19.0917,100.6890 19.0926,100.6917 19.0945,100.6940 19.0952,100.6969 19.0980,100.6972 19.1007,100.6966 19.1021,100.6939 19.1048,100.6932 19.1071,100.6951 19.1101,100.6951 19.1125,100.6970 19.1152,100.6981 19.1147,100.7016 19.1133,100.7041 19.1140,100.7071 19.1167,100.7081 19.1196,100.7080 19.1220,100.7097 19.1244,100.7119 19.1274,100.7125 19.1301,100.7130 19.1316,100.7156 19.1314,100.7185 19.1319,100.7215 19.1314,100.7246 19.1321,100.7282 19.1316,100.7310 19.1301,100.7337 19.1300,100.7373 19.1325,100.7389 19.1353,100.7395 19.1385,100.7396 19.1369,100.7420 19.1377,100.7449 19.1382,100.7480 19.1381,100.7509 19.1385,100.7538 19.1377,100.7567 19.1369,100.7596 19.1378,100.7625 19.1351,100.7635 19.1341,100.7662 19.1333,100.7689 19.1328,100.7718 19.1338,100.7748 19.1342,100.7780 19.1334,100.7813 19.1344,100.7843 19.1351,100.7871 19.1356,100.7880
ชม.4043	r	18.9555,98.7513 18.9556,98.7512
ชม.4043	r	18.9556,98.7512 18.9544,98.7486 18.9546,98.7479
ลพ.2005	r	18.4641,99.0548 18.4613,99.0532 18.4589,99.0516 18.4568,99.0496 18.4547,99.0477 18.4520,99.0465 18.4501,99.0455
ลพ.2005	r	18.4801,99.0602 18.4802,99.0600
ลพ.6039	r	18.4742,99.0444 18.4710,99.0417 18.4692,99.0390 18.4696,99.0360 18.4691,99.0331 18.4701,99.0306
ลพ.3002	r	18.5145,99.0214 18.5174,99.0209 18.5201,99.0201 18.5230,99.0193 18.5258,99.0213 18.5273,99.0238 18.5290,99.0270 18.5310,99.0291 18.5334,99.0310 18.5355,99.0329 18.5380,99.0343 18.5387,99.0346
ลพ.3002	r	18.5601,99.0361 18.5571,99.0358 18.5542,99.0359 18.5538,99.0357
ชม.4032	r	18.6643,98.9647 18.6642,98.9648
ชม.4032	r	18.6642,98.9648 18.6652,98.9681 18.6680,98.9691 18.6705,98.9703 18.6731,98.9711 18.6758,98.9726 18.6773,98.9752 18.6774,98.9762
นน.3015	r	18.5325,100.8069 18.5350,100.8091 18.5376,100.8099 18.5384,100.8128 18.5407,100.8143 18.5439,100.8154 18.5478,100.8153 18.5501,100.8130 18.5507,100.8102 18.5488,100.8088
นน.3015	r	18.5488,100.8088 18.5476,100.8084
นน.3015	r	18.5476,100.8084 18.5503,100.8045 18.5509,100.8014 18.5533,100.7991 18.5584,100.7995 18.5620,100.8004 18.5650,100.7995 18.5676,100.7980 18.5735,100.7875 18.5733,100.7837 18.5723,100.7810 18.5722,100.7781 18.5725,100.7754
ชม.3052	r	19.2282,98.7835 19.2284,98.7835
ชม.3052	r	19.2284,98.7835 19.2311,98.7830
ชม.3052	r	19.2311,98.7830 19.2315,98.7830
ชม.3052	r	19.2207,98.7744 19.2207,98.7746
ชม.3052	r	19.2207,98.7746 19.2234,98.7754 19.2250,98.7778 19.2267,98.7801 19.2271,98.7829 19.2282,98.7835
ชม.3052	r	19.2315,98.7830 19.2340,98.7836
ชม.3052	r	19.2348,98.7838 19.2343,98.7870 19.2338,98.7901 19.2338,98.7931 19.2348,98.7959 19.2347,98.7977
ชม.3052	r	19.2347,98.7977 19.2347,98.8008 19.2335,98.8036 19.2333,98.8066 19.2314,98.8092 19.2298,98.8123 19.2272,98.8128 19.2253,98.8150 19.2245,98.8186 19.2239,98.8214 19.2257,98.8237 19.2260,98.8266 19.2262,98.8297 19.2262,98.8329 19.2255,98.8358 19.2233,98.8380 19.2214,98.8402 19.2206,98.8440 19.2209,98.8469 19.2213,98.8474
ชร.4018	r	19.8649,100.3633 19.8664,100.3608 19.8674,100.3607
ชร.4018	r	19.8733,100.3521 19.8730,100.3481 19.8727,100.3471
ชร.4018	r	19.8727,100.3471 19.8735,100.3439 19.8710,100.3407 19.8685,100.3393 19.8667,100.3371 19.8653,100.3345 19.8672,100.3322 19.8697,100.3312 19.8707,100.3285 19.8710,100.3255 19.8716,100.3226 19.8752,100.3197 19.8764,100.3170 19.8777,100.3140 19.8786,100.3103 19.8801,100.3079 19.8811,100.3038 19.8814,100.3009 19.8825,100.2965 19.8842,100.2926
ชร.4018	r	19.8674,100.3607 19.8698,100.3591 19.8713,100.3568 19.8726,100.3538 19.8733,100.3521
ชร.2111	r	20.0928,99.9743 20.0947,99.9723 20.0981,99.9683 20.1008,99.9663 20.1023,99.9632 20.1023,99.9602 20.1030,99.9574 20.1033,99.9545 20.1032,99.9516 20.1015,99.9489 20.1000,99.9466 20.0992,99.9437 20.0987,99.9401 20.0985,99.9372 20.0961,99.9348 20.0967,99.9318 20.0961,99.9286 20.0984,99.9262 20.0983,99.9232 20.0974,99.9198 20.0960,99.9173 20.0952,99.9144 20.0927,99.9120 20.0902,99.9101 20.0895,99.9052 20.0902,99.9021 20.0884,99.8997 20.0857,99.8992 20.0832,99.8978 20.0816,99.8952 20.0796,99.8931 20.0776,99.8903 20.0774,99.8874 20.0759,99.8850 20.0760,99.8814 20.0752,99.8777 20.0752,99.8757
ชร.3188	r	20.0793,99.8657 20.0790,99.8687 20.0791,99.8717 20.0792,99.8747 20.0792,99.8751
ชร.1041	r	20.4389,99.8846 20.4389,99.8848
ชม.3033	r	18.2464,98.5952 18.2440,98.5968
ชม.3033	r	18.2704,98.5607 18.2686,98.5632 18.2666,98.5651 18.2656,98.5678 18.2638,98.5700 18.2618,98.5719 18.2606,98.5747 18.2589,98.5770 18.2604,98.5796 18.2593,98.5824 18.2584,98.5851 18.2562,98.5885 18.2562,98.5915 18.2544,98.5938 18.2543,98.5939
ชม.4062	r	18.8249,99.1857 18.8261,99.1889 18.8304,99.1956 18.8302,99.1990 18.8314,99.2017 18.8297,99.2060 18.8284,99.2087 18.8270,99.2121 18.8250,99.2152 18.8240,99.2161
พย.2015	r	19.1111,99.9461 19.1099,99.9433 19.1073,99.9422 19.1065,99.9385 19.1041,99.9367 19.1013,99.9360 19.0986,99.9353 19.0959,99.9363 19.0929,99.9370 19.0902,99.9371 19.0874,99.9377 19.0846,99.9380 19.0820,99.9362 19.0808,99.9335 19.0794,99.9295 19.0807,99.9272
พย.3040	r	19.1054,99.8295 19.1029,99.8282 19.1022,99.8281
พย.3040	r	19.1022,99.8281 19.1018,99.8281
พย.ถ1-0028	r	19.3091,99.8349 19.3103,99.8320 19.3110,99.8272
พย.4017	r	19.0596,100.0313 19.0597,100.0314
พย.4017	r	19.0847,100.0262 19.0812,100.0252 19.0783,100.0245 19.0757,100.0238 19.0737,100.0218 19.0710,100.0207 19.0668,100.0213 19.0632,100.0223 19.0630,100.0253 19.0612,100.0285 19.0593,100.0307 19.0596,100.0313
พย.1016	r	19.0609,100.0074 19.0608,100.0072
พย.1016	r	19.0626,100.0226 19.0630,100.0192 19.0638,100.0161 19.0639,100.0133 19.0628,100.0105 19.0615,100.0080 19.0609,100.0074
ชม.4185	r	17.6027,98.4841 17.6015,98.4876 17.6010,98.4907 17.6007,98.4938 17.6028,98.4957 17.6050,98.4982 17.6056,98.5011 17.6056,98.5049 17.6053,98.5081 17.6082,98.5092 17.6108,98.5081 17.6139,98.5074 17.6170,98.5068 17.6200,98.5083 17.6202,98.5112 17.6192,98.5140 17.6194,98.5171 17.6215,98.5190 17.6223,98.5219 17.6216,98.5266 17.6217,98.5295 17.6225,98.5319
ชม.2072	r	18.9400,98.9822 18.9422,98.9850
5065	r	19.5164,99.3992 19.5140,99.4006 19.5119,99.4026 19.5093,99.4041 19.5073,99.4061 19.5062,99.4090 19.5058,99.4099
ชม.2001	r	18.6881,98.9256 18.6881,98.9223 18.6883,98.9205
ชม.3007	r	18.6996,98.9779 18.7000,98.9791
ชม.3011	r	18.6901,98.9588 18.6885,98.9585
ชม.4037	r	18.6878,98.8843 18.6887,98.8812 18.6889,98.8781 18.6902,98.8764
ชม.4075	r	19.0993,98.7727 19.0955,98.7731 19.0928,98.7725 19.0901,98.7710 19.0868,98.7706 19.0841,98.7695 19.0812,98.7690 19.0787,98.7678 19.0777,98.7677
ชร.3037	r	20.0022,99.2406 20.0046,99.2390 20.0074,99.2387 20.0102,99.2365 20.0128,99.2348 20.0155,99.2357 20.0189,99.2348 20.0215,99.2339 20.0242,99.2331 20.0272,99.2346 20.0287,99.2375 20.0291,99.2376
ชร.3037	r	20.0195,99.1599 20.0220,99.1584 20.0248,99.1577 20.0275,99.1575 20.0293,99.1597 20.0322,99.1591 20.0328,99.1620 20.0336,99.1649 20.0359,99.1663 20.0387,99.1663 20.0409,99.1646 20.0440,99.1641 20.0465,99.1629 20.0489,99.1642 20.0498,99.1648
ชร.4004	r	20.1871,100.0547 20.1910,100.0540 20.1933,100.0537
ชร.4004	r	20.1635,100.0492 20.1662,100.0506 20.1685,100.0534 20.1704,100.0556 20.1703,100.0592 20.1722,100.0615 20.1753,100.0629 20.1784,100.0648 20.1815,100.0652 20.1838,100.0628 20.1840,100.0599 20.1852,100.0571 20.1867,100.0546
ลป.6010	r	18.4403,99.4353 18.4431,99.4357 18.4465,99.4356 18.4494,99.4323 18.4516,99.4297 18.4547,99.4282 18.4595,99.4261 18.4624,99.4248 18.4642,99.4223 18.4627,99.4198 18.4636,99.4190
มส.4077	r	18.0637,97.9254 18.0638,97.9266
ลป.5001	r	18.4636,99.4190 18.4666,99.4192 18.4693,99.4193 18.4724,99.4189 18.4752,99.4196 18.4789,99.4189 18.4829,99.4190 18.4863,99.4213 18.4891,99.4221 18.4920,99.4219 18.4959,99.4236 18.4988,99.4241 18.5013,99.4245
ลป.4033	r	18.3623,99.4688 18.3573,99.4689 18.3543,99.4690 18.3513,99.4713 18.3485,99.4739 18.3478,99.4774 18.3448,99.4791
ลป.4033	r	18.3412,99.4894 18.3436,99.4921 18.3479,99.4938 18.3509,99.4938 18.3537,99.4940 18.3565,99.4956 18.3570,99.4989 18.3585,99.5020 18.3604,99.5041 18.3662,99.5069 18.3698,99.5075 18.3750,99.5061 18.3789,99.5073
ลพ.3057	r	18.3384,98.6775 18.3389,98.6742 18.3398,98.6715 18.3416,98.6687 18.3416,98.6685
มส.4009	r	18.6145,97.9857 18.6149,97.9859
มส.4009	r	18.6149,97.9859 18.6169,97.9880 18.6184,97.9905 18.6203,97.9927 18.6231,97.9926 18.6216,97.9965 18.6253,97.9987 18.6282,97.9989 18.6288,98.0018 18.6302,98.0050 18.6313,98.0081 18.6304,98.0121 18.6275,98.0141 18.6250,98.0126 18.6241,98.0153 18.6219,98.0193 18.6220,98.0223 18.6244,98.0239 18.6273,98.0245 18.6268,98.0273 18.6284,98.0304 18.6305,98.0324 18.6319,98.0349 18.6324,98.0377 18.6329,98.0407 18.6343,98.0436 18.6368,98.0452 18.6394,98.0462 18.6408,98.0490 18.6431,98.0507 18.6435,98.0538 18.6441,98.0568 18.6431,98.0595 18.6428,98.0626 18.6448,98.0646 18.6482,98.0640 18.6471,98.0666 18.6459,98.0694 18.6432,98.0706 18.6409,98.0723 18.6380,98.0710 18.6355,98.0721 18.6334,98.0743 18.6308,98.0755 18.6298,98.0783 18.6288,98.0819 18.6282,98.0851 18.6276,98.0884 18.6289,98.0909 18.6273,98.0934 18.6248,98.0949 18.6224,98.0933 18.6208,98.0956 18.6181,98.0966 18.6171,98.0992 18.6174,98.1022 18.6196,98.1038 18.6217,98.1052
ชม.2014	r	18.4898,98.9111 18.4870,98.9114 18.4846,98.9099 18.4842,98.9095
ลพ.4035	r	18.4842,98.9095 18.4844,98.9051 18.4854,98.9037
ชม.3052	r	19.1316,98.8329 19.1340,98.8316 19.1365,98.8303 19.1391,98.8299
ชม.3052	r	19.1391,98.8299 19.1418,98.8291 19.1445,98.8290 19.1471,98.8279 19.1476,98.8278
ชม.4075	r	19.0766,98.7666 19.0753,98.7691 19.0751,98.7696
พร.3072	r	17.9339,99.9269 17.9317,99.9291 17.9295,99.9315 17.9264,99.9315 17.9260,99.9313
พร.3072	r	17.9415,99.9191 17.9396,99.9212 17.9374,99.9229 17.9352,99.9259 17.9339,99.9269
ลพ.3186	r	18.6277,99.0017 18.6281,98.9985
ชม.5207	r	18.6489,99.0026 18.6469,99.0045 18.6449,99.0051
ลพ.2036	r	18.5939,99.0129 18.5962,99.0149 18.5988,99.0165 18.6007,99.0187 18.6029,99.0209 18.6054,99.0225 18.6066,99.0231
ชม.5207	r	18.6524,98.9997 18.6509,99.0022 18.6489,99.0026
ชม.5201	r	18.6715,99.0026 18.6752,99.0027 18.6778,99.0041 18.6801,99.0044
ลป.4042	r	18.1983,99.5070 18.1996,99.5035 18.2006,99.5006 18.2017,99.4976 18.2015,99.4946 18.2015,99.4927
ลป.2045	r	18.1952,99.5749 18.1968,99.5775 18.1978,99.5805 18.1999,99.5824 18.2026,99.5842 18.2035,99.5869 18.2028,99.5897 18.2041,99.5916
ลป.4266	r	18.6057,99.9038 18.6059,99.9035
ลป.4266	r	18.6059,99.9035 18.6060,99.9040
ลป.4266	r	18.6059,99.9035 18.6045,99.9010 18.6048,99.8989
พย.4030	r	19.1516,100.3939 19.1488,100.3933 19.1502,100.3900
พย.2027	r	19.1609,100.2978 19.1633,100.2993 19.1652,100.3014 19.1665,100.3041 19.1674,100.3050
พย.5009	r	19.1643,100.3320 19.1619,100.3298 19.1595,100.3269
พย.2029	r	19.1670,100.3145 19.1630,100.3152 19.1605,100.3165 19.1588,100.3180
พย.4022	r	19.1589,100.3277 19.1583,100.3280
พย.4022	r	19.1073,100.2644 19.1069,100.2653
พย.4022	r	19.1606,100.2993 19.1573,100.3026 19.1556,100.3050 19.1556,100.3103 19.1554,100.3137 19.1561,100.3166 19.1586,100.3178 19.1588,100.3180
พย.4022	r	19.1595,100.3269 19.1589,100.3277
พย.4022	r	19.1583,100.3280 19.1557,100.3292
ชม.7086	r	18.5397,98.6418 18.5413,98.6416
ชม.7086	r	18.5247,98.6519 18.5254,98.6516
ชม.7086	r	18.5413,98.6416 18.5440,98.6426 18.5465,98.6411 18.5493,98.6395 18.5518,98.6393
ชม.7086	r	18.5349,98.6474 18.5365,98.6449 18.5372,98.6418 18.5397,98.6418
ชม.7086	r	18.5518,98.6393 18.5520,98.6394
ชม.5089	r	18.6375,98.6372 18.6382,98.6400 18.6409,98.6390 18.6430,98.6410 18.6453,98.6428 18.6461,98.6456 18.6484,98.6474 18.6494,98.6502 18.6500,98.6530 18.6510,98.6558 18.6538,98.6563 18.6565,98.6569 18.6574,98.6604 18.6581,98.6611
ชม.5089	r	18.6583,98.6612 18.6593,98.6614
ชม.5089	r	18.6593,98.6614 18.6613,98.6626
ลป.1-0058	r	18.9954,99.5215 18.9955,99.5217
ลป.1-0058	r	18.9955,99.5217 18.9983,99.5214 19.0010,99.5214 19.0032,99.5195 19.0062,99.5198 19.0065,99.5198
ลป.4009	r	18.8797,99.5231 18.8770,99.5228 18.8743,99.5234 18.8727,99.5211 18.8722,99.5182 18.8694,99.5169 18.8666,99.5155 18.8632,99.5144 18.8601,99.5140 18.8572,99.5128 18.8550,99.5102 18.8514,99.5094 18.8486,99.5102 18.8455,99.5119 18.8428,99.5125 18.8401,99.5121 18.8399,99.5120
ลพ.7064	r	18.4067,98.8729 18.4059,98.8771
ลพ.3053	r	18.3980,98.8334 18.3950,98.8339 18.3939,98.8368 18.3925,98.8394 18.3910,98.8421 18.3886,98.8439 18.3862,98.8457 18.3844,98.8481 18.3826,98.8505 18.3820,98.8516
ชม.4316	r	18.2090,98.6364 18.2119,98.6372 18.2129,98.6400 18.2152,98.6415 18.2179,98.6421 18.2206,98.6430 18.2216,98.6428
ชม.4316	r	18.2216,98.6428 18.2238,98.6411 18.2251,98.6436 18.2247,98.6466 18.2249,98.6471
ชม.4316	r	18.2249,98.6471 18.2268,98.6446 18.2273,98.6441
ชม.4316	r	18.2315,98.6405 18.2343,98.6406 18.2369,98.6416 18.2399,98.6427 18.2422,98.6446 18.2434,98.6463
ชม.4316	r	18.2434,98.6463 18.2418,98.6487 18.2420,98.6517 18.2449,98.6520 18.2474,98.6508 18.2493,98.6487 18.2521,98.6476 18.2550,98.6476 18.2584,98.6476 18.2589,98.6476
ชม.4316	r	18.2589,98.6476 18.2617,98.6481 18.2648,98.6491 18.2660,98.6516 18.2692,98.6518 18.2721,98.6520 18.2734,98.6520
ชม.4022	r	17.8126,98.7985 17.8084,98.7990 17.8061,98.8007 17.8056,98.8008
ชม.4022	r	17.8350,98.7800 17.8335,98.7826 17.8350,98.7850 17.8346,98.7881 17.8341,98.7911 17.8337,98.7942 17.8311,98.7955 17.8290,98.7934 17.8264,98.7920 17.8249,98.7946 17.8221,98.7964 17.8189,98.7966 17.8158,98.7974 17.8129,98.7984
ชม.4022	r	17.8511,98.7469 17.8517,98.7440 17.8528,98.7411 17.8554,98.7400 17.8575,98.7382 17.8599,98.7368 17.8623,98.7352 17.8653,98.7341 17.8669,98.7313 17.8678,98.7277 17.8699,98.7256 17.8726,98.7259 17.8751,98.7245 17.8780,98.7258 17.8807,98.7261 17.8836,98.7263 17.8863,98.7265 17.8888,98.7282 17.8904,98.7305 17.8906,98.7309
ชม.4022	r	17.8907,98.7309 17.8916,98.7345 17.8914,98.7375 17.8913,98.7406 17.8915,98.7425
ชม.4022	r	17.8452,98.7656 17.8432,98.7694 17.8428,98.7726 17.8402,98.7751 17.8377,98.7765 17.8350,98.7800
ชม.4022	r	17.8452,98.7656 17.8473,98.7635 17.8494,98.7614 17.8498,98.7584 17.8497,98.7555 17.8520,98.7537 17.8529,98.7509 17.8523,98.7481 17.8511,98.7470
มส.4001	r	19.5042,97.9501 19.5041,97.9503
มส.4001	r	19.5041,97.9503 19.5014,97.9499 19.4997,97.9522 19.4970,97.9524 19.4941,97.9520 19.4958,97.9543 19.4977,97.9575 19.4950,97.9573 19.4918,97.9571 19.4887,97.9577 19.4862,97.9591 19.4840,97.9610 19.4820,97.9634 19.4780,97.9647 19.4757,97.9663 19.4730,97.9656 19.4702,97.9658 19.4679,97.9675 19.4652,97.9682 19.4631,97.9687
ชม.4091	r	18.7135,99.0356 18.7117,99.0332 18.7085,99.0287 18.7064,99.0257 18.7049,99.0236
ชม.4091	r	18.7049,99.0236 18.7043,99.0227
ชม.4101	r	18.6864,98.9957 18.6873,98.9930 18.6892,98.9909 18.6908,98.9879
ชม.2157	r	18.9123,99.1091 18.9157,99.1129 18.9176,99.1134
ชม.4032	r	18.6800,98.9833 18.6789,98.9805 18.6782,98.9776 18.6774,98.9764
ชม.4091	r	18.6799,98.9861 18.6793,98.9848
ชม.2049	r	18.7278,99.0127 18.7245,99.0126
ชม.4051	r	18.9170,98.8216 18.9198,98.8209 18.9219,98.8190 18.9239,98.8212 18.9263,98.8228 18.9284,98.8236
ชร.1041	r	20.4391,99.8937 20.4391,99.8938
พย.5043	r	19.0377,99.9298 19.0367,99.9317
พย.3034	r	19.0325,99.9007 19.0313,99.9042 19.0291,99.9062 19.0298,99.9090 19.0312,99.9115 19.0310,99.9121
พย.4007	r	19.0695,99.8828 19.0708,99.8802 19.0724,99.8796
ชม.020	r	18.7028,98.9838 18.7027,98.9845
ชม.4091	r	18.7188,99.0426 18.7184,99.0420
ชม.020	r	18.7027,98.9845 18.7027,98.9848
ชม.4091	r	18.6971,99.0121 18.6970,99.0119
ชม.4091	r	18.6970,99.0119 18.6953,99.0093 18.6930,99.0058 18.6910,99.0027 18.6893,99.0001 18.6876,98.9975 18.6864,98.9957
ชม.7066	r	19.4950,99.4635 19.4956,99.4669 19.4947,99.4698
ชร.3062	r	19.5056,99.4095 19.5058,99.4099
ชม.4090	r	18.7188,99.0426 18.7206,99.0449 18.7223,99.0472 18.7240,99.0493
ชม.4090	r	18.7169,99.0550 18.7189,99.0571 18.7198,99.0613 18.7199,99.0642 18.7199,99.0680 18.7200,99.0710 18.7200,99.0713
ชร.1030	r	19.5430,99.7430 19.5431,99.7429
ชม.2045	r	19.1978,99.5179 19.1978,99.5181
ชม.2045	r	19.1983,99.5164 19.1978,99.5179
ลป.3022	r	19.0121,99.7009 19.0120,99.7010
ลป.3022	r	18.9937,99.6643 18.9938,99.6647
ลป.3022	r	19.0120,99.7010 19.0122,99.7020
ลป.4017	r	19.0531,99.6234 19.0526,99.6234
ลป.4017	r	19.0526,99.6234 19.0493,99.6231 19.0460,99.6235 19.0431,99.6241 19.0399,99.6241 19.0368,99.6237 19.0341,99.6232 19.0312,99.6234 19.0282,99.6236 19.0254,99.6235 19.0215,99.6234 19.0180,99.6234 19.0150,99.6232 19.0120,99.6230 19.0085,99.6224 19.0048,99.6227 19.0013,99.6245 18.9980,99.6252 18.9938,99.6275 18.9914,99.6242 18.9910,99.6216
ชร.3186	r	19.5178,99.6642 19.5151,99.6630 19.5121,99.6625 19.5084,99.6622 19.5058,99.6628 19.5031,99.6621 19.5008,99.6636 19.4981,99.6641 19.4947,99.6640 19.4923,99.6626 19.4907,99.6602 19.4892,99.6578 19.4865,99.6573 19.4852,99.6543 19.4832,99.6523 19.4816,99.6497 19.4794,99.6492
ชร.3186	r	19.5179,99.6642 19.5178,99.6642
มส.4014	r	19.5807,98.6129 19.5807,98.6125
มส.4014	r	19.5807,98.6125 19.5814,98.6097 19.5788,98.6066 19.5771,98.6032 19.5752,98.6010 19.5737,98.5978 19.5737,98.5949 19.5731,98.5920 19.5735,98.5892 19.5749,98.5867 19.5765,98.5838 19.5765,98.5809 19.5770,98.5779 19.5786,98.5756 19.5790,98.5747
ชม.2059	r	18.7387,99.1069 18.7369,99.1098 18.7355,99.1125 18.7354,99.1126
ชม.2059	r	18.7387,99.1069 18.7387,99.1069
ชม.4090	r	18.7208,99.0965 18.7213,99.0923 18.7217,99.0882 18.7212,99.0830 18.7212,99.0829
ชม.2036	r	18.7592,99.1390 18.7583,99.1361 18.7576,99.1330 18.7558,99.1308 18.7566,99.1281
ลพ.2003	r	18.6384,98.9953 18.6385,98.9923 18.6377,98.9892 18.6356,98.9870 18.6353,98.9863
ลป.1003	r	18.1289,99.5089 18.1267,99.5114 18.1243,99.5146 18.1237,99.5181 18.1230,99.5211 18.1214,99.5235 18.1200,99.5254
ชม.3045	r	19.0876,98.9063 19.0898,98.9091 19.0906,98.9125 19.0914,98.9152 19.0913,98.9167
1394	r	19.0868,98.9053 19.0873,98.9059
พร.3077	r	18.3277,100.2322 18.3303,100.2313 18.3335,100.2314 18.3365,100.2324 18.3396,100.2334 18.3431,100.2345 18.3462,100.2355
พร.3077	r	18.3697,100.2461 18.3670,100.2452 18.3640,100.2450 18.3624,100.2426 18.3618,100.2394 18.3590,100.2383 18.3565,100.2369 18.3539,100.2378 18.3510,100.2360 18.3484,100.2367 18.3467,100.2358
ลป.4065	r	18.2342,99.3181 18.2370,99.3192 18.2399,99.3192 18.2420,99.3171 18.2434,99.3167
ลป.5028	r	18.2251,99.2896 18.2232,99.2921 18.2214,99.2943 18.2218,99.2975 18.2235,99.3000 18.2217,99.3033 18.2221,99.3063 18.2230,99.3090 18.2233,99.3120 18.2222,99.3170 18.2220,99.3204 18.2224,99.3232
ลป.5028	r	18.2227,99.3233 18.2254,99.3240 18.2253,99.3269 18.2238,99.3297 18.2222,99.3334 18.2209,99.3363 18.2184,99.3388 18.2177,99.3396
ลป.4065	r	18.2623,99.3072 18.2601,99.3094 18.2573,99.3107 18.2551,99.3126 18.2527,99.3141 18.2497,99.3145 18.2470,99.3134 18.2446,99.3148 18.2434,99.3167
ลพ.7061	r	18.4213,98.8736 18.4187,98.8744 18.4155,98.8745 18.4126,98.8746 18.4098,98.8757 18.4073,98.8771 18.4037,98.8767 18.4013,98.8759
ลพ.3008	r	17.7034,98.8661 17.7019,98.8668
ลพ.3008	r	17.7237,98.8489 17.7234,98.8489
ลพ.3008	r	17.7234,98.8489 17.7202,98.8504 17.7170,98.8528 17.7143,98.8549 17.7121,98.8570 17.7104,98.8596 17.7080,98.8616 17.7063,98.8641 17.7041,98.8660 17.7034,98.8661
ลพ.3008	r	17.7626,98.8213 17.7582,98.8219 17.7557,98.8231 17.7530,98.8243 17.7510,98.8263 17.7487,98.8295 17.7462,98.8322 17.7436,98.8341 17.7403,98.8359 17.7372,98.8368 17.7351,98.8387 17.7324,98.8397 17.7307,98.8421 17.7289,98.8443 17.7269,98.8473 17.7248,98.8492 17.7237,98.8489
ลพ.3008	r	17.7629,98.8213 17.7626,98.8213
ลพ.3008	r	17.7790,98.8561 17.7798,98.8590 17.7819,98.8610 17.7831,98.8628
ลพ.3008	r	17.7832,98.8630 17.7854,98.8650 17.7884,98.8672 17.7900,98.8695 17.7918,98.8724 17.7931,98.8759 17.7931,98.8796 17.7942,98.8820
ลพ.3008	r	17.7831,98.8628 17.7832,98.8630
ลพ.3008	r	17.7929,98.8852 17.7934,98.8880 17.7927,98.8941 17.7933,98.8983 17.7959,98.8997 17.7986,98.8992 17.8006,98.9013 17.8027,98.9038 17.8022,98.9070 17.8007,98.9103 17.8008,98.9145 17.7994,98.9173 17.7980,98.9199 17.7979,98.9242 17.7978,98.9245
ลพ.3008	r	17.7942,98.8820 17.7933,98.8850 17.7929,98.8852
ลพ.3008	r	17.7978,98.9245 17.7971,98.9279 17.7988,98.9316 17.7987,98.9345 17.7992,98.9377 17.7982,98.9406 17.7974,98.9417
ลพ.3008	r	17.7974,98.9417 17.7970,98.9460 17.7979,98.9495 17.7985,98.9509
พย.4008	r	19.1695,100.0044 19.1696,100.0077 19.1699,100.0120 19.1702,100.0154 19.1705,100.0192 19.1710,100.0241 19.1714,100.0286 19.1718,100.0328 19.1720,100.0360 19.1726,100.0403
พย.3034	r	19.2031,100.0623 19.2028,100.0590 19.2022,100.0535 19.2020,100.0502 19.2023,100.0465 19.2025,100.0436 19.2019,100.0404
พย.3051	r	19.2192,100.0613 19.2188,100.0580 19.2178,100.0552 19.2176,100.0521 19.2184,100.0476 19.2204,100.0429
พย.3034	r	19.2019,100.0404 19.2025,100.0363 19.2031,100.0332
ลพ.4054	r	18.3966,98.8667 18.3940,98.8678 18.3910,98.8684 18.3882,98.8675 18.3854,98.8676 18.3832,98.8696 18.3803,98.8723
ลพ.4054	r	18.4148,98.8682 18.4122,98.8667 18.4093,98.8665 18.4066,98.8658 18.4048,98.8637 18.4016,98.8647 18.3993,98.8663 18.3966,98.8667
ลพ.4051	r	18.4122,98.8879 18.4096,98.8844 18.4056,98.8856 18.4027,98.8854 18.3995,98.8860 18.3968,98.8863 18.3938,98.8865 18.3922,98.8852
พร.5085	r	18.4157,100.1485 18.4163,100.1513 18.4156,100.1519
พร.5085	r	18.4155,100.1521 18.4156,100.1519
พร.4016	r	18.2942,100.1691 18.2921,100.1671
พร.4016	r	18.2921,100.1671 18.2891,100.1664 18.2871,100.1683 18.2852,100.1707 18.2832,100.1736 18.2808,100.1757 18.2777,100.1750 18.2736,100.1743 18.2707,100.1744 18.2680,100.1741 18.2650,100.1734 18.2622,100.1725 18.2596,100.1717 18.2567,100.1711 18.2540,100.1707 18.2499,100.1708 18.2465,100.1709 18.2438,100.1714 18.2410,100.1718 18.2387,100.1723
พร.3033	r	18.2857,100.2503 18.2872,100.2474 18.2890,100.2440 18.2904,100.2412 18.2916,100.2397
พร.3033	r	18.2918,100.2394 18.2937,100.2370 18.2944,100.2334 18.2955,100.2305 18.2984,100.2300 18.3024,100.2306 18.3048,100.2294 18.3051,100.2288
พร.3033	r	18.3292,100.1981 18.3334,100.1956 18.3363,100.1952 18.3388,100.1969 18.3411,100.1988 18.3453,100.2003 18.3485,100.2011 18.3556,100.1969 18.3563,100.1963
พร.5085	r	18.4155,100.1565 18.4166,100.1539 18.4155,100.1521
มส.4015	r	19.6261,98.1002 19.6289,98.1021 19.6307,98.0986 19.6337,98.0980 19.6362,98.0963 19.6394,98.0952 19.6405,98.0939
มส.4004	r	19.3207,98.4053 19.3206,98.4052
มส.4004	r	19.3222,98.3955 19.3244,98.3934 19.3271,98.3924 19.3294,98.3908 19.3297,98.3879 19.3306,98.3849 19.3308,98.3819 19.3324,98.3796 19.3350,98.3787 19.3350,98.3758 19.3345,98.3747
พร.3033	r	18.4002,100.1858 18.3967,100.1871 18.3940,100.1882 18.3912,100.1900 18.3879,100.1922 18.3850,100.1922 18.3822,100.1907 18.3793,100.1909 18.3755,100.1915 18.3724,100.1926 18.3691,100.1937 18.3665,100.1944 18.3636,100.1948 18.3594,100.1955 18.3566,100.1962 18.3563,100.1963
พร.3032	r	18.4260,100.1771 18.4238,100.1774
ลป.4023	r	18.7580,99.5496 18.7608,99.5501 18.7624,99.5530 18.7626,99.5555
ชม.4288	r	18.2088,98.6353 18.2082,98.6329
ชร.4064	r	19.7611,99.8732 19.7647,99.8734 19.7675,99.8727 19.7702,99.8735 19.7730,99.8726 19.7757,99.8732 19.7782,99.8714 19.7803,99.8738 19.7806,99.8770 19.7796,99.8804 19.7796,99.8833 19.7778,99.8856 19.7770,99.8892 19.7761,99.8932 19.7759,99.8963 19.7765,99.8994 19.7775,99.9021 19.7778,99.9065 19.7780,99.9097 19.7782,99.9103
พร.4025	r	18.6738,100.1573 18.6765,100.1584 18.6791,100.1581 18.6820,100.1575 18.6849,100.1572 18.6864,100.1546 18.6868,100.1542
พร.4025	r	18.6677,100.1529 18.6647,100.1524 18.6620,100.1514 18.6592,100.1507 18.6565,100.1508 18.6540,100.1524 18.6533,100.1555 18.6519,100.1582 18.6495,100.1600 18.6466,100.1601 18.6442,100.1586 18.6427,100.1557 18.6411,100.1530 18.6383,100.1512 18.6360,100.1496 18.6340,100.1475 18.6316,100.1461 18.6287,100.1464 18.6260,100.1464 18.6233,100.1454 18.6205,100.1452 18.6180,100.1458
พร.4025	r	18.6677,100.1529 18.6704,100.1546 18.6724,100.1566 18.6738,100.1573
พย.3021	r	19.5408,100.3092 19.5411,100.3057 19.5418,100.3024 19.5422,100.2995 19.5418,100.2980
พย.3025	r	19.5366,100.3063 19.5388,100.3080 19.5409,100.3085
ลป.1005	r	18.7394,99.9261 18.7403,99.9289
ลป.1013	r	18.7931,99.9226 18.7916,99.9253 18.7886,99.9257 18.7860,99.9244 18.7833,99.9241 18.7804,99.9252 18.7776,99.9258 18.7740,99.9250 18.7713,99.9245 18.7686,99.9238 18.7657,99.9236 18.7650,99.9237
ลป.1013	r	18.8215,99.9261 18.8234,99.9283 18.8255,99.9302 18.8273,99.9333 18.8278,99.9363 18.8279,99.9392 18.8282,99.9409
ลป.1013	r	18.8279,99.9447 18.8280,99.9448
ลป.1013	r	18.8280,99.9453 18.8286,99.9488
พย.4032	r	19.6009,100.3969 19.6017,100.3946
พย.4032	r	19.6017,100.3946 19.6019,100.3916 19.6007,100.3885 19.6005,100.3770 19.6004,100.3710 19.6004,100.3672 19.6003,100.3652
พย.2062	r	19.6043,100.4036 19.6044,100.4080 19.6038,100.4111 19.6043,100.4119
ลพ.4068	r	18.3205,98.9252 18.3207,98.9283 18.3180,98.9289 18.3169,98.9297
ลพ.4068	r	18.3151,98.9242 18.3157,98.9279 18.3169,98.9297
ซน.6050	r	18.8647,98.2298 18.8631,98.2325 18.8601,98.2327 18.8599,98.2328
ชม.2072	r	18.9175,98.9708 18.9203,98.9718 18.9232,98.9735 18.9258,98.9745 18.9286,98.9744 18.9315,98.9746 18.9319,98.9748
ชม.3165	r	18.5881,98.9170 18.5888,98.9173
พย.3012	r	19.4628,100.2777 19.4683,100.2768 19.4713,100.2763 19.4741,100.2749 19.4771,100.2746 19.4803,100.2752 19.4873,100.2744 19.4907,100.2743
ชม.3047	r	19.2970,98.9971 19.2998,98.9974
ลป.4023	r	18.7580,99.5496 18.7568,99.5489
ลป.4023	r	18.7473,99.5512 18.7503,99.5499 18.7532,99.5495 18.7559,99.5493 18.7568,99.5489
ชม.5080	r	18.8631,99.2993 18.8628,99.2992
ชม.5080	r	18.8646,99.3051 18.8631,99.3026 18.8632,99.2996 18.8631,99.2993
ชร.4050	r	19.9310,99.8651 19.9300,99.8688 19.9297,99.8722 19.9307,99.8751 19.9326,99.8783 19.9342,99.8809 19.9333,99.8849 19.9327,99.8877 19.9330,99.8911 19.9324,99.8939 19.9322,99.8968 19.9329,99.8999 19.9341,99.9026 19.9358,99.9056 19.9380,99.9092 19.9397,99.9119 19.9412,99.9143 19.9433,99.9166 19.9461,99.9179 19.9481,99.9216 19.9475,99.9245 19.9480,99.9282 19.9505,99.9307 19.9531,99.9323 19.9559,99.9351 19.9586,99.9386 19.9600,99.9418 19.9614,99.9450 19.9615,99.9453
มส.4014	r	19.5345,98.2697 19.5377,98.2696 19.5404,98.2704 19.5433,98.2706 19.5450,98.2683 19.5471,98.2656 19.5500,98.2662 19.5520,98.2684 19.5550,98.2694 19.5577,98.2707 19.5595,98.2729
มส.4014	r	19.5340,98.2697 19.5345,98.2697
มส.4014	r	19.5182,98.2576 19.5185,98.2606 19.5187,98.2627
สท.4010	r	17.7353,99.6480 17.7380,99.6492 17.7407,99.6503 17.7434,99.6516 17.7463,99.6520 17.7486,99.6543 17.7504,99.6573 17.7524,99.6604 17.7551,99.6634 17.7570,99.6657 17.7592,99.6679 17.7601,99.6708 17.7619,99.6730 17.7628,99.6759 17.7654,99.6777 17.7665,99.6811 17.7678,99.6839 17.7700,99.6867 17.7709,99.6894 17.7739,99.6909 17.7767,99.6907 17.7774,99.6907
ชร.1030	r	19.5497,99.7863 19.5497,99.7865
ชร.1030	r	19.5515,99.7583 19.5516,99.7584
ชร.1030	r	19.5502,99.7472 19.5518,99.7497 19.5528,99.7524 19.5518,99.7555 19.5515,99.7583
ชร.1030	r	19.5516,99.7584 19.5534,99.7607 19.5550,99.7631 19.5570,99.7660 19.5548,99.7680 19.5542,99.7710 19.5531,99.7746 19.5531,99.7774 19.5526,99.7803 19.5515,99.7836 19.5497,99.7857 19.5497,99.7863
พร.5027	r	18.0740,100.1184 18.0738,100.1214
ลป.2015	r	19.0040,99.7944 19.0012,99.7949 18.9981,99.7947 18.9953,99.7952 18.9935,99.7951
ลป.2015	r	18.9935,99.7951 18.9906,99.7950 18.9881,99.7966 18.9855,99.7976 18.9830,99.7997 18.9805,99.8010 18.9786,99.8030 18.9764,99.8013 18.9736,99.8019 18.9710,99.8027 18.9692,99.8050 18.9703,99.8075 18.9675,99.8075 18.9671,99.8077
พย.ถ1-0040	r	19.0362,100.0532 19.0365,100.0562 19.0355,100.0601 19.0353,100.0632 19.0356,100.0649
พย.1016	r	19.0288,99.9833 19.0289,99.9803 19.0296,99.9775 19.0305,99.9744 19.0286,99.9704 19.0289,99.9671 19.0303,99.9641 19.0316,99.9615 19.0323,99.9585 19.0347,99.9567 19.0370,99.9549 19.0397,99.9546 19.0425,99.9540 19.0469,99.9512 19.0497,99.9507 19.0515,99.9478 19.0545,99.9454 19.0572,99.9437 19.0588,99.9419
พย.5046	r	18.9916,100.0266 18.9892,100.0241 18.9885,100.0213 18.9879,100.0182 18.9851,100.0170 18.9825,100.0160 18.9798,100.0153 18.9771,100.0137 18.9768,100.0132
นน.3036	r	18.7755,100.6799 18.7753,100.6832 18.7755,100.6868 18.7761,100.6904 18.7751,100.6940 18.7739,100.6967 18.7737,100.6997 18.7729,100.7025 18.7730,100.7034
นน.3036	r	18.7751,100.6801 18.7755,100.6799
ชร.3037	r	19.7450,99.4978 19.7481,99.4985 19.7514,99.4990 19.7543,99.4990 19.7579,99.4987 19.7598,99.4993
ชร.3037	r	19.7442,99.4979 19.7450,99.4978
ชม.3045	r	19.0944,98.9365 19.0944,98.9364
ชม.4046	r	19.1160,99.0683 19.1147,99.0711 19.1139,99.0740 19.1124,99.0765 19.1122,99.0775
ชม.4046	r	19.1160,99.0680 19.1160,99.0683
ชม.4046	r	19.1121,99.0779 19.1120,99.0783
ชม.4046	r	19.1122,99.0775 19.1121,99.0779
ลป.4288	r	18.1053,99.6515 18.1050,99.6478 18.1049,99.6449 18.1024,99.6437 18.0998,99.6426
พย.4004	r	19.1339,99.8818 19.1352,99.8788 19.1369,99.8753 19.1373,99.8721 19.1370,99.8690 19.1376,99.8662 19.1385,99.8635 19.1395,99.8602 19.1402,99.8573 19.1458,99.8568 19.1486,99.8573 19.1515,99.8564 19.1520,99.8563
ตก.7054	r	17.3981,98.4621 17.3980,98.4600
มส.3004	r	17.8660,97.8458 17.8635,97.8477 17.8606,97.8475 17.8577,97.8466 17.8548,97.8461 17.8520,97.8452 17.8492,97.8455 17.8464,97.8461 17.8439,97.8472 17.8437,97.8469
มส.3004	r	17.8708,97.8443 17.8699,97.8471 17.8671,97.8469 17.8660,97.8458
มส.3004	r	17.8989,97.8431 17.8960,97.8430 17.8938,97.8447 17.8905,97.8456 17.8877,97.8470 17.8848,97.8472 17.8822,97.8459 17.8801,97.8441 17.8776,97.8453 17.8753,97.8469 17.8755,97.8484
มส.3004	r	17.8413,97.8460 17.8422,97.8431 17.8422,97.8429
ลป.5006	r	17.8980,99.3307 17.9008,99.3309 17.9027,99.3288 17.9054,99.3298 17.9081,99.3296 17.9109,99.3303 17.9141,99.3303 17.9164,99.3288 17.9190,99.3278 17.9221,99.3288 17.9233,99.3321 17.9259,99.3334 17.9275,99.3360 17.9297,99.3382 17.9341,99.3398 17.9372,99.3405 17.9398,99.3414 17.9423,99.3430 17.9429,99.3433
ชม.3012	r	18.8756,99.0959 18.8765,99.0979
พร.3044	r	17.9819,99.7491 17.9815,99.7460 17.9821,99.7431 17.9819,99.7403 17.9804,99.7371 17.9791,99.7351
ลป.2031	r	18.3637,99.2471 18.3610,99.2473 18.3589,99.2492
ลป.2031	r	18.3636,99.2468 18.3637,99.2471
ชม.2157	r	18.9124,99.1091 18.9123,99.1091
ชม.4316	r	18.2273,98.6441 18.2289,98.6418 18.2315,98.6405
พย.3070	r	18.8906,100.3094 18.8907,100.3137 18.8901,100.3142
มส.3109	r	18.2375,97.9225 18.2385,97.9196 18.2399,97.9186
มส.3010	r	18.2106,98.0286 18.2123,98.0309 18.2118,98.0328
ชม.3007	r	18.7008,98.9761 18.7007,98.9761
ชม.3007	r	18.7025,98.9655 18.7017,98.9714 18.7011,98.9753 18.7008,98.9761
ชม.3003	r	18.4230,98.6988 18.4214,98.7012 18.4209,98.7041 18.4204,98.7083 18.4199,98.7125 18.4182,98.7149 18.4154,98.7166 18.4127,98.7172 18.4100,98.7181 18.4057,98.7193 18.4032,98.7204
ชม.3044	r	18.7277,99.1928 18.7281,99.1937
ชม.3044	r	18.7282,99.1940 18.7287,99.1952
ชม.3044	r	18.7281,99.1937 18.7282,99.1940
ชม.3044	r	18.7288,99.1955 18.7321,99.1992 18.7352,99.2021 18.7382,99.2028 18.7386,99.2027
ชม.3044	r	18.7287,99.1952 18.7288,99.1955
ชม.4090	r	18.7200,99.1117 18.7202,99.1085 18.7205,99.1047 18.7210,99.1014 18.7210,99.0984 18.7208,99.0965
ลป.5006	r	18.1233,99.3473 18.1235,99.3475
ลป.5006	r	18.1231,99.3470 18.1233,99.3473
ลป.5006	r	18.0964,99.3412 18.0997,99.3396 18.1037,99.3383 18.1070,99.3398 18.1091,99.3421 18.1128,99.3437 18.1155,99.3446 18.1182,99.3455 18.1214,99.3464 18.1231,99.3470
พย.3036	r	19.1305,99.8210 19.1304,99.8169
พย.4021	r	19.1841,99.8143 19.1823,99.8121 19.1839,99.8100
พย.4021	r	19.1794,99.8169 19.1791,99.8140 19.1791,99.8140
พย.4021	r	19.1800,99.8136 19.1800,99.8136
พย.4021	r	19.1793,99.8166 19.1788,99.8175
พย.4021	r	19.1788,99.8175 19.1788,99.8175
พย.001	r	19.1984,99.8389 19.1984,99.8390
พย.001	r	19.1982,99.8377 19.1984,99.8389
พย.001	r	19.2017,99.8617 19.2030,99.8662 19.2030,99.8664
พย.001	r	19.2017,99.8615 19.2017,99.8617
พย.4021	r	19.1779,99.8039 19.1751,99.8039 19.1724,99.8035 19.1698,99.8046 19.1696,99.8049
พย.4021	r	19.1700,99.8053 19.1699,99.8061
พย.4021	r	19.1696,99.8049 19.1700,99.8053
พย.4021	r	19.1839,99.8100 19.1828,99.8072 19.1810,99.8048 19.1784,99.8037 19.1779,99.8039
พย.4021	r	19.1841,99.8143 19.1816,99.8156 19.1795,99.8175 19.1793,99.8176
พย.4021	r	19.1791,99.8140 19.1798,99.8138
พย.2040	r	19.1916,99.8192 19.1894,99.8173 19.1880,99.8169
พย.2040	r	19.1919,99.8192 19.1916,99.8192
ชร.2019	r	19.5883,99.4839 19.5907,99.4824 19.5924,99.4801 19.5937,99.4772 19.5964,99.4764 19.5994,99.4761 19.6024,99.4763 19.6057,99.4761 19.6082,99.4772 19.6113,99.4772 19.6145,99.4779 19.6175,99.4789 19.6209,99.4776 19.6221,99.4771
ชร.2019	r	19.5883,99.4840 19.5883,99.4839
ลป.5028	r	18.2251,99.2896 18.2267,99.2867 18.2271,99.2836 18.2272,99.2803 18.2252,99.2780 18.2254,99.2732 18.2236,99.2700 18.2235,99.2671 18.2224,99.2642 18.2216,99.2612 18.2201,99.2580 18.2189,99.2554 18.2156,99.2533 18.2166,99.2505 18.2166,99.2475 18.2152,99.2445 18.2154,99.2402 18.2131,99.2374 18.2133,99.2345 18.2150,99.2320 18.2169,99.2291 18.2191,99.2275 18.2199,99.2247 18.2177,99.2227 18.2181,99.2209
ลป.2012	r	18.1744,99.4078 18.1725,99.4102 18.1712,99.4133 18.1695,99.4157 18.1682,99.4182 18.1652,99.4187 18.1622,99.4203 18.1599,99.4218 18.1571,99.4232 18.1554,99.4253 18.1521,99.4247 18.1495,99.4239 18.1467,99.4233 18.1440,99.4232
ลป.1003	r	18.1200,99.5254 18.1174,99.5240 18.1143,99.5225 18.1139,99.5224
ลป.1043	r	17.9027,99.4098 17.9052,99.4113 17.9077,99.4125 17.9105,99.4133 17.9132,99.4122 17.9162,99.4114 17.9200,99.4111 17.9233,99.4120 17.9260,99.4132 17.9292,99.4131 17.9323,99.4137 17.9347,99.4156 17.9370,99.4176 17.9366,99.4211 17.9364,99.4256 17.9366,99.4290 17.9377,99.4319 17.9400,99.4345 17.9419,99.4380 17.9457,99.4396 17.9499,99.4396 17.9527,99.4392 17.9550,99.4407 17.9552,99.4436 17.9545,99.4452
ลป.1043	r	17.8942,99.3934 17.8931,99.3908 17.8914,99.3883 17.8897,99.3860 17.8866,99.3843 17.8847,99.3834
ลป.1043	r	17.9545,99.4452 17.9546,99.4455
ลป.1043	r	17.9729,99.4429 17.9746,99.4454 17.9756,99.4484 17.9750,99.4512 17.9779,99.4519 17.9805,99.4531 17.9828,99.4548 17.9848,99.4572 17.9869,99.4593 17.9889,99.4614 17.9921,99.4626 17.9949,99.4640 17.9974,99.4658 18.0005,99.4681 18.0021,99.4705 18.0040,99.4728 18.0053,99.4754 18.0067,99.4781 18.0084,99.4805 18.0092,99.4824
ลป.1043	r	17.9546,99.4455 17.9552,99.4489 17.9553,99.4536 17.9571,99.4562 17.9616,99.4580 17.9645,99.4568 17.9678,99.4519 17.9674,99.4489 17.9690,99.4455 17.9719,99.4435 17.9729,99.4429
ลป.1043	r	18.0092,99.4824 18.0120,99.4819 18.0163,99.4810 18.0202,99.4830 18.0226,99.4837
ลป.1007	r	17.7977,99.2619 17.7949,99.2587 17.7932,99.2563 17.7917,99.2536 17.7893,99.2517 17.7865,99.2506 17.7830,99.2488 17.7796,99.2469 17.7772,99.2452 17.7742,99.2435 17.7710,99.2408 17.7690,99.2381 17.7662,99.2363 17.7641,99.2341 17.7622,99.2318 17.7608,99.2311
ลพ.4078	r	18.3223,98.9095 18.3196,98.9090 18.3170,98.9073 18.3144,98.9064 18.3125,98.9043 18.3124,98.9008 18.3117,98.8979 18.3107,98.8950 18.3092,98.8923 18.3076,98.8898 18.3071,98.8867 18.3061,98.8836 18.3038,98.8820 18.3018,98.8812
ลพ.7071	r	18.3693,98.8973 18.3687,98.9009 18.3691,98.9042 18.3675,98.9065 18.3651,98.9085 18.3642,98.9104
ลพ.5065	r	18.3556,98.8677 18.3581,98.8705 18.3591,98.8721
ลพ.7071	r	18.3642,98.9104 18.3634,98.9134 18.3613,98.9154 18.3585,98.9154 18.3587,98.9138
ลพ.3049	r	17.8111,99.0051 17.8131,99.0029 17.8143,98.9994 17.8166,98.9971 17.8192,98.9950 17.8210,98.9928 17.8226,98.9904 17.8250,98.9887 17.8279,98.9866 17.8293,98.9849
ลพ.2059	r	17.6365,98.7798 17.6384,98.7850
ลพ.2059	r	17.6363,98.7791 17.6365,98.7798
ลพ.2059	r	17.6851,98.7520 17.6821,98.7526 17.6794,98.7525 17.6767,98.7515 17.6739,98.7510 17.6702,98.7507 17.6671,98.7522 17.6643,98.7532 17.6605,98.7542 17.6588,98.7568 17.6564,98.7592 17.6537,98.7580 17.6514,98.7596 17.6486,98.7606 17.6462,98.7623 17.6435,98.7628 17.6359,98.7662 17.6352,98.7694 17.6336,98.7718 17.6348,98.7751 17.6362,98.7787 17.6363,98.7791
ซน.6050	r	18.8599,98.2373 18.8592,98.2403 18.8580,98.2429 18.8581,98.2457 18.8580,98.2488 18.8575,98.2516 18.8553,98.2535 18.8568,98.2559 18.8548,98.2578 18.8523,98.2604 18.8527,98.2633 18.8536,98.2660 18.8535,98.2689 18.8536,98.2718 18.8539,98.2748 18.8535,98.2777 18.8524,98.2807 18.8529,98.2836 18.8530,98.2866 18.8507,98.2882 18.8493,98.2907 18.8475,98.2932 18.8456,98.2954 18.8439,98.2978 18.8428,98.3006 18.8404,98.3033 18.8390,98.3059 18.8370,98.3082 18.8353,98.3106 18.8332,98.3125 18.8316,98.3149 18.8305,98.3175 18.8288,98.3199 18.8262,98.3208 18.8254,98.3238 18.8241,98.3264 18.8234,98.3293 18.8218,98.3316 18.8207,98.3325
นน.3222	r	18.5849,100.7872 18.5863,100.7843 18.5890,100.7820 18.5907,100.7789 18.5904,100.7746 18.5893,100.7710 18.5887,100.7700
ชร.ถ1-0077	r	19.7397,100.1751 19.7407,100.1708 19.7409,100.1653 19.7404,100.1643
ชร.ถ1-0077	r	19.7403,100.1642 19.7434,100.1505 19.7454,100.1422 19.7469,100.1383 19.7475,100.1351 19.7486,100.1316 19.7506,100.1271 19.7526,100.1247 19.7543,100.1221 19.7550,100.1205
ชร.ถ1-0077	r	19.7404,100.1643 19.7403,100.1642
พย.4012	r	19.8027,100.1667 19.8024,100.1671
พย.4012	r	19.8024,100.1671 19.8016,100.1701 19.7998,100.1724 19.7970,100.1753 19.7950,100.1774 19.7926,100.1793 19.7897,100.1784 19.7857,100.1822 19.7810,100.1830 19.7767,100.1845 19.7735,100.1841 19.7697,100.1831 19.7657,100.1824 19.7614,100.1818 19.7562,100.1800 19.7535,100.1791 19.7508,100.1791 19.7480,100.1776 19.7453,100.1753 19.7427,100.1744 19.7397,100.1751 19.7367,100.1758 19.7339,100.1766 19.7310,100.1787 19.7287,100.1806 19.7243,100.1823 19.7205,100.1835 19.7173,100.1836 19.7141,100.1837 19.7111,100.1834 19.7084,100.1819 19.7048,100.1798 19.7020,100.1791 19.6997,100.1809 19.6971,100.1820 19.6950,100.1839 19.6928,100.1856 19.6899,100.1859 19.6888,100.1863
พย.4031	r	19.5717,100.2938 19.5718,100.2948
พย.4031	r	19.5718,100.2948 19.5713,100.2979 19.5712,100.2992
พย.4032	r	19.6003,100.3652 19.6003,100.3614 19.6003,100.3571 19.6002,100.3502 19.6002,100.3461 19.6001,100.3422 19.6013,100.3369 19.6005,100.3340 19.6010,100.3307 19.6011,100.3267 19.6014,100.3246
มส.4009	r	18.6211,98.1123 18.6186,98.1136 18.6174,98.1162 18.6202,98.1165 18.6196,98.1185
มส.4009	r	18.6196,98.1185 18.6174,98.1203 18.6168,98.1233 18.6178,98.1261 18.6162,98.1284 18.6133,98.1296 18.6114,98.1318 18.6088,98.1337 18.6061,98.1343 18.6043,98.1321 18.6028,98.1296 18.6001,98.1306 18.5970,98.1307 18.5946,98.1324 18.5914,98.1325 18.5884,98.1341 18.5850,98.1355 18.5820,98.1362 18.5796,98.1379 18.5789,98.1386
พย.4025	r	19.6683,100.2046 19.6710,100.2049 19.6743,100.2037 19.6770,100.2038 19.6798,100.2033 19.6812,100.2038
พย.4025	r	19.6677,100.2046 19.6683,100.2046
ชร.4057	r	20.2100,100.4501 20.2128,100.4501 20.2158,100.4499 20.2186,100.4501 20.2219,100.4505 20.2246,100.4504 20.2243,100.4473 20.2230,100.4442 20.2234,100.4413 20.2250,100.4385 20.2282,100.4351 20.2305,100.4317 20.2329,100.4287 20.2350,100.4243 20.2376,100.4214 20.2409,100.4186 20.2432,100.4161 20.2452,100.4134 20.2459,100.4115
ชร.4061	r	20.0153,100.4657 20.0133,100.4635 20.0137,100.4606 20.0157,100.4585 20.0163,100.4555 20.0164,100.4526 20.0165,100.4495 20.0177,100.4469 20.0175,100.4438 20.0190,100.4414 20.0193,100.4402
ชร.4061	r	20.0193,100.4402 20.0175,100.4381 20.0162,100.4354 20.0146,100.4330 20.0115,100.4302 20.0107,100.4294
ชร.4058	r	19.9014,100.4156 19.9040,100.4180 19.9063,100.4165 19.9079,100.4141 19.9079,100.4112 19.9080,100.4102
ชร.4058	r	19.9011,100.4154 19.9014,100.4156
ชร.4025	r	19.6499,100.2998 19.6521,100.3016 19.6552,100.3006 19.6573,100.2985 19.6591,100.2950 19.6615,100.2922 19.6641,100.2912 19.6653,100.2885 19.6671,100.2863 19.6695,100.2849 19.6712,100.2873 19.6755,100.2896 19.6780,100.2908 19.6793,100.2882 19.6796,100.2851 19.6805,100.2824 19.6804,100.2790 19.6802,100.2760 19.6784,100.2734 19.6761,100.2717 19.6744,100.2694 19.6733,100.2669
ชร.3107	r	19.6960,100.2938 19.6988,100.2935 19.7016,100.2935 19.7029,100.2903 19.7031,100.2871 19.7030,100.2851
พย.3077	r	19.4937,100.2699 19.4935,100.2698
พย.3077	r	19.4935,100.2698 19.4908,100.2685 19.4901,100.2686
พร.3017	r	18.3542,100.1881 18.3550,100.1913 18.3553,100.1947 18.3563,100.1963
พร.3021	r	18.3563,100.1963 18.3566,100.1966
มส.3005	r	18.0143,98.1426 18.0173,98.1420 18.0200,98.1401 18.0231,98.1415 18.0261,98.1413 18.0297,98.1420 18.0337,98.1401 18.0368,98.1395 18.0401,98.1397 18.0434,98.1409 18.0465,98.1407 18.0484,98.1384 18.0497,98.1353 18.0522,98.1336 18.0550,98.1333 18.0559,98.1331
มส.3005	r	18.0092,98.1547 18.0117,98.1560 18.0143,98.1566 18.0146,98.1537 18.0148,98.1508 18.0148,98.1479 18.0147,98.1449 18.0143,98.1426
พร.4012	r	18.6266,100.1629 18.6283,100.1606 18.6296,100.1597
พร.4012	r	18.6263,100.1629 18.6266,100.1629
พร.4012	r	18.6298,100.1596 18.6333,100.1586 18.6364,100.1589 18.6389,100.1573 18.6414,100.1586 18.6438,100.1610 18.6459,100.1630 18.6485,100.1654 18.6491,100.1658
พร.4012	r	18.6296,100.1597 18.6298,100.1596
ลป.4071	r	18.7601,100.0037 18.7598,100.0048
ลป.4071	r	18.7602,100.0035 18.7601,100.0037
ลพ.3186	r	18.5946,99.0114 18.5975,99.0106 18.6009,99.0097 18.6022,99.0094
พร.4039	r	17.8286,99.7707 17.8279,99.7739 17.8293,99.7765 17.8314,99.7784 17.8331,99.7807 17.8323,99.7839 17.8331,99.7869 17.8336,99.7898 17.8355,99.7924 17.8376,99.7945 17.8389,99.7971 17.8394,99.7988
มส.3004	r	17.8413,97.8460 17.8429,97.8468
ลพ.4070	r	18.3212,98.9207 18.3223,98.9236 18.3202,98.9249
ลพ.5073	r	18.4261,98.8795 18.4292,98.8781 18.4313,98.8762 18.4327,98.8767
ลพ.5074	r	18.4237,98.8845 18.4173,98.8861 18.4149,98.8887
ชม.4032	r	18.6899,98.9860 18.6870,98.9857 18.6844,98.9849 18.6832,98.9839
ชม.4032	r	18.6832,98.9839 18.6803,98.9836 18.6800,98.9833
ชม.5207	r	18.6449,99.0052 18.6437,99.0072
ลป.4033	r	18.3448,99.4791 18.3412,99.4788 18.3397,99.4850 18.3397,99.4874
ลป.4097	r	18.2580,99.3359 18.2603,99.3340 18.2612,99.3312 18.2595,99.3288 18.2601,99.3257 18.2620,99.3237 18.2620,99.3230
ลป.4041	r	18.1011,99.2382 18.1027,99.2358 18.1052,99.2347 18.1081,99.2344 18.1081,99.2313 18.1100,99.2285 18.1113,99.2244 18.1092,99.2224 18.1098,99.2194 18.1081,99.2156 18.1067,99.2123 18.1066,99.2091 18.1064,99.2074
ลป.4041	r	18.0947,99.2695 18.0958,99.2662 18.0958,99.2660
ชร.4005	r	19.5327,100.0050 19.5332,100.0078 19.5340,100.0109 19.5341,100.0142 19.5342,100.0173 19.5359,100.0194 19.5361,100.0195
ชร.4005	r	19.5329,100.0046 19.5327,100.0050
ชร.4005	r	19.5363,100.0196 19.5377,100.0222 19.5399,100.0241 19.5423,100.0264 19.5457,100.0293 19.5473,100.0320 19.5493,100.0343 19.5521,100.0374 19.5546,100.0388 19.5575,100.0414 19.5602,100.0429 19.5638,100.0439 19.5665,100.0435 19.5692,100.0425 19.5724,100.0432 19.5742,100.0456 19.5765,100.0474 19.5793,100.0482 19.5822,100.0488 19.5852,100.0490 19.5882,100.0531 19.5897,100.0559 19.5911,100.0585 19.5930,100.0622 19.5952,100.0641
ชร.4005	r	19.5361,100.0195 19.5363,100.0196
ลป.4060	r	17.5130,99.1413 17.5146,99.1442 17.5145,99.1459
ลป.4060	r	17.5145,99.1459 17.5174,99.1471 17.5212,99.1478 17.5243,99.1478 17.5271,99.1482 17.5304,99.1489 17.5325,99.1491
พร.5026	r	18.7584,100.3324 18.7583,100.3295 18.7570,100.3267 18.7555,100.3243 18.7537,100.3220 18.7521,100.3197 18.7504,100.3173 18.7514,100.3143 18.7524,100.3115 18.7500,100.3101 18.7478,100.3082 18.7472,100.3072
พร.4039	r	17.8483,99.8152 17.8483,99.8157
พย.4045	r	18.9768,100.0132 18.9771,100.0101 18.9792,100.0083 18.9818,100.0070 18.9849,100.0074 18.9879,100.0077 18.9911,100.0080
พย.4045	r	18.9749,100.0725 18.9749,100.0696 18.9734,100.0665 18.9721,100.0640 18.9704,100.0617 18.9717,100.0591 18.9726,100.0564 18.9738,100.0534 18.9726,100.0506 18.9730,100.0476 18.9719,100.0449 18.9740,100.0425 18.9735,100.0394 18.9729,100.0362 18.9711,100.0339 18.9711,100.0309 18.9701,100.0283 18.9718,100.0259 18.9721,100.0229 18.9722,100.0193 18.9724,100.0164 18.9752,100.0153 18.9768,100.0132
พย.5043	r	19.0160,99.9857 19.0147,99.9829 19.0120,99.9831 19.0102,99.9809 19.0081,99.9789 19.0081,99.9753 19.0103,99.9735 19.0115,99.9706 19.0111,99.9677 19.0111,99.9644 19.0092,99.9622 19.0087,99.9583 19.0084,99.9575
พย.4045	r	18.9911,100.0080 18.9915,100.0051 18.9904,100.0018 18.9904,99.9988 18.9918,99.9964 18.9926,99.9936 18.9949,99.9917 18.9974,99.9901 19.0000,99.9891 19.0007,99.9891
พย.4045	r	19.0160,99.9857 19.0192,99.9858 19.0221,99.9870 19.0250,99.9860 19.0271,99.9840 19.0288,99.9833
พย.4045	r	19.0007,99.9891 19.0034,99.9875 19.0062,99.9881 19.0089,99.9874 19.0120,99.9878 19.0145,99.9864 19.0160,99.9857
พย.3034	r	19.0326,99.8969 19.0345,99.8938 19.0355,99.8911 19.0350,99.8881 19.0378,99.8857 19.0382,99.8827 19.0402,99.8806 19.0426,99.8792 19.0456,99.8782 19.0478,99.8763 19.0505,99.8770 19.0536,99.8776 19.0569,99.8787 19.0594,99.8803 19.0620,99.8812 19.0645,99.8823 19.0675,99.8824 19.0702,99.8833 19.0726,99.8852 19.0755,99.8884 19.0797,99.8930 19.0821,99.8960 19.0851,99.8983 19.0872,99.9002 19.0886,99.9027 19.0909,99.9041
พย.3034	r	19.0308,99.9247 19.0308,99.9247
พย.3142	r	19.5563,100.3146 19.5574,100.3119 19.5583,100.3080 19.5597,100.3051 19.5615,100.3026 19.5635,100.3007 19.5639,100.2987
พย.4027	r	19.5285,100.1608 19.5253,100.1593 19.5223,100.1591 19.5211,100.1592
พย.3142	r	19.5563,100.3146 19.5535,100.3143 19.5503,100.3144 19.5472,100.3142 19.5450,100.3124 19.5430,100.3103 19.5408,100.3092
พย.3025	r	19.5365,100.3062 19.5340,100.3050 19.5319,100.3023 19.5312,100.3011
พย.3025	r	19.5365,100.3062 19.5366,100.3063
พย.5058	r	19.5628,100.2554 19.5606,100.2532 19.5591,100.2501 19.5579,100.2475 19.5564,100.2450 19.5538,100.2438 19.5536,100.2436
พย.5058	r	19.5632,100.2560 19.5636,100.2599 19.5649,100.2624 19.5663,100.2651 19.5685,100.2669 19.5708,100.2688 19.5734,100.2699
พย.4012	r	19.4686,100.2109 19.4701,100.2112
พย.4031	r	19.5850,100.2191 19.5837,100.2216 19.5820,100.2248 19.5804,100.2274 19.5804,100.2308 19.5804,100.2343 19.5796,100.2374 19.5788,100.2403 19.5775,100.2429 19.5763,100.2461 19.5749,100.2490 19.5752,100.2519 19.5756,100.2548 19.5751,100.2571
พย.4031	r	19.5829,100.2031 19.5850,100.2043
5087	r	19.4119,100.5759 19.4093,100.5746 19.4055,100.5754 19.4028,100.5758 19.4003,100.5772 19.3975,100.5779 19.3950,100.5788
ชม. 4290	r	19.3142,99.2059 19.3158,99.2035 19.3170,99.2008 19.3171,99.1977 19.3170,99.1946 19.3166,99.1916 19.3161,99.1902
พย.4027	r	19.4494,100.1374 19.4523,100.1371 19.4549,100.1379 19.4575,100.1366 19.4600,100.1354 19.4637,100.1359 19.4635,100.1390 19.4634,100.1426 19.4635,100.1427
ชม.3013	r	19.8253,99.1742 19.8250,99.1744
ชร.2098	r	19.8185,99.9565 19.8213,99.9560 19.8240,99.9555 19.8273,99.9554 19.8309,99.9546 19.8336,99.9532 19.8349,99.9529
ชร.2042	r	19.8061,99.9854 19.8087,99.9865 19.8106,99.9887 19.8137,99.9903 19.8173,99.9925 19.8219,99.9938 19.8250,99.9941 19.8281,99.9957 19.8306,99.9976 19.8343,99.9992 19.8345,99.9993
พย.2026	r	19.2701,100.3297 19.2700,100.3269 19.2688,100.3240 19.2687,100.3209 19.2684,100.3173 19.2655,100.3169 19.2627,100.3172 19.2591,100.3182 19.2563,100.3184 19.2531,100.3180 19.2502,100.3169 19.2475,100.3185 19.2455,100.3207 19.2434,100.3227 19.2407,100.3234 19.2378,100.3218 19.2350,100.3214 19.2322,100.3214 19.2290,100.3214 19.2262,100.3214 19.2260,100.3214
พย.3163	r	19.3256,99.8469 19.3261,99.8438 19.3262,99.8405 19.3259,99.8376 19.3236,99.8365
พย.4008	r	19.1483,100.0121 19.1506,100.0100 19.1524,100.0077 19.1547,100.0057 19.1576,100.0050 19.1603,100.0044 19.1629,100.0036 19.1665,100.0031 19.1674,100.0027
พย.4017	r	19.1043,100.0262 19.1072,100.0262 19.1109,100.0257 19.1141,100.0252 19.1194,100.0237 19.1220,100.0227 19.1261,100.0238 19.1304,100.0235 19.1324,100.0215 19.1344,100.0195 19.1355,100.0167 19.1365,100.0162
พย.4017	r	19.0848,100.0261 19.0880,100.0253 19.0909,100.0265 19.0943,100.0264 19.0974,100.0259 19.1008,100.0264 19.1043,100.0262
นน.5086	r	18.8696,100.4643 18.8684,100.4669 18.8671,100.4680
พร.4004	r	18.0618,100.0769 18.0645,100.0775 18.0671,100.0765 18.0700,100.0771 18.0727,100.0773 18.0754,100.0776 18.0782,100.0777 18.0812,100.0781 18.0854,100.0787 18.0870,100.0800
พร.4004	r	18.0870,100.0800 18.0871,100.0828 18.0864,100.0862 18.0869,100.0875
1424	r	18.1238,100.1626 18.1245,100.1616
พร.2009	r	18.0757,100.1717 18.0759,100.1716
พร.2009	r	18.0828,100.1999 18.0807,100.1981 18.0779,100.1959 18.0756,100.1940 18.0733,100.1923 18.0725,100.1895 18.0730,100.1866 18.0734,100.1837 18.0740,100.1808 18.0736,100.1780 18.0745,100.1752 18.0753,100.1724 18.0757,100.1717
พร.2009	r	18.0830,100.2000 18.0828,100.1999
พร.2009	r	18.0759,100.1716 18.0773,100.1689 18.0789,100.1662 18.0782,100.1632 18.0776,100.1603 18.0776,100.1599
พร.3023	r	18.0868,100.0688 18.0840,100.0683 18.0813,100.0667 18.0825,100.0639 18.0800,100.0609 18.0773,100.0601 18.0752,100.0581 18.0724,100.0572 18.0681,100.0557 18.0646,100.0550 18.0619,100.0530 18.0606,100.0503 18.0577,100.0485 18.0550,100.0480 18.0523,100.0476 18.0488,100.0462 18.0457,100.0446 18.0411,100.0424 18.0383,100.0411 18.0356,100.0397 18.0333,100.0376 18.0311,100.0357 18.0280,100.0329 18.0252,100.0317 18.0229,100.0300
พร.3098	r	18.4644,100.1472 18.4652,100.1443 18.4666,100.1415 18.4671,100.1387
พร.3098	r	18.4644,100.1474 18.4644,100.1472
มส.4009	r	18.9561,98.0806 18.9549,98.0779 18.9521,98.0767 18.9504,98.0741 18.9502,98.0712 18.9488,98.0686 18.9476,98.0661
มส.4009	r	19.0020,98.0909 19.0044,98.0895 19.0036,98.0866 19.0045,98.0838 19.0054,98.0809 19.0071,98.0785 19.0072,98.0756 19.0094,98.0739 19.0114,98.0719 19.0134,98.0690 19.0160,98.0682 19.0188,98.0687 19.0214,98.0677 19.0231,98.0652 19.0208,98.0631 19.0180,98.0623 19.0151,98.0615 19.0126,98.0602 19.0099,98.0607 19.0077,98.0588 19.0059,98.0559 19.0054,98.0530 19.0042,98.0504 19.0025,98.0480 18.9999,98.0471 18.9972,98.0471 18.9946,98.0486 18.9912,98.0480 18.9911,98.0479
ชร.4064	r	19.7653,99.8878 19.7637,99.8847 19.7612,99.8834 19.7584,99.8838 19.7581,99.8808 19.7560,99.8786 19.7531,99.8780 19.7524,99.8743 19.7520,99.8703 19.7549,99.8703 19.7577,99.8706 19.7602,99.8721 19.7611,99.8732
ชม. 3057	r	18.3549,98.5883 18.3556,98.5851 18.3552,98.5822 18.3538,98.5795 18.3518,98.5769 18.3508,98.5741 18.3491,98.5717 18.3486,98.5717
ชม. 3057	r	18.3486,98.5717 18.3472,98.5722
ชม. 3057	r	18.3458,98.5714 18.3448,98.5721
ชม. 3057	r	18.3474,98.5580 18.3502,98.5572 18.3520,98.5550 18.3545,98.5529 18.3560,98.5504 18.3563,98.5504
ชม. 3057	r	18.3574,98.5470 18.3572,98.5477
ชม. 3057	r	18.3563,98.5441 18.3588,98.5425 18.3616,98.5427
ชม. 3057	r	18.3706,98.5322 18.3698,98.5350 18.3674,98.5372 18.3666,98.5383
ชม. 3057	r	18.3706,98.5322 18.3727,98.5303 18.3737,98.5293
ชม. 3057	r	18.3656,98.5396 18.3633,98.5411 18.3616,98.5427
ชม. 3057	r	18.3574,98.5470 18.3563,98.5441
ชม.3033	r	18.2543,98.5939 18.2518,98.5951 18.2489,98.5951 18.2464,98.5952
ชม.3033	r	18.2704,98.5607 18.2720,98.5583 18.2722,98.5550 18.2735,98.5524 18.2746,98.5498 18.2736,98.5466 18.2738,98.5436 18.2751,98.5408 18.2769,98.5381 18.2774,98.5365
ชม.3033	r	18.2774,98.5365 18.2781,98.5337 18.2789,98.5309 18.2789,98.5279 18.2804,98.5252 18.2812,98.5222 18.2817,98.5187 18.2844,98.5158 18.2860,98.5132 18.2880,98.5107 18.2900,98.5088 18.2918,98.5060 18.2943,98.5050 18.2971,98.5043 18.2982,98.5027
4001	r	18.0339,100.2910 18.0305,100.2906 18.0278,100.2909 18.0267,100.2936 18.0262,100.2965 18.0263,100.2994 18.0247,100.3018 18.0226,100.3038 18.0235,100.3066 18.0239,100.3095 18.0216,100.3111 18.0215,100.3081 18.0190,100.3092 18.0188,100.3087
ลป.2031	r	18.3583,99.2558 18.3584,99.2528 18.3583,99.2497 18.3580,99.2467 18.3554,99.2466
ลป.2031	r	18.3585,99.2557 18.3583,99.2558
นน.3012	r	18.7004,100.8304 18.7006,100.8270 18.7013,100.8230 18.7013,100.8196 18.7002,100.8154 18.6998,100.8120 18.7006,100.8090 18.7036,100.8080 18.7053,100.8057 18.7053,100.8025 18.7059,100.7974 18.7067,100.7945 18.7084,100.7912 18.7093,100.7882 18.7093,100.7852 18.7099,100.7817 18.7107,100.7790 18.7124,100.7766 18.7128,100.7757
นน.3026	r	18.6523,100.8091 18.6522,100.8123 18.6525,100.8155 18.6532,100.8183 18.6535,100.8212 18.6527,100.8248 18.6523,100.8280 18.6525,100.8290
ชม.5207	r	18.6542,98.9980 18.6524,98.9997
ชม.2043	r	18.6721,98.9851 18.6722,98.9850
ชม.2043	r	18.6722,98.9850 18.6738,98.9825 18.6741,98.9815
4001	r	18.0106,100.3123 18.0133,100.3129 18.0159,100.3120 18.0189,100.3145 18.0166,100.3167 18.0160,100.3178
พร.4001	r	18.0106,100.3121 18.0106,100.3123
4001	r	18.0188,100.3087 18.0164,100.3070 18.0142,100.3104 18.0127,100.3079 18.0121,100.3107 18.0106,100.3121
4001	r	18.0160,100.3178 18.0187,100.3180 18.0206,100.3158 18.0220,100.3187 18.0249,100.3185 18.0267,100.3162 18.0278,100.3190 18.0275,100.3225 18.0248,100.3234 18.0220,100.3228 18.0194,100.3218 18.0176,100.3242 18.0154,100.3260 18.0141,100.3287 18.0165,100.3302 18.0150,100.3327 18.0130,100.3349 18.0148,100.3371 18.0149,100.3402 18.0124,100.3418 18.0103,100.3399 18.0100,100.3371 18.0071,100.3364 18.0036,100.3362 18.0005,100.3371 17.9978,100.3366 17.9951,100.3372 17.9945,100.3344 17.9916,100.3341 17.9891,100.3352 17.9883,100.3324 17.9866,100.3301 17.9861,100.3293
4001	r	17.9861,100.3293 17.9860,100.3296
4001	r	17.9860,100.3296 17.9849,100.3322 17.9856,100.3351 17.9840,100.3379 17.9838,100.3410 17.9816,100.3428 17.9794,100.3446 17.9789,100.3447
4001	r	17.9789,100.3447 17.9779,100.3478 17.9761,100.3501 17.9739,100.3523 17.9707,100.3532 17.9707,100.3541
ชร.5054	r	20.3982,99.9609 20.3971,99.9638 20.3969,99.9643
พย.4011	r	19.1670,100.2891 19.1694,100.2917 19.1712,100.2939 19.1739,100.2951 19.1766,100.2954 19.1791,100.2973 19.1806,100.3009 19.1833,100.3031 19.1849,100.3058 19.1869,100.3078 19.1904,100.3097 19.1932,100.3118 19.1955,100.3140 19.1993,100.3168 19.2018,100.3183 19.2048,100.3186 19.2075,100.3190 19.2106,100.3206 19.2125,100.3229 19.2144,100.3252 19.2141,100.3283 19.2139,100.3312 19.2156,100.3336 19.2183,100.3360 19.2199,100.3385 19.2213,100.3410 19.2224,100.3437 19.2214,100.3465 19.2227,100.3492 19.2250,100.3509 19.2274,100.3526 19.2282,100.3531
พย.4022	r	19.1609,100.2934 19.1643,100.2910 19.1668,100.2893 19.1670,100.2891
ลพ.2047	r	18.5756,99.1171 18.5779,99.1154 18.5813,99.1146 18.5839,99.1153 18.5861,99.1133 18.5892,99.1120 18.5919,99.1124 18.5948,99.1137 18.5973,99.1152 18.5979,99.1180 18.5954,99.1206 18.5967,99.1235 18.5964,99.1272 18.5951,99.1297 18.5956,99.1303
ชม.2042	r	18.6511,98.9947 18.6534,98.9967 18.6550,98.9991 18.6583,98.9989 18.6609,98.9981 18.6630,98.9975
ชร.4004	r	20.2392,100.0669 20.2363,100.0684 20.2330,100.0680 20.2294,100.0683 20.2273,100.0716 20.2256,100.0740 20.2238,100.0763 20.2207,100.0783 20.2183,100.0802 20.2165,100.0823
พย.4024	r	19.4370,100.0094 19.4377,100.0086
พย.4024	r	19.4377,100.0086 19.4406,100.0078 19.4443,100.0084 19.4472,100.0095 19.4508,100.0091
พย.3014	r	19.2715,100.0071 19.2693,100.0093 19.2681,100.0120 19.2655,100.0129 19.2637,100.0154 19.2607,100.0151
พย.3014	r	19.2720,100.0068 19.2715,100.0071
ลพ.2047	r	18.7164,99.1749 18.7166,99.1744
ลพ.2047	r	18.7167,99.1747 18.7164,99.1749
ชม.2033	r	18.7279,99.1001 18.7254,99.0988 18.7229,99.0976 18.7208,99.0965
พย.4002	r	19.2607,100.0154 19.2607,100.0168
พย.4002	r	19.2607,100.0152 19.2607,100.0154
พย.4002	r	19.2607,100.0168 19.2607,100.0172
พย.4002	r	19.2607,100.0172 19.2604,100.0224 19.2595,100.0251 19.2593,100.0281 19.2585,100.0314 19.2579,100.0356 19.2578,100.0386 19.2572,100.0447 19.2570,100.0466
1425	r	20.2149,100.4426 20.2145,100.4464 20.2142,100.4498
พย.1014	r	19.3541,99.8673 19.3582,99.8684
พย.1014	r	19.3538,99.8672 19.3541,99.8673
พย.1014	r	19.3535,99.8671 19.3538,99.8672
พย.1014	r	19.3468,99.8623 19.3491,99.8638 19.3516,99.8651 19.3535,99.8671
ชร.1056	r	19.5901,99.7091 19.5867,99.7091 19.5818,99.7091 19.5785,99.7092 19.5750,99.7092 19.5722,99.7087 19.5678,99.7079 19.5597,99.7064 19.5570,99.7054 19.5543,99.7036 19.5517,99.7025 19.5488,99.7030 19.5449,99.7063 19.5406,99.7100 19.5373,99.7111 19.5313,99.7101 19.5268,99.7103
ชร.1030	r	19.5119,99.8283 19.5130,99.8250
ชร.1030	r	19.5117,99.8283 19.5119,99.8283
ชร.4050	r	19.9307,99.8639 19.9308,99.8642
พย.4022	r	19.1595,100.3269 19.1586,100.3241 19.1588,100.3197 19.1588,100.3180
พย.3009	r	19.1557,100.3292 19.1546,100.3320 19.1537,100.3348 19.1520,100.3393 19.1507,100.3426 19.1517,100.3472 19.1529,100.3523 19.1559,100.3548 19.1589,100.3557 19.1615,100.3575 19.1635,100.3597 19.1609,100.3639 19.1559,100.3709 19.1501,100.3753 19.1497,100.3797 19.1493,100.3826 19.1494,100.3856 19.1501,100.3869
พย.4022	r	19.1609,100.2934 19.1608,100.2966 19.1606,100.2993
พย.5058	r	19.5536,100.2436 19.5525,100.2414
ชม.2177	r	18.8620,99.0262 18.8621,99.0260
พย.5046	r	19.0304,100.0446 19.0270,100.0438 19.0243,100.0423 19.0214,100.0414 19.0185,100.0414 19.0157,100.0403 19.0147,100.0373 19.0134,100.0348 19.0135,100.0318 19.0145,100.0291 19.0137,100.0262 19.0118,100.0236 19.0093,100.0221 19.0070,100.0206 19.0041,100.0198 19.0017,100.0212 18.9992,100.0224 18.9966,100.0233 18.9943,100.0252 18.9918,100.0265 18.9916,100.0266
พย.4047	r	18.9896,100.0666 18.9873,100.0652 18.9861,100.0625 18.9855,100.0596 18.9859,100.0564 18.9865,100.0534 18.9869,100.0503 18.9883,100.0478 18.9892,100.0448 18.9893,100.0444
พย.3034	r	19.0309,99.9259 19.0307,99.9263
พย.ถ1-0028	r	19.3111,99.8269 19.3115,99.8239 19.3102,99.8212 19.3085,99.8186 19.3058,99.8175 19.3056,99.8141 19.3059,99.8108 19.3055,99.8079 19.3049,99.8078
พย.4012	r	19.4701,100.2112 19.4724,100.2134 19.4752,100.2130 19.4776,100.2115 19.4799,100.2095 19.4826,100.2081 19.4854,100.2068 19.4889,100.2078 19.4928,100.2099 19.4959,100.2108 19.4990,100.2118 19.5019,100.2141 19.5045,100.2160 19.5068,100.2176 19.5089,100.2198 19.5115,100.2210 19.5149,100.2227 19.5172,100.2242 19.5202,100.2238 19.5229,100.2230 19.5288,100.2250
ชม. 4093	r	19.1192,99.2053 19.1190,99.2021 19.1192,99.1991 19.1186,99.1961 19.1183,99.1928 19.1191,99.1899 19.1195,99.1892
ซน.6050	r	18.9760,98.2334 18.9780,98.2327
ชร.ถ71-003	r	19.7903,100.3412 19.7885,100.3434 19.7880,100.3462 19.7869,100.3489 19.7863,100.3517 19.7871,100.3550 19.7885,100.3578 19.7882,100.3608 19.7878,100.3637 19.7872,100.3673 19.7870,100.3703 19.7852,100.3730 19.7829,100.3746 19.7835,100.3774 19.7842,100.3802 19.7847,100.3810
ชร.ถ71-003	r	19.7847,100.3986 19.7846,100.4016
ชร.ถ71-003	r	19.7847,100.3810 19.7854,100.3838 19.7848,100.3869 19.7848,100.3898 19.7842,100.3927 19.7843,100.3956 19.7847,100.3986
พร.3024	r	18.2020,100.1953 18.1993,100.1951 18.1973,100.1975 18.1940,100.1978 18.1888,100.1962 18.1860,100.1962 18.1826,100.1973 18.1773,100.1940 18.1745,100.1939 18.1724,100.1957 18.1693,100.1957 18.1652,100.1956 18.1624,100.1952 18.1600,100.1934 18.1557,100.1897 18.1528,100.1871 18.1492,100.1874 18.1457,100.1886 18.1426,100.1894 18.1408,100.1884
พร.3017	r	18.2322,100.2118 18.2337,100.2123
พร.3017	r	18.2337,100.2123 18.2345,100.2134
นน.4010	r	18.2237,100.4154 18.2209,100.4145 18.2181,100.4169 18.2159,100.4188 18.2140,100.4209 18.2111,100.4215 18.2095,100.4231
นน.4007	r	19.0861,100.7765 19.0832,100.7757 19.0805,100.7748 19.0781,100.7765 19.0751,100.7760 19.0722,100.7761 19.0694,100.7780 19.0666,100.7783 19.0632,100.7758 19.0596,100.7738 19.0570,100.7728 19.0539,100.7726 19.0506,100.7726 19.0452,100.7753 19.0424,100.7776 19.0398,100.7788 19.0369,100.7786 19.0342,100.7774 19.0304,100.7783 19.0273,100.7777 19.0230,100.7773 19.0192,100.7782 19.0149,100.7792
นน.4007	r	19.0864,100.7768 19.0861,100.7765
พย.4015	r	19.0878,99.9880 19.0866,99.9909 19.0805,100.0053 19.0801,100.0067
พย.4015	r	19.0879,99.9878 19.0878,99.9880
พย.4033	r	19.5239,100.1982 19.5239,100.1976
พย.4033	r	19.5239,100.1976 19.5261,100.1897 19.5275,100.1850 19.5283,100.1812 19.5286,100.1777 19.5272,100.1742 19.5273,100.1712 19.5276,100.1671 19.5278,100.1639 19.5284,100.1611 19.5285,100.1608
พย.4033	r	19.5288,100.2250 19.5274,100.2209 19.5276,100.2175 19.5275,100.2146 19.5271,100.2116 19.5268,100.2085 19.5242,100.1994 19.5239,100.1982
พย.4012	r	19.5288,100.2250 19.5308,100.2287 19.5316,100.2315 19.5316,100.2344 19.5324,100.2382 19.5335,100.2412 19.5346,100.2438 19.5339,100.2465
พย.4033	r	19.5288,100.1600 19.5295,100.1571 19.5315,100.1551 19.5318,100.1520 19.5324,100.1465 19.5313,100.1438 19.5304,100.1397 19.5309,100.1356 19.5296,100.1329 19.5286,100.1301 19.5309,100.1252 19.5315,100.1182 19.5322,100.1138 19.5330,100.1107
พย.4033	r	19.5285,100.1608 19.5288,100.1600
พย.3077	r	19.5045,100.2551 19.4994,100.2635 19.4970,100.2672 19.4967,100.2701 19.4940,100.2700 19.4937,100.2699
พย.3077	r	19.5093,100.2475 19.5070,100.2510 19.5045,100.2551
พย.4027	r	19.5211,100.1592 19.5185,100.1582 19.5158,100.1568 19.5136,100.1548 19.5111,100.1525 19.5088,100.1505 19.5032,100.1483 19.5008,100.1500 19.4984,100.1527 19.4953,100.1530 19.4925,100.1513 19.4888,100.1488 19.4861,100.1476 19.4833,100.1469 19.4807,100.1459 19.4775,100.1442 19.4742,100.1436 19.4705,100.1428 19.4679,100.1436 19.4644,100.1427 19.4635,100.1427
ลพ.2029	r	18.6171,99.1680 18.6170,99.1682
ลพ.2029	r	18.6170,99.1682 18.6155,99.1706 18.6134,99.1730 18.6118,99.1758 18.6110,99.1773
พร.2032	r	18.1488,100.1729 18.1471,100.1758 18.1455,100.1786 18.1443,100.1817 18.1437,100.1845 18.1433,100.1875 18.1432,100.1892
ลพ.3036	r	18.4305,98.9619 18.4320,98.9592 18.4329,98.9573
ลพ.3036	r	18.4303,98.9624 18.4305,98.9619
ชม.3007	r	18.7009,98.9820 18.7008,98.9819
ชม.3007	r	18.7008,98.9819 18.7001,98.9793
ลพ.5075	r	18.4164,98.8901 18.4196,98.8928 18.4208,98.8935
ลพ.5055	r	18.3281,98.8728 18.3307,98.8719 18.3333,98.8727 18.3350,98.8736
มส.3007	r	18.9031,97.9012 18.9031,97.9014
มส.3007	r	18.9112,97.8864 18.9091,97.8883 18.9069,97.8901 18.9054,97.8925 18.9057,97.8954 18.9048,97.8988 18.9031,97.9011 18.9031,97.9012
นน.3113	r	19.1673,100.9366 19.1632,100.9374 19.1604,100.9373 19.1586,100.9398 19.1600,100.9457
ลป.2017	r	18.4067,99.2616 18.4064,99.2615
ลป.2017	r	18.4028,99.2624 18.4000,99.2630 18.3976,99.2645 18.3948,99.2648 18.3920,99.2642 18.3885,99.2640 18.3864,99.2613 18.3846,99.2635 18.3839,99.2668 18.3824,99.2698 18.3817,99.2726 18.3788,99.2732 18.3761,99.2737 18.3735,99.2726 18.3704,99.2747 18.3678,99.2763 18.3666,99.2800 18.3645,99.2830 18.3631,99.2859 18.3626,99.2891 18.3649,99.2908 18.3668,99.2929 18.3658,99.2958 18.3671,99.2984 18.3658,99.3010 18.3645,99.3039 18.3625,99.3061 18.3608,99.3093 18.3594,99.3130 18.3592,99.3165 18.3564,99.3185 18.3516,99.3193 18.3482,99.3198 18.3432,99.3220 18.3404,99.3231 18.3373,99.3226 18.3344,99.3228 18.3270,99.3231 18.3243,99.3233 18.3216,99.3235 18.3202,99.3236
มส.3004	r	17.9110,97.8938 17.9115,97.8908 17.9101,97.8882 17.9079,97.8863 17.9052,97.8852 17.9027,97.8839 17.8998,97.8847 17.8978,97.8827 17.8968,97.8799 17.8975,97.8769 17.8979,97.8741 17.8983,97.8711 17.8993,97.8684 17.9000,97.8654 17.9014,97.8626 17.9025,97.8599 17.9033,97.8569 17.9020,97.8541 17.9004,97.8514 17.8998,97.8485 17.8995,97.8455 17.8989,97.8431
พร.5024	r	18.0319,100.1210 18.0324,100.1213
พร.5024	r	18.0324,100.1213 18.0329,100.1215
พร.3024	r	18.0294,100.1194 18.0318,100.1210 18.0319,100.1210
ลป.5001	r	18.6357,99.4870 18.6361,99.4871
ลป.4033	r	18.3912,99.5237 18.3916,99.5267 18.3944,99.5284 18.3980,99.5289 18.4029,99.5316 18.4060,99.5305 18.4096,99.5324 18.4115,99.5350 18.4122,99.5400 18.4125,99.5432
ลป.4033	r	18.5169,99.6302 18.5130,99.6329 18.5091,99.6342 18.5062,99.6329 18.5032,99.6304 18.5008,99.6272 18.4980,99.6263 18.4942,99.6261 18.4915,99.6269 18.4877,99.6256 18.4855,99.6240 18.4827,99.6237 18.4799,99.6206 18.4767,99.6181 18.4744,99.6162 18.4688,99.6151 18.4635,99.6144 18.4631,99.6112 18.4585,99.6096 18.4562,99.6111 18.4506,99.6118 18.4465,99.6072 18.4411,99.6092 18.4393,99.6086
ลป.4033	r	18.4158,99.5587 18.4155,99.5553 18.4160,99.5525 18.4147,99.5496 18.4131,99.5467 18.4126,99.5434
ลป.4033	r	18.4393,99.6086 18.4370,99.6056 18.4343,99.6051 18.4332,99.6023 18.4340,99.5996 18.4346,99.5968 18.4349,99.5939 18.4361,99.5870 18.4354,99.5839 18.4337,99.5815 18.4320,99.5791 18.4296,99.5777 18.4268,99.5758 18.4252,99.5729 18.4247,99.5697 18.4212,99.5644 18.4178,99.5605 18.4158,99.5587
ลป.6010	r	18.4253,99.4169 18.4283,99.4180 18.4310,99.4210 18.4320,99.4238 18.4338,99.4259 18.4331,99.4293 18.4337,99.4320
ลป.6010	r	18.4017,99.4435 18.4034,99.4410 18.4037,99.4380 18.4062,99.4366 18.4058,99.4335 18.4031,99.4313 18.4022,99.4283 18.4028,99.4250 18.4062,99.4243 18.4091,99.4243 18.4122,99.4244 18.4150,99.4238 18.4175,99.4226 18.4200,99.4209 18.4236,99.4181 18.4253,99.4169
ลป.6010	r	18.3852,99.4400 18.3886,99.4403 18.3918,99.4399 18.3951,99.4410 18.3997,99.4431 18.4017,99.4435
ลป.1005	r	18.7170,99.9420 18.7170,99.9417
ลป.1005	r	18.7170,99.9417 18.7155,99.9390 18.7166,99.9359 18.7180,99.9335 18.7205,99.9312 18.7221,99.9286 18.7246,99.9273 18.7276,99.9264 18.7302,99.9253 18.7329,99.9245 18.7358,99.9244 18.7384,99.9260 18.7394,99.9261
ลป.1005	r	18.7403,99.9289 18.7403,99.9291
ลป.1005	r	18.7188,99.9446 18.7170,99.9424 18.7170,99.9420
ลป.1005	r	18.7189,99.9448 18.7188,99.9446
ลป.1005	r	18.7403,99.9291 18.7405,99.9328 18.7413,99.9362 18.7433,99.9386 18.7462,99.9390 18.7482,99.9411 18.7502,99.9433 18.7513,99.9449
พร.3009	r	18.3292,100.1981 18.3262,100.1924
พร.5038	r	18.2779,100.2211 18.2779,100.2244 18.2780,100.2277 18.2782,100.2308 18.2815,100.2344 18.2848,100.2367 18.2878,100.2417 18.2892,100.2435
พร.5031	r	18.3867,100.1488 18.3865,100.1495
ชม.2025	r	18.7969,98.9942 18.7970,98.9942
พร.3152	r	18.1347,100.1295 18.1317,100.1298 18.1293,100.1314 18.1287,100.1342 18.1264,100.1364 18.1234,100.1363 18.1206,100.1363 18.1191,100.1354
ชม.4032	r	18.7392,98.9804 18.7393,98.9803
ชม.4032	r	18.7393,98.9803 18.7395,98.9804
ชม.4032	r	18.7371,98.9827 18.7389,98.9805 18.7392,98.9804
ชม.5036	r	18.5506,98.8669 18.5504,98.8666
ชม.5080	r	18.8559,99.3673 18.8548,99.3646 18.8557,99.3613 18.8559,99.3584 18.8585,99.3562 18.8602,99.3539 18.8630,99.3543 18.8654,99.3556 18.8666,99.3549
ชม.4067	r	19.0476,98.6687 19.0502,98.6700 19.0519,98.6724 19.0536,98.6747 19.0565,98.6747 19.0590,98.6758 19.0620,98.6758 19.0643,98.6774 19.0661,98.6795 19.0687,98.6803 19.0715,98.6800 19.0744,98.6798 19.0769,98.6813 19.0793,98.6827 19.0816,98.6847 19.0843,98.6841 19.0870,98.6844 19.0896,98.6856 19.0922,98.6871 19.0946,98.6885 19.0968,98.6902 19.0991,98.6920 19.1009,98.6943 19.1031,98.6960 19.1035,98.6989 19.1058,98.7008 19.1078,98.7032 19.1095,98.7056 19.1123,98.7062 19.1150,98.7070 19.1156,98.7098
ชร.1003	r	19.7659,99.7093 19.7661,99.7090
ชร.1003	r	19.7661,99.7090 19.7662,99.7054 19.7667,99.7026 19.7668,99.6996 19.7673,99.6966 19.7687,99.6940 19.7685,99.6911 19.7679,99.6880 19.7691,99.6849 19.7700,99.6810 19.7708,99.6779 19.7731,99.6761 19.7766,99.6736 19.7782,99.6712 19.7806,99.6688 19.7828,99.6669 19.7848,99.6647 19.7865,99.6618 19.7872,99.6602
ชม.2001	r	18.6836,98.9744 18.6837,98.9743
ชม.2001	r	18.6830,98.9761 18.6836,98.9744
มส.3097	r	18.3334,97.9243 18.3357,97.9209 18.3379,97.9198
มส.5019	r	19.3850,97.8710 19.3865,97.8684 19.3891,97.8667 19.3903,97.8639 19.3904,97.8608 19.3918,97.8587
ชม. 4359	r	19.2957,99.1885 19.2958,99.1875
ชม.3059	r	19.9144,99.1589 19.9140,99.1621 19.9134,99.1650 19.9126,99.1682 19.9119,99.1711 19.9114,99.1743 19.9120,99.1772 19.9141,99.1800 19.9144,99.1835 19.9143,99.1864 19.9147,99.1872
ลป.3045	r	17.4112,99.1041 17.4140,99.1047 17.4176,99.1044 17.4203,99.1040 17.4245,99.1058 17.4282,99.1081 17.4310,99.1092 17.4319,99.1096
ลป.3045	r	17.4319,99.1096 17.4343,99.1109 17.4370,99.1117 17.4399,99.1129 17.4426,99.1139 17.4454,99.1148 17.4481,99.1160 17.4506,99.1175 17.4510,99.1177
ลป.4039	r	17.6585,99.2042 17.6510,99.2051
ลป.4253	r	17.6538,99.2358 17.6542,99.2335
ชม.3009	r	18.9338,98.9409 18.9337,98.9410
ชม.4062	r	18.8099,99.1517 18.8117,99.1539 18.8137,99.1559 18.8159,99.1587 18.8170,99.1613 18.8179,99.1646 18.8193,99.1674 18.8217,99.1689 18.8215,99.1719 18.8213,99.1726
ชม.4335	r	18.8067,99.1275 18.8038,99.1260 18.8016,99.1241 18.7986,99.1237 18.7955,99.1231 18.7942,99.1257 18.7923,99.1278 18.7910,99.1293
นน.4001	r	18.2191,100.5203 18.2190,100.5204
นน.4001	r	18.2190,100.5204 18.2174,100.5232 18.2186,100.5258 18.2186,100.5288 18.2180,100.5319 18.2184,100.5348 18.2185,100.5365
ชร.3034	r	19.9826,99.9680 19.9797,99.9689 19.9766,99.9692 19.9750,99.9661 19.9732,99.9639 19.9706,99.9621 19.9683,99.9603 19.9666,99.9579 19.9647,99.9553 19.9633,99.9527 19.9620,99.9498 19.9616,99.9469 19.9615,99.9453
ชม.3059	r	19.9150,99.1874 19.9164,99.1904 19.9175,99.1948 19.9180,99.1968
ชม.3015	r	19.9147,99.1872 19.9150,99.1874
ชม.4050	r	19.9613,99.1543 19.9608,99.1544
ชม.4050	r	19.9611,99.1543 19.9613,99.1543
ชม.4050	r	19.9608,99.1544 19.9582,99.1556 19.9563,99.1580 19.9543,99.1601 19.9516,99.1613 19.9487,99.1621 19.9466,99.1642 19.9441,99.1661 19.9421,99.1683 19.9400,99.1706 19.9374,99.1735 19.9349,99.1751 19.9319,99.1768 19.9299,99.1790 19.9278,99.1809 19.9248,99.1838 19.9233,99.1863 19.9208,99.1884 19.9189,99.1913 19.9175,99.1948
ชม.4050	r	19.9608,99.1544 19.9611,99.1543
ชร.3037	r	20.0294,99.2377 20.0311,99.2372
ชม.4043	r	18.9463,98.6753 18.9440,98.6732 18.9413,98.6727 18.9384,98.6730 18.9355,98.6726 18.9329,98.6732 18.9302,98.6742 18.9277,98.6756 18.9250,98.6743 18.9221,98.6741 18.9195,98.6727 18.9169,98.6717 18.9142,98.6725 18.9111,98.6733 18.9088,98.6752 18.9058,98.6758 18.9033,98.6770 18.9003,98.6769 18.8977,98.6776 18.8956,98.6804 18.8921,98.6813 18.8898,98.6813
ชร.3037	r	20.0094,99.4997 20.0112,99.4965 20.0131,99.4944 20.0155,99.4926 20.0175,99.4897 20.0178,99.4868 20.0196,99.4843 20.0217,99.4823 20.0232,99.4793 20.0257,99.4781 20.0284,99.4790 20.0310,99.4778 20.0340,99.4762 20.0367,99.4762 20.0389,99.4760
ชร.3037	r	20.0098,99.5016 20.0094,99.4997
ชร.4004	r	20.2172,100.0593 20.2166,100.0591
ชร.4004	r	20.2166,100.0591 20.2113,100.0606 20.2086,100.0617 20.2053,100.0629 20.2029,100.0614 20.2010,100.0587 20.1972,100.0561 20.1945,100.0543 20.1933,100.0537
ชร.3143	r	20.1649,100.0925 20.1647,100.0954 20.1652,100.0986 20.1654,100.1022 20.1659,100.1050 20.1674,100.1076 20.1700,100.1085 20.1722,100.1103 20.1722,100.1132 20.1746,100.1153 20.1741,100.1185 20.1714,100.1217 20.1711,100.1221
ชร.4007	r	20.3026,100.2280 20.3024,100.2278
ชร.4007	r	20.3024,100.2278 20.3007,100.2274
ลป.4034	r	18.2101,99.4746 18.2125,99.4729 18.2154,99.4728 18.2158,99.4695 18.2193,99.4668 18.2208,99.4696 18.2228,99.4675 18.2256,99.4678 18.2287,99.4683 18.2303,99.4707 18.2307,99.4737 18.2297,99.4765 18.2325,99.4762 18.2334,99.4791 18.2322,99.4819 18.2333,99.4835
ลป.4034	r	18.2103,99.4749 18.2101,99.4746
ลป.2027	r	18.2265,99.3518 18.2293,99.3529 18.2326,99.3512 18.2349,99.3495 18.2374,99.3483 18.2402,99.3470 18.2430,99.3451 18.2468,99.3449 18.2496,99.3448 18.2565,99.3444 18.2613,99.3441 18.2658,99.3439 18.2700,99.3437 18.2740,99.3435
ลป.2027	r	18.2263,99.3517 18.2265,99.3518
ลป.4098	r	18.2571,99.3340 18.2578,99.3371 18.2568,99.3399 18.2563,99.3428 18.2565,99.3444
ชม.5381	r	19.3642,99.2157 19.3660,99.2179 19.3683,99.2181
ชม.5381	r	19.3641,99.2157 19.3642,99.2157
ชม.4091	r	18.7165,99.0395 18.7164,99.0395
ชม.4091	r	18.7183,99.0419 18.7165,99.0396 18.7165,99.0395
ชม.3009	r	19.0696,98.8601 19.0668,98.8615 19.0660,98.8619
ชม.3009	r	19.0531,98.8642 19.0505,98.8657 19.0477,98.8665 19.0451,98.8673 19.0448,98.8675
ชม.3024	r	19.4140,98.9151 19.4134,98.9169
ชม.3024	r	19.4134,98.9170 19.4131,98.9186
ชม.3024	r	19.4134,98.9169 19.4134,98.9170
ชม.3024	r	19.4130,98.9187 19.4124,98.9212
ชม.3024	r	19.4131,98.9186 19.4130,98.9187
ชม.3024	r	19.4124,98.9212 19.4124,98.9212
ชม.3024	r	19.4124,98.9212 19.4115,98.9215
ชม.3024	r	19.4115,98.9215 19.4092,98.9233 19.4084,98.9238
ชม.3024	r	19.4115,98.9215 19.4115,98.9215
ชม.3024	r	19.4084,98.9238 19.4079,98.9241
ชม.3024	r	19.4084,98.9238 19.4084,98.9238
ชม.3024	r	19.4078,98.9242 19.4060,98.9263 19.4041,98.9284 19.4036,98.9283
ชม.3024	r	19.4079,98.9241 19.4078,98.9242
ชม.3024	r	19.4035,98.9282 19.4019,98.9284
ชม.3024	r	19.4036,98.9283 19.4035,98.9282
ชม.2116	r	18.7287,98.9051 18.7258,98.9050
ชม.2116	r	18.7287,98.9052 18.7287,98.9051
ชม.5122	r	18.7889,98.5468 18.7876,98.5493 18.7859,98.5517 18.7843,98.5542 18.7830,98.5558
ลป.4098	r	18.2493,99.3245 18.2514,99.3263 18.2524,99.3291 18.2549,99.3313 18.2570,99.3339
ลป.2067	r	18.2977,99.4989 18.2999,99.4982
ลป.2067	r	18.2977,99.4989 18.2973,99.4990
ลป.2067	r	18.2973,99.4990 18.2977,99.4989
มส.3004	r	17.8422,97.8429 17.8400,97.8410 17.8378,97.8392 17.8385,97.8363 17.8394,97.8335 17.8382,97.8328
มส.3004	r	17.8755,97.8484 17.8741,97.8460 17.8713,97.8447 17.8708,97.8443
ลป.4033	r	18.3623,99.4688 18.3668,99.4682
ลป.4042	r	18.2210,99.4905 18.2197,99.4902
ลป.4042	r	18.2197,99.4902 18.2213,99.4904
ลป.4042	r	18.1983,99.5070 18.1983,99.5075
ลป.4042	r	18.1983,99.5075 18.1982,99.5079
ลป.4042	r	18.1981,99.5079 18.1983,99.5070
ลป.2067	r	18.3398,99.4874 18.3436,99.4867 18.3465,99.4831 18.3500,99.4830 18.3518,99.4855 18.3547,99.4863 18.3570,99.4844 18.3599,99.4841 18.3630,99.4845 18.3661,99.4840 18.3686,99.4855 18.3714,99.4853 18.3737,99.4838 18.3777,99.4837 18.3812,99.4834 18.3841,99.4804 18.3891,99.4786 18.3945,99.4777 18.3994,99.4787 18.4021,99.4790 18.4067,99.4795
ลป.5337	r	17.4785,99.0865 17.4791,99.0867
มส.4014	r	19.5622,98.2736 19.5648,98.2747 19.5677,98.2751 19.5704,98.2756 19.5713,98.2758
มส.4014	r	19.5595,98.2729 19.5622,98.2736
มส.4014	r	19.5713,98.2758 19.5740,98.2765 19.5760,98.2789 19.5776,98.2804
มส.5016	r	19.2926,97.9647 19.2926,97.9646
ชร.4013	r	19.9187,99.8917 19.9208,99.8936 19.9220,99.8957
ชร.4013	r	19.9172,99.8902 19.9187,99.8917
ชร.4013	r	19.9164,99.8881 19.9164,99.8882
ชร.4050	r	19.9767,99.9505 19.9768,99.9504
ชร.4050	r	19.9610,99.9456 19.9636,99.9448 19.9666,99.9446 19.9694,99.9442 19.9718,99.9460 19.9729,99.9486 19.9752,99.9502 19.9767,99.9505
ชร.4050	r	19.9308,99.8642 19.9310,99.8651
ลป.4017	r	19.1043,99.6282 19.1041,99.6281
ลป.4017	r	19.1055,99.6283 19.1043,99.6282
ลป.4017	r	19.1190,99.6275 19.1147,99.6283 19.1111,99.6291 19.1077,99.6286 19.1055,99.6283
ลป.4017	r	19.1401,99.6302 19.1373,99.6287 19.1344,99.6275 19.1291,99.6275 19.1262,99.6274 19.1228,99.6267 19.1200,99.6274 19.1190,99.6275
ชร.1046	r	19.7999,99.7056 19.7996,99.7019 19.7997,99.6978 19.8018,99.6956 19.8029,99.6927 19.8038,99.6895 19.8046,99.6854 19.8045,99.6819 19.8049,99.6788 19.8063,99.6758
พย.3034	r	19.0308,99.9247 19.0309,99.9259
พย.1016	r	19.0588,99.9419 19.0587,99.9415
พย.1016	r	19.0587,99.9415 19.0563,99.9402 19.0532,99.9380 19.0521,99.9354 19.0521,99.9347
พย.2015	r	19.0807,99.9272 19.0807,99.9270
พย.2015	r	19.0807,99.9270 19.0805,99.9239
พย.1016	r	19.0607,100.0071 19.0605,100.0066
พย.1016	r	19.0608,100.0072 19.0607,100.0071
ชร.2006	r	19.8534,99.8344 19.8533,99.8346
ชร.2006	r	19.8560,99.8156 19.8544,99.8194 19.8530,99.8227 19.8529,99.8259 19.8535,99.8291 19.8535,99.8339 19.8534,99.8344
ชร.4013	r	19.9164,99.8882 19.9172,99.8902
ชม.3007	r	18.7007,98.9761 18.6996,98.9776
ชม.2116	r	18.7300,98.9074 18.7307,98.9062
ชม.3013	r	18.7750,99.0606 18.7778,99.0598 18.7806,99.0597 18.7839,99.0603 18.7867,99.0612 18.7895,99.0607 18.7932,99.0604 18.7957,99.0593 18.7986,99.0601 18.8012,99.0609 18.8032,99.0613
ชม.4216	r	18.8555,99.1215 18.8526,99.1200 18.8520,99.1197
ชม.4216	r	18.8584,99.1152 18.8575,99.1181 18.8555,99.1215
ชม.4096	r	18.8900,99.1185 18.8890,99.1219 18.8872,99.1229
ชม.4096	r	18.9030,99.1298 18.9058,99.1294 18.9075,99.1271 18.9076,99.1264
ชม.2096	r	18.8974,99.0340 18.8978,99.0321
ชม.3028	r	18.7270,98.9478 18.7268,98.9482
ชม.3028	r	18.7271,98.9476 18.7270,98.9478
ชม.3028	r	18.7398,98.9324 18.7391,98.9329
ชม.3028	r	18.7382,98.9336 18.7388,98.9330
ชม.3028	r	18.7267,98.9481 18.7269,98.9477
ชม.4249	r	18.7421,99.0551 18.7405,99.0544
ชม.4247	r	18.7320,99.0598 18.7298,99.0619 18.7282,99.0632
ชม.2046	r	18.7201,98.9878 18.7195,98.9877
ชม.2046	r	18.7195,98.9877 18.7201,98.9875
ชม.4032	r	18.7203,98.9862 18.7201,98.9861
ชม.4032	r	18.7201,98.9861 18.7194,98.9862
ชม.4032	r	18.7194,98.9862 18.7203,98.9862
ชม.2003	r	18.7567,98.9689 18.7562,98.9721 18.7556,98.9749 18.7554,98.9757
ชม.2049	r	18.7265,99.0077 18.7289,99.0100 18.7291,99.0102
ชม.2049	r	18.7247,99.0079 18.7265,99.0077
ชม.2049	r	18.7291,99.0102 18.7278,99.0127
ชม.2155	r	18.7000,98.9891 18.6999,98.9921 18.6989,98.9942
ชม.2043	r	18.6543,98.9871 18.6551,98.9901 18.6549,98.9943 18.6544,98.9978 18.6543,98.9980
ชม.3011	r	18.6947,98.9633 18.6946,98.9633
ชม.3011	r	18.6946,98.9633 18.6921,98.9607 18.6901,98.9588
ชม.2001	r	18.6886,98.9321 18.6886,98.9320
ชม.2001	r	18.6886,98.9320 18.6883,98.9284 18.6881,98.9256
ชม.4091	r	18.6799,98.9862 18.6799,98.9861
ชม.3028	r	18.7441,98.9288 18.7439,98.9285
ชม.2025	r	18.7957,98.9940 18.7962,98.9940
ชม.2025	r	18.7962,98.9940 18.7969,98.9942
ชม.5257	r	18.9473,99.0656 18.9452,99.0676 18.9445,99.0702
ชม.5257	r	18.9256,99.0413 18.9269,99.0438 18.9269,99.0467 18.9282,99.0492 18.9284,99.0503
ชม.5257	r	18.9348,99.0611 18.9377,99.0609 18.9402,99.0620 18.9433,99.0631 18.9460,99.0634 18.9461,99.0635
ชม.4016	r	18.5996,98.8210 18.5992,98.8179 18.5998,98.8145 18.6013,98.8094 18.6021,98.8066 18.6010,98.8035 18.6000,98.8024
ชม.4034	r	18.9303,98.9963 18.9278,98.9982 18.9255,99.0003 18.9223,99.0008 18.9201,99.0009
ชม.2072	r	18.9319,98.9748 18.9334,98.9774 18.9363,98.9796 18.9390,98.9805
ชม.2072	r	18.9401,98.9820 18.9400,98.9822
ชม.2072	r	18.9390,98.9805 18.9401,98.9820
ชม.4034	r	18.9528,98.9891 18.9497,98.9903 18.9470,98.9918 18.9440,98.9930 18.9415,98.9949 18.9367,98.9966 18.9341,98.9970
ชม.4034	r	18.9942,98.9809 18.9916,98.9797 18.9876,98.9792 18.9849,98.9792 18.9821,98.9802 18.9796,98.9828 18.9779,98.9852 18.9758,98.9871 18.9726,98.9867 18.9698,98.9868 18.9693,98.9870
ชม.4034	r	18.9339,98.9970 18.9308,98.9964 18.9303,98.9963
ชม.3018	r	18.5901,98.7957 18.5888,98.7986 18.5855,98.8012 18.5843,98.7986 18.5825,98.7968
ชม.3009	r	18.9582,98.9213 18.9613,98.9218 18.9640,98.9217 18.9666,98.9204 18.9693,98.9213 18.9717,98.9200
ชม.3009	r	18.9372,98.9328 18.9398,98.9309 18.9422,98.9293 18.9453,98.9275 18.9477,98.9262 18.9507,98.9250 18.9524,98.9248
ชม.3009	r	18.9524,98.9248 18.9549,98.9233 18.9578,98.9214 18.9582,98.9213
ชม.3009	r	18.9351,98.9386 18.9365,98.9357 18.9372,98.9329 18.9372,98.9328
ชม.4043	r	18.9273,98.9014 18.9258,98.9040 18.9237,98.9059 18.9233,98.9090 18.9216,98.9113 18.9190,98.9125 18.9185,98.9131
ชม.4043	r	18.9450,98.8790 18.9451,98.8820 18.9445,98.8848 18.9422,98.8867 18.9404,98.8890 18.9389,98.8920 18.9371,98.8922
ชม.4043	r	18.9517,98.8686 18.9493,98.8704 18.9474,98.8730 18.9457,98.8755 18.9457,98.8785 18.9450,98.8790
ชม.4043	r	18.9371,98.8922 18.9367,98.8952 18.9358,98.8954
ชม.2012	r	18.7954,99.1439 18.7943,99.1447
ชม.2012	r	18.7943,99.1447 18.7928,99.1477 18.7913,99.1515 18.7887,99.1563 18.7872,99.1610 18.7865,99.1621
ชม.3044	r	18.8863,99.1543 18.8905,99.1521 18.8948,99.1499 18.8975,99.1486 18.9015,99.1486 18.9077,99.1488 18.9126,99.1490 18.9160,99.1482 18.9169,99.1478
ชม.3044	r	18.8296,99.1891 18.8323,99.1888 18.8343,99.1868 18.8373,99.1873 18.8423,99.1857 18.8454,99.1845 18.8480,99.1834 18.8504,99.1812 18.8530,99.1799 18.8554,99.1781 18.8573,99.1759 18.8600,99.1756 18.8587,99.1723 18.8603,99.1695 18.8611,99.1692
ชม.3044	r	18.8177,99.1877 18.8206,99.1864 18.8247,99.1855
ชม.3044	r	18.8080,99.1886 18.8088,99.1858 18.8106,99.1833 18.8124,99.1809 18.8153,99.1810 18.8172,99.1832 18.8177,99.1862 18.8177,99.1877
ชม.3044	r	18.7895,99.1927 18.7915,99.1906 18.7942,99.1901 18.7957,99.1927 18.7990,99.1929 18.8013,99.1947 18.8041,99.1958 18.8070,99.1954 18.8092,99.1916 18.8081,99.1887 18.8080,99.1886
ชม.4039	r	18.8381,99.1582 18.8354,99.1584 18.8340,99.1612 18.8335,99.1613
ชม.4039	r	18.8335,99.1613 18.8310,99.1634 18.8296,99.1659 18.8248,99.1718 18.8221,99.1729 18.8220,99.1729
ชม.1-097	r	18.8334,99.1616 18.8321,99.1654 18.8317,99.1682 18.8336,99.1702
ชม.3044	r	18.8247,99.1855 18.8263,99.1880 18.8267,99.1892
ชม.4039	r	18.8437,99.1515 18.8410,99.1542 18.8382,99.1581 18.8381,99.1582
ชม.4039	r	18.8627,99.1498 18.8617,99.1527 18.8597,99.1561 18.8570,99.1576 18.8560,99.1546 18.8560,99.1544
ชม.4039	r	18.8560,99.1544 18.8572,99.1515 18.8571,99.1486 18.8550,99.1468 18.8514,99.1466 18.8478,99.1482 18.8461,99.1505 18.8437,99.1515
ชม.4039	r	18.8644,99.1436 18.8623,99.1460 18.8627,99.1498
ชม.2116	r	18.7258,98.9050 18.7231,98.9055 18.7199,98.9053 18.7172,98.9049
ชม.2116	r	18.7172,98.9049 18.7143,98.9045 18.7116,98.9041 18.7086,98.9021
ชม.4037	r	18.7101,98.8494 18.7124,98.8478 18.7149,98.8463 18.7177,98.8448 18.7182,98.8440
ชม.4037	r	18.7069,98.8583 18.7086,98.8557 18.7098,98.8529 18.7101,98.8501 18.7101,98.8494
ชม.4037	r	18.7246,98.8328 18.7280,98.8342 18.7297,98.8318 18.7324,98.8289 18.7351,98.8280 18.7376,98.8273
ชม.4242	r	18.6719,98.8141 18.6690,98.8154 18.6665,98.8190 18.6638,98.8197 18.6602,98.8188 18.6580,98.8186
ชม.4016	r	18.6061,98.7822 18.6088,98.7813 18.6120,98.7804 18.6149,98.7790 18.6150,98.7788
ชม.4016	r	18.6195,98.7639 18.6182,98.7610 18.6171,98.7581 18.6174,98.7543 18.6176,98.7522
ชม.4016	r	18.6176,98.7522 18.6176,98.7478 18.6179,98.7446 18.6186,98.7417 18.6187,98.7384 18.6184,98.7354 18.6182,98.7324 18.6197,98.7300 18.6192,98.7271 18.6209,98.7247 18.6226,98.7221 18.6231,98.7192 18.6252,98.7171 18.6258,98.7144
ชม.4016	r	18.6258,98.7144 18.6285,98.7149 18.6306,98.7128 18.6316,98.7098 18.6329,98.7062 18.6354,98.7046 18.6380,98.7033 18.6387,98.7001 18.6414,98.7000 18.6416,98.7000
ชม.4016	r	18.6416,98.7000 18.6446,98.6982 18.6469,98.6955 18.6491,98.6922 18.6517,98.6916 18.6537,98.6895 18.6551,98.6868 18.6556,98.6850
ชม.4016	r	18.6178,98.7707 18.6176,98.7675 18.6193,98.7645 18.6195,98.7639
ชม.3018	r	18.5730,98.8047 18.5724,98.8075 18.5710,98.8101 18.5695,98.8133 18.5690,98.8145
4301	r	18.5340,98.7973 18.5370,98.7971 18.5401,98.7968 18.5441,98.7964 18.5469,98.7964 18.5503,98.7963 18.5531,98.7960 18.5548,98.7955
ชม.4016	r	18.6000,98.8024 18.6018,98.7998 18.6042,98.7984 18.6043,98.7983
ชม.3065	r	18.5280,98.7562 18.5272,98.7590 18.5286,98.7615 18.5300,98.7640 18.5304,98.7671 18.5307,98.7702 18.5314,98.7736 18.5313,98.7768 18.5311,98.7797 18.5324,98.7826 18.5351,98.7837 18.5361,98.7865 18.5339,98.7883 18.5335,98.7913 18.5337,98.7943 18.5340,98.7973
4301	r	18.5699,98.7912 18.5742,98.7932 18.5773,98.7935
ชม.5036	r	18.6334,98.8629 18.6342,98.8601 18.6354,98.8575 18.6342,98.8546 18.6340,98.8515 18.6343,98.8507
ชม.5036	r	18.6308,98.8972 18.6307,98.8939 18.6299,98.8906 18.6283,98.8894
ชม.5036	r	18.6283,98.8894 18.6283,98.8859 18.6296,98.8833 18.6308,98.8799 18.6329,98.8778 18.6339,98.8757
ชม.3044	r	18.7736,99.1869 18.7758,99.1850 18.7760,99.1817 18.7752,99.1790 18.7737,99.1766 18.7706,99.1751 18.7702,99.1752
ชม.3044	r	18.7895,99.1927 18.7889,99.1963 18.7883,99.1992 18.7861,99.2011 18.7837,99.1996 18.7822,99.1970 18.7814,99.1942 18.7802,99.1916 18.7780,99.1895 18.7740,99.1877 18.7736,99.1869
ชม.4039	r	18.7895,99.1841 18.7866,99.1832 18.7838,99.1839 18.7804,99.1821 18.7786,99.1799 18.7768,99.1776 18.7750,99.1748 18.7722,99.1737 18.7706,99.1726
ชม.4039	r	18.8217,99.1727 18.8180,99.1728 18.8147,99.1739 18.8108,99.1741 18.8092,99.1766 18.8069,99.1787 18.8056,99.1825 18.8029,99.1850 18.8002,99.1838 18.7974,99.1819 18.7945,99.1804 18.7909,99.1841 18.7897,99.1842
ชม.2187	r	18.7461,99.1690 18.7476,99.1691
ชม.2036	r	18.7742,99.1563 18.7721,99.1539 18.7700,99.1515 18.7665,99.1475 18.7643,99.1448 18.7616,99.1417 18.7592,99.1390
ชม.4039	r	18.7529,99.1673 18.7499,99.1659 18.7472,99.1644 18.7442,99.1616 18.7420,99.1596 18.7412,99.1580
ลพ.2047	r	18.7116,99.1802 18.7093,99.1817 18.7067,99.1804 18.7043,99.1784 18.7036,99.1778
ลพ.2047	r	18.6825,99.1750 18.6809,99.1725 18.6776,99.1741 18.6746,99.1744 18.6718,99.1743 18.6713,99.1743
ลพ.2047	r	18.6713,99.1743 18.6691,99.1727 18.6656,99.1718 18.6629,99.1711 18.6592,99.1714 18.6585,99.1715
ลพ.2047	r	18.6585,99.1715 18.6561,99.1693 18.6544,99.1666 18.6507,99.1653 18.6477,99.1655 18.6449,99.1648 18.6423,99.1658 18.6422,99.1656
ลพ.2047	r	18.6296,99.1596 18.6277,99.1617 18.6256,99.1635 18.6228,99.1621 18.6211,99.1611
ลพ.1-10015	r	18.6691,99.1488 18.6684,99.1518 18.6669,99.1538
ลพ.1-10015	r	18.6669,99.1538 18.6643,99.1531 18.6617,99.1541 18.6593,99.1527 18.6566,99.1518 18.6543,99.1497 18.6518,99.1479 18.6484,99.1467 18.6452,99.1451 18.6438,99.1426 18.6435,99.1391 18.6448,99.1364 18.6462,99.1337 18.6473,99.1310 18.6494,99.1286 18.6503,99.1258 18.6506,99.1249
ลพ.4015	r	18.6824,99.1377 18.6850,99.1390 18.6864,99.1414
ชม.3198	r	18.6824,99.1377 18.6841,99.1351 18.6842,99.1347
ชม.3198	r	18.6941,99.1158 18.6950,99.1127 18.6970,99.1104 18.6980,99.1077 18.6985,99.1043 18.6985,99.1035
ชม.3198	r	18.6842,99.1347 18.6870,99.1332 18.6876,99.1330
ลพ.6074	r	18.4260,98.8819 18.4237,98.8845
ชม.2014	r	18.4930,98.9076 18.4909,98.9108 18.4898,98.9111
ลพ.4015	r	18.6738,99.1437 18.6755,99.1407 18.6796,99.1401 18.6822,99.1378 18.6824,99.1377
ลพ.4015	r	18.6864,99.1414 18.6887,99.1398 18.6906,99.1375 18.6934,99.1374 18.6962,99.1390 18.6989,99.1408
ลพ.4015	r	18.7052,99.1346 18.7061,99.1318 18.7074,99.1300
ลพ.4015	r	18.7074,99.1300 18.7106,99.1266 18.7117,99.1239 18.7122,99.1244
ลพ.2047	r	18.7036,99.1778 18.7006,99.1784 18.6969,99.1793 18.6941,99.1785 18.6915,99.1779
ลพ.4035	r	18.4834,98.8893 18.4847,98.8870
ลพ.4035	r	18.4847,98.8870 18.4832,98.8846 18.4843,98.8814 18.4843,98.8782 18.4841,98.8761
ลพ.2029	r	18.6328,99.1467 18.6303,99.1481 18.6280,99.1513 18.6261,99.1534 18.6250,99.1565 18.6231,99.1591 18.6211,99.1611 18.6211,99.1611
ลพ.2047	r	18.6422,99.1656 18.6419,99.1627 18.6391,99.1621 18.6370,99.1603 18.6344,99.1615 18.6325,99.1594 18.6297,99.1595 18.6296,99.1596
ลพ.2047	r	18.6222,99.1496 18.6259,99.1501 18.6287,99.1488 18.6296,99.1475
ลพ.2047	r	18.6296,99.1475 18.6276,99.1445 18.6274,99.1414 18.6269,99.1395
ลพ.2047	r	18.6269,99.1395 18.6242,99.1390 18.6214,99.1395 18.6184,99.1380 18.6170,99.1368
ลพ.2047	r	18.6170,99.1368 18.6175,99.1338 18.6174,99.1297 18.6181,99.1269 18.6181,99.1237 18.6178,99.1207 18.6160,99.1186 18.6153,99.1185
ลพ.2047	r	18.6153,99.1185 18.6121,99.1191 18.6096,99.1205 18.6070,99.1218 18.6052,99.1241 18.6027,99.1257 18.6003,99.1286 18.5981,99.1303 18.5961,99.1304
ลพ.2005	r	18.4501,99.0455 18.4473,99.0460 18.4447,99.0464 18.4418,99.0475 18.4390,99.0479 18.4358,99.0485
ลพ.2005	r	18.4751,99.0540 18.4721,99.0546 18.4695,99.0536 18.4672,99.0511 18.4650,99.0534 18.4641,99.0548
ลพ.2005	r	18.4804,99.0586 18.4778,99.0569 18.4757,99.0548 18.4751,99.0540
ลพ.6039	r	18.4792,99.0551 18.4771,99.0530 18.4757,99.0500 18.4747,99.0471 18.4742,99.0444
ลพ.6039	r	18.4808,99.0251 18.4818,99.0223 18.4843,99.0190 18.4847,99.0156 18.4850,99.0147
ลพ.6039	r	18.4701,99.0306 18.4727,99.0287 18.4751,99.0274 18.4778,99.0266 18.4805,99.0254 18.4808,99.0251
ลพ.6039	r	18.4850,99.0147 18.4875,99.0135 18.4896,99.0114 18.4906,99.0087 18.4916,99.0057
ลพ.2005	r	18.4872,99.0680 18.4843,99.0666 18.4819,99.0652 18.4800,99.0641
ลพ.2005	r	18.4800,99.0641 18.4798,99.0610 18.4801,99.0602
ลพ.2005	r	18.4802,99.0600 18.4804,99.0586
ลพ.6039	r	18.4793,99.0560 18.4792,99.0551
ลพ.6039	r	18.5145,99.0214 18.5138,99.0244 18.5119,99.0269 18.5116,99.0281
ลพ.6039	r	18.5027,99.0341 18.5001,99.0355 18.4986,99.0380 18.4973,99.0407 18.4976,99.0426
ลพ 6043	r	18.4364,98.8122 18.4379,98.8092 18.4377,98.8077
ลพ 6043	r	18.4375,98.8204 18.4397,98.8177 18.4409,98.8162
ลพ 6043	r	18.4391,98.8217 18.4375,98.8204
ลพ 6043	r	18.4504,98.8214 18.4477,98.8228 18.4448,98.8230 18.4425,98.8208 18.4394,98.8217 18.4391,98.8217
ลพ.6039	r	18.5116,99.0281 18.5087,99.0295 18.5064,99.0312 18.5039,99.0334 18.5027,99.0341
ลพ.2005	r	18.5117,99.0772 18.5094,99.0756 18.5070,99.0736 18.5047,99.0719 18.5020,99.0713 18.5012,99.0711
ลพ.2005	r	18.5012,99.0711 18.4994,99.0734 18.4969,99.0750 18.4952,99.0762
ลพ.6039	r	18.4825,99.0556 18.4793,99.0560 18.4793,99.0560
ลพ.6039	r	18.4976,99.0426 18.4955,99.0447 18.4930,99.0458 18.4902,99.0463 18.4875,99.0468 18.4870,99.0470
ลพ.3036	r	18.4609,98.9759 18.4637,98.9762 18.4657,98.9741 18.4683,98.9711 18.4694,98.9691
ลพ.3036	r	18.4412,98.9723 18.4443,98.9744 18.4470,98.9761 18.4484,98.9775
ลพ.3002	r	18.4916,99.0057 18.4953,99.0068 18.4981,99.0068 18.5009,99.0085 18.5035,99.0096 18.5051,99.0133 18.5084,99.0145 18.5108,99.0161 18.5134,99.0189 18.5145,99.0214
ลพ.3186	r	18.5939,99.0129 18.5946,99.0114
ชม.2025	r	18.8000,98.9950 18.8001,98.9950
ชม.2025	r	18.8003,98.9950 18.8009,98.9952
ชม.2025	r	18.7973,98.9944 18.8000,98.9950
ลพ.1204	r	18.4752,98.9137 18.4786,98.9131 18.4814,98.9126 18.4827,98.9128
ชม.2014	r	18.5006,98.9110 18.4979,98.9122 18.4959,98.9099 18.4935,98.9082 18.4930,98.9076
ลพ.3054	r	18.4930,98.9497 18.4941,98.9465 18.4966,98.9450 18.4974,98.9442
ลพ.1102	r	18.5227,98.9519 18.5253,98.9517
ลพ.1102	r	18.5207,98.9659 18.5211,98.9631 18.5217,98.9601 18.5223,98.9567 18.5230,98.9539 18.5227,98.9519
ลพ.4020	r	18.4044,98.7935 18.4065,98.7956 18.4087,98.7974 18.4114,98.7986 18.4148,98.7981 18.4174,98.7973 18.4203,98.7970 18.4214,98.7944
ลพ.4020	r	18.4214,98.7944 18.4243,98.7938 18.4270,98.7931 18.4282,98.7956 18.4312,98.7954 18.4347,98.7955 18.4349,98.7955
ลพ.2011	r	18.6076,99.0562 18.6040,99.0536 18.5999,99.0506 18.5998,99.0505
ลพ.2011	r	18.5950,99.0734 18.5978,99.0725 18.6006,99.0714 18.6031,99.0704 18.6044,99.0703
ลพ.2011	r	18.5949,99.0823 18.5957,99.0792 18.5932,99.0788
ลพ.2011	r	18.5932,99.0788 18.5931,99.0759 18.5949,99.0737 18.5950,99.0734
ลพ.1102	r	18.5253,98.9517 18.5291,98.9501 18.5317,98.9491 18.5343,98.9502 18.5367,98.9518 18.5367,98.9519
ลพ.4035	r	18.5470,98.9436 18.5476,98.9470 18.5481,98.9498 18.5488,98.9528 18.5498,98.9555 18.5510,98.9590 18.5518,98.9620 18.5528,98.9647
ชม.4091	r	18.6531,98.9710 18.6542,98.9721
ชม.4091	r	18.6330,98.9636 18.6361,98.9631 18.6386,98.9618 18.6415,98.9621 18.6442,98.9629 18.6473,98.9645 18.6493,98.9669 18.6509,98.9694 18.6531,98.9710
ชม.2042	r	18.6273,98.9736 18.6246,98.9720 18.6221,98.9706 18.6199,98.9682 18.6173,98.9673 18.6156,98.9658
ชม.2043	r	18.6553,98.9870 18.6549,98.9870
ชม.2043	r	18.6549,98.9870 18.6543,98.9871
ลพ.3046	r	18.5699,98.9488 18.5680,98.9463 18.5657,98.9446 18.5627,98.9434 18.5628,98.9405 18.5609,98.9379 18.5569,98.9368 18.5551,98.9344 18.5522,98.9339 18.5514,98.9341
ชม.4032	r	18.6139,98.9644 18.6112,98.9645 18.6079,98.9655 18.6056,98.9675 18.6029,98.9682 18.6005,98.9662 18.5992,98.9656
ลพ. 3012	r	18.5915,98.9790 18.5889,98.9776 18.5854,98.9758 18.5827,98.9744 18.5802,98.9730 18.5776,98.9715 18.5756,98.9693 18.5751,98.9675
ชม.3165	r	18.6180,98.8970 18.6183,98.9003 18.6163,98.9032 18.6138,98.9043 18.6109,98.9049 18.6079,98.9062 18.6068,98.9069
ชม.4032	r	18.5992,98.9656 18.5974,98.9631 18.5961,98.9602 18.5933,98.9573 18.5909,98.9561 18.5875,98.9540 18.5862,98.9529
ลพ. 3012	r	18.5690,98.9570 18.5670,98.9550 18.5659,98.9519 18.5632,98.9512 18.5611,98.9494 18.5593,98.9471 18.5581,98.9445 18.5552,98.9444 18.5528,98.9427 18.5504,98.9414 18.5478,98.9435 18.5469,98.9436
ชม.4032	r	18.5568,98.9353 18.5553,98.9327 18.5523,98.9324 18.5492,98.9322 18.5453,98.9317 18.5426,98.9308 18.5411,98.9282 18.5395,98.9253 18.5386,98.9224 18.5383,98.9193 18.5371,98.9160 18.5369,98.9149
ชม.3165	r	18.5862,98.9189 18.5835,98.9193 18.5804,98.9199 18.5775,98.9208 18.5751,98.9232 18.5726,98.9258 18.5719,98.9288 18.5708,98.9314 18.5682,98.9336 18.5665,98.9362 18.5644,98.9378
ชม.4032	r	18.6547,98.9613 18.6569,98.9632 18.6581,98.9645
ชม.4032	r	18.6581,98.9645 18.6594,98.9629
ชม.2093	r	18.5283,98.8929 18.5299,98.8905 18.5305,98.8894
ชม.4032	r	18.6371,98.9531 18.6342,98.9530 18.6313,98.9541 18.6283,98.9554 18.6253,98.9558 18.6230,98.9541 18.6203,98.9537 18.6196,98.9539
ชม.4032	r	18.6196,98.9539 18.6185,98.9570 18.6169,98.9593 18.6152,98.9617 18.6140,98.9643 18.6139,98.9644
ชม.2025	r	18.8001,98.9950 18.8003,98.9950
ชม.4087	r	18.8874,98.9556 18.8878,98.9550
ชม.2025	r	18.8051,98.9950 18.8054,98.9950
ชม.2025	r	18.8048,98.9949 18.8051,98.9950
ชม.2025	r	18.8009,98.9952 18.8038,98.9948 18.8042,98.9948
ชม.4307	r	18.8262,98.9559 18.8256,98.9578
ชม.4307	r	18.8231,98.9650 18.8231,98.9648
ชม.4307	r	18.8233,98.9646 18.8232,98.9648
ชม.4307	r	18.8232,98.9648 18.8231,98.9650
ชม.4307	r	18.8239,98.9629 18.8240,98.9626
ชม.4307	r	18.8241,98.9627 18.8233,98.9646
ชม.4307	r	18.8247,98.9607 18.8242,98.9624
ชม.4307	r	18.8247,98.9602 18.8251,98.9591
ชม.4307	r	18.8244,98.9612 18.8246,98.9606
ชม.4307	r	18.8246,98.9606 18.8247,98.9602
ชม.4307	r	18.8252,98.9591 18.8249,98.9599
ชม.4307	r	18.8249,98.9599 18.8247,98.9607
ชม.4307	r	18.8251,98.9591 18.8256,98.9578
ชม.4307	r	18.8256,98.9578 18.8252,98.9591
ชม.4307	r	18.8231,98.9648 18.8239,98.9629
ชม.4307	r	18.8242,98.9624 18.8241,98.9627
ชม.2025	r	18.8042,98.9948 18.8045,98.9949
ชม.2025	r	18.8045,98.9949 18.8048,98.9949
ชม.2025	r	18.8057,98.9951 18.8060,98.9952
ชม.2025	r	18.8054,98.9950 18.8057,98.9951
ลป.1043	r	17.8797,99.3379 17.8789,99.3407 17.8776,99.3453 17.8763,99.3499 17.8756,99.3529 17.8750,99.3561 17.8749,99.3591 17.8755,99.3623 17.8777,99.3673 17.8800,99.3717 17.8817,99.3753 17.8839,99.3799 17.8843,99.3814
ชม.2177	r	18.8671,99.0216 18.8668,99.0216
ชม.4230	r	18.8453,99.0287 18.8456,99.0288
ชม.4230	r	18.8399,99.0253 18.8425,99.0278 18.8453,99.0287
1021	r	19.5176,100.2957 19.5175,100.2958
1021	r	19.5175,100.2958 19.5175,100.2957
ชม.4075	r	19.1128,98.7743 19.1105,98.7715 19.1079,98.7727 19.1053,98.7736 19.1024,98.7732 19.0993,98.7727
ชม.4075	r	19.1149,98.7843 19.1157,98.7850
ชม.4075	r	19.1148,98.7842 19.1149,98.7843
ชม.3024	r	19.4139,98.9149 19.4140,98.9151
ชม.3024	r	19.4139,98.9148 19.4139,98.9149
3603	r	19.6767,100.4353 19.6782,100.4328 19.6794,100.4293 19.6791,100.4274
ชม.5032	r	19.0682,98.3012 19.0683,98.3013
ชม.5050	r	19.0631,98.2878 19.0631,98.2880
ชม.5050	r	19.0624,98.2847 19.0630,98.2875 19.0631,98.2878
ชม.5050	r	19.0631,98.2880 19.0656,98.2905 19.0680,98.2916
ชม.5032	r	19.0683,98.3013 19.0710,98.3022 19.0722,98.3033
ชม.5050	r	19.0464,98.2838 19.0459,98.2847
ชม.5050	r	19.0511,98.2765 19.0535,98.2751 19.0559,98.2735 19.0583,98.2759 19.0608,98.2777 19.0632,98.2805 19.0623,98.2835 19.0624,98.2847
ชม.5050	r	19.0491,98.2781 19.0511,98.2765
ชม.6050	r	19.0483,98.2770 19.0491,98.2781
ชม.3013	r	19.8210,99.1802 19.8208,99.1773 19.8237,99.1763 19.8250,99.1744
ลป.3022	r	19.0019,99.6734 19.0031,99.6762 19.0047,99.6785 19.0070,99.6805 19.0100,99.6803 19.0121,99.6823 19.0122,99.6853 19.0119,99.6885 19.0119,99.6887
ชร.1039	r	19.8793,99.7922 19.8759,99.7914 19.8716,99.7908 19.8682,99.7904 19.8655,99.7908 19.8631,99.7925 19.8603,99.7921 19.8595,99.7919
ชม.5102	r	18.8349,99.1565 18.8341,99.1594 18.8335,99.1613
ชร.ถ1-0059	r	19.7441,99.6244 19.7416,99.6233 19.7390,99.6222 19.7364,99.6238 19.7338,99.6243
ชร.ถ1-0059	r	19.7466,99.6273 19.7457,99.6247
ชร.ถ1-0059	r	19.7338,99.6243 19.7323,99.6246
ลพ.2036	r	18.6119,99.0239 18.6133,99.0238
ลพ.4035	r	18.5557,98.9696 18.5555,98.9692
ลพ.4035	r	18.5528,98.9647 18.5543,98.9674 18.5550,98.9685
ลพ.4035	r	18.5696,98.9858 18.5722,98.9878 18.5746,98.9897 18.5750,98.9903
ลพ.4035	r	18.5811,98.9913 18.5833,98.9932 18.5838,98.9935
ชร.3037	r	20.0195,99.1599 20.0179,99.1573 20.0167,99.1555
ชร.4055	r	19.9458,100.2291 19.9426,100.2282 19.9400,100.2274 19.9373,100.2285 19.9345,100.2293 19.9318,100.2308 19.9291,100.2319 19.9282,100.2347 19.9271,100.2352
ลป.4009	r	18.8893,99.5326 18.8865,99.5310 18.8846,99.5288 18.8832,99.5262 18.8807,99.5244 18.8797,99.5231
ลป.4009	r	18.8894,99.5329 18.8893,99.5326
ลป.1-0058	r	18.8891,99.5364 18.8912,99.5345 18.8920,99.5343
ลป.1-0058	r	18.8890,99.5370 18.8891,99.5364
ชม.4030	r	19.2784,98.6033 19.2780,98.6033
มส.4006	r	19.3127,98.4425 19.3123,98.4421
มส.4006	r	19.3128,98.4420 19.3125,98.4421
มส.4006	r	19.3123,98.4421 19.3128,98.4419
ลป.4009	r	18.8397,99.5118 18.8379,99.5091 18.8351,99.5084 18.8323,99.5089 18.8293,99.5084 18.8264,99.5087 18.8226,99.5076 18.8208,99.5066
ลป.4009	r	18.8399,99.5120 18.8397,99.5118
นน.3057	r	19.1707,100.8346 19.1706,100.8346
ชม.7091	r	19.1117,98.2902 19.1147,98.2905 19.1168,98.2927 19.1196,98.2932 19.1201,98.2935
ชม.4032	r	18.7596,98.9963 18.7572,98.9948 18.7547,98.9935 18.7545,98.9904 18.7531,98.9879 18.7503,98.9877 18.7482,98.9857 18.7461,98.9845
ชม.4032	r	18.7461,98.9845 18.7456,98.9844
ชม.4032	r	18.7396,98.9805 18.7412,98.9828 18.7438,98.9837 18.7456,98.9844
ชม.4041	r	18.8127,99.2523 18.8153,99.2501 18.8182,99.2477 18.8200,99.2477
ลพ.3053	r	18.3820,98.8516 18.3793,98.8528 18.3769,98.8545 18.3760,98.8555
ลพ.3065	r	18.3687,98.9052 18.3645,98.9026 18.3623,98.9062 18.3630,98.9025 18.3642,98.8993 18.3645,98.8980
ลพ.5055	r	18.3405,98.8809 18.3422,98.8785 18.3442,98.8764 18.3467,98.8778 18.3497,98.8782 18.3566,98.8754 18.3588,98.8722 18.3619,98.8711 18.3646,98.8691 18.3665,98.8670 18.3679,98.8642 18.3692,98.8615 18.3721,98.8607
ลพ.1304	r	18.3603,98.7576 18.3592,98.7549 18.3586,98.7521 18.3581,98.7492 18.3534,98.7434 18.3533,98.7434
ลพ.3057	r	18.3416,98.6685 18.3437,98.6667 18.3428,98.6639 18.3435,98.6605 18.3442,98.6573 18.3452,98.6543 18.3445,98.6514 18.3457,98.6489 18.3442,98.6459 18.3436,98.6429 18.3449,98.6403 18.3457,98.6375 18.3463,98.6346 18.3488,98.6323
ลพ.3057	r	18.3488,98.6323 18.3509,98.6303 18.3526,98.6278 18.3517,98.6248 18.3535,98.6227 18.3538,98.6197 18.3552,98.6168 18.3561,98.6140 18.3560,98.6108 18.3556,98.6079 18.3550,98.6045 18.3551,98.6014 18.3538,98.5988 18.3542,98.5958 18.3538,98.5922 18.3538,98.5893 18.3549,98.5883
ชม. 3057	r	18.3458,98.5714 18.3472,98.5722
ชร.4049	r	20.1224,100.1866 20.1225,100.1867
ชร.4049	r	20.1225,100.1867 20.1247,100.1884 20.1279,100.1897 20.1315,100.1906 20.1347,100.1917 20.1369,100.1933 20.1412,100.1945 20.1429,100.1968 20.1475,100.2000 20.1499,100.2017 20.1528,100.2027 20.1557,100.2040 20.1588,100.2082 20.1602,100.2098
พร.4039	r	17.8253,99.7683 17.8226,99.7686 17.8196,99.7685 17.8167,99.7696 17.8138,99.7701 17.8112,99.7694 17.8086,99.7703 17.8056,99.7687 17.8030,99.7674 17.8001,99.7665 17.7971,99.7671 17.7943,99.7671 17.7933,99.7706 17.7923,99.7734 17.7929,99.7766 17.7925,99.7798 17.7923,99.7825
พร.4039	r	17.8394,99.7988 17.8423,99.7994 17.8445,99.8017 17.8456,99.8045 17.8467,99.8072 17.8473,99.8103 17.8480,99.8130 17.8483,99.8152
ชม.4091	r	18.6837,98.9919 18.6821,98.9894 18.6817,98.9888
ชม.4091	r	18.6837,98.9920 18.6837,98.9919
ชม.4061	r	19.2199,98.8472 19.2195,98.8501 19.2181,98.8527 19.2158,98.8542
ชม.4061	r	19.1101,98.8975 19.1077,98.8990 19.1050,98.8987 19.1018,98.8997 19.0988,98.9001 19.0961,98.9012 19.0933,98.9018 19.0910,98.9035 19.0875,98.9045 19.0873,98.9046
ชม.4061	r	19.1101,98.8975 19.1101,98.8975
ชม.4210	r	18.9228,99.1231 18.9240,99.1268 18.9241,99.1269
ชม.4210	r	18.9225,99.1228 18.9228,99.1231
ชม.2053	r	18.8959,99.0571 18.8948,99.0543 18.8953,99.0515 18.8958,99.0485 18.8963,99.0456 18.8958,99.0426 18.8944,99.0399 18.8925,99.0374 18.8908,99.0349 18.8895,99.0322 18.8883,99.0300
ชม.4031	r	18.9688,99.1251 18.9718,99.1251 18.9743,99.1230 18.9759,99.1236
ชม.4031	r	18.9759,99.1236 18.9781,99.1253 18.9809,99.1244 18.9838,99.1238 18.9864,99.1246 18.9881,99.1270 18.9881,99.1272
ชม.4031	r	18.9995,99.1257 18.9992,99.1258
ชม.4031	r	19.0330,99.1176 19.0332,99.1175
ชม.4031	r	19.0332,99.1175 19.0361,99.1188 19.0394,99.1190 19.0415,99.1169 19.0443,99.1174 19.0464,99.1152 19.0487,99.1134 19.0520,99.1106 19.0541,99.1089 19.0568,99.1100 19.0594,99.1088 19.0626,99.1079 19.0682,99.1042 19.0715,99.1015 19.0789,99.1013 19.0816,99.1013 19.0830,99.1013
ชม.3038	r	19.1445,98.9944 19.1446,98.9974 19.1449,99.0014 19.1457,99.0044 19.1460,99.0066
ชม.3038	r	19.1445,98.9942 19.1445,98.9944
ชม.4091	r	18.6801,98.9865 18.6799,98.9862
ชม.4091	r	18.6543,98.9721 18.6572,98.9728 18.6594,98.9747 18.6622,98.9760 18.6629,98.9762
ชม.4091	r	18.6542,98.9721 18.6543,98.9721
ชม.2043	r	18.6643,98.9853 18.6676,98.9854 18.6703,98.9861 18.6721,98.9851
ชม.2043	r	18.6643,98.9854 18.6643,98.9853
ชม.4091	r	18.6801,98.9866 18.6801,98.9865
ชม.4091	r	18.6802,98.9867 18.6801,98.9866
ชร.3037	r	20.0790,99.1830 20.0802,99.1861 20.0800,99.1889 20.0793,99.1917 20.0764,99.1914 20.0748,99.1938 20.0725,99.1955 20.0709,99.1979 20.0692,99.2002 20.0676,99.2025 20.0664,99.2051 20.0637,99.2059 20.0625,99.2087 20.0598,99.2087 20.0575,99.2103 20.0550,99.2123 20.0529,99.2141 20.0517,99.2167 20.0521,99.2196 20.0496,99.2209 20.0470,99.2216 20.0446,99.2234 20.0416,99.2236 20.0395,99.2256 20.0383,99.2282 20.0357,99.2293 20.0337,99.2317 20.0347,99.2344 20.0331,99.2367 20.0311,99.2372
ชร.3037	r	20.0778,99.1781 20.0774,99.1810 20.0790,99.1830
ชม.4091	r	18.6817,98.9888 18.6802,98.9867
ชม.3047	r	19.3501,99.0209 19.3503,99.0195
ชม.3047	r	19.2970,98.9971 19.2970,98.9941 19.2976,98.9911 19.2972,98.9883 19.2974,98.9853 19.2998,98.9839 19.3001,98.9829
ชม.3047	r	19.2998,98.9974 19.3030,98.9976 19.3049,99.0000 19.3071,99.0021 19.3079,99.0054 19.3088,99.0087 19.3100,99.0117 19.3118,99.0144 19.3120,99.0173 19.3113,99.0182
ชม.3047	r	19.3234,99.0276 19.3255,99.0256 19.3281,99.0242 19.3309,99.0243 19.3338,99.0239 19.3367,99.0237 19.3400,99.0230 19.3428,99.0227 19.3444,99.0220
ชม.3047	r	19.3487,99.0220 19.3501,99.0209
ชม.3047	r	19.3444,99.0220 19.3467,99.0223
ชม.3059	r	19.9424,99.1104 19.9427,99.1105
ชม.3059	r	19.9427,99.1105 19.9456,99.1104 19.9479,99.1088 19.9521,99.1088 19.9548,99.1082 19.9574,99.1059 19.9584,99.1050
ชม.3059	r	19.9584,99.1050 19.9583,99.1048
ชม.3059	r	19.9583,99.1048 19.9606,99.1023 19.9634,99.1024 19.9661,99.1015 19.9692,99.1015 19.9726,99.0994 19.9753,99.0984 19.9780,99.0976 19.9808,99.0974 19.9823,99.0944 19.9844,99.0924 19.9856,99.0902
ชม.4242	r	18.6820,98.8083 18.6795,98.8099 18.6763,98.8115 18.6736,98.8122 18.6719,98.8141
ชม.4242	r	18.6821,98.8083 18.6820,98.8083
ลพ.3043	r	18.4206,98.9097 18.4201,98.9126 18.4200,98.9155 18.4205,98.9197
ลพ.4077	r	18.3533,98.9076 18.3559,98.9067 18.3577,98.9045 18.3578,98.9014 18.3575,98.8991
ลพ.4070	r	18.3332,98.9212 18.3305,98.9201 18.3277,98.9203 18.3240,98.9208 18.3212,98.9207
ชม.5122	r	18.7892,98.5399 18.7889,98.5427 18.7891,98.5460 18.7889,98.5468
ชม.5120	r	18.7656,98.5451 18.7680,98.5455
พร.2001	r	18.1516,100.1493 18.1545,100.1506 18.1566,100.1527 18.1594,100.1517 18.1621,100.1508 18.1644,100.1490 18.1670,100.1491
พร.3091	r	18.2100,100.1758 18.2096,100.1788 18.2094,100.1819 18.2080,100.1853 18.2068,100.1879 18.2067,100.1909 18.2057,100.1929
ชม.3052	r	19.1558,98.9426 19.1519,98.9446 19.1485,98.9456 19.1463,98.9467
ชม.3052	r	19.1723,98.9227 19.1712,98.9265 19.1680,98.9298 19.1653,98.9324 19.1639,98.9353 19.1632,98.9382 19.1606,98.9402 19.1558,98.9426
ชม.3052	r	19.1724,98.9225 19.1723,98.9227
ชม.2101	r	19.1718,98.9242 19.1699,98.9238
1285	r	19.5883,98.0031 19.5908,98.0019 19.5936,98.0021 19.5965,98.0020 19.5997,98.0021 19.6026,98.0022 19.6013,98.0050 19.6040,98.0058 19.6069,98.0050 19.6094,98.0034 19.6123,98.0023 19.6135,97.9996 19.6154,97.9972 19.6177,97.9987 19.6197,97.9966 19.6209,97.9992 19.6229,98.0012 19.6233,98.0041 19.6254,98.0061 19.6267,98.0087 19.6278,98.0114 19.6301,98.0130 19.6316,98.0104 19.6317,98.0082
ชม.3024	r	19.3785,98.7214 19.3777,98.7244 19.3768,98.7273 19.3753,98.7298 19.3751,98.7301
ชร.4034	r	20.0105,100.0244 20.0076,100.0254 20.0048,100.0254 20.0045,100.0259
ชร.4034	r	20.0106,100.0244 20.0105,100.0244
ลป.2017	r	18.4418,99.2683 18.4389,99.2685 18.4374,99.2684
ลป.2017	r	18.4419,99.2681 18.4418,99.2683
ลป.2017	r	18.4339,99.2684 18.4310,99.2679 18.4284,99.2668 18.4262,99.2650 18.4234,99.2642 18.4205,99.2632 18.4176,99.2642 18.4144,99.2645 18.4113,99.2631 18.4089,99.2618 18.4067,99.2616
ลป.2017	r	18.4374,99.2684 18.4371,99.2683
ชม.3013	r	18.8032,99.0613 18.8039,99.0616
ลป.2067	r	18.3048,99.4970 18.3075,99.4963 18.3106,99.4953 18.3136,99.4946 18.3159,99.4927 18.3192,99.4911 18.3218,99.4894 18.3245,99.4887 18.3246,99.4887
ลพ.4066	r	18.6708,99.0133 18.6726,99.0107 18.6748,99.0083 18.6768,99.0058 18.6795,99.0048 18.6801,99.0044
ลป.2035	r	18.9667,99.6049 18.9635,99.6064 18.9608,99.6073 18.9579,99.6096
ลป.4329	r	18.8347,99.4773 18.8347,99.4771
ลป.4329	r	18.8346,99.4775 18.8347,99.4773
ลป.5024	r	18.8426,99.8645 18.8416,99.8672 18.8392,99.8686 18.8378,99.8717 18.8358,99.8736 18.8341,99.8765 18.8317,99.8779 18.8299,99.8803 18.8279,99.8823 18.8253,99.8834 18.8258,99.8863 18.8248,99.8897 18.8245,99.8927 18.8240,99.8956 18.8223,99.8985 18.8201,99.9004 18.8185,99.9029 18.8167,99.9068 18.8138,99.9083 18.8125,99.9109 18.8111,99.9138 18.8094,99.9160 18.8066,99.9167 18.8055,99.9173
ลป.1013	r	18.7562,99.9405 18.7562,99.9410
ลป.1013	r	18.7650,99.9237 18.7648,99.9236
ลป.1013	r	18.7562,99.9410 18.7540,99.9435 18.7514,99.9448 18.7506,99.9477 18.7519,99.9503 18.7520,99.9533 18.7514,99.9562 18.7514,99.9596 18.7523,99.9629 18.7530,99.9668 18.7532,99.9698 18.7532,99.9699
ลป.1013	r	18.7648,99.9236 18.7618,99.9246 18.7600,99.9271 18.7569,99.9300 18.7548,99.9329 18.7558,99.9357 18.7565,99.9386 18.7562,99.9405
พร.4020	r	18.7701,100.3020 18.7736,100.3021 18.7765,100.3019 18.7776,100.2963 18.7786,100.2931 18.7813,100.2908 18.7849,100.2876 18.7857,100.2848 18.7916,100.2798 18.7943,100.2779 18.7935,100.2746 18.7922,100.2721 18.7924,100.2692 18.7927,100.2660 18.7929,100.2627 18.7914,100.2598 18.7920,100.2562 18.7916,100.2527 18.7923,100.2491 18.7925,100.2484
พร.4020	r	18.7527,100.3056 18.7567,100.3057 18.7589,100.3035 18.7601,100.3022
พร.4020	r	18.7601,100.3022 18.7603,100.3020
พร.4020	r	18.7603,100.3020 18.7643,100.3018 18.7688,100.3020 18.7701,100.3020
พร.4020	r	18.7524,100.3056 18.7527,100.3056
พร.4020	r	18.6812,100.2779 18.6839,100.2776
พร.4020	r	18.6806,100.3271 18.6834,100.3272 18.6863,100.3264 18.6890,100.3263 18.6921,100.3262 18.6942,100.3242 18.6972,100.3245 18.7011,100.3250 18.7039,100.3250 18.7067,100.3249 18.7093,100.3244 18.7126,100.3236 18.7155,100.3223 18.7189,100.3216 18.7218,100.3212 18.7248,100.3208 18.7276,100.3200 18.7311,100.3194 18.7339,100.3190 18.7364,100.3173 18.7379,100.3143 18.7385,100.3111 18.7412,100.3098 18.7441,100.3088 18.7466,100.3076 18.7511,100.3058 18.7524,100.3056
ลพ.3002	r	18.5387,99.0346 18.5409,99.0365 18.5443,99.0362 18.5471,99.0360 18.5495,99.0357
ชม.4022	r	17.8056,98.8008 17.8028,98.8018 17.8002,98.8031 17.7958,98.8034 17.7932,98.8026 17.7905,98.8029 17.7874,98.8039 17.7849,98.8050 17.7822,98.8062 17.7798,98.8075 17.7773,98.8094 17.7757,98.8122 17.7731,98.8139 17.7704,98.8149 17.7683,98.8166 17.7664,98.8192 17.7656,98.8204
ลป.4041	r	18.0958,99.2660 18.1000,99.2633 18.1026,99.2598 18.1054,99.2583 18.1063,99.2555 18.1074,99.2525 18.1045,99.2515 18.1027,99.2493 18.1011,99.2467 18.1012,99.2439 18.1030,99.2414 18.1035,99.2400
ลป.2016	r	18.0724,99.2228 18.0720,99.2232
ลป.2016	r	18.0739,99.2336 18.0729,99.2367 18.0701,99.2363 18.0676,99.2382 18.0659,99.2415 18.0647,99.2441 18.0632,99.2465
ลป.4041	r	18.1011,99.2382 18.1034,99.2398 18.1035,99.2400
ลป.2016	r	18.1879,99.1939 18.1850,99.1934 18.1818,99.1922 18.1789,99.1914 18.1762,99.1912 18.1735,99.1902 18.1711,99.1882 18.1697,99.1855 18.1689,99.1826 18.1678,99.1784 18.1671,99.1771
ลป.2016	r	18.1884,99.1940 18.1879,99.1939
นน.4002	r	18.8080,100.5294 18.8070,100.5324 18.8045,100.5333 18.8023,100.5351 18.7994,100.5360 18.7968,100.5370 18.7957,100.5396 18.7960,100.5416
นน.3046	r	18.6754,100.5540 18.6753,100.5525
นน.3046	r	18.6754,100.5542 18.6754,100.5540
ชม.5207	r	18.6543,98.9980 18.6542,98.9980
ชม.5207	r	18.6543,98.9980 18.6543,98.9980
พร.4016	r	18.2103,100.1528 18.2125,100.1556 18.2149,100.1568 18.2167,100.1591 18.2169,100.1621 18.2189,100.1640 18.2214,100.1658 18.2235,100.1676 18.2250,100.1704 18.2271,100.1726 18.2300,100.1733 18.2328,100.1727 18.2357,100.1719 18.2387,100.1723
พร.4016	r	18.2100,100.1527 18.2103,100.1528
พร.4016	r	18.3107,100.1797 18.3080,100.1780 18.3058,100.1760 18.3030,100.1743 18.3005,100.1730 18.2974,100.1713 18.2942,100.1691
ลป.2005	r	17.4444,99.1596 17.4442,99.1593
ลป.2005	r	17.4447,99.1593 17.4444,99.1596
ลป.3161	r	18.2072,99.4203 18.2102,99.4174
ลป.3161	r	18.2070,99.4204 18.2072,99.4203
พร.2025	r	18.2200,100.1573 18.2183,100.1597 18.2182,100.1599
พร.3091	r	18.2163,100.1790 18.2143,100.1772 18.2118,100.1756 18.2102,100.1758
ชม.3013	r	18.8039,99.0617 18.8035,99.0614
ชม.3024	r	19.4173,98.9070 19.4162,98.9098 19.4143,98.9119 19.4139,98.9147 19.4139,98.9148
ชม.3005	r	18.8809,99.2655 18.8840,99.2653 18.8858,99.2645
ชม.3005	r	18.8805,99.2656 18.8809,99.2655
ชม.5073	r	18.8802,99.3482 18.8805,99.3492
ชม.5073	r	18.8805,99.3492 18.8806,99.3493
ชม.5073	r	18.8827,99.3559 18.8834,99.3587 18.8836,99.3597
ชม.5073	r	18.8826,99.3558 18.8827,99.3559
ชม.5073	r	18.8836,99.3597 18.8837,99.3598
ชม.5080	r	18.8678,99.3292 18.8677,99.3262 18.8672,99.3253
ชม.5080	r	18.8678,99.3293 18.8678,99.3292
ชม.5080	r	18.8646,99.3405 18.8669,99.3386 18.8667,99.3357 18.8672,99.3328 18.8676,99.3300 18.8678,99.3293
ชม.5080	r	18.8645,99.3406 18.8646,99.3405
ชม.5080	r	18.8654,99.3489 18.8652,99.3460 18.8636,99.3438 18.8645,99.3410 18.8645,99.3406
ชม.5080	r	18.8654,99.3490 18.8654,99.3489
ชม.5080	r	18.8655,99.3506 18.8654,99.3490
ชม.5080	r	18.8655,99.3506 18.8655,99.3506
ชม.5080	r	18.8661,99.3536 18.8655,99.3506
ชม.5080	r	18.8661,99.3536 18.8661,99.3536
ชม.5080	r	18.8667,99.3549 18.8661,99.3536
ชม.5080	r	18.8666,99.3549 18.8667,99.3549
ลพ.4040	r	17.6309,98.8746 17.6336,98.8762 17.6347,98.8788 17.6368,98.8807 17.6397,98.8807 17.6432,98.8812 17.6452,98.8788 17.6466,98.8761 17.6468,98.8759
ลพ.4040	r	17.6308,98.8746 17.6309,98.8746
ลพ.4040	r	17.5620,98.8769 17.5622,98.8769
ลพ.4040	r	17.5611,98.8769 17.5620,98.8769
มส.ถ1-0016	r	18.1263,97.9323 18.1254,97.9337
ชม.3047	r	19.3023,98.9646 19.3023,98.9615 19.3024,98.9613
ชม.3047	r	19.3024,98.9647 19.3023,98.9646
ชม.4104	r	19.0627,98.9375 19.0614,98.9400 19.0588,98.9415 19.0562,98.9386 19.0555,98.9382
ชม.3024	r	19.3881,98.9301 19.3855,98.9327 19.3854,98.9328
ชม.3024	r	19.3854,98.9328 19.3853,98.9328
ลพ.4015	r	18.7041,99.1353 18.7052,99.1346
ลพ.4015	r	18.7040,99.1354 18.7041,99.1353
ชม.3045	r	19.0913,98.9169 19.0909,98.9201 19.0916,98.9232 19.0929,98.9262
ชม.3045	r	19.0913,98.9167 19.0913,98.9169
ชม.3045	r	19.0934,98.9328 19.0943,98.9359 19.0944,98.9364
ชม.3045	r	19.0934,98.9327 19.0934,98.9328
ชม.4062	r	18.8248,99.1856 18.8249,99.1857
ชม.4062	r	18.8247,99.1855 18.8248,99.1856
ชม.3007	r	18.6996,98.9779 18.6996,98.9779
ชม.3007	r	18.6996,98.9776 18.6996,98.9779
ชร.1041	r	20.4391,99.8938 20.4394,99.8967 20.4392,99.9016 20.4399,99.9047
ลพ.2001	r	18.5767,99.0940 18.5767,99.0941
ลพ.2001	r	18.5767,99.0940 18.5767,99.0940
ชร.4013	r	19.9220,99.8957 19.9221,99.8958
ชร.4013	r	19.9221,99.8958 19.9235,99.8984 19.9237,99.8986
ชม. 4093	r	19.0807,99.1764 19.0806,99.1765
ชม.5036	r	18.6308,98.8972 18.6289,98.8992
ลป.2017	r	18.4494,99.2694 18.4467,99.2676 18.4440,99.2684 18.4419,99.2681
ลป.2017	r	18.4495,99.2695 18.4494,99.2694
ลป.2017	r	18.4521,99.2684 18.4495,99.2695
ลป.2017	r	18.4523,99.2683 18.4521,99.2684
ลป.2017	r	18.4576,99.2678 18.4550,99.2672 18.4523,99.2683
ลป.2017	r	18.4579,99.2678 18.4576,99.2678
ชม.3011	r	19.0139,98.9481 19.0139,98.9481
ชม.3047	r	19.3468,99.0222 19.3487,99.0220
ชม.3047	r	19.3467,99.0223 19.3468,99.0222
ลป.2017	r	18.4064,99.2615 18.4036,99.2623 18.4031,99.2624
ลป.2017	r	18.4031,99.2624 18.4028,99.2624
ลป.3027	r	18.3700,99.2952 18.3694,99.2964
ลป.3027	r	18.3694,99.2964 18.3694,99.2966
พร.3150	r	17.9930,100.0188 17.9960,100.0202 17.9984,100.0216 17.9990,100.0220
พร.3150	r	17.9929,100.0187 17.9930,100.0188
พร.3046	r	18.0675,99.9222 18.0666,99.9206
พร.3046	r	18.0675,99.9224 18.0675,99.9222
พร.3046	r	18.1594,99.9457 18.1565,99.9451 18.1542,99.9448
พร.3046	r	18.1542,99.9448 18.1542,99.9443
ชร.1030	r	19.5332,99.8318 19.5331,99.8320
ชร.1030	r	19.5400,99.8238 19.5366,99.8237 19.5349,99.8264 19.5359,99.8293 19.5336,99.8314 19.5332,99.8318
ชม.3009	r	19.0261,98.8757 19.0236,98.8744 19.0213,98.8760 19.0209,98.8761
1425	r	20.2163,100.4320 20.2145,100.4332
1425	r	20.2145,100.4332 20.2142,100.4364 20.2152,100.4391 20.2150,100.4420 20.2149,100.4426
ชม.7094	r	18.4303,98.5079 18.4302,98.5071
ซน.6050	r	18.8645,98.2239 18.8646,98.2227
ชร.1030	r	19.5131,99.8248 19.5143,99.8220 19.5156,99.8193 19.5166,99.8162 19.5157,99.8135 19.5159,99.8103 19.5161,99.8078
2026	r	18.4932,99.1941 18.4932,99.1947
ลป.2016	r	18.0725,99.2228 18.0724,99.2228
ลป.2016	r	18.0720,99.2232 18.0712,99.2266 18.0721,99.2293 18.0733,99.2325 18.0739,99.2336
ลป.2067	r	18.3398,99.4874 18.3398,99.4874
ลป.2067	r	18.3397,99.4874 18.3398,99.4874
1107	r	18.5550,99.0659 18.5531,99.0681 18.5533,99.0711 18.5528,99.0723
ลป.2067	r	18.3247,99.4887 18.3270,99.4872 18.3297,99.4869 18.3329,99.4863 18.3357,99.4863 18.3384,99.4875 18.3397,99.4874
ลป.2067	r	18.3246,99.4887 18.3247,99.4887
ชม.2074	r	18.8924,99.0939 18.8948,99.0953 18.8962,99.0957
ชม.2074	r	18.8962,99.0957 18.8963,99.0957
ชม.4096	r	18.9017,99.1293 18.9029,99.1298
ชม.4096	r	18.9029,99.1298 18.9030,99.1298
ชม.4105	r	19.1533,98.9221 19.1501,98.9227 19.1470,98.9216 19.1443,98.9209 19.1412,98.9223 19.1412,98.9223
ชม.4105	r	19.1412,98.9223 19.1409,98.9223
ชม.5257	r	18.9236,99.0313 18.9260,99.0343 18.9276,99.0367 18.9268,99.0395 18.9256,99.0413
ชม.5257	r	18.9235,99.0312 18.9236,99.0313
1350	r	19.0249,101.2045 19.0249,101.2045
ชม.3009	r	19.0416,98.8694 19.0396,98.8701
ชม.3009	r	19.0396,98.8701 19.0395,98.8701
ชม. 4093	r	19.1087,99.1794 19.1114,99.1797 19.1119,99.1796
ชม. 4093	r	19.1119,99.1796 19.1120,99.1796
ชม.4043	r	18.9546,98.6841 18.9517,98.6829 18.9498,98.6808 18.9474,98.6790 18.9456,98.6764 18.9463,98.6753
ชม.3038	r	19.1460,99.0083 19.1457,99.0114 19.1449,99.0153 19.1449,99.0154
ชม. 2170	r	19.1318,99.0102 19.1336,99.0109
ชม.3038	r	19.1448,99.0154 19.1448,99.0155
ชม.3038	r	19.1449,99.0154 19.1448,99.0154
ชม.2007	r	19.1926,98.9837 19.1912,98.9798 19.1893,98.9763 19.1878,98.9738 19.1858,98.9718 19.1843,98.9685 19.1844,98.9653 19.1842,98.9618 19.1836,98.9590 19.1834,98.9560 19.1839,98.9542
ชม.2007	r	19.1925,98.9839 19.1926,98.9837
ชม.2134	r	19.1439,98.9853 19.1466,98.9846 19.1500,98.9846 19.1526,98.9815 19.1554,98.9802 19.1582,98.9802 19.1586,98.9802
ชม. 2170	r	19.1165,99.0088 19.1176,99.0076
ชม.3038	r	19.1438,98.9832 19.1442,98.9891 19.1445,98.9940 19.1445,98.9942
ชม.4046	r	19.1226,99.0587 19.1203,99.0617 19.1183,99.0660 19.1160,99.0680
ชม.4046	r	19.1226,99.0586 19.1226,99.0587
ชม.2154	r	19.1255,98.9928 19.1254,98.9929
ชม.2154	r	19.1255,98.9928 19.1255,98.9928
ชม.4046	r	19.1261,99.0594 19.1233,99.0581 19.1226,99.0586
ชม.4046	r	19.1262,99.0593 19.1261,99.0594
ลพ.2047	r	18.5448,99.1049 18.5447,99.1049
มส.4014	r	19.5808,98.6191 19.5801,98.6163 19.5807,98.6130 19.5807,98.6129
ชม.4104	r	19.0678,98.9348 19.0641,98.9362
นน.2024	r	19.4925,100.8992 19.4929,100.8989
นน.2024	r	19.4929,100.8989 19.4926,100.8992
ชม.5257	r	18.9461,99.0635 18.9473,99.0656
ชม.5257	r	18.9473,99.0656 18.9473,99.0656
ชม.7091	r	19.1105,98.2897 19.1117,98.2902
ชม.7091	r	19.1201,98.2940 19.1201,98.2935
ชม.2134	r	19.1812,98.9800 19.1842,98.9804 19.1869,98.9810 19.1907,98.9827 19.1925,98.9839
ชม. 4093	r	19.0907,99.1814 19.0907,99.1815
ชม. 4093	r	19.1343,99.2113 19.1330,99.2087 19.1306,99.2072 19.1295,99.2055
ชม.4380	r	18.9103,99.0172 18.9111,99.0200 18.9105,99.0228 18.9088,99.0240
ชม.4049	r	19.2185,99.1974 19.2213,99.1973 19.2219,99.1973
ชม. 4359	r	19.3147,99.1873 19.3176,99.1884 19.3203,99.1889 19.3233,99.1896 19.3245,99.1899
ชม.4235	r	19.1149,98.9202 19.1177,98.9202 19.1213,98.9202 19.1226,98.9202
ชม.2101	r	19.1479,98.9364 19.1454,98.9386 19.1433,98.9406 19.1409,98.9423 19.1394,98.9447 19.1389,98.9474
ชม.2007	r	19.1805,98.9931 19.1818,98.9905 19.1852,98.9901 19.1880,98.9899 19.1899,98.9870 19.1921,98.9849 19.1925,98.9839
ชม.2007	r	19.1793,98.9937 19.1805,98.9931
ชม.2007	r	19.1785,98.9939 19.1793,98.9937
ชม.2007	r	19.1449,99.0021 19.1480,99.0042 19.1503,99.0058 19.1539,99.0083 19.1570,99.0092
ชม.3009	r	19.0660,98.8619 19.0631,98.8621 19.0604,98.8612 19.0573,98.8611 19.0550,98.8627 19.0543,98.8631
ชม.3009	r	19.0543,98.8631 19.0531,98.8642
ชม.3009	r	19.0448,98.8675 19.0424,98.8693 19.0417,98.8694
ชม.3012	r	18.8765,99.0979 18.8782,99.0983
ชม.3052	r	19.2006,98.8897 19.1991,98.8925 19.1986,98.8930
ชม.3052	r	19.1986,98.8930 19.1985,98.8931
ชม.3052	r	19.1782,98.9161 19.1753,98.9163 19.1736,98.9188 19.1727,98.9216 19.1724,98.9225
ชม.3052	r	19.1783,98.9161 19.1782,98.9161
ชม.3047	r	19.3001,98.9828 19.2993,98.9790 19.2996,98.9755 19.3000,98.9725 19.3023,98.9710 19.3026,98.9691
ชม.3047	r	19.3001,98.9829 19.3001,98.9828
ชม.4195	r	19.1462,98.9108 19.1434,98.9129 19.1419,98.9156 19.1413,98.9183
ชม.4235	r	19.1307,98.9200 19.1322,98.9200
ชม.2142	r	19.0545,98.9277 19.0552,98.9286
ชม.2142	r	19.0544,98.9276 19.0545,98.9277
ชม.2142	r	19.0553,98.9287 19.0558,98.9293
ชม.2142	r	19.0552,98.9286 19.0553,98.9287
ชม.4043	r	18.9680,98.7261 18.9682,98.7262
ชม.4043	r	18.9657,98.7142 18.9659,98.7163
พร.2015	r	18.0577,99.8333 18.0598,99.8315 18.0623,99.8302 18.0651,99.8293 18.0681,99.8285 18.0709,99.8266 18.0715,99.8257
พร.2015	r	18.0574,99.8334 18.0577,99.8333
พร.3043	r	18.0690,99.8427 18.0703,99.8413
พร.3043	r	18.0689,99.8430 18.0690,99.8427
ชม.4067	r	19.0461,98.6561 19.0443,98.6586 19.0444,98.6615 19.0441,98.6645 19.0439,98.6655
ชม.4067	r	19.0439,98.6655 19.0460,98.6676 19.0476,98.6687
1395	r	19.3556,98.4393 19.3557,98.4393
1395	r	19.3557,98.4366 19.3556,98.4393
ชม. 4093	r	19.1338,99.1662 19.1362,99.1649
ชม. 4093	r	19.1334,99.1664 19.1338,99.1662
ชม. 4093	r	19.1195,99.1892 19.1197,99.1879
ชม. 4093	r	19.0912,99.1816 19.0911,99.1816
ลพ.3046	r	18.5489,98.9342 18.5487,98.9342
ลพ.3046	r	18.5514,98.9341 18.5489,98.9342
ชม.4049	r	19.2184,99.1974 19.2185,99.1974
ชม.4067	r	19.0208,98.5962 19.0239,98.5980 19.0265,98.5993 19.0274,98.6022 19.0282,98.6045
ชม.4067	r	19.0187,98.5969 19.0208,98.5962
ชม.4067	r	19.0176,98.5959 19.0187,98.5969
ชม.3052	r	19.2213,98.8474 19.2209,98.8503 19.2214,98.8532 19.2216,98.8537
ชม.3052	r	19.2216,98.8537 19.2216,98.8537
ชร.ถ1-0030	r	19.8518,100.0121 19.8516,100.0145
ชร.ถ1-0030	r	19.8504,100.0157 19.8477,100.0173 19.8461,100.0202 19.8480,100.0226 19.8504,100.0244 19.8524,100.0267 19.8544,100.0288 19.8537,100.0320 19.8538,100.0341
ชร.ถ1-0030	r	19.8538,100.0341 19.8534,100.0382 19.8530,100.0395
ชร.02301	r	19.8708,100.0432 19.8677,100.0426 19.8650,100.0418 19.8637,100.0428
ชร.4008	r	19.8914,100.2090 19.8903,100.2134 19.8890,100.2162 19.8878,100.2190 19.8862,100.2233 19.8854,100.2261 19.8840,100.2291 19.8825,100.2317 19.8841,100.2344 19.8845,100.2368
ชร.4008	r	19.8845,100.2368 19.8839,100.2373
ชร.4008	r	19.8839,100.2373 19.8812,100.2389 19.8791,100.2409 19.8770,100.2434 19.8752,100.2463 19.8726,100.2475 19.8720,100.2508 19.8704,100.2539 19.8686,100.2567 19.8675,100.2597 19.8666,100.2625 19.8651,100.2661 19.8627,100.2724 19.8608,100.2772
ชม.4259	r	19.8525,99.2043 19.8551,99.2054 19.8575,99.2074 19.8600,99.2087 19.8626,99.2100 19.8653,99.2113 19.8681,99.2116 19.8714,99.2116 19.8742,99.2123 19.8768,99.2131 19.8796,99.2139 19.8821,99.2149 19.8834,99.2175 19.8852,99.2197 19.8880,99.2216 19.8908,99.2233 19.8935,99.2241 19.8955,99.2242
5065	r	19.5363,99.3655 19.5337,99.3668 19.5307,99.3672 19.5284,99.3688 19.5256,99.3698 19.5246,99.3725 19.5231,99.3749 19.5226,99.3756
5065	r	19.5226,99.3756 19.5230,99.3756
5065	r	19.5230,99.3756 19.5232,99.3757
พร.3030	r	18.0001,99.7678 17.9973,99.7657 17.9952,99.7639 17.9925,99.7630 17.9896,99.7622 17.9867,99.7598 17.9840,99.7576 17.9825,99.7547 17.9821,99.7516 17.9819,99.7491
ชม. 3082	r	19.2243,99.1661 19.2252,99.1661
ชม. 3082	r	19.2389,99.1806 19.2399,99.1835 19.2415,99.1858
ชม. 3082	r	19.2390,99.1802 19.2389,99.1806
พร.2031	r	17.9929,99.9995 17.9938,100.0023 17.9955,100.0038
พร.2031	r	17.9929,99.9993 17.9929,99.9995
ลป.5006	r	18.1752,99.3915 18.1775,99.3934 18.1803,99.3945 18.1832,99.3943 18.1865,99.3943 18.1898,99.3945 18.1911,99.3945
มส.4006	r	18.3430,98.1154 18.3452,98.1171 18.3462,98.1198 18.3455,98.1226 18.3455,98.1260 18.3466,98.1280
ซน.6050	r	18.9974,98.2721 18.9999,98.2709
ซน.6050	r	18.9999,98.2709 18.9999,98.2709
ซน.6050	r	18.8696,98.2261 18.8678,98.2239 18.8674,98.2226
ซน.6050	r	18.8743,98.2249 18.8715,98.2257 18.8696,98.2261
ซน.6050	r	18.9780,98.2327 18.9808,98.2325 18.9834,98.2337 18.9859,98.2348 18.9884,98.2362 18.9903,98.2386 18.9906,98.2415 18.9923,98.2439 18.9932,98.2468 18.9941,98.2496 18.9939,98.2526 18.9960,98.2550 18.9970,98.2578 18.9976,98.2607 18.9981,98.2636 18.9986,98.2665 18.9979,98.2693 18.9967,98.2719 18.9974,98.2721
ชม.4053	r	18.7289,98.5494 18.7315,98.5482 18.7323,98.5453 18.7346,98.5435 18.7348,98.5433
ชม.4053	r	18.7348,98.5433 18.7350,98.5431
ชม.2149	r	18.5475,98.3525 18.5501,98.3513 18.5521,98.3493 18.5526,98.3465 18.5534,98.3435 18.5550,98.3410 18.5569,98.3383 18.5580,98.3355 18.5580,98.3352
ชม.2149	r	18.5474,98.3524 18.5475,98.3525
ชม.2149	r	18.5110,98.3538 18.5124,98.3548
ชม.2149	r	18.5110,98.3538 18.5110,98.3538
มส.4004	r	19.3206,98.4052 19.3191,98.4027 19.3197,98.3998 19.3206,98.3970 19.3222,98.3955
มส.30-001	r	19.3555,98.4460 19.3580,98.4475 19.3604,98.4492 19.3631,98.4497 19.3668,98.4499 19.3718,98.4478 19.3745,98.4455 19.3748,98.4454
ชม. 3295	r	19.3074,99.2009 19.3077,99.2008
ชม. 3295	r	19.3077,99.2008 19.3087,99.2002
ชม.4055	r	19.4323,99.2995 19.4308,99.3019 19.4306,99.3048 19.4284,99.3068 19.4256,99.3074 19.4248,99.3047 19.4252,99.3033
ชม. 4093	r	19.0806,99.1765 19.0805,99.1771
ชม. 4093	r	19.1295,99.2055 19.1267,99.2052 19.1239,99.2055 19.1205,99.2052 19.1192,99.2053
ชม. 3295	r	19.3025,99.1930 19.3008,99.1912
ชร.ถ1-0084	r	20.0289,100.0807 20.0278,100.0772 20.0271,100.0739 20.0258,100.0709 20.0231,100.0684 20.0205,100.0670 20.0179,100.0656 20.0161,100.0653
ชร.ถ1-0084	r	20.0682,100.1027 20.0648,100.1035 20.0616,100.1025 20.0587,100.1018 20.0559,100.1018 20.0534,100.1006 20.0507,100.0992 20.0479,100.0976 20.0453,100.0950 20.0431,100.0933 20.0404,100.0920 20.0376,100.0913 20.0345,100.0891 20.0324,100.0871 20.0308,100.0843 20.0293,100.0815 20.0289,100.0807
ชม.4061	r	19.2201,98.8472 19.2199,98.8472
ชม.4067	r	18.9838,98.5738 18.9851,98.5745
ซน.6050	r	18.8674,98.2226 18.8646,98.2227
นน.3021	r	18.8408,100.7336 18.8409,100.7339
นน.3021	r	18.8409,100.7339 18.8426,100.7364 18.8426,100.7364
พย.3041	r	19.1867,99.9437 19.1879,99.9407 19.1889,99.9374 19.1896,99.9339 19.1907,99.9312
พย.3041	r	19.1865,99.9441 19.1867,99.9437
ชร.7065	r	19.1391,99.4230 19.1390,99.4232
ชม.3052	r	19.1477,98.8278 19.1503,98.8267 19.1529,98.8256 19.1553,98.8243 19.1575,98.8226 19.1601,98.8215 19.1619,98.8193 19.1635,98.8170 19.1660,98.8153 19.1684,98.8142 19.1705,98.8122
ชม.3052	r	19.2051,98.7972 19.2046,98.7943 19.2034,98.7918 19.2038,98.7919
ชม.3052	r	19.2038,98.7919 19.2039,98.7920
ชม.3052	r	19.1705,98.8122 19.1707,98.8122
ชม.3052	r	19.2050,98.7973 19.2051,98.7972
ชม.3052	r	19.1476,98.8278 19.1477,98.8278
ชม.3052	r	19.1707,98.8122 19.1729,98.8103 19.1758,98.8101 19.1786,98.8101 19.1807,98.8082 19.1835,98.8069 19.1862,98.8057 19.1890,98.8048 19.1918,98.8037 19.1941,98.8022 19.1966,98.8009 19.1992,98.7997 19.2015,98.7981 19.2041,98.7973 19.2050,98.7973
ชม.3052	r	19.2039,98.7920 19.2062,98.7906 19.2081,98.7891
ชม.4043	r	18.9646,98.7071 18.9647,98.7070
ชม.4043	r	18.9647,98.7070 18.9630,98.7046 18.9635,98.7017 18.9636,98.6986 18.9660,98.6970 18.9672,98.6932 18.9693,98.6911 18.9701,98.6876 18.9727,98.6856 18.9748,98.6845
ชม.7091	r	19.0794,98.3048 19.0778,98.3045
ชม.5060	r	19.9126,99.1523 19.9104,99.1524
ชม.3059	r	19.9144,99.1586 19.9145,99.1544 19.9146,99.1542
ชม.3059	r	19.9146,99.1542 19.9146,99.1542
ชม. 3057	r	18.3563,98.5504 18.3569,98.5508
ชม. 3057	r	18.3569,98.5508 18.3572,98.5477
ชม. 3057	r	18.3448,98.5721 18.3449,98.5691 18.3470,98.5671 18.3492,98.5653 18.3474,98.5630 18.3473,98.5601 18.3474,98.5580
ชม. 3057	r	18.3988,98.6002 18.3991,98.5980
ชม. 7089	r	18.3809,98.4653 18.3796,98.4624 18.3808,98.4596 18.3793,98.4571 18.3795,98.4549
ชม.7094	r	18.4303,98.5057 18.4302,98.5071
ชม. 3057	r	18.3785,98.5312 18.3757,98.5317 18.3740,98.5292 18.3735,98.5285
ชร.3058	r	19.0519,99.4652 19.0516,99.4654
ชร.3058	r	19.0700,99.4657 19.0679,99.4677 19.0649,99.4688 19.0628,99.4668 19.0627,99.4666
ชร.3058	r	19.0768,99.4636 19.0749,99.4615 19.0722,99.4626 19.0713,99.4653 19.0700,99.4657
ชร.3058	r	19.0906,99.4581 19.0881,99.4567 19.0854,99.4563 19.0834,99.4588 19.0825,99.4604
ชม.7086	r	18.5860,98.6183 18.5863,98.6154 18.5879,98.6129 18.5903,98.6109 18.5929,98.6095 18.5932,98.6084
ชม.7086	r	18.5830,98.6240 18.5856,98.6228 18.5869,98.6199 18.5860,98.6183
ชม.7086	r	18.5803,98.6317 18.5806,98.6293
ชม. 3082	r	19.2243,99.1661 19.2243,99.1640
ลป.4072	r	18.7602,100.0203 18.7601,100.0201
ลป.4072	r	18.7601,100.0201 18.7594,100.0171 18.7596,100.0141 18.7599,100.0111 18.7601,100.0082 18.7605,100.0052 18.7605,100.0048
มส.4014	r	19.4150,98.4723 19.4130,98.4700 19.4128,98.4699
มส.4014	r	19.4172,98.4730 19.4150,98.4723
มส.4014	r	19.4182,98.4734 19.4172,98.4730
มส.4014	r	19.4203,98.4720 19.4178,98.4731 19.4182,98.4734
มส.4014	r	19.4259,98.4760 19.4241,98.4736 19.4229,98.4720
มส.4014	r	19.4229,98.4720 19.4203,98.4720
มส.6014	r	19.4310,98.4793 19.4283,98.4784 19.4261,98.4763 19.4259,98.4760
มส.4014	r	19.4393,98.4744 19.4362,98.4755 19.4335,98.4764 19.4322,98.4791 19.4310,98.4793
มส.4014	r	19.4581,98.4736 19.4558,98.4735
มส.4014	r	19.4594,98.4737 19.4582,98.4735
มส.4014	r	19.4558,98.4735 19.4537,98.4722
มส.4014	r	19.4645,98.4754 19.4619,98.4751
มส.4014	r	19.4600,98.4757 19.4594,98.4737
มส.4014	r	19.4733,98.4877 19.4706,98.4872 19.4680,98.4846 19.4678,98.4842
มส.4014	r	19.4741,98.4878 19.4733,98.4877
มส.4014	r	19.5068,98.5061 19.5064,98.5060
มส.4014	r	19.5129,98.5248 19.5126,98.5213 19.5128,98.5182 19.5135,98.5169
มส.4014	r	19.5135,98.5169 19.5117,98.5147 19.5114,98.5146
มส.6014	r	19.5395,98.5233 19.5403,98.5206 19.5426,98.5222 19.5454,98.5218 19.5481,98.5224 19.5508,98.5214 19.5535,98.5214 19.5564,98.5213 19.5597,98.5217 19.5615,98.5214
มส.6014	r	19.5615,98.5214 19.5649,98.5194 19.5667,98.5179
1394	r	19.0873,98.9059 19.0876,98.9063
ชม.3005	r	18.8543,99.2735 18.8570,99.2738
มส.4015	r	19.5364,98.1109 19.5393,98.1103 19.5416,98.1119 19.5444,98.1132 19.5469,98.1145 19.5490,98.1163 19.5516,98.1174 19.5544,98.1172 19.5547,98.1178
มส.4012	r	19.2739,97.9434 19.2741,97.9436
มส.4012	r	19.2739,97.9436 19.2739,97.9434
ชม.4065	r	18.4989,98.3628 18.4987,98.3623
มส.3004	r	17.9776,97.7401 17.9748,97.7396 17.9720,97.7392 17.9693,97.7390 17.9683,97.7398
1398	r	18.5142,99.6417 18.5160,99.6385 18.5174,99.6363
1425	r	20.2165,100.4320 20.2173,100.4371 20.2156,100.4455 20.2152,100.4499
1350	r	19.0247,101.2048 19.0244,101.2053
นน.4010	r	18.2239,100.4154 18.2237,100.4154
1023	r	18.1352,100.1314 18.1353,100.1321
1023	r	18.1353,100.1321 18.1352,100.1314
1379	r	17.9809,100.0487 17.9811,100.0498
ชม.7082	r	18.8968,99.2223 18.8974,99.2225
ชม.3047	r	19.4197,99.0294 19.4170,99.0299 19.4140,99.0303 19.4113,99.0303 19.4099,99.0315
ชม.3047	r	19.4198,99.0294 19.4197,99.0294
ชม.3039	r	18.7201,99.1121 18.7200,99.1121
ลป.2044	r	18.7831,99.4951 18.7838,99.4980 18.7839,99.4987
ลป.4025	r	18.7772,99.4885 18.7774,99.4866
ชม.4040	r	18.7840,99.2493 18.7858,99.2491
มส.5016	r	19.2927,97.9662 19.2929,97.9665
ชม.3033	r	18.2440,98.5968 18.2425,98.5998 18.2426,98.6028 18.2425,98.6045
ชร.3059	r	20.3788,100.0009 20.3785,100.0008
ชร.3059	r	20.3785,100.0008 20.3758,100.0002 20.3729,99.9999 20.3700,100.0003
ชร.3059	r	20.4396,99.9419 20.4404,99.9450 20.4408,99.9481 20.4401,99.9510 20.4394,99.9546 20.4389,99.9579 20.4372,99.9604 20.4357,99.9634 20.4343,99.9659 20.4333,99.9686 20.4324,99.9721 20.4316,99.9754 20.4307,99.9785 20.4273,99.9787 20.4243,99.9807 20.4220,99.9824 20.4192,99.9843 20.4185,99.9875 20.4167,99.9901 20.4148,99.9922 20.4125,99.9941 20.4105,99.9965 20.4091,99.9992 20.4064,99.9983 20.4033,99.9973 20.4003,99.9980 20.3975,99.9984 20.3961,100.0019 20.3942,100.0043 20.3891,100.0036 20.3875,100.0031
มส.4006	r	18.3466,98.1280 18.3490,98.1295 18.3519,98.1312 18.3540,98.1335 18.3551,98.1337
มส.4006	r	18.3551,98.1337 18.3578,98.1338 18.3586,98.1367 18.3603,98.1378
พย.4031	r	19.5751,100.2571 19.5738,100.2601 19.5736,100.2632 19.5733,100.2662 19.5733,100.2691 19.5736,100.2720 19.5735,100.2749 19.5741,100.2778 19.5739,100.2809 19.5724,100.2838 19.5722,100.2857
พย.4031	r	19.5850,100.2043 19.5866,100.2066 19.5872,100.2095 19.5856,100.2119 19.5841,100.2144 19.5834,100.2171 19.5850,100.2191
ชร.3059	r	20.3872,100.0030 20.3844,100.0022 20.3812,100.0015 20.3788,100.0009
ชร.5033 ?	r	20.3075,99.9910 20.3075,99.9879 20.3060,99.9852 20.3044,99.9823 20.3024,99.9791 20.3007,99.9755 20.3001,99.9725 20.3000,99.9718
ชร.3059	r	20.4400,99.9049 20.4398,99.9082 20.4394,99.9113 20.4402,99.9142 20.4415,99.9171 20.4422,99.9202 20.4429,99.9230 20.4420,99.9270 20.4410,99.9300 20.4397,99.9331 20.4384,99.9372 20.4388,99.9401 20.4395,99.9417
ชร.3059	r	20.3875,100.0031 20.3872,100.0030
ชร.5054	r	20.4422,99.9188 20.4416,99.9217 20.4400,99.9265 20.4381,99.9289 20.4362,99.9306
ลป.4034	r	18.4358,99.6388 18.4360,99.6359 18.4354,99.6331 18.4354,99.6328
มส.3005	r	18.0712,98.1589 18.0717,98.1558 18.0696,98.1540 18.0675,98.1522 18.0673,98.1491 18.0657,98.1467 18.0647,98.1439 18.0630,98.1416 18.0640,98.1389 18.0655,98.1365 18.0655,98.1335 18.0671,98.1312 18.0692,98.1313
มส.3005	r	18.0716,98.1591 18.0712,98.1589
1207	r	19.9261,99.8366 19.9248,99.8396 19.9242,99.8424 19.9246,99.8446
ชม.2157	r	18.9155,99.0797 18.9155,99.0797
ชม.2157	r	18.9154,99.0796 18.9154,99.0796
มส.5019	r	19.3843,97.8723 19.3850,97.8710
พย.5043	r	19.0084,99.9575 19.0082,99.9572
พย.5043	r	19.0082,99.9572 19.0057,99.9540 19.0051,99.9414 19.0079,99.9416 19.0104,99.9432 19.0134,99.9432 19.0149,99.9458 19.0174,99.9470 19.0201,99.9461 19.0227,99.9451 19.0253,99.9440 19.0249,99.9411 19.0264,99.9384 19.0277,99.9359 19.0289,99.9332 19.0318,99.9332 19.0349,99.9331 19.0367,99.9317
พย.4047	r	19.0293,100.0497 19.0316,100.0513 19.0343,100.0523 19.0362,100.0532
พย.4047	r	18.9893,100.0444 18.9919,100.0457 18.9952,100.0478 18.9980,100.0484 18.9998,100.0508 19.0012,100.0534 19.0015,100.0538
พย.4013	r	19.0950,100.0679 19.0925,100.0664 19.0914,100.0658
ชม.3093	r	19.1284,98.9491 19.1257,98.9502 19.1229,98.9512 19.1200,98.9516 19.1169,98.9512 19.1144,98.9526 19.1114,98.9530 19.1080,98.9535 19.1064,98.9537
ชม.7091	r	19.1086,98.3019 19.1094,98.3024
มส.4014	r	19.4649,98.4780 19.4645,98.4754
มส.4014	r	19.4472,98.4699 19.4446,98.4711 19.4417,98.4731 19.4393,98.4744
มส.4014	r	19.4678,98.4842 19.4667,98.4812 19.4649,98.4789 19.4649,98.4780
มส.4014	r	19.4858,98.5099 19.4851,98.5099
มส.4014	r	19.4851,98.5099 19.4826,98.5084 19.4812,98.5059 19.4813,98.5027 19.4811,98.4997 19.4794,98.4968 19.4776,98.4938 19.4755,98.4912 19.4743,98.4883 19.4741,98.4878
มส.4014	r	19.4961,98.5070 19.4935,98.5092 19.4910,98.5103 19.4880,98.5107 19.4858,98.5099
มส.4014	r	19.5782,98.5528 19.5782,98.5557 19.5781,98.5587 19.5797,98.5613 19.5807,98.5644 19.5810,98.5673 19.5821,98.5700 19.5810,98.5727 19.5791,98.5748 19.5790,98.5747
มส.4014	r	19.5782,98.5528 19.5780,98.5499 19.5780,98.5468 19.5786,98.5436 19.5804,98.5413 19.5810,98.5407
ชม.3028	r	18.7389,98.9331 18.7370,98.9352 18.7340,98.9384 18.7321,98.9405 18.7301,98.9426 18.7281,98.9460 18.7271,98.9476
พย.3034	r	19.0310,99.9121 19.0301,99.9153 19.0297,99.9181 19.0307,99.9215 19.0308,99.9235
ชม.7094	r	18.5057,98.5280 18.5081,98.5265 18.5108,98.5261 18.5137,98.5264
พร.4016	r	18.1708,100.1340 18.1736,100.1338 18.1766,100.1337 18.1798,100.1332 18.1824,100.1323 18.1848,100.1308 18.1866,100.1286 18.1885,100.1259 18.1918,100.1270 18.1949,100.1295 18.1974,100.1307 18.2001,100.1319 18.2024,100.1338 18.2046,100.1355 18.2027,100.1381 18.2026,100.1413 18.2022,100.1448 18.2044,100.1468 18.2068,100.1485 18.2084,100.1509 18.2100,100.1527
พร.4016	r	18.1704,100.1339 18.1708,100.1340
พร.4011	r	18.1790,100.1920 18.1788,100.1920
พร.4011	r	18.1788,100.1920 18.1766,100.1901 18.1739,100.1879 18.1710,100.1866 18.1685,100.1855 18.1664,100.1831 18.1638,100.1817 18.1604,100.1811 18.1582,100.1794 18.1579,100.1790
ชม. 3057	r	18.3664,98.5381 18.3656,98.5396
ชม. 7089	r	18.3794,98.4543 18.3795,98.4549
ชม.7094	r	18.5057,98.5280 18.5029,98.5285 18.5004,98.5299 18.4975,98.5293 18.4949,98.5303 18.4946,98.5318
ชม.4067	r	18.9964,98.5798 18.9983,98.5819 19.0005,98.5840 19.0022,98.5863 19.0050,98.5861 19.0073,98.5873
ซน.6050	r	18.8599,98.2328 18.8618,98.2349 18.8599,98.2372 18.8599,98.2373
ชม.4090	r	18.7200,99.1121 18.7200,99.1117
ลพ.3003	r	18.5302,99.2301 18.5284,99.2327 18.5280,99.2341
ลพ.3003	r	18.5280,99.2341 18.5281,99.2346
ลพ.1106	r	18.5943,99.0009 18.5961,99.0031 18.5980,99.0053 18.6003,99.0077 18.6023,99.0093
พร.2009	r	18.0777,100.1596 18.0762,100.1568 18.0744,100.1546 18.0727,100.1521 18.0711,100.1497 18.0697,100.1488
พร.2009	r	18.0697,100.1488 18.0696,100.1488
ชม.4075	r	19.1128,98.7745 19.1127,98.7747
พร.3152	r	18.1188,100.1354 18.1162,100.1344 18.1149,100.1338
พร.3152	r	18.1191,100.1354 18.1188,100.1354
พร.3024	r	18.0090,100.1052 18.0076,100.1025 18.0067,100.1015
พร.3024	r	18.0067,100.1015 18.0065,100.1013
ชม.7110	r	18.5567,98.5278 18.5564,98.5250
ชร.5047	r	19.8072,99.5608 19.8082,99.5635 19.8108,99.5632
ชม.4030	r	19.2784,98.6033 19.2782,98.6036
พร.3023	r	18.0913,100.0703 18.0884,100.0697 18.0868,100.0688
ชม.4065	r	18.5120,98.2622 18.5101,98.2601 18.5074,98.2607 18.5059,98.2581 18.5070,98.2553 18.5079,98.2525 18.5072,98.2496 18.5094,98.2480 18.5098,98.2451 18.5096,98.2422 18.5078,98.2400 18.5078,98.2398
ชม.4065	r	18.5224,98.3112 18.5228,98.3082 18.5216,98.3057 18.5215,98.3028 18.5197,98.3005 18.5189,98.2975 18.5213,98.2957 18.5204,98.2929 18.5181,98.2913 18.5196,98.2887 18.5198,98.2859 18.5196,98.2829 18.5175,98.2809 18.5161,98.2784 18.5153,98.2756 18.5153,98.2727 18.5152,98.2697 18.5142,98.2669 18.5125,98.2646 18.5120,98.2622
ชม.4065	r	18.5078,98.2398 18.5070,98.2370 18.5075,98.2341 18.5091,98.2316 18.5091,98.2315
ชม.4024	r	18.4106,98.1220 18.4108,98.1191 18.4103,98.1160 18.4089,98.1135 18.4089,98.1125
ชม.4024	r	18.4355,98.1407 18.4326,98.1407 18.4300,98.1395 18.4289,98.1396
ชม.4024	r	18.4578,98.1681 18.4574,98.1650 18.4579,98.1621 18.4554,98.1635 18.4543,98.1631
มส.4006	r	18.3440,98.1105 18.3438,98.1135 18.3430,98.1154
มส.4009	r	18.9751,98.0878 18.9782,98.0899 18.9810,98.0910 18.9832,98.0931 18.9860,98.0939 18.9890,98.0943 18.9924,98.0940
มส.4009	r	18.9924,98.0940 18.9948,98.0954 18.9985,98.0941 19.0010,98.0929 19.0020,98.0909
ชร.4052	r	20.2086,99.6933 20.2114,99.6930 20.2142,99.6926 20.2168,99.6917 20.2184,99.6892 20.2209,99.6873 20.2231,99.6853 20.2247,99.6829 20.2248,99.6828
ชร.4052	r	20.2086,99.6933 20.2078,99.6935
ชร.4052	r	20.2078,99.6935 20.2086,99.6933
ชร.4007	r	20.3053,100.1982 20.3044,100.1945 20.3034,100.1907 20.3026,100.1847 20.3022,100.1824
ชร.4007	r	20.3105,100.2286 20.3096,100.2315 20.3067,100.2321 20.3042,100.2307 20.3028,100.2281 20.3026,100.2280
ชร.4007	r	20.3022,100.1824 20.3005,100.1787 20.2993,100.1756 20.2979,100.1726 20.2945,100.1704 20.2906,100.1706 20.2883,100.1727 20.2876,100.1756 20.2852,100.1777 20.2818,100.1784 20.2788,100.1789 20.2758,100.1794 20.2730,100.1799 20.2702,100.1805 20.2681,100.1823 20.2644,100.1818 20.2611,100.1806 20.2608,100.1806
ชร.3037	r	20.0498,99.1649 20.0513,99.1674 20.0541,99.1672 20.0567,99.1679 20.0593,99.1694 20.0618,99.1705 20.0631,99.1734 20.0656,99.1746 20.0677,99.1772 20.0703,99.1761 20.0729,99.1772 20.0756,99.1764 20.0778,99.1781
ชร.3037	r	20.0498,99.1648 20.0498,99.1649
ชร.4058	r	19.8956,100.4231 19.8972,100.4206 19.8971,100.4172 19.8978,100.4144 19.9008,100.4152 19.9011,100.4154
ชร.71-002	r	19.7257,100.3666 19.7245,100.3639 19.7225,100.3630
4020	r	19.3920,100.4507 19.3922,100.4478 19.3895,100.4471 19.3866,100.4467 19.3838,100.4469 19.3819,100.4448 19.3791,100.4439 19.3773,100.4418 19.3759,100.4393 19.3747,100.4365 19.3729,100.4340 19.3720,100.4313 19.3719,100.4284 19.3731,100.4256 19.3711,100.4237 19.3701,100.4210 19.3687,100.4185 19.3694,100.4157 19.3697,100.4127 19.3685,100.4112
พร.3017	r	18.2583,100.2046 18.2547,100.2046 18.2520,100.2047 18.2486,100.2047 18.2458,100.2061 18.2432,100.2071 18.2407,100.2092 18.2384,100.2112 18.2348,100.2122 18.2337,100.2123
พร.3017	r	18.2589,100.2048 18.2583,100.2046
นน.4017	r	19.4387,101.0702 19.4366,101.0684 19.4336,101.0689 19.4309,101.0681 19.4280,101.0681 19.4263,101.0658 19.4262,101.0629 19.4272,101.0599 19.4255,101.0575 19.4231,101.0559 19.4219,101.0534 19.4223,101.0505 19.4194,101.0501 19.4166,101.0488 19.4147,101.0464 19.4129,101.0440 19.4104,101.0427 19.4088,101.0394 19.4093,101.0364 19.4090,101.0329 19.4077,101.0303 19.4049,101.0287 19.4028,101.0264 19.4032,101.0231 19.4046,101.0207 19.4053,101.0173 19.4044,101.0145 19.4047,101.0115 19.4033,101.0088 19.4024,101.0055 19.4014,101.0028 19.3989,101.0008 19.3996,100.9978 19.3994,100.9948 19.3989,100.9920 19.3962,100.9886 19.3959,100.9852 19.3974,100.9827 19.3961,100.9802 19.3933,100.9790 19.3901,100.9795 19.3857,100.9782 19.3825,100.9787 19.3819,100.9815 19.3792,100.9829 19.3769,100.9846 19.3742,100.9837 19.3708,100.9828 19.3682,100.9812 19.3664,100.9787 19.3636,100.9781 19.3599,100.9774 19.3564,100.9760 19.3536,100.9752 19.3537,100.9720 19.3509,100.9717 19.3491,100.9693 19.3473,100.9681
นน.3023	r	19.3193,100.9907 19.3218,100.9893 19.3243,100.9881 19.3264,100.9862 19.3259,100.9832 19.3243,100.9807 19.3271,100.9793 19.3297,100.9804 19.3331,100.9802 19.3364,100.9805 19.3392,100.9806 19.3418,100.9794 19.3450,100.9780
พร.5027	r	18.0696,100.1488 18.0700,100.1517 18.0720,100.1537 18.0708,100.1560
พร.5027	r	18.0696,100.1488 18.0695,100.1474
พร.5027	r	18.0695,100.1474 18.0696,100.1488
พร.3017	r	18.2840,100.2012 18.2806,100.2009 18.2769,100.2018 18.2740,100.2023 18.2713,100.2029 18.2682,100.2030 18.2649,100.2031 18.2621,100.2036 18.2590,100.2048 18.2589,100.2048
พร.3017	r	18.2845,100.2013 18.2840,100.2012
พร.5038	r	18.2813,100.2009 18.2817,100.2037 18.2818,100.2063
พร.5038	r	18.2818,100.2063 18.2809,100.2100 18.2801,100.2129 18.2788,100.2174 18.2779,100.2206 18.2779,100.2211
พร.3073	r	18.3006,100.2953 18.2987,100.2932 18.2985,100.2931
พร.3073	r	18.2985,100.2931 18.2981,100.2926
ชร.3001	r	20.1093,100.5111 20.1105,100.5114
ชร.3001	r	20.1105,100.5114 20.1106,100.5115
นน.2022	r	18.8862,100.8334 18.8863,100.8330
นน.2022	r	18.8861,100.8345 18.8862,100.8334
พย.3070	r	18.8639,100.3104 18.8661,100.3124 18.8689,100.3120 18.8716,100.3109 18.8740,100.3092 18.8768,100.3096 18.8792,100.3108
พร.3023	r	18.3984,100.1474 18.3972,100.1469
พร.3023	r	18.3972,100.1469 18.3967,100.1467
มส.4006	r	19.2206,98.3310 19.2214,98.3298
มส.4006	r	19.2152,98.3668 19.2163,98.3631 19.2165,98.3622
มส.4006	r	19.2142,98.3673 19.2152,98.3668
ชม.4075	r	19.0777,98.7677 19.0766,98.7666
พร.3024	r	17.9894,100.0883 17.9870,100.0861 17.9851,100.0835 17.9818,100.0791 17.9793,100.0758 17.9759,100.0733
พร.6019	r	18.0441,100.0799 18.0413,100.0793 18.0376,100.0791 18.0348,100.0788 18.0322,100.0775 18.0306,100.0751 18.0281,100.0739 18.0256,100.0727 18.0233,100.0711 18.0208,100.0697 18.0200,100.0667 18.0187,100.0638 18.0186,100.0636
พร.6019	r	18.0186,100.0636 18.0185,100.0633
พร.2047	r	18.0449,100.1055 18.0420,100.1042 18.0398,100.1025
พร.2047	r	18.0398,100.1025 18.0397,100.1024
ชม.4030	r	19.3142,98.6015 19.3138,98.6015
ชร.ถ1-0030	r	19.8428,99.9910 19.8449,99.9940 19.8470,99.9960 19.8483,99.9992
ชร.ถ1-0030	r	19.8483,99.9993 19.8486,100.0001
ชร.ถ1-0030	r	19.8516,100.0105 19.8518,100.0121
ชร.ถ1-0030	r	19.8516,100.0145 19.8504,100.0157
ชร.4008	r	19.8985,100.2002 19.8970,100.2026 19.8968,100.2030
ชร.4008	r	19.8968,100.2030 19.8967,100.2031
ชม.4016	r	18.5383,98.5247 18.5398,98.5234
ลพ.2001	r	18.6305,99.0605 18.6313,99.0575 18.6320,99.0555
ชร.4034	r	20.1045,100.0767 20.1019,100.0760 20.0992,100.0750 20.0968,100.0726 20.0947,100.0704 20.0929,100.0682 20.0903,100.0661 20.0878,100.0647 20.0852,100.0633 20.0842,100.0606 20.0829,100.0572 20.0796,100.0538 20.0776,100.0519 20.0749,100.0501 20.0719,100.0488 20.0715,100.0480
ชร.4034	r	20.0715,100.0480 20.0714,100.0478
ชร.4034	r	20.1063,100.0791 20.1049,100.0768
ชร.4034	r	20.1063,100.0794 20.1063,100.0791
ชร.4049	r	20.1603,100.2100 20.1632,100.2103 20.1660,100.2086 20.1693,100.2057 20.1728,100.2064 20.1754,100.2078 20.1776,100.2097 20.1790,100.2135 20.1830,100.2144 20.1853,100.2129
ชร.4049	r	20.1602,100.2098 20.1603,100.2100
ชร.1022	r	19.8264,99.7785 19.8276,99.7760
ชร.1022	r	19.8262,99.7793 19.8264,99.7785
ลป.4034	r	18.3719,99.5954 18.3736,99.5983 18.3761,99.6011 18.3781,99.6041 18.3793,99.6069 18.3816,99.6093 18.3826,99.6097
ลป.4034	r	18.3714,99.5946 18.3719,99.5954
ลป.4034	r	18.3505,99.5741 18.3527,99.5766 18.3547,99.5788 18.3576,99.5796 18.3622,99.5834 18.3652,99.5864 18.3670,99.5890 18.3685,99.5915 18.3705,99.5935 18.3714,99.5946
ชร.4050	r	20.0086,99.9524 20.0113,99.9504 20.0129,99.9462 20.0143,99.9424 20.0140,99.9393 20.0157,99.9357 20.0171,99.9327
มส.30-001	r	19.3748,98.4454 19.3779,98.4457
ลพ.2003	r	18.6421,98.9972 18.6397,98.9955 18.6384,98.9953
ชม.2042	r	18.6358,98.9782 18.6338,98.9781
ชม.2042	r	18.6372,98.9826 18.6349,98.9807 18.6358,98.9782
ชม.2042	r	18.6386,98.9946 18.6400,98.9916 18.6399,98.9906
ชม.2042	r	18.6399,98.9906 18.6380,98.9884 18.6369,98.9857 18.6384,98.9833 18.6372,98.9826
ชม.4091	r	18.6330,98.9636 18.6327,98.9638
ชม.4091	r	18.6327,98.9637 18.6330,98.9636
ชม.4104	r	19.0555,98.9382 19.0532,98.9391
ชม.4104	r	19.0641,98.9362 19.0627,98.9375
ชม.5207	r	18.6449,99.0052 18.6449,99.0052
ชม.5207	r	18.6449,99.0051 18.6449,99.0052
ชม.4032	r	18.5862,98.9529 18.5834,98.9528 18.5806,98.9529 18.5804,98.9529
ลพ.1101	r	18.6231,98.9810 18.6206,98.9839 18.6198,98.9840
ลพ.1101	r	18.6231,98.9810 18.6231,98.9810
ลพ.1101	r	18.6198,98.9840 18.6195,98.9847
ลพ.4035	r	18.5652,98.9807 18.5663,98.9835 18.5684,98.9858 18.5695,98.9859
ชม.4091	r	18.6327,98.9637 18.6327,98.9638
ชม.4065	r	18.4983,98.3616 18.4981,98.3611
มส.4012	r	19.2601,97.9069 19.2596,97.9100 19.2585,97.9116
ชม.3044	r	18.8801,99.1584 18.8825,99.1565 18.8844,99.1555
ชม.2079	r	18.7869,99.0821 18.7894,99.0832 18.7918,99.0849 18.7955,99.0858 18.7970,99.0864
ชม.2079	r	18.7970,99.0864 18.7971,99.0864
ลป.1013	r	18.8280,99.9448 18.8280,99.9453
ชม.3044	r	18.8289,99.1891 18.8296,99.1891
ชม.3044	r	18.8267,99.1892 18.8289,99.1891
ชร.1022	r	19.7780,99.8092 19.7794,99.8118 19.7819,99.8130 19.7841,99.8164 19.7853,99.8193 19.7864,99.8229 19.7901,99.8247 19.7926,99.8234 19.7949,99.8235
พร.3080	r	18.3443,100.2173 18.3465,100.2196 18.3490,100.2210 18.3510,100.2225
3603	r	19.6790,100.4272 19.6789,100.4264
3603	r	19.6791,100.4274 19.6790,100.4272
ลพ.3045	r	18.5757,99.0894 18.5783,99.0883
ลพ.3045	r	18.5756,99.0894 18.5757,99.0894
ลป.1003	r	18.1439,99.4341 18.1447,99.4308 18.1449,99.4267 18.1439,99.4239 18.1449,99.4211 18.1457,99.4169 18.1440,99.4145 18.1444,99.4116 18.1451,99.4089 18.1463,99.4062 18.1467,99.4032 18.1471,99.4004
ลป.1003	r	18.1350,99.4440 18.1383,99.4405 18.1420,99.4379 18.1435,99.4349 18.1439,99.4341
ลป.1003	r	18.1375,99.4577 18.1349,99.4563 18.1329,99.4541 18.1318,99.4514 18.1327,99.4485 18.1350,99.4440
ลป.1003	r	18.1401,99.4624 18.1387,99.4598 18.1375,99.4577
ลป.1003	r	18.1323,99.4720 18.1339,99.4697 18.1361,99.4676 18.1383,99.4655 18.1398,99.4632 18.1401,99.4624
ลป.1003	r	18.1271,99.4788 18.1293,99.4758 18.1311,99.4734 18.1323,99.4720
ชม.4039	r	18.7897,99.1842 18.7895,99.1841
มส.4024	r	19.3559,98.4451 19.3541,98.4473 19.3523,98.4496 19.3523,98.4497
มส.4024	r	19.3523,98.4497 19.3522,98.4497
มส.4024	r	19.3522,98.4497 19.3495,98.4508 19.3481,98.4535 19.3450,98.4537 19.3448,98.4536
มส.4024	r	19.3448,98.4536 19.3447,98.4534
ชร.2098	r	19.8351,99.9529 19.8378,99.9535 19.8408,99.9556 19.8437,99.9570
1207	r	19.9315,99.8150 19.9322,99.8182 19.9317,99.8224 19.9311,99.8249
ชม.4016	r	18.5398,98.5234 18.5426,98.5231 18.5454,98.5233 18.5470,98.5209 18.5496,98.5217 18.5505,98.5244 18.5533,98.5241 18.5563,98.5250 18.5593,98.5248 18.5611,98.5225 18.5640,98.5229 18.5663,98.5214 18.5681,98.5191 18.5692,98.5189
ชม.4016	r	18.5692,98.5189 18.5693,98.5189
ตก.7054	r	17.3872,98.4693 17.3876,98.4694
ตก.7054	r	17.3669,98.4853 17.3650,98.4823 17.3634,98.4797 17.3627,98.4785
ตก.7054	r	17.2939,98.4227 17.2951,98.4253 17.2970,98.4273 17.2994,98.4286 17.3019,98.4298 17.3046,98.4308 17.3059,98.4282 17.3084,98.4263 17.3101,98.4238 17.3106,98.4214
ตก.7054	r	17.2938,98.4226 17.2939,98.4227
ตก.7054	r	17.2584,98.4230 17.2558,98.4221 17.2548,98.4236
ตก.7054	r	17.2548,98.4236 17.2546,98.4236
ลพ.5075	r	18.4288,98.8832 18.4260,98.8819
ลพ.5073	r	18.4164,98.8901 18.4139,98.8885 18.4122,98.8879
ลป.4253	r	17.6518,99.2396 17.6509,99.2403
ชม.3093	r	19.1064,98.9537 19.1048,98.9513 19.1038,98.9515
ชม.3093	r	19.1034,98.9516 19.1031,98.9516
ชม.3093	r	19.1038,98.9515 19.1034,98.9516
พร.4020	r	18.6841,100.2779 18.6835,100.2807 18.6818,100.2830 18.6824,100.2859 18.6851,100.2870 18.6830,100.2888 18.6841,100.2916 18.6847,100.2944 18.6827,100.2966 18.6818,100.2997 18.6806,100.3023 18.6802,100.3054 18.6793,100.3090 18.6790,100.3119 18.6792,100.3155 18.6766,100.3164 18.6764,100.3199 18.6761,100.3233 18.6772,100.3261 18.6799,100.3271 18.6806,100.3271
นน.2022	r	18.8859,100.8017 18.8852,100.8016
นน.3070	r	18.7516,100.6912 18.7544,100.6916 18.7549,100.6917
นน.3008	r	19.2036,100.9218 19.2044,100.9240
นน.3008	r	19.1797,100.8516 19.1804,100.8544 19.1804,100.8545
นน.4011	r	18.3405,100.7282 18.3407,100.7283
พร.2025	r	18.2182,100.1599 18.2166,100.1589
พร.4016	r	18.1337,100.1234 18.1366,100.1225 18.1394,100.1226 18.1416,100.1242 18.1441,100.1260 18.1453,100.1248
พร.5031	r	18.3190,100.1659 18.3164,100.1663 18.3153,100.1691 18.3129,100.1709 18.3087,100.1734 18.3063,100.1750 18.3058,100.1760
พร.5031	r	18.3192,100.1647 18.3190,100.1659
พร.3150	r	17.9948,100.0053 17.9955,100.0038
พร.3150	r	17.9955,100.0038 17.9958,100.0069 17.9941,100.0092 17.9924,100.0129 17.9915,100.0158 17.9924,100.0185 17.9929,100.0187
5065	r	19.5405,99.3265 19.5402,99.3255
ชม.5032	r	19.0988,98.2353 19.0990,98.2382 19.0997,98.2387
ชม.5032	r	19.0997,98.2387 19.0998,98.2416 19.1002,98.2445 19.0986,98.2473 19.0976,98.2507 19.0947,98.2532 19.0920,98.2558 19.0897,98.2574 19.0868,98.2599 19.0845,98.2620 19.0846,98.2631
ชร.4010	r	20.2789,99.9895 20.2813,99.9912 20.2846,99.9933 20.2849,99.9934
ชร.4010	r	20.2749,99.9928 20.2762,99.9903 20.2789,99.9895
พย.4017	r	19.1624,99.9903 19.1599,99.9912 19.1567,99.9925 19.1540,99.9937 19.1518,99.9953 19.1490,99.9960 19.1472,99.9981 19.1469,100.0007
พย.4017	r	19.1469,100.0007 19.1469,100.0009
ชร.4064	r	19.7722,99.9112 19.7723,99.9083 19.7720,99.9054 19.7706,99.9029 19.7691,99.9003 19.7684,99.8969 19.7678,99.8923 19.7660,99.8891 19.7658,99.8878
ชร.4064	r	19.7658,99.8878 19.7653,99.8878
ชร.4058	r	19.8653,100.4405 19.8681,100.4402 19.8710,100.4402 19.8734,100.4391
พย.5058	r	19.5632,100.2560 19.5628,100.2554
พย.5058	r	19.5628,100.2554 19.5628,100.2554
ชม.4079	r	18.8877,98.8323 18.8876,98.8323
ชม.4079	r	18.8912,98.8327 18.8885,98.8320 18.8877,98.8323
ชม.4067	r	19.0073,98.5873 19.0099,98.5883 19.0102,98.5882
มส.4018	r	18.1663,97.9152 18.1653,97.9166
มส.4009	r	18.6217,98.1052 18.6236,98.1075 18.6250,98.1112 18.6217,98.1123 18.6211,98.1123
มส.3004	r	17.8437,97.8469 17.8429,97.8468
มส.4004	r	19.3345,98.3747 19.3329,98.3724 19.3314,98.3698 19.3300,98.3671 19.3287,98.3646 19.3265,98.3629 19.3254,98.3619
มส.3109	r	18.2313,97.9227 18.2341,97.9227 18.2364,97.9228
มส.3109	r	18.2364,97.9228 18.2375,97.9225
มส.3109	r	18.2421,97.9175 18.2450,97.9174 18.2461,97.9170
มส.3109	r	18.2399,97.9186 18.2413,97.9182
มส.3109	r	18.2413,97.9182 18.2421,97.9175
ชม.5073	r	18.8806,99.3493 18.8811,99.3500
พย.4025	r	19.6639,100.2042 19.6671,100.2046 19.6677,100.2046
พร.4011	r	18.1862,100.1955 18.1862,100.1955
พร.4011	r	18.1874,100.1960 18.1862,100.1955
ลป.2017	r	18.3863,99.2613 18.3863,99.2613
ลป.2017	r	18.4371,99.2683 18.4343,99.2683 18.4339,99.2684
ลป.2017	r	18.4974,99.2674 18.4972,99.2671
ลป.2017	r	18.4972,99.2671 18.4966,99.2674
ลป.2017	r	18.4972,99.2671 18.4974,99.2674
มส.3007	r	18.8017,97.8979 18.8017,97.8976
มส.3007	r	18.8218,97.9272 18.8192,97.9244 18.8170,97.9220 18.8153,97.9196 18.8145,97.9169 18.8114,97.9167 18.8092,97.9147 18.8080,97.9120 18.8070,97.9091 18.8064,97.9062 18.8048,97.9038 18.8025,97.9012 18.8017,97.8984 18.8017,97.8979
ลป.4034	r	18.3292,99.5546 18.3318,99.5590 18.3348,99.5593 18.3386,99.5619 18.3410,99.5639 18.3418,99.5645
ลป.4034	r	18.3418,99.5645 18.3446,99.5667 18.3469,99.5687 18.3501,99.5734 18.3505,99.5741
ชม.4067	r	19.0282,98.6045 19.0290,98.6052
ชร.1046	r	19.8000,99.7059 19.7999,99.7056
มส.4001	r	19.5285,97.9345 19.5263,97.9366 19.5240,97.9381 19.5211,97.9376 19.5184,97.9370 19.5164,97.9391 19.5165,97.9421 19.5153,97.9449 19.5128,97.9460 19.5102,97.9473 19.5085,97.9496 19.5061,97.9510 19.5055,97.9482 19.5042,97.9501
มส.4001	r	19.5284,97.9341 19.5285,97.9345
ชม.4249	r	18.7405,99.0544 18.7404,99.0543
ชม.4216	r	18.8520,99.1197 18.8504,99.1220 18.8508,99.1249
ชม.4216	r	18.8508,99.1249 18.8508,99.1250
พย.4015	r	19.0801,100.0069 19.0812,100.0103 19.0827,100.0137 19.0838,100.0168 19.0849,100.0212 19.0849,100.0247 19.0847,100.0262
พย.4015	r	19.0801,100.0067 19.0801,100.0069
พร.4009	r	18.2644,99.9908 18.2616,99.9908 18.2590,99.9890 18.2579,99.9878
ลพ.4080	r	18.0836,99.0328 18.0836,99.0328
ลพ.4080	r	18.0385,99.0305 18.0395,99.0333 18.0394,99.0341
ลพ.4080	r	18.0394,99.0341 18.0396,99.0345
ลพ.4080	r	18.0396,99.0345 18.0424,99.0345 18.0452,99.0357 18.0479,99.0361 18.0503,99.0370
ลพ.4080	r	18.0503,99.0370 18.0506,99.0369
ลพ.4080	r	18.0836,99.0328 18.0862,99.0315 18.0868,99.0302
ลพ.4080	r	18.0868,99.0302 18.0870,99.0297
ชม.4096	r	18.8939,99.1210 18.8915,99.1193 18.8900,99.1185
ชม.4096	r	18.8940,99.1210 18.8939,99.1210
ชร.1030	r	19.5161,99.8078 19.5150,99.8049 19.5150,99.8016 19.5155,99.7985 19.5161,99.7954 19.5170,99.7914 19.5195,99.7902 19.5200,99.7893
ชร.1030	r	19.5200,99.7893 19.5201,99.7892
ลพ.3119	r	18.0996,99.0128 18.0994,99.0138
ลพ.3119	r	18.0996,99.0127 18.0996,99.0128
นน.4007	r	19.0897,100.7870 19.0889,100.7869
นน.4007	r	19.0889,100.7869 19.0886,100.7868
ลป.1043	r	17.8843,99.3816 17.8847,99.3834
ลป.1043	r	17.8843,99.3814 17.8843,99.3816
ลป.1043	r	17.8942,99.3934 17.8961,99.3957 17.8979,99.3985 17.8995,99.4011 17.9002,99.4039 17.9002,99.4069 17.9017,99.4093 17.9026,99.4098
ลป.1043	r	17.9026,99.4098 17.9027,99.4098
ลป.1014	r	17.8905,99.3272 17.8938,99.3234 17.8958,99.3208 17.8981,99.3189 17.9033,99.3148 17.9073,99.3116 17.9096,99.3095 17.9128,99.3084 17.9149,99.3062 17.9171,99.3045 17.9194,99.3024 17.9215,99.3004 17.9215,99.2965 17.9235,99.2936 17.9235,99.2926
ลป.1014	r	17.9235,99.2899 17.9236,99.2895
ลป.1014	r	17.9233,99.2906 17.9235,99.2899
ลป.1014	r	17.9231,99.2907 17.9233,99.2906
ลป.1014	r	17.9234,99.2923 17.9231,99.2907
ลป.1014	r	17.9235,99.2926 17.9234,99.2923
พร.4035	r	18.5030,100.4068 18.5038,100.4070
ลป.1003	r	18.1147,99.4912 18.1125,99.4907
ลป.4033	r	18.3789,99.5073 18.3818,99.5070 18.3851,99.5064 18.3892,99.5053 18.3919,99.5054 18.3931,99.5085 18.3937,99.5115 18.3944,99.5152 18.3951,99.5182 18.3918,99.5215 18.3912,99.5237
ลป.4071	r	18.7619,99.9920 18.7619,99.9952 18.7616,99.9991 18.7605,100.0025 18.7602,100.0035
ลป.4007	r	18.2677,99.2668 18.2652,99.2678 18.2636,99.2719 18.2632,99.2754 18.2634,99.2785 18.2646,99.2815 18.2648,99.2844 18.2644,99.2873 18.2634,99.2945 18.2628,99.2991 18.2623,99.3028 18.2623,99.3059 18.2623,99.3061
ลป.4007	r	18.2623,99.3061 18.2623,99.3062
ลป.4097	r	18.2620,99.3229 18.2618,99.3196 18.2623,99.3165 18.2616,99.3136
ลป.4097	r	18.2620,99.3230 18.2620,99.3229
พร.6019	r	17.9891,100.0524 17.9868,100.0540 17.9844,100.0544
พร.3074	r	18.3262,100.2717 18.3262,100.2709
พร.3074	r	18.3261,100.2724 18.3262,100.2717
พร.3017	r	18.2925,100.1984 18.2904,100.2001 18.2876,100.2013 18.2848,100.2014 18.2845,100.2013
พร.3017	r	18.2926,100.1982 18.2925,100.1984
พร.3017	r	18.3542,100.1881 18.3513,100.1890 18.3469,100.1906 18.3442,100.1914 18.3411,100.1922 18.3383,100.1926 18.3354,100.1930 18.3315,100.1931 18.3294,100.1931
พร.3017	r	18.3294,100.1931 18.3285,100.1929
พร.3014	r	18.4063,100.1801 18.4056,100.1829 18.4055,100.1838
พร.3014	r	18.4060,100.1737 18.4071,100.1760
ลป.4042	r	18.2212,99.4906 18.2210,99.4905
ลป.4261	r	17.6304,99.2276 17.6311,99.2256
ลป.3021	r	17.6113,99.2036 17.6099,99.2062 17.6083,99.2085 17.6068,99.2113
มส.6014	r	19.6310,98.4571 19.6338,98.4576 19.6366,98.4584 19.6390,98.4602 19.6394,98.4606