พย.3029	s	19.1644,99.9041 19.1630,99.9015 19.1639,99.8979 19.1662,99.8962 19.1693,99.8953 19.1700,99.8969
1148	s	19.1232,100.8108 19.1229,100.8112
1081	s	19.0876,100.9287 19.0905,100.9292 19.0931,100.9334 19.0953,100.9383 19.0945,100.9411 19.0962,100.9444 19.0983,100.9465 19.1012,100.9459 19.1042,100.9465 19.1071,100.9459 19.1100,100.9469 19.1132,100.9478 19.1167,100.9484 19.1207,100.9499 19.1237,100.9518 19.1299,100.9519 19.1328,100.9510 19.1352,100.9494 19.1401,100.9479 19.1429,100.9457 19.1446,100.9433 19.1457,100.9404 19.1478,100.9382 19.1498,100.9361 19.1521,100.9344 19.1544,100.9326 19.1563,100.9306 19.1585,100.9286 19.1610,100.9274 19.1625,100.9266
1081	s	19.1777,100.9153 19.1744,100.9177 19.1723,100.9196 19.1688,100.9226 19.1661,100.9248 19.1628,100.9266 19.1625,100.9266
1256	s	19.1745,100.9418 19.1747,100.9380 19.1751,100.9350 19.1750,100.9319 19.1757,100.9303
1360	s	19.9208,99.2139 19.9179,99.2119 19.9170,99.2111
1141	s	18.7720,98.9761 18.7693,98.9768 18.7683,98.9797 18.7682,98.9801
1102	s	17.4445,99.1583 17.4447,99.1553 17.4443,99.1516 17.4437,99.1472 17.4445,99.1439 17.4454,99.1411 17.4450,99.1380 17.4446,99.1351 17.4452,99.1308 17.4453,99.1294
1141	s	18.7720,98.9760 18.7734,98.9762
1005	s	18.7883,98.9778 18.7889,98.9774
1004	s	18.8128,98.9464 18.8156,98.9467 18.8160,98.9462
106	s	18.8000,99.0046 18.8025,99.0056 18.8053,99.0055 18.8081,99.0049 18.8098,99.0046
106	s	18.7669,99.0055 18.7638,99.0057 18.7609,99.0064 18.7586,99.0071
106	s	18.7877,99.0052 18.7849,99.0050 18.7835,99.0053
106	s	18.7940,99.0011 18.7967,99.0019 18.7992,99.0039 18.8000,99.0046
1364	s	18.8471,98.9708 18.8448,98.9668 18.8438,98.9638 18.8436,98.9631
106	s	18.7893,99.0044 18.7912,99.0032
1141	s	18.7681,98.9801 18.7689,98.9773
1141	s	18.7664,98.9881 18.7654,98.9908 18.7633,98.9936
1317	s	18.7633,99.0387 18.7649,99.0363 18.7653,99.0350
1141	s	18.7632,99.0255 18.7621,99.0226
1006	s	18.7422,99.1232 18.7444,99.1204 18.7461,99.1178 18.7475,99.1151 18.7488,99.1125 18.7505,99.1094 18.7518,99.1065 18.7535,99.1025 18.7546,99.0998 18.7556,99.0977
1147	s	18.7356,99.1266 18.7371,99.1258
1141	s	18.7664,98.9877 18.7674,98.9844 18.7679,98.9815 18.7679,98.9811
1141	s	18.7632,98.9935 18.7651,98.9910 18.7663,98.9881
1102	s	18.7492,99.0252 18.7382,99.0299 18.7348,99.0313 18.7218,99.0370 18.7165,99.0392 18.7126,99.0409 18.7095,99.0424 18.7053,99.0441 18.7025,99.0452 18.6995,99.0459 18.6965,99.0457 18.6936,99.0455 18.6902,99.0453 18.6875,99.0451 18.6835,99.0449 18.6807,99.0447 18.6776,99.0446 18.6739,99.0446 18.6652,99.0446 18.6567,99.0446 18.6538,99.0446 18.6506,99.0446 18.6476,99.0446 18.6428,99.0438 18.6391,99.0428 18.6362,99.0420 18.6305,99.0405 18.6259,99.0377 18.6216,99.0345 18.6167,99.0308 18.6138,99.0287 18.6116,99.0276
1005	s	18.7889,98.9774 18.7894,98.9779
1141	s	18.7682,98.9801 18.7680,98.9812
1367	s	18.8311,99.0403 18.8333,99.0415
1367	s	18.8333,99.0415 18.8321,99.0409
1367	s	18.8116,99.0285 18.8114,99.0287
1269	s	18.8479,98.7320 18.8477,98.7351 18.8486,98.7381 18.8495,98.7409 18.8501,98.7439 18.8503,98.7467 18.8502,98.7498 18.8520,98.7520 18.8526,98.7552 18.8525,98.7576
1096	s	18.9219,98.9388 18.9230,98.9398
1034	s	18.1934,99.4008 18.1922,99.3997
1103	s	18.1851,98.6139 18.1842,98.6171 18.1833,98.6208 18.1826,98.6237 18.1813,98.6269 18.1795,98.6294 18.1791,98.6297
1362	s	17.9552,98.6601 17.9525,98.6625 17.9507,98.6647 17.9518,98.6674 17.9527,98.6702 17.9533,98.6737 17.9539,98.6768 17.9556,98.6793 17.9565,98.6803
1150	s	19.4592,98.9938 19.4578,98.9946
1013	s	18.6120,98.8513 18.6127,98.8542 18.6138,98.8572 18.6155,98.8612 18.6172,98.8653 18.6184,98.8682 18.6193,98.8703
1349	s	18.8345,98.6121 18.8369,98.6134 18.8397,98.6133 18.8426,98.6140 18.8453,98.6148 18.8481,98.6149 18.8506,98.6165 18.8518,98.6192 18.8523,98.6208
1349	s	18.8684,98.7208 18.8647,98.7227 18.8635,98.7237
1349	s	18.8522,98.6211 18.8544,98.6233 18.8572,98.6236 18.8598,98.6255 18.8618,98.6235 18.8647,98.6244 18.8651,98.6275 18.8654,98.6305 18.8654,98.6336 18.8653,98.6365 18.8643,98.6394 18.8631,98.6420 18.8614,98.6443 18.8608,98.6464
1349	s	18.8523,98.6208 18.8522,98.6211
1322	s	19.7379,98.8446 19.7384,98.8479 19.7379,98.8508 19.7379,98.8538
1322	s	19.6579,98.6727 19.6557,98.6708 19.6549,98.6736 19.6562,98.6762 19.6567,98.6793 19.6571,98.6821 19.6586,98.6846 19.6613,98.6848 19.6620,98.6881 19.6622,98.6910 19.6602,98.6929 19.6592,98.6957 19.6587,98.6993 19.6592,98.7022 19.6572,98.7047 19.6567,98.7075 19.6557,98.7102 19.6574,98.7125 19.6559,98.7150 19.6552,98.7180 19.6541,98.7207 19.6530,98.7237 19.6520,98.7264 19.6510,98.7291 19.6538,98.7295 19.6565,98.7300 19.6593,98.7299 19.6620,98.7294 19.6648,98.7306 19.6646,98.7338 19.6643,98.7370 19.6657,98.7398 19.6641,98.7423 19.6615,98.7412 19.6623,98.7442 19.6637,98.7468 19.6636,98.7496
1322	s	19.5093,98.8060 19.5080,98.8034 19.5105,98.8021 19.5135,98.8024 19.5135,98.7995 19.5140,98.7967 19.5144,98.7936 19.5145,98.7908 19.5139,98.7875 19.5158,98.7848 19.5178,98.7826 19.5196,98.7793 19.5214,98.7771 19.5224,98.7744 19.5235,98.7717 19.5221,98.7689 19.5209,98.7662 19.5178,98.7665 19.5175,98.7636 19.5187,98.7610 19.5188,98.7579 19.5173,98.7555 19.5183,98.7529 19.5164,98.7507 19.5139,98.7496 19.5110,98.7507 19.5087,98.7525 19.5063,98.7506 19.5048,98.7479 19.5063,98.7453 19.5069,98.7422 19.5091,98.7403 19.5117,98.7384 19.5128,98.7355 19.5124,98.7326 19.5136,98.7299 19.5136,98.7268 19.5146,98.7241 19.5174,98.7233 19.5201,98.7235 19.5197,98.7207 19.5214,98.7184 19.5221,98.7155 19.5248,98.7149 19.5274,98.7142 19.5300,98.7113 19.5308,98.7083 19.5326,98.7061 19.5339,98.7035 19.5366,98.7043 19.5394,98.7042 19.5410,98.7018 19.5430,98.6999 19.5451,98.6981 19.5467,98.6956 19.5472,98.6926 19.5483,98.6898 19.5496,98.6870 19.5512,98.6894 19.5510,98.6864 19.5525,98.6839 19.5518,98.6804 19.5505,98.6772 19.5509,98.6738 19.5489,98.6711 19.5474,98.6675 19.5469,98.6643 19.5478,98.6609 19.5483,98.6581 19.5482,98.6549 19.5486,98.6533
1322	s	19.6864,98.8168 19.6860,98.8198 19.6863,98.8227 19.6875,98.8254 19.6903,98.8269 19.6926,98.8285 19.6955,98.8287 19.6959,98.8315 19.6970,98.8341 19.6987,98.8366 19.6992,98.8394 19.7005,98.8422 19.7032,98.8427 19.7060,98.8427 19.7085,98.8442 19.7113,98.8445 19.7129,98.8468 19.7154,98.8480 19.7172,98.8457 19.7189,98.8430 19.7190,98.8400 19.7206,98.8372 19.7219,98.8347 19.7235,98.8322 19.7254,98.8298 19.7267,98.8269 19.7293,98.8279 19.7321,98.8279 19.7339,98.8301 19.7347,98.8330 19.7346,98.8359 19.7354,98.8389
1317	s	18.7896,99.2432 18.7869,99.2427 18.7830,99.2422 18.7791,99.2416 18.7760,99.2412 18.7725,99.2407 18.7682,99.2400 18.7652,99.2394 18.7620,99.2376 18.7590,99.2358 18.7567,99.2331 18.7547,99.2300 18.7521,99.2259 18.7504,99.2216 18.7492,99.2188 18.7475,99.2146 18.7462,99.2114 18.7447,99.2075 18.7436,99.2054
1141	s	18.7679,98.9811 18.7684,98.9786
1088	s	18.2226,98.4449 18.2252,98.4428 18.2275,98.4398 18.2310,98.4403 18.2318,98.4399
1103	s	18.1791,98.6297 18.1780,98.6307
1103	s	18.1780,98.6307 18.1751,98.6314 18.1723,98.6306 18.1694,98.6297 18.1664,98.6290 18.1636,98.6294 18.1605,98.6313 18.1575,98.6341 18.1560,98.6365 18.1531,98.6366 18.1509,98.6384 18.1477,98.6397 18.1449,98.6407 18.1420,98.6390 18.1387,98.6389 18.1357,98.6395 18.1332,98.6425 18.1310,98.6457 18.1292,98.6481 18.1271,98.6501 18.1247,98.6513 18.1208,98.6500 18.1183,98.6486 18.1159,98.6474 18.1127,98.6465 18.1101,98.6478 18.1090,98.6509 18.1070,98.6531 18.1046,98.6547 18.1009,98.6525 18.0991,98.6498 18.0961,98.6471 18.0924,98.6455 18.0895,98.6453 18.0872,98.6433 18.0816,98.6420 18.0789,98.6429 18.0753,98.6396 18.0719,98.6385 18.0681,98.6377 18.0652,98.6372 18.0613,98.6364 18.0576,98.6357 18.0547,98.6351 18.0520,98.6363 18.0501,98.6386 18.0479,98.6412 18.0455,98.6443 18.0433,98.6461 18.0404,98.6465 18.0388,98.6489 18.0366,98.6517 18.0325,98.6561 18.0302,98.6584 18.0282,98.6605 18.0262,98.6626 18.0235,98.6655 18.0208,98.6682 18.0188,98.6703 18.0168,98.6724 18.0140,98.6754 18.0110,98.6767 18.0083,98.6772 18.0060,98.6756 18.0036,98.6770 18.0008,98.6770 17.9983,98.6784 17.9968,98.6809 17.9963,98.6838 17.9967,98.6868 17.9976,98.6901 17.9961,98.6925 17.9933,98.6909 17.9907,98.6895 17.9882,98.6882 17.9854,98.6878 17.9830,98.6862 17.9811,98.6841 17.9788,98.6822 17.9762,98.6832 17.9748,98.6858 17.9710,98.6871 17.9684,98.6859 17.9665,98.6834 17.9641,98.6814 17.9604,98.6808 17.9565,98.6803 17.9534,98.6829 17.9517,98.6863 17.9499,98.6897 17.9479,98.6937 17.9461,98.6971 17.9435,98.7022 17.9405,98.7082 17.9386,98.7117 17.9369,98.7151 17.9353,98.7181 17.9271,98.7217 17.9237,98.7230 17.9202,98.7244 17.9175,98.7256 17.9150,98.7269 17.9125,98.7281 17.9098,98.7291 17.9067,98.7290 17.9040,98.7298 17.9013,98.7339 17.8993,98.7364 17.8968,98.7378 17.8943,98.7404 17.8917,98.7423 17.8892,98.7438 17.8885,98.7468 17.8896,98.7511 17.8912,98.7536 17.8934,98.7554 17.8951,98.7592 17.8957,98.7625 17.8966,98.7662 17.8977,98.7693 17.8980,98.7728 17.8993,98.7754 17.9021,98.7749 17.9041,98.7775 17.9047,98.7803 17.9072,98.7832 17.9101,98.7856 17.9116,98.7882 17.9134,98.7904 17.9159,98.7926 17.9185,98.7941 17.9210,98.7957 17.9233,98.7978 17.9257,98.7991 17.9274,98.8014 17.9302,98.8037 17.9321,98.8059 17.9350,98.8067 17.9379,98.8077 17.9404,98.8089 17.9431,98.8098 17.9458,98.8108 17.9490,98.8126 17.9514,98.8141 17.9525,98.8170 17.9552,98.8189 17.9580,98.8192 17.9606,98.8180 17.9642,98.8175 17.9669,98.8169 17.9694,98.8155 17.9721,98.8146 17.9749,98.8140 17.9777,98.8152 17.9798,98.8172 17.9827,98.8177 17.9861,98.8182 17.9887,98.8194 17.9913,98.8202 17.9933,98.8223 17.9953,98.8242 17.9958,98.8273 17.9951,98.8301 17.9956,98.8331 17.9962,98.8361 17.9962,98.8406 17.9968,98.8434 17.9991,98.8453 17.9985,98.8481 17.9970,98.8509 17.9948,98.8532 17.9928,98.8571 17.9918,98.8599 17.9911,98.8628 17.9920,98.8665 17.9929,98.8704 17.9932,98.8744 17.9932,98.8759
1012	s	18.1934,98.6118 18.1904,98.6123 18.1877,98.6128 18.1849,98.6127 18.1840,98.6126
1095	s	19.2971,98.4652 19.2971,98.4682 19.2965,98.4714 19.2936,98.4727 19.2909,98.4731 19.2900,98.4730
1095	s	19.1940,98.6896 19.1908,98.6908 19.1877,98.6915 19.1848,98.6921 19.1820,98.6921 19.1793,98.6922 19.1762,98.6925 19.1732,98.6919 19.1704,98.6912 19.1676,98.6913 19.1649,98.6905 19.1616,98.6903
1095	s	19.5578,98.1617 19.5601,98.1641 19.5618,98.1665 19.5645,98.1673 19.5659,98.1702 19.5645,98.1727 19.5645,98.1759 19.5637,98.1787 19.5631,98.1821 19.5614,98.1855 19.5596,98.1877 19.5590,98.1905 19.5556,98.1920 19.5531,98.1934 19.5518,98.1960 19.5512,98.1993 19.5514,98.2031 19.5486,98.2026 19.5459,98.2033 19.5443,98.2057 19.5443,98.2086 19.5444,98.2117 19.5443,98.2151 19.5428,98.2194 19.5400,98.2209 19.5372,98.2222 19.5362,98.2250 19.5345,98.2274 19.5315,98.2298 19.5298,98.2323 19.5285,98.2352 19.5265,98.2376 19.5256,98.2404 19.5232,98.2416 19.5219,98.2446 19.5192,98.2469
1095	s	19.5160,98.2511 19.5160,98.2543 19.5176,98.2570 19.5176,98.2605 19.5171,98.2635 19.5184,98.2674 19.5172,98.2700 19.5143,98.2702 19.5120,98.2719 19.5094,98.2727 19.5062,98.2736 19.5044,98.2762 19.5041,98.2769
1095	s	19.4836,98.2939 19.4809,98.2945 19.4791,98.2923 19.4762,98.2931 19.4725,98.2938 19.4699,98.2956 19.4671,98.2977 19.4644,98.2968 19.4619,98.2980 19.4611,98.3009 19.4590,98.3030 19.4564,98.3038 19.4535,98.3040 19.4557,98.3060 19.4527,98.3064 19.4514,98.3089 19.4523,98.3117 19.4528,98.3089 19.4558,98.3098 19.4543,98.3126 19.4525,98.3150 19.4513,98.3177 19.4481,98.3186 19.4452,98.3197 19.4431,98.3222 19.4426,98.3251 19.4398,98.3249 19.4399,98.3278 19.4394,98.3309 19.4410,98.3333 19.4430,98.3357 19.4408,98.3374 19.4421,98.3403 19.4446,98.3414 19.4428,98.3438 19.4407,98.3465 19.4405,98.3499 19.4410,98.3527 19.4406,98.3556 19.4380,98.3540 19.4375,98.3571 19.4381,98.3600 19.4377,98.3629 19.4373,98.3658 19.4366,98.3690 19.4367,98.3723 19.4373,98.3769 19.4373,98.3798 19.4372,98.3828 19.4354,98.3853 19.4354,98.3883 19.4333,98.3926 19.4320,98.3952 19.4311,98.3979 19.4283,98.3995 19.4254,98.3988 19.4230,98.4014 19.4203,98.4034 19.4192,98.4062 19.4178,98.4090 19.4182,98.4127 19.4147,98.4142 19.4118,98.4156 19.4093,98.4140 19.4061,98.4153 19.4034,98.4161 19.4004,98.4155 19.3969,98.4172
1095	s	19.5217,98.0933 19.5242,98.0948 19.5270,98.0950 19.5300,98.0955 19.5328,98.0955 19.5359,98.0960 19.5362,98.0965
1095	s	19.3677,97.9652 19.3706,97.9626 19.3736,97.9623 19.3768,97.9627 19.3796,97.9633 19.3828,97.9634 19.3852,97.9648 19.3877,97.9662 19.3900,97.9688 19.3944,97.9698 19.3975,97.9711 19.4008,97.9724 19.4042,97.9711 19.4074,97.9710 19.4103,97.9723 19.4131,97.9718 19.4157,97.9729 19.4185,97.9745 19.4213,97.9756 19.4238,97.9768 19.4245,97.9799
1095	s	19.3123,97.9634 19.3149,97.9651 19.3174,97.9663 19.3210,97.9664 19.3238,97.9658 19.3278,97.9653 19.3307,97.9649 19.3333,97.9657 19.3362,97.9655 19.3394,97.9652 19.3423,97.9638 19.3451,97.9631 19.3468,97.9625
1250	s	19.2742,97.9455 19.2758,97.9478 19.2754,97.9516 19.2763,97.9544 19.2789,97.9564 19.2816,97.9577 19.2828,97.9586
1095	s	19.3668,97.9671 19.3674,97.9660
1263	s	18.8275,98.0368 18.8264,98.0396 18.8260,98.0404
1088	s	18.6657,98.3829 18.6654,98.3830
1088	s	18.2854,98.3811 18.2867,98.3784 18.2874,98.3754 18.2899,98.3727 18.2926,98.3722 18.2951,98.3708 18.2985,98.3698 18.3002,98.3674 18.3024,98.3657 18.3060,98.3645 18.3088,98.3634 18.3116,98.3632 18.3163,98.3590 18.3195,98.3593 18.3225,98.3605 18.3256,98.3617 18.3285,98.3622 18.3320,98.3636 18.3351,98.3651 18.3383,98.3660 18.3410,98.3675 18.3453,98.3692 18.3479,98.3704 18.3503,98.3716 18.3535,98.3723 18.3573,98.3743 18.3605,98.3745 18.3631,98.3756 18.3657,98.3778 18.3685,98.3780 18.3712,98.3765 18.3737,98.3783 18.3765,98.3797 18.3779,98.3808
1088	s	18.4309,98.3835 18.4312,98.3865 18.4329,98.3888 18.4351,98.3907 18.4375,98.3924 18.4407,98.3915 18.4433,98.3938 18.4452,98.3915 18.4478,98.3907 18.4486,98.3872 18.4503,98.3849 18.4524,98.3831
1266	s	18.3461,98.0130 18.3474,98.0104 18.3469,98.0076 18.3458,98.0049 18.3432,98.0038 18.3425,98.0010 18.3412,97.9983 18.3411,97.9953 18.3399,97.9927 18.3402,97.9897 18.3419,97.9872 18.3447,97.9866 18.3473,97.9854 18.3481,97.9829
1266	s	18.3575,98.0424 18.3551,98.0408 18.3539,98.0381 18.3551,98.0352 18.3531,98.0329 18.3509,98.0304 18.3528,98.0279 18.3514,98.0253 18.3486,98.0264 18.3468,98.0239 18.3440,98.0229 18.3444,98.0197 18.3440,98.0185
1266	s	18.3890,98.0772 18.3863,98.0767 18.3844,98.0788 18.3817,98.0783 18.3788,98.0777 18.3769,98.0771
1194	s	18.0258,97.8736 18.0261,97.8720
1194	s	17.9884,97.7959 17.9894,97.7925 17.9891,97.7895 17.9913,97.7874 17.9931,97.7852 17.9953,97.7834 17.9971,97.7811 17.9986,97.7782 18.0005,97.7760 18.0017,97.7732 18.0026,97.7702 18.0035,97.7659 18.0024,97.7633 18.0004,97.7614 17.9986,97.7589 17.9962,97.7576 17.9935,97.7559 17.9925,97.7532 17.9903,97.7504 17.9878,97.7472 17.9852,97.7459 17.9823,97.7453 17.9793,97.7448 17.9765,97.7435 17.9779,97.7409 17.9776,97.7401
1194	s	18.1578,97.9262 18.1592,97.9237 18.1626,97.9224 18.1636,97.9199
1194	s	18.1577,97.9273 18.1578,97.9262
1150	s	19.3871,99.1473 19.3857,99.1499 19.3849,99.1515
1102	s	18.5487,99.0535 18.5503,99.0508 18.5520,99.0480 18.5535,99.0465
1014	s	18.8732,99.1365 18.8700,99.1360 18.8669,99.1356 18.8641,99.1346 18.8597,99.1330 18.8566,99.1319 18.8527,99.1312 18.8510,99.1312
1141	s	18.7587,99.0112 18.7582,99.0083 18.7581,99.0078
1317	s	18.7652,99.0317 18.7645,99.0291
1317	s	18.7655,99.0350 18.7644,99.0374
1141	s	18.7640,99.0275 18.7643,99.0283
1141	s	18.7597,98.9980 18.7573,99.0006 18.7570,99.0013
1141	s	18.7609,98.9966 18.7597,98.9980
1141	s	18.7596,98.9979 18.7604,98.9969
1352	s	17.6431,99.2411 17.6432,99.2403
1157	s	18.4298,99.4444 18.4265,99.4437 18.4235,99.4443 18.4210,99.4461 18.4178,99.4484 18.4111,99.4518 18.4065,99.4533 18.4039,99.4531
1081	s	19.5819,101.0523 19.5818,101.0556 19.5819,101.0585 19.5822,101.0615 19.5803,101.0636 19.5783,101.0658 19.5762,101.0639 19.5774,101.0668 19.5798,101.0683 19.5811,101.0715 19.5821,101.0746 19.5801,101.0765 19.5798,101.0794 19.5777,101.0814 19.5770,101.0841 19.5792,101.0870 19.5794,101.0902 19.5791,101.0933 19.5769,101.0953 19.5735,101.0945 19.5709,101.0963 19.5683,101.0975 19.5677,101.1003 19.5686,101.1032 19.5665,101.1055 19.5658,101.1085 19.5642,101.1110 19.5641,101.1139 19.5625,101.1163 19.5642,101.1186 19.5636,101.1219 19.5661,101.1231 19.5660,101.1260 19.5662,101.1289 19.5635,101.1293 19.5609,101.1302 19.5618,101.1329 19.5619,101.1357
1081	s	19.5620,101.1360 19.5598,101.1343 19.5584,101.1368 19.5562,101.1386 19.5545,101.1363 19.5520,101.1373 19.5520,101.1403 19.5499,101.1424 19.5479,101.1446 19.5454,101.1460 19.5430,101.1444 19.5402,101.1441 19.5374,101.1438 19.5350,101.1419 19.5332,101.1396 19.5303,101.1393 19.5276,101.1383 19.5270,101.1353 19.5255,101.1329 19.5242,101.1302 19.5223,101.1278 19.5198,101.1288 19.5173,101.1278 19.5148,101.1291 19.5128,101.1312 19.5116,101.1338 19.5118,101.1368 19.5098,101.1389 19.5100,101.1420 19.5087,101.1446 19.5072,101.1477 19.5050,101.1460 19.5026,101.1475 19.5009,101.1449 19.4981,101.1448 19.4953,101.1451 19.4926,101.1445 19.4899,101.1436 19.4914,101.1460 19.4922,101.1488 19.4915,101.1516 19.4891,101.1534 19.4863,101.1535 19.4834,101.1532 19.4808,101.1540 19.4785,101.1525 19.4770,101.1500 19.4759,101.1473 19.4744,101.1448 19.4726,101.1426 19.4702,101.1413 19.4674,101.1416 19.4648,101.1409 19.4625,101.1388 19.4631,101.1416 19.4606,101.1427 19.4583,101.1443 19.4566,101.1469 19.4553,101.1495 19.4525,101.1495 19.4502,101.1511 19.4496,101.1539 19.4463,101.1547 19.4436,101.1545 19.4396,101.1546 19.4368,101.1535 19.4341,101.1528 19.4324,101.1529
1081	s	19.4324,101.1529 19.4317,101.1525
1081	s	19.4317,101.1525 19.4289,101.1517 19.4272,101.1495 19.4244,101.1483 19.4217,101.1486 19.4192,101.1497 19.4165,101.1492 19.4142,101.1507 19.4113,101.1516 19.4087,101.1510 19.4060,101.1502 19.4033,101.1512 19.4006,101.1519 19.3977,101.1528 19.3951,101.1517 19.3923,101.1518 19.3897,101.1530 19.3869,101.1542 19.3839,101.1543 19.3812,101.1541 19.3785,101.1537 19.3758,101.1533 19.3730,101.1531 19.3701,101.1545 19.3705,101.1576 19.3678,101.1576 19.3651,101.1574 19.3624,101.1567 19.3595,101.1574 19.3568,101.1568 19.3541,101.1576 19.3511,101.1580 19.3485,101.1590 19.3457,101.1600 19.3431,101.1615 19.3404,101.1623 19.3399,101.1652 19.3368,101.1660 19.3341,101.1665 19.3313,101.1679 19.3287,101.1695 19.3267,101.1717 19.3240,101.1717 19.3213,101.1724 19.3185,101.1734 19.3157,101.1734 19.3127,101.1734 19.3099,101.1733 19.3074,101.1745 19.3046,101.1747 19.3019,101.1743 19.2987,101.1742 19.2961,101.1749 19.2929,101.1755 19.2897,101.1761 19.2867,101.1766 19.2843,101.1750 19.2815,101.1755 19.2785,101.1763 19.2755,101.1762 19.2732,101.1780 19.2706,101.1780
1081	s	19.1688,101.1672 19.1705,101.1695 19.1731,101.1708 19.1758,101.1705 19.1780,101.1722 19.1799,101.1743 19.1818,101.1766 19.1845,101.1778 19.1865,101.1798 19.1891,101.1806 19.1918,101.1816 19.1945,101.1822 19.1975,101.1831 19.2004,101.1834 19.2029,101.1849 19.2055,101.1859 19.2083,101.1857 19.2111,101.1854 19.2141,101.1844 19.2169,101.1847 19.2200,101.1832 19.2227,101.1823 19.2265,101.1824 19.2293,101.1827 19.2304,101.1827
1081	s	19.1509,101.1569 19.1485,101.1553 19.1457,101.1543 19.1432,101.1532 19.1405,101.1521 19.1376,101.1516 19.1347,101.1515 19.1322,101.1504 19.1294,101.1500 19.1265,101.1498 19.1238,101.1497 19.1210,101.1491 19.1180,101.1497 19.1154,101.1508 19.1125,101.1516 19.1094,101.1526 19.1063,101.1532 19.1031,101.1542 19.0999,101.1546 19.0988,101.1545
1256	s	19.1519,101.1570 19.1521,101.1550
1256	s	19.1521,101.1529 19.1495,101.1515 19.1521,101.1501 19.1531,101.1469 19.1526,101.1440 19.1518,101.1412 19.1541,101.1394 19.1568,101.1386 19.1595,101.1395 19.1618,101.1410 19.1642,101.1432 19.1669,101.1440 19.1698,101.1441 19.1723,101.1432 19.1716,101.1403 19.1742,101.1395 19.1749,101.1367 19.1766,101.1345 19.1762,101.1316 19.1776,101.1291 19.1792,101.1268 19.1789,101.1238 19.1778,101.1209 19.1802,101.1194 19.1802,101.1163 19.1814,101.1136 19.1796,101.1157 19.1767,101.1155 19.1772,101.1126 19.1772,101.1098 19.1756,101.1074 19.1775,101.1053 19.1798,101.1069 19.1821,101.1052 19.1838,101.1029 19.1825,101.1003 19.1829,101.0974 19.1823,101.0944 19.1819,101.0915 19.1811,101.0886 19.1806,101.0857 19.1788,101.0825 19.1812,101.0813 19.1823,101.0783 19.1832,101.0756 19.1858,101.0774 19.1887,101.0780 19.1912,101.0766 19.1933,101.0786 19.1953,101.0806 19.1979,101.0815 19.1989,101.0787 19.2013,101.0773 19.2037,101.0758 19.2062,101.0741 19.2076,101.0717 19.2071,101.0687 19.2058,101.0660 19.2041,101.0638 19.2025,101.0609 19.1994,101.0580 19.1985,101.0551 19.1962,101.0528 19.1958,101.0497 19.1945,101.0471 19.1922,101.0453 19.1889,101.0423 19.1882,101.0381 19.1879,101.0344 19.1892,101.0304 19.1886,101.0271 19.1885,101.0242 19.1880,101.0214 19.1890,101.0185 19.1876,101.0158 19.1870,101.0128 19.1861,101.0099 19.1858,101.0062 19.1845,101.0026 19.1857,100.9991 19.1847,100.9963 19.1826,100.9944 19.1837,100.9913 19.1838,100.9884 19.1831,100.9857 19.1820,100.9855
1169	s	18.9254,100.9313 18.9249,100.9283 18.9241,100.9268
1225	s	18.9254,100.9313 18.9216,100.9315 18.9215,100.9315
1169	s	18.9862,100.9396 18.9868,100.9365 18.9847,100.9332 18.9824,100.9311 18.9797,100.9309 18.9755,100.9290 18.9720,100.9282 18.9686,100.9247 18.9649,100.9240 18.9622,100.9240 18.9593,100.9246 18.9568,100.9235 18.9541,100.9224 18.9512,100.9230 18.9485,100.9224 18.9455,100.9233 18.9427,100.9239 18.9400,100.9245 18.9376,100.9262 18.9347,100.9277 18.9318,100.9294 18.9283,100.9311 18.9254,100.9313
1081	s	19.0873,100.9287 19.0843,100.9293 19.0815,100.9293 19.0787,100.9281 19.0759,100.9288 19.0732,100.9289 19.0701,100.9288 19.0666,100.9295 19.0638,100.9306 19.0616,100.9283 19.0587,100.9288 19.0556,100.9321 19.0525,100.9329 19.0497,100.9331 19.0462,100.9333 19.0432,100.9338 19.0405,100.9330 19.0381,100.9325
1148	s	19.1242,100.8095 19.1261,100.8071 19.1283,100.8041 19.1310,100.8006 19.1330,100.7980 19.1350,100.7959 19.1388,100.7937 19.1425,100.7916 19.1451,100.7902 19.1488,100.7882 19.1528,100.7861 19.1606,100.7818 19.1700,100.7767 19.1738,100.7747 19.1765,100.7734 19.1797,100.7731 19.1855,100.7725 19.1889,100.7722 19.1950,100.7690 19.1975,100.7672 19.2005,100.7656 19.2051,100.7673 19.2068,100.7698 19.2094,100.7708 19.2122,100.7716 19.2145,100.7698 19.2175,100.7681 19.2203,100.7672 19.2230,100.7663 19.2259,100.7657 19.2286,100.7646 19.2300,100.7615 19.2327,100.7586 19.2345,100.7560 19.2368,100.7529 19.2396,100.7522 19.2424,100.7514 19.2463,100.7485 19.2494,100.7488 19.2523,100.7487 19.2530,100.7479
1148	s	19.1232,100.8108 19.1242,100.8095
นน.001	s	18.7739,100.7805 18.7758,100.7788
1026	s	18.1824,100.6593 18.1799,100.6616 18.1773,100.6623 18.1751,100.6605 18.1726,100.6621 18.1693,100.6633 18.1666,100.6615 18.1639,100.6612 18.1616,100.6589 18.1593,100.6574 18.1567,100.6566 18.1553,100.6541 18.1525,100.6526 18.1512,100.6551 18.1503,100.6578 18.1489,100.6603 18.1464,100.6617 18.1438,100.6609 18.1410,100.6611 18.1383,100.6620 18.1356,100.6620 18.1329,100.6613 18.1303,100.6621 18.1277,100.6611 18.1250,100.6611 18.1224,100.6601 18.1201,100.6586 18.1173,100.6580 18.1146,100.6586 18.1129,100.6609 18.1114,100.6634 18.1102,100.6660 18.1076,100.6649 18.1048,100.6642 18.1028,100.6622 18.1002,100.6617 18.0987,100.6591 18.0970,100.6568 18.0948,100.6541 18.0922,100.6534 18.0877,100.6548 18.0855,100.6564 18.0833,100.6546 18.0813,100.6569 18.0802,100.6595 18.0776,100.6605 18.0760,100.6629 18.0737,100.6645 18.0732,100.6675 18.0723,100.6703 18.0698,100.6723 18.0675,100.6740 18.0657,100.6762 18.0625,100.6766 18.0599,100.6782 18.0596,100.6785
1026	s	18.5680,100.7433 18.5689,100.7477 18.5698,100.7517
1148	s	19.4675,100.3278 19.4651,100.3305 19.4623,100.3347 19.4607,100.3371 19.4589,100.3402 19.4569,100.3424 19.4550,100.3447 19.4546,100.3476 19.4519,100.3489 19.4491,100.3498 19.4462,100.3508 19.4430,100.3529 19.4403,100.3544 19.4357,100.3555 19.4330,100.3569 19.4300,100.3581 19.4274,100.3595 19.4249,100.3611 19.4218,100.3607 19.4186,100.3601 19.4157,100.3607 19.4144,100.3637 19.4142,100.3667 19.4149,100.3698 19.4153,100.3714
1345	s	19.4993,100.4577 19.5015,100.4557 19.5035,100.4537 19.5037,100.4508 19.5054,100.4484 19.5065,100.4456 19.5064,100.4416 19.5070,100.4381 19.5074,100.4352 19.5081,100.4324 19.5089,100.4293 19.5101,100.4266 19.5129,100.4247 19.5149,100.4225 19.5145,100.4177 19.5154,100.4136 19.5174,100.4115 19.5196,100.4086 19.5220,100.4069 19.5216,100.4038 19.5206,100.4010 19.5159,100.4013 19.5122,100.4015 19.5104,100.3987 19.5110,100.3956 19.5109,100.3917 19.5139,100.3898 19.5168,100.3877 19.5192,100.3859 19.5194,100.3826 19.5196,100.3796 19.5194,100.3764 19.5194,100.3731 19.5207,100.3696 19.5213,100.3662 19.5226,100.3632
4029	s	19.4200,100.4379 19.4232,100.4360 19.4250,100.4346
1148	s	19.4675,100.3278 19.4700,100.3308 19.4728,100.3320 19.4756,100.3322 19.4792,100.3310 19.4821,100.3309 19.4860,100.3288 19.4888,100.3286 19.4916,100.3283 19.4942,100.3269 19.4971,100.3253 19.4996,100.3240 19.5020,100.3243
1097	s	19.2870,100.8564 19.2873,100.8578
1097	s	19.2873,100.8578 19.2876,100.8611 19.2878,100.8622
1097	s	19.3303,100.7143 19.3330,100.7145 19.3334,100.7176 19.3325,100.7203 19.3313,100.7232 19.3290,100.7249 19.3271,100.7271 19.3265,100.7299 19.3245,100.7320 19.3250,100.7350 19.3244,100.7379 19.3234,100.7405 19.3211,100.7422 19.3190,100.7441 19.3171,100.7470 19.3155,100.7495 19.3125,100.7497 19.3098,100.7501 19.3067,100.7500 19.3041,100.7494 19.3010,100.7491 19.2984,100.7498 19.2959,100.7513 19.2932,100.7526 19.2913,100.7547 19.2929,100.7582 19.2914,100.7614 19.2893,100.7634 19.2871,100.7654 19.2850,100.7681 19.2820,100.7677 19.2788,100.7667 19.2763,100.7677 19.2755,100.7716 19.2763,100.7744 19.2737,100.7758 19.2732,100.7786 19.2745,100.7813 19.2751,100.7841 19.2735,100.7866 19.2722,100.7892 19.2748,100.7903 19.2771,100.7919 19.2774,100.7947 19.2785,100.7974 19.2800,100.8003 19.2801,100.8032 19.2799,100.8061 19.2800,100.8090 19.2808,100.8122 19.2811,100.8152 19.2827,100.8177 19.2840,100.8203 19.2850,100.8230 19.2854,100.8233
1148	s	19.3646,100.6938 19.3637,100.6966 19.3620,100.6989 19.3647,100.6988 19.3628,100.7019 19.3600,100.7023 19.3585,100.7048 19.3569,100.7074 19.3538,100.7075 19.3509,100.7086 19.3480,100.7100 19.3445,100.7108 19.3415,100.7119 19.3383,100.7118 19.3353,100.7118 19.3323,100.7124 19.3303,100.7143
1148	s	19.3841,100.6214 19.3825,100.6248 19.3813,100.6274 19.3794,100.6296 19.3779,100.6321 19.3760,100.6343 19.3742,100.6368 19.3730,100.6394 19.3726,100.6429 19.3705,100.6449 19.3702,100.6478 19.3705,100.6508 19.3695,100.6536 19.3677,100.6557 19.3680,100.6586 19.3663,100.6607 19.3679,100.6632 19.3658,100.6651 19.3659,100.6688 19.3669,100.6716 19.3663,100.6745 19.3663,100.6774 19.3650,100.6800 19.3640,100.6829 19.3645,100.6865 19.3638,100.6894 19.3631,100.6922 19.3623,100.6951 19.3641,100.6939
1148	s	19.3796,100.5986 19.3824,100.5985 19.3804,100.6007 19.3795,100.6035
1148	s	19.4024,100.3994 19.4000,100.4012 19.3974,100.3999 19.3944,100.3978 19.3916,100.3993 19.3900,100.4008
1148	s	19.4152,100.3721 19.4153,100.3750 19.4119,100.3771 19.4094,100.3804 19.4098,100.3840 19.4093,100.3869 19.4080,100.3895 19.4075,100.3927 19.4062,100.3953 19.4052,100.3981 19.4025,100.3988 19.4025,100.3989
1428	s	20.3617,100.0003 20.3596,100.0022 20.3591,100.0052 20.3614,100.0070 20.3627,100.0097 20.3639,100.0124 20.3645,100.0154 20.3675,100.0151 20.3687,100.0152
1428	s	20.3699,100.0003 20.3671,100.0006 20.3634,100.0009 20.3624,100.0006
1173	s	19.9867,100.0267 19.9838,100.0259 19.9791,100.0231 19.9774,100.0199 19.9758,100.0176 19.9733,100.0162 19.9716,100.0139 19.9691,100.0125 19.9665,100.0108 19.9651,100.0078 19.9631,100.0058 19.9600,100.0047 19.9574,100.0038 19.9544,100.0013 19.9514,99.9996 19.9489,99.9983 19.9459,99.9979 19.9409,99.9977 19.9360,99.9978 19.9326,99.9979 19.9291,99.9980 19.9262,99.9985
1326	s	19.9262,99.9985 19.9263,100.0021 19.9276,100.0060 19.9281,100.0089 19.9297,100.0113 19.9306,100.0140 19.9315,100.0168 19.9320,100.0197 19.9318,100.0229 19.9313,100.0263 19.9299,100.0288 19.9263,100.0291 19.9238,100.0315 19.9220,100.0340 19.9207,100.0368 19.9184,100.0392 19.9162,100.0409 19.9142,100.0433 19.9131,100.0460 19.9118,100.0489 19.9117,100.0521 19.9116,100.0555 19.9121,100.0597 19.9127,100.0630 19.9129,100.0659 19.9128,100.0699 19.9127,100.0728 19.9100,100.0736 19.9077,100.0752 19.9053,100.0767 19.9037,100.0794 19.9022,100.0819 19.9002,100.0843 19.8990,100.0871 19.8980,100.0903 19.8968,100.0929 19.8969,100.0958 19.8968,100.0992 19.8952,100.1025 19.8930,100.1056 19.8919,100.1084 19.8908,100.1088
1290	s	20.2892,100.0882 20.2883,100.0849 20.2870,100.0824 20.2855,100.0800 20.2833,100.0776 20.2801,100.0762 20.2771,100.0749 20.2743,100.0744 20.2716,100.0754 20.2702,100.0763
1098	s	20.1274,100.0309 20.1257,100.0304
1428	s	20.3624,100.0006 20.3617,100.0003
1334	s	20.3432,99.7437 20.3444,99.7463 20.3434,99.7493 20.3415,99.7516 20.3406,99.7546 20.3395,99.7572 20.3413,99.7594 20.3419,99.7623 20.3415,99.7651 20.3413,99.7681 20.3406,99.7710 20.3387,99.7731 20.3366,99.7749 20.3339,99.7755 20.3349,99.7783 20.3344,99.7811 20.3345,99.7842 20.3356,99.7871 20.3358,99.7900 20.3345,99.7929 20.3339,99.7957 20.3339,99.7986 20.3313,99.7976 20.3326,99.8002 20.3344,99.8029 20.3360,99.8056 20.3362,99.8085 20.3345,99.8109 20.3338,99.8125
1334	s	20.3462,99.7372 20.3444,99.7395 20.3438,99.7423 20.3432,99.7437
1149	s	20.3338,99.8125 20.3362,99.8112 20.3389,99.8120 20.3416,99.8126 20.3439,99.8149 20.3457,99.8170 20.3480,99.8186 20.3496,99.8210 20.3517,99.8230 20.3534,99.8253 20.3559,99.8269 20.3585,99.8277 20.3615,99.8284 20.3641,99.8296 20.3660,99.8316 20.3688,99.8326 20.3706,99.8350 20.3728,99.8369 20.3736,99.8397 20.3763,99.8391 20.3791,99.8394 20.3817,99.8407 20.3843,99.8419 20.3870,99.8425 20.3897,99.8430 20.3918,99.8449 20.3944,99.8459 20.3970,99.8469 20.3999,99.8464 20.4026,99.8455 20.4053,99.8457 20.4072,99.8479 20.4098,99.8494 20.4121,99.8511 20.4135,99.8536 20.4131,99.8576 20.4158,99.8582 20.4186,99.8585 20.4210,99.8600 20.4245,99.8600 20.4264,99.8622 20.4274,99.8648 20.4268,99.8677 20.4296,99.8676 20.4297,99.8709 20.4273,99.8731 20.4255,99.8755 20.4233,99.8772 20.4208,99.8789 20.4186,99.8808 20.4188,99.8837
1334	s	20.3413,99.7293 20.3398,99.7319 20.3375,99.7337 20.3346,99.7344 20.3319,99.7345 20.3294,99.7356 20.3267,99.7368 20.3247,99.7389 20.3220,99.7393 20.3232,99.7418 20.3229,99.7449 20.3220,99.7477 20.3200,99.7503 20.3182,99.7528 20.3176,99.7557 20.3166,99.7584 20.3147,99.7606 20.3126,99.7625 20.3103,99.7642 20.3079,99.7660 20.3052,99.7669 20.3025,99.7659 20.2999,99.7674 20.2974,99.7689 20.2947,99.7699 20.2968,99.7733 20.2982,99.7757 20.3002,99.7782 20.3013,99.7813 20.3017,99.7845 20.3046,99.7850 20.3075,99.7854 20.3077,99.7883 20.3064,99.7910 20.3057,99.7938 20.3077,99.7919 20.3084,99.7957 20.3095,99.7983 20.3093,99.8018 20.3096,99.8047 20.3111,99.8071 20.3115,99.8072
1178	s	19.6836,98.9594 19.6865,98.9613 19.6890,98.9628 19.6918,98.9632 19.6954,98.9627 19.6997,98.9636 19.7025,98.9639 19.7099,98.9613 19.7168,98.9612 19.7214,98.9611 19.7273,98.9609 19.7304,98.9617 19.7331,98.9628 19.7363,98.9641 19.7390,98.9642
1178	s	19.6835,98.9594 19.6807,98.9583 19.6785,98.9561 19.6760,98.9527 19.6724,98.9523 19.6684,98.9511 19.6657,98.9507 19.6616,98.9506 19.6588,98.9516 19.6557,98.9524 19.6530,98.9531 19.6473,98.9527 19.6443,98.9535 19.6422,98.9553 19.6393,98.9578 19.6393,98.9579
1178	s	19.5065,98.9583 19.4973,98.9556 19.4875,98.9527 19.4833,98.9570 19.4804,98.9591 19.4773,98.9609 19.4740,98.9619 19.4735,98.9622
1150	s	19.3314,99.3234 19.3290,99.3252 19.3285,99.3280 19.3257,99.3283 19.3228,99.3278 19.3200,99.3277 19.3175,99.3287 19.3150,99.3300 19.3125,99.3311 19.3115,99.3340 19.3109,99.3368 19.3089,99.3388 19.3091,99.3417 19.3069,99.3434 19.3060,99.3463 19.3053,99.3491 19.3058,99.3519 19.3064,99.3548 19.3076,99.3574 19.3076,99.3604 19.3100,99.3622 19.3075,99.3636 19.3062,99.3605 19.3035,99.3616 19.3034,99.3645 19.3034,99.3674 19.3031,99.3703 19.3051,99.3724 19.3078,99.3727 19.3097,99.3749 19.3123,99.3760 19.3137,99.3785 19.3150,99.3814 19.3142,99.3846 19.3138,99.3875 19.3133,99.3904 19.3145,99.3931 19.3155,99.3958 19.3156,99.3990 19.3137,99.4012 19.3130,99.4041 19.3113,99.4080 19.3096,99.4106 19.3095,99.4135 19.3096,99.4165 19.3088,99.4193 19.3109,99.4215 19.3130,99.4234 19.3146,99.4257 19.3164,99.4284 19.3174,99.4310 19.3200,99.4320 19.3212,99.4346 19.3235,99.4364 19.3239,99.4394 19.3250,99.4421 19.3275,99.4434 19.3289,99.4460 19.3293,99.4488 19.3304,99.4515 19.3327,99.4531 19.3330,99.4566 19.3329,99.4595 19.3315,99.4620 19.3311,99.4650 19.3297,99.4677 19.3288,99.4712 19.3272,99.4740 19.3258,99.4771 19.3253,99.4804 19.3259,99.4838 19.3258,99.4871 19.3262,99.4901 19.3267,99.4930 19.3265,99.4963 19.3261,99.4998
1001	s	18.9362,98.9875 18.9393,98.9862 18.9422,98.9850 18.9451,98.9841 18.9481,98.9840 18.9512,98.9840 18.9561,98.9839 18.9594,98.9839 18.9632,98.9838 18.9662,98.9837 18.9683,98.9834
1001	s	19.1036,99.0570 19.1039,99.0535 19.1051,99.0500 19.1065,99.0465 19.1075,99.0398 19.1076,99.0369 19.1080,99.0337 19.1091,99.0309 19.1103,99.0275 19.1114,99.0234 19.1120,99.0201 19.1125,99.0165 19.1141,99.0130 19.1160,99.0104 19.1167,99.0073 19.1157,99.0046 19.1147,99.0016 19.1091,99.0004 19.1061,99.0009 19.1033,99.0003 19.1005,98.9998 19.0978,99.0009 19.0948,99.0008 19.0920,99.0002 19.0893,98.9993 19.0891,98.9943 19.0893,98.9913 19.0896,98.9867 19.0892,98.9838
1001	s	19.0997,99.0777 19.0994,99.0747 19.1004,99.0715 19.1023,99.0695 19.1026,99.0658 19.1037,99.0608 19.1039,99.0579 19.1037,99.0572
1001	s	19.1256,99.1660 19.1227,99.1666 19.1186,99.1670 19.1155,99.1675 19.1122,99.1683 19.1093,99.1695 19.1067,99.1705 19.1045,99.1724 19.1021,99.1738 19.0995,99.1750 19.0967,99.1751 19.0943,99.1734 19.0924,99.1661 19.0929,99.1633 19.0921,99.1600 19.0930,99.1571 19.0942,99.1539 19.0949,99.1505 19.0963,99.1472 19.0968,99.1443 19.0941,99.1435 19.0919,99.1418 19.0858,99.1384 19.0826,99.1374 19.0782,99.1356 19.0722,99.1353 19.0708,99.1329 19.0730,99.1289 19.0743,99.1263 19.0746,99.1227 19.0746,99.1179 19.0745,99.1162
1001	s	19.1649,99.1648 19.1620,99.1635 19.1584,99.1641 19.1557,99.1637 19.1530,99.1626 19.1504,99.1639 19.1475,99.1651 19.1444,99.1657 19.1416,99.1659 19.1382,99.1653 19.1349,99.1645 19.1303,99.1651 19.1259,99.1659
1001	s	19.1962,99.1710 19.1934,99.1707 19.1909,99.1733 19.1880,99.1728 19.1864,99.1726
1095	s	19.3966,98.4174 19.3935,98.4192 19.3911,98.4223 19.3875,98.4256 19.3845,98.4264 19.3791,98.4276 19.3759,98.4282 19.3733,98.4294 19.3727,98.4299
1095	s	19.3460,98.4332 19.3502,98.4300 19.3531,98.4293 19.3559,98.4289 19.3592,98.4271 19.3603,98.4262
1226	s	19.5589,98.1907 19.5605,98.1931 19.5625,98.1953 19.5649,98.1965 19.5675,98.1977 19.5695,98.1998 19.5724,98.2011 19.5741,98.2037 19.5766,98.2051 19.5796,98.2056 19.5830,98.2063 19.5861,98.2065 19.5877,98.2088 19.5904,98.2102
1173	s	19.9867,100.0267 19.9884,100.0294 19.9910,100.0320 19.9930,100.0345 19.9949,100.0370 19.9972,100.0391 20.0002,100.0401 20.0030,100.0411 20.0057,100.0419 20.0048,100.0452 20.0061,100.0480 20.0079,100.0515 20.0101,100.0545 20.0119,100.0568 20.0130,100.0596 20.0161,100.0620 20.0161,100.0653 20.0158,100.0685 20.0157,100.0714 20.0158,100.0749 20.0159,100.0791 20.0165,100.0825 20.0173,100.0859 20.0184,100.0887 20.0194,100.0926 20.0212,100.0952 20.0238,100.0957 20.0249,100.0988 20.0245,100.1018 20.0264,100.1039 20.0287,100.1054 20.0300,100.1083 20.0320,100.1103 20.0341,100.1137 20.0354,100.1165 20.0362,100.1193 20.0363,100.1222 20.0389,100.1235 20.0416,100.1243 20.0445,100.1269 20.0471,100.1295 20.0498,100.1313 20.0521,100.1330 20.0559,100.1354 20.0586,100.1344 20.0607,100.1319 20.0616,100.1291 20.0652,100.1301 20.0681,100.1313 20.0699,100.1337 20.0720,100.1369 20.0742,100.1387 20.0766,100.1403 20.0791,100.1418 20.0804,100.1445 20.0833,100.1468 20.0853,100.1509 20.0895,100.1533 20.0924,100.1546 20.0954,100.1546 20.0984,100.1555 20.1007,100.1576 20.1029,100.1594 20.1029,100.1596
1130	s	20.1648,99.6353 20.1650,99.6385 20.1667,99.6408 20.1668,99.6417
1130	s	20.1646,99.6685 20.1643,99.6713 20.1655,99.6740 20.1657,99.6770 20.1671,99.6795 20.1656,99.6822 20.1644,99.6853 20.1629,99.6878 20.1631,99.6908 20.1649,99.6929 20.1632,99.6953 20.1630,99.6984 20.1624,99.7013 20.1638,99.7038 20.1638,99.7067 20.1652,99.7094 20.1663,99.7122 20.1650,99.7149 20.1656,99.7177 20.1657,99.7212 20.1676,99.7233 20.1698,99.7251 20.1723,99.7265 20.1737,99.7290 20.1758,99.7309 20.1749,99.7336 20.1726,99.7351 20.1699,99.7369 20.1675,99.7389 20.1657,99.7411 20.1686,99.7407 20.1711,99.7395 20.1735,99.7381 20.1760,99.7393 20.1754,99.7421 20.1739,99.7445 20.1739,99.7473 20.1715,99.7491 20.1695,99.7513 20.1679,99.7538 20.1685,99.7568 20.1702,99.7592 20.1741,99.7599 20.1753,99.7626 20.1751,99.7655 20.1757,99.7683 20.1780,99.7701 20.1805,99.7713 20.1806,99.7728
1130	s	20.1897,99.8132 20.1880,99.8160 20.1879,99.8191 20.1872,99.8224 20.1865,99.8256 20.1850,99.8283 20.1835,99.8308 20.1811,99.8324 20.1790,99.8343 20.1771,99.8364 20.1765,99.8392 20.1753,99.8422 20.1744,99.8451 20.1736,99.8481 20.1731,99.8511 20.1725,99.8529
1252	s	19.0165,99.3054 19.0154,99.3027 19.0134,99.3006 19.0127,99.3034 19.0120,99.3062 19.0098,99.3078 19.0085,99.3105 19.0075,99.3133 19.0060,99.3158 19.0053,99.3189 19.0069,99.3213 19.0052,99.3236 19.0031,99.3254 19.0030,99.3283 19.0017,99.3308 18.9994,99.3323 18.9982,99.3351 18.9964,99.3374 18.9941,99.3393 18.9932,99.3422 18.9923,99.3449 18.9905,99.3427 18.9888,99.3396 18.9868,99.3376 18.9849,99.3355 18.9826,99.3335 18.9819,99.3302 18.9802,99.3278 18.9776,99.3266 18.9757,99.3236 18.9730,99.3229 18.9724,99.3214
1252	s	18.9521,99.3456 18.9512,99.3491 18.9491,99.3513 18.9472,99.3534 18.9458,99.3559 18.9429,99.3566 18.9422,99.3573
1155	s	20.0218,100.4893 20.0240,100.4909 20.0268,100.4916 20.0294,100.4931 20.0312,100.4954 20.0339,100.4948 20.0366,100.4947 20.0397,100.4955 20.0420,100.4974 20.0431,100.5003 20.0448,100.5026 20.0470,100.5045 20.0494,100.5061 20.0525,100.5059 20.0553,100.5056 20.0582,100.5064 20.0610,100.5074 20.0636,100.5082 20.0664,100.5074 20.0683,100.5078
1093	s	19.7846,100.4016 19.7818,100.4017 19.7791,100.4007 19.7763,100.4006 19.7736,100.4009 19.7708,100.4010 19.7686,100.3990 19.7659,100.3980 19.7632,100.3982 19.7602,100.3982 19.7578,100.3997 19.7550,100.3988 19.7525,100.3977 19.7500,100.3959 19.7477,100.3944 19.7465,100.3919 19.7468,100.3889 19.7445,100.3874 19.7417,100.3885 19.7404,100.3911 19.7374,100.3915 19.7355,100.3891 19.7326,100.3894 19.7299,100.3888 19.7268,100.3894 19.7251,100.3855 19.7214,100.3847 19.7191,100.3862 19.7162,100.3864 19.7139,100.3849 19.7109,100.3853 19.7080,100.3862 19.7096,100.3886 19.7095,100.3917 19.7117,100.3935 19.7140,100.3952 19.7161,100.3972 19.7158,100.4002 19.7165,100.4032 19.7163,100.4065 19.7160,100.4075
1014	s	18.7646,99.0818 18.7640,99.0815
1147	s	18.6861,99.1547 18.6889,99.1567 18.6911,99.1586 18.6913,99.1586
1147	s	18.7209,99.1802 18.7190,99.1775 18.7169,99.1754 18.7162,99.1732
1202	s	19.1712,99.9067 19.1730,99.9099 19.1732,99.9104
1147	s	18.7252,99.1647 18.7244,99.1675 18.7233,99.1702 18.7222,99.1733 18.7214,99.1758
1004	s	18.8044,98.9190 18.8058,98.9164 18.8070,98.9138 18.8084,98.9114 18.8063,98.9095 18.8034,98.9099 18.8009,98.9086 18.8003,98.9058 18.8004,98.9057
1269	s	18.8451,98.7735 18.8445,98.7764 18.8431,98.7788 18.8412,98.7810 18.8386,98.7818 18.8361,98.7832 18.8334,98.7836 18.8310,98.7821 18.8283,98.7826 18.8251,98.7839 18.8225,98.7851 18.8213,98.7877 18.8188,98.7889 18.8161,98.7895 18.8127,98.7897 18.8099,98.7896 18.8072,98.7903 18.8038,98.7915 18.8014,98.7931 18.7999,98.7930
1269	s	18.7450,98.8908 18.7427,98.8893 18.7388,98.8895 18.7360,98.8892 18.7346,98.8897
1007	s	18.8715,99.1328 18.8716,99.1323
1233	s	19.8982,99.8393 19.8978,99.8422 19.8974,99.8451 19.8966,99.8480 19.8964,99.8487
1290	s	20.3199,100.2879 20.3208,100.2908 20.3208,100.2939 20.3217,100.2966 20.3227,100.2995 20.3233,100.3029 20.3244,100.3059 20.3254,100.3094 20.3262,100.3124 20.3280,100.3150 20.3307,100.3159 20.3333,100.3170 20.3345,100.3197 20.3366,100.3232 20.3387,100.3251 20.3415,100.3260 20.3430,100.3292 20.3449,100.3312 20.3475,100.3323 20.3452,100.3335
1366	s	18.8173,98.9816 18.8174,98.9814
1141	s	18.7602,99.0172 18.7599,99.0163
1141	s	18.7616,99.0211 18.7609,99.0191
1141	s	18.7609,99.0190 18.7617,99.0211
1141	s	18.7624,99.0229 18.7635,99.0260
1141	s	18.7693,98.9766 18.7707,98.9743
1141	s	18.7714,98.9731 18.7719,98.9702 18.7720,98.9695
1141	s	18.7690,98.9776 18.7681,98.9806 18.7680,98.9812
1006	s	18.7423,99.1231 18.7423,99.1233
1096	s	18.9219,98.9388 18.9216,98.9385
1036	s	18.2394,99.4427 18.2400,99.4424
1	s	18.2739,99.4810 18.2749,99.4816
1367	s	18.8112,99.0286 18.8114,99.0284
1149	s	20.3338,99.8125 20.3316,99.8148 20.3288,99.8151 20.3261,99.8158 20.3257,99.8160
1264	s	17.4801,99.1167 17.4796,99.1127 17.4806,99.1098 17.4854,99.1069 17.4881,99.1051 17.4882,99.1019 17.4888,99.0966 17.4893,99.0929 17.4890,99.0899 17.4914,99.0885 17.4940,99.0872 17.4970,99.0849 17.5031,99.0831 17.5031,99.0802 17.5038,99.0773 17.5056,99.0751 17.5054,99.0712 17.5046,99.0682 17.5055,99.0650 17.5080,99.0636 17.5106,99.0644 17.5118,99.0617 17.5128,99.0583 17.5110,99.0609 17.5077,99.0619 17.5045,99.0598 17.5020,99.0577 17.5035,99.0551 17.5031,99.0522 17.5015,99.0495 17.5012,99.0466 17.5028,99.0439 17.5008,99.0405 17.5018,99.0372 17.5033,99.0340 17.5048,99.0311 17.5055,99.0276 17.5080,99.0258 17.5110,99.0227 17.5153,99.0186 17.5198,99.0170 17.5246,99.0136 17.5250,99.0096 17.5217,99.0047 17.5242,99.0000 17.5258,98.9974 17.5285,98.9953 17.5294,98.9951
1099	s	17.8796,98.4041 17.8825,98.4046 17.8849,98.4069 17.8879,98.4069 17.8901,98.4085 17.8931,98.4082 17.8968,98.4068 17.8993,98.4058 17.9019,98.4085 17.9046,98.4100 17.9075,98.4109 17.9099,98.4131 17.9123,98.4163 17.9139,98.4188 17.9172,98.4204 17.9197,98.4220 17.9233,98.4231 17.9269,98.4229 17.9302,98.4228 17.9334,98.4235 17.9356,98.4252 17.9385,98.4249 17.9416,98.4226 17.9459,98.4200 17.9481,98.4151 17.9502,98.4127 17.9525,98.4112 17.9552,98.4098 17.9599,98.4072 17.9629,98.4060 17.9671,98.4042 17.9692,98.4016 17.9703,98.3983 17.9721,98.3944 17.9741,98.3920 17.9749,98.3892 17.9779,98.3860 17.9801,98.3839 17.9846,98.3836 17.9882,98.3827 17.9915,98.3812 17.9956,98.3797 17.9983,98.3791 18.0013,98.3796 18.0040,98.3792 18.0067,98.3779 18.0096,98.3782 18.0127,98.3797 18.0164,98.3806 18.0190,98.3787 18.0209,98.3763 18.0233,98.3738 18.0249,98.3715 18.0276,98.3731 18.0302,98.3745 18.0326,98.3758 18.0355,98.3749 18.0382,98.3766 18.0403,98.3748 18.0420,98.3724 18.0431,98.3695 18.0454,98.3661 18.0478,98.3644 18.0532,98.3634 18.0563,98.3620 18.0591,98.3615 18.0625,98.3600 18.0654,98.3598 18.0685,98.3594 18.0709,98.3613 18.0733,98.3639 18.0743,98.3666 18.0770,98.3673 18.0800,98.3667 18.0827,98.3659 18.0860,98.3646 18.0888,98.3636 18.0918,98.3634 18.0943,98.3657 18.0964,98.3683 18.0952,98.3713 18.0949,98.3743 18.0977,98.3751 18.1016,98.3754 18.1044,98.3748 18.1086,98.3747 18.1108,98.3771 18.1127,98.3792 18.1158,98.3783 18.1185,98.3778 18.1212,98.3767 18.1241,98.3765 18.1268,98.3758 18.1298,98.3763 18.1326,98.3754 18.1350,98.3737 18.1377,98.3726 18.1401,98.3714 18.1406,98.3730
1099	s	17.6225,98.5319 17.6195,98.5330 17.6168,98.5326 17.6142,98.5314 17.6113,98.5314 17.6086,98.5311 17.6049,98.5309 17.6021,98.5307 17.5992,98.5300 17.5964,98.5289 17.5933,98.5283 17.5907,98.5272 17.5882,98.5259 17.5855,98.5255 17.5832,98.5234 17.5803,98.5234 17.5773,98.5229 17.5747,98.5215 17.5732,98.5191 17.5709,98.5175 17.5694,98.5150 17.5702,98.5122 17.5685,98.5097 17.5663,98.5079 17.5653,98.5049 17.5649,98.5021 17.5635,98.4993 17.5607,98.4984 17.5593,98.4953 17.5577,98.4928 17.5557,98.4907 17.5523,98.4880 17.5505,98.4857 17.5487,98.4831 17.5466,98.4801 17.5451,98.4776 17.5438,98.4751 17.5411,98.4741 17.5385,98.4734 17.5357,98.4727 17.5357,98.4757 17.5330,98.4762 17.5302,98.4766 17.5275,98.4770 17.5251,98.4785 17.5226,98.4804 17.5203,98.4819 17.5188,98.4853 17.5157,98.4848 17.5132,98.4828 17.5107,98.4818 17.5084,98.4795 17.5058,98.4788 17.5032,98.4802 17.5005,98.4792 17.5001,98.4782
1194	s	18.1576,97.9279 18.1577,97.9273
1263	s	18.8390,97.9422 18.8365,97.9433 18.8363,97.9436
1337	s	18.6638,97.8462 18.6601,97.8447 18.6588,97.8473 18.6568,97.8494 18.6542,97.8503 18.6518,97.8523 18.6496,97.8539 18.6476,97.8569 18.6473,97.8598 18.6481,97.8626 18.6490,97.8658 18.6517,97.8656 18.6543,97.8665 18.6576,97.8664 18.6604,97.8661 18.6632,97.8659 18.6645,97.8685 18.6675,97.8694 18.6702,97.8698 18.6732,97.8709 18.6753,97.8729 18.6770,97.8751 18.6785,97.8775 18.6812,97.8777 18.6846,97.8793 18.6877,97.8805 18.6888,97.8820
106	s	18.5705,98.9980 18.5686,98.9959 18.5664,98.9940 18.5641,98.9922 18.5625,98.9912
1226	s	19.5904,98.2102 19.5934,98.2115 19.5965,98.2120 19.5996,98.2112 19.6023,98.2097 19.6047,98.2082 19.6070,98.2103 19.6107,98.2102 19.6135,98.2098 19.6159,98.2096
1226	s	19.6243,98.2092 19.6225,98.2116 19.6198,98.2109 19.6187,98.2105
1152	s	19.8118,100.2400 19.8128,100.2374 19.8140,100.2345 19.8153,100.2317 19.8169,100.2291 19.8184,100.2266 19.8198,100.2237 19.8214,100.2213 19.8229,100.2184 19.8249,100.2145 19.8270,100.2104 19.8296,100.2063 19.8314,100.2041 19.8334,100.2022 19.8334,100.2018
1152	s	19.8332,100.2003 19.8331,100.1975 19.8327,100.1958
1152	s	19.8334,100.2018 19.8332,100.2003
1173	s	19.9262,99.9985 19.9221,99.9982 19.9191,99.9978 19.9165,99.9967 19.9162,99.9930 19.9165,99.9902 19.9167,99.9869 19.9142,99.9854 19.9115,99.9847 19.9086,99.9836 19.9052,99.9821 19.9018,99.9806 19.8987,99.9793 19.8958,99.9799 19.8931,99.9790 19.8908,99.9767 19.8910,99.9735 19.8923,99.9709 19.8923,99.9707
1349	s	19.0313,98.4151 19.0284,98.4152 19.0256,98.4157 19.0222,98.4157 19.0195,98.4164 19.0172,98.4181 19.0142,98.4184 19.0119,98.4166 19.0102,98.4143 19.0072,98.4138 19.0050,98.4122 19.0040,98.4093 19.0034,98.4063 19.0003,98.4056 18.9992,98.4029 18.9965,98.4027 18.9938,98.4018 18.9910,98.4009 18.9883,98.4017 18.9863,98.4039 18.9842,98.4064 18.9828,98.4089 18.9809,98.4110 18.9797,98.4136 18.9772,98.4122 18.9746,98.4105 18.9719,98.4106 18.9692,98.4113 18.9669,98.4128 18.9654,98.4152 18.9634,98.4171 18.9616,98.4213 18.9612,98.4241 18.9600,98.4267 18.9573,98.4277 18.9546,98.4276 18.9523,98.4260 18.9500,98.4244 18.9472,98.4251 18.9487,98.4282 18.9505,98.4303 18.9509,98.4334 18.9516,98.4365 18.9537,98.4387 18.9549,98.4413 18.9522,98.4421 18.9511,98.4466 18.9495,98.4497 18.9477,98.4518 18.9462,98.4543 18.9438,98.4556 18.9412,98.4544 18.9384,98.4543 18.9350,98.4549 18.9361,98.4576 18.9384,98.4595 18.9386,98.4624 18.9365,98.4644 18.9343,98.4662 18.9333,98.4689 18.9325,98.4723 18.9333,98.4751 18.9326,98.4780 18.9299,98.4786 18.9268,98.4783 18.9243,98.4771 18.9216,98.4761 18.9194,98.4785 18.9171,98.4809 18.9143,98.4831 18.9152,98.4860 18.9148,98.4890 18.9152,98.4918 18.9139,98.4947 18.9131,98.4979 18.9125,98.5008 18.9109,98.5034 18.9088,98.5053 18.9060,98.5043 18.9037,98.5027 18.9012,98.5010 18.8984,98.5004 18.8967,98.4982 18.8936,98.4979 18.8909,98.4974 18.8882,98.4965 18.8862,98.4986 18.8864,98.5015 18.8837,98.5028 18.8821,98.5052 18.8810,98.5079 18.8811,98.5109 18.8812,98.5139 18.8800,98.5164 18.8804,98.5193 18.8785,98.5216 18.8799,98.5246 18.8826,98.5246 18.8841,98.5271 18.8869,98.5273 18.8880,98.5303 18.8857,98.5329 18.8831,98.5347 18.8812,98.5367 18.8805,98.5401 18.8798,98.5429 18.8783,98.5458 18.8758,98.5485 18.8727,98.5498 18.8707,98.5517 18.8694,98.5545 18.8669,98.5557 18.8641,98.5558 18.8628,98.5590 18.8621,98.5618 18.8588,98.5622 18.8561,98.5626 18.8533,98.5617 18.8501,98.5628 18.8483,98.5649 18.8483,98.5678 18.8482,98.5679
1265	s	19.2855,98.4833 19.2854,98.4828
1265	s	19.2037,98.4315 19.2010,98.4299 19.2001,98.4270 19.1984,98.4245 19.1958,98.4235 19.1945,98.4206 19.1919,98.4188 19.1890,98.4186 19.1884,98.4158 19.1866,98.4131 19.1850,98.4109 19.1823,98.4108 19.1797,98.4097 19.1787,98.4068 19.1801,98.4039 19.1806,98.4010 19.1788,98.3988 19.1772,98.3963 19.1750,98.3945 19.1723,98.3938 19.1695,98.3935 19.1668,98.3927 19.1643,98.3937 19.1621,98.3919 19.1601,98.3898 19.1584,98.3875 19.1564,98.3853 19.1540,98.3871 19.1522,98.3894 19.1495,98.3900 19.1478,98.3877 19.1466,98.3851 19.1436,98.3841 19.1408,98.3835 19.1380,98.3826 19.1363,98.3804 19.1335,98.3809 19.1318,98.3786 19.1304,98.3754 19.1289,98.3729 19.1272,98.3707 19.1248,98.3720 19.1217,98.3716 19.1189,98.3723 19.1163,98.3718 19.1154,98.3688 19.1135,98.3665 19.1115,98.3619 19.1091,98.3593 19.1068,98.3575 19.1040,98.3565 19.1040,98.3535 19.1014,98.3516 19.1007,98.3486 19.0983,98.3470 19.0959,98.3446 19.0935,98.3431 19.0917,98.3406 19.0883,98.3401 19.0851,98.3382 19.0820,98.3375 19.0797,98.3354 19.0793,98.3320 19.0814,98.3286 19.0830,98.3251 19.0841,98.3224 19.0825,98.3199 19.0793,98.3179 19.0770,98.3159 19.0761,98.3131 19.0742,98.3104 19.0730,98.3078 19.0731,98.3069
1265	s	19.2470,98.4615 19.2454,98.4588 19.2451,98.4559 19.2441,98.4531 19.2418,98.4513 19.2392,98.4498 19.2352,98.4467 19.2311,98.4434 19.2283,98.4427 19.2259,98.4408 19.2231,98.4383 19.2213,98.4361 19.2188,98.4343 19.2164,98.4327 19.2139,98.4316 19.2111,98.4312 19.2084,98.4328 19.2065,98.4305 19.2040,98.4311
1001	s	18.8932,99.0102 18.8957,99.0088
1260	s	18.9175,98.9721 18.9170,98.9678
1317	s	18.7406,99.2020 18.7405,99.2018
1317	s	18.7405,99.2018 18.7382,99.1992
1006	s	18.7885,99.2577 18.7855,99.2574 18.7808,99.2560 18.7774,99.2547 18.7743,99.2536 18.7716,99.2523 18.7689,99.2518 18.7650,99.2500 18.7623,99.2494 18.7598,99.2471 18.7577,99.2446 18.7571,99.2441
1014	s	18.7480,99.0682 18.7503,99.0702 18.7524,99.0719 18.7545,99.0737 18.7570,99.0757 18.7592,99.0775 18.7626,99.0802
1317	s	18.7504,99.0634 18.7489,99.0664 18.7480,99.0682
1317	s	18.7462,99.0714 18.7471,99.0695
1229	s	18.7571,99.2441 18.7562,99.2465
1230	s	18.7195,99.3021 18.7224,99.3016 18.7240,99.3020
1230	s	18.7509,99.3013 18.7507,99.3016
1230	s	18.7509,99.3013 18.7525,99.2985 18.7548,99.2969 18.7574,99.2953 18.7603,99.2951 18.7627,99.2939 18.7656,99.2937 18.7681,99.2927 18.7688,99.2895 18.7717,99.2888 18.7746,99.2894 18.7769,99.2891
1230	s	18.7882,99.2999 18.7900,99.3021 18.7885,99.3047 18.7901,99.3070 18.7926,99.3053 18.7941,99.3027 18.7957,99.3004 18.7988,99.3002 18.7983,99.3032 18.7989,99.3041
1359	s	19.4218,98.9735 19.4238,98.9748
1359	s	19.4197,98.9732 19.4206,98.9735
1359	s	19.4206,98.9735 19.4218,98.9735
1359	s	19.4238,98.9749 19.4204,98.9738 19.4197,98.9732
1211	s	19.8772,99.7886 19.8759,99.7866
1211	s	19.8754,99.7832 19.8729,99.7811 19.8703,99.7794 19.8680,99.7773 19.8658,99.7747 19.8641,99.7720 19.8627,99.7692 19.8603,99.7652 19.8587,99.7625 19.8584,99.7620
1006	s	18.7631,99.0831 18.7640,99.0814
1006	s	18.7650,99.0795 18.7641,99.0813
1030	s	18.6571,99.0218 18.6564,99.0248 18.6565,99.0279 18.6569,99.0308 18.6560,99.0334
1317	s	18.7426,99.0778 18.7425,99.0780
1189	s	18.6771,99.0762 18.6758,99.0794
1189	s	18.6773,99.0757 18.6771,99.0762
1189	s	18.6835,99.0619 18.6836,99.0622
1006	s	18.7423,99.1233 18.7414,99.1261 18.7401,99.1291 18.7389,99.1320 18.7368,99.1367 18.7363,99.1397 18.7367,99.1425 18.7371,99.1454 18.7382,99.1489 18.7391,99.1520 18.7399,99.1551 18.7404,99.1565
11	s	18.4635,99.1305 18.4621,99.1330 18.4632,99.1358 18.4644,99.1391 18.4651,99.1403
1007	s	18.8732,99.1365 18.8720,99.1338 18.8718,99.1334
1155	s	19.7847,100.3360 19.7845,100.3326 19.7820,100.3306 19.7783,100.3284 19.7757,100.3273 19.7734,100.3258 19.7710,100.3242 19.7683,100.3224 19.7658,100.3208 19.7641,100.3179 19.7627,100.3153 19.7600,100.3127 19.7569,100.3109 19.7531,100.3088 19.7505,100.3071 19.7484,100.3052 19.7462,100.3032 19.7437,100.3019 19.7404,100.3005 19.7376,100.2999 19.7346,100.2983 19.7311,100.2966 19.7297,100.2940 19.7251,100.2933 19.7222,100.2929 19.7202,100.2907 19.7176,100.2897 19.7149,100.2897 19.7122,100.2886 19.7104,100.2864 19.7103,100.2862
1020	s	19.6882,100.1883 19.6868,100.1919 19.6855,100.1947
1093	s	19.8784,100.4891 19.8799,100.4867 19.8817,100.4844 19.8841,100.4829 19.8863,100.4806 19.8892,100.4807 19.8916,100.4793 19.8909,100.4824 19.8922,100.4850 19.8948,100.4859 19.8944,100.4889 19.8957,100.4916 19.8982,100.4945 19.8991,100.4973 19.8992,100.4994
1210	s	19.5837,100.3607 19.5829,100.3638 19.5810,100.3660 19.5785,100.3673 19.5748,100.3679 19.5709,100.3685 19.5677,100.3679 19.5645,100.3665 19.5619,100.3652 19.5589,100.3642 19.5560,100.3642 19.5529,100.3641 19.5502,100.3647 19.5471,100.3649 19.5439,100.3654 19.5388,100.3668 19.5354,100.3677 19.5315,100.3688 19.5288,100.3684 19.5271,100.3662 19.5258,100.3636 19.5226,100.3632
1170	s	19.0893,100.9287 19.0897,100.9221 19.0900,100.9175 19.0917,100.9151 19.0912,100.9111 19.0909,100.9082 19.0899,100.9055 19.0895,100.9025 19.0878,100.8999 19.0869,100.8968 19.0855,100.8934 19.0839,100.8904 19.0822,100.8874 19.0811,100.8847 19.0817,100.8818 19.0821,100.8787 19.0808,100.8762 19.0795,100.8733 19.0778,100.8709 19.0754,100.8688 19.0763,100.8657 19.0769,100.8627 19.0771,100.8598 19.0780,100.8570 19.0794,100.8545 19.0814,100.8521 19.0837,100.8490 19.0871,100.8473 19.0898,100.8465 19.0921,100.8447 19.0942,100.8427 19.0946,100.8398 19.0951,100.8365 19.0960,100.8337 19.0977,100.8307 19.0984,100.8278 19.1008,100.8261 19.1028,100.8237 19.1040,100.8201 19.1050,100.8174 19.1055,100.8141 19.1060,100.8105 19.1059,100.8097
1006	s	18.7650,99.0795 18.7665,99.0768 18.7680,99.0740 18.7693,99.0715 18.7707,99.0688 18.7721,99.0662 18.7735,99.0636 18.7750,99.0606 18.7752,99.0603
1088	s	18.4914,98.3769 18.4936,98.3753 18.4945,98.3745
1088	s	18.7019,98.3539 18.7034,98.3564 18.7048,98.3589 18.7037,98.3619 18.7037,98.3653 18.7020,98.3680 18.6995,98.3693 18.6968,98.3708 18.6950,98.3731 18.6936,98.3768 18.6900,98.3785 18.6873,98.3767 18.6847,98.3759 18.6845,98.3761
1184	s	17.8770,99.0631 17.8813,99.0628 17.8844,99.0619 17.8871,99.0608 17.8899,99.0609 17.8930,99.0614 17.8957,99.0611 17.8995,99.0606 17.9037,99.0595 17.9071,99.0589 17.9112,99.0575 17.9153,99.0563 17.9183,99.0556 17.9215,99.0557 17.9250,99.0528 17.9275,99.0511 17.9302,99.0496 17.9322,99.0475 17.9352,99.0464 17.9404,99.0461 17.9440,99.0474 17.9478,99.0471 17.9506,99.0460 17.9513,99.0459
1010	s	18.3512,98.8083 18.3494,98.8062 18.3475,98.8041 18.3471,98.8012 18.3442,98.8007 18.3444,98.7971 18.3440,98.7943 18.3443,98.7905 18.3438,98.7874 18.3449,98.7848 18.3475,98.7831 18.3498,98.7813 18.3524,98.7799 18.3552,98.7795 18.3579,98.7784 18.3606,98.7770 18.3632,98.7758 18.3662,98.7747 18.3673,98.7717 18.3690,98.7695 18.3707,98.7672 18.3721,98.7646 18.3728,98.7616 18.3724,98.7587 18.3721,98.7559 18.3736,98.7528 18.3756,98.7507 18.3784,98.7509 18.3792,98.7481 18.3818,98.7465 18.3828,98.7438 18.3852,98.7421 18.3879,98.7417 18.3907,98.7414 18.3934,98.7425 18.3959,98.7439 18.3987,98.7436 18.4016,98.7415 18.4047,98.7397 18.4048,98.7396
1099	s	18.1406,98.3730 18.1411,98.3730
1026	s	18.5680,100.7433 18.5679,100.7427
1271	s	20.1579,100.1153 20.1606,100.1160 20.1633,100.1170 20.1666,100.1185 20.1705,100.1216 20.1725,100.1239 20.1760,100.1255 20.1783,100.1271 20.1819,100.1286 20.1869,100.1291 20.1901,100.1311 20.1926,100.1331 20.1951,100.1348 20.1967,100.1371 20.1997,100.1383 20.2027,100.1386 20.2054,100.1389 20.2081,100.1389 20.2109,100.1394 20.2137,100.1408 20.2163,100.1418 20.2194,100.1419 20.2203,100.1419
1098	s	20.0460,100.2941 20.0483,100.2913 20.0503,100.2893 20.0516,100.2866 20.0540,100.2841 20.0575,100.2823 20.0605,100.2789 20.0662,100.2723 20.0712,100.2687 20.0733,100.2665 20.0742,100.2636 20.0760,100.2611 20.0774,100.2586 20.0839,100.2553 20.0850,100.2525 20.0855,100.2495 20.0875,100.2466 20.0890,100.2446
1174	s	20.0581,100.3020 20.0579,100.3019
1174	s	20.0581,100.3020 20.0606,100.3032 20.0657,100.3042 20.0665,100.3043
1174	s	20.2112,100.4033 20.2129,100.4006 20.2132,100.3977 20.2136,100.3944 20.2144,100.3917 20.2145,100.3901
1141	s	18.7582,99.0072 18.7588,99.0107 18.7588,99.0111
1141	s	18.7585,99.0099 18.7575,99.0050
1141	s	18.7573,99.0040 18.7569,99.0011 18.7580,98.9996
1141	s	18.7576,99.0050 18.7583,99.0082 18.7586,99.0099
1141	s	18.7588,99.0111 18.7594,99.0144 18.7599,99.0161
1274	s	17.8056,98.9535 17.8076,98.9560 17.8111,98.9592 17.8137,98.9605 17.8158,98.9627 17.8165,98.9655 17.8175,98.9684 17.8187,98.9714 17.8200,98.9743 17.8218,98.9765 17.8246,98.9761 17.8254,98.9788 17.8271,98.9814 17.8293,98.9849 17.8309,98.9875 17.8333,98.9894 17.8361,98.9904 17.8396,98.9893 17.8419,98.9921 17.8446,98.9957 17.8458,98.9983 17.8445,99.0017 17.8440,99.0042
1124	s	17.8910,99.5954 17.8921,99.5926 17.8936,99.5899 17.8935,99.5864 17.8943,99.5813 17.8937,99.5779 17.8919,99.5750 17.8919,99.5721 17.8901,99.5686 17.8882,99.5661 17.8861,99.5641 17.8833,99.5612 17.8803,99.5587 17.8777,99.5563 17.8769,99.5550
1124	s	17.6540,99.2936 17.6524,99.2901 17.6490,99.2822 17.6486,99.2793 17.6487,99.2763
1096	s	18.9216,98.9385 18.9213,98.9382
ชร.5051	s	19.9154,99.8325 19.9193,99.8330 19.9211,99.8336
1152	s	19.8444,99.9700 19.8441,99.9664 19.8439,99.9626 19.8433,99.9597 19.8444,99.9540 19.8456,99.9512 19.8464,99.9495
ชร.5051	s	19.9370,99.8441 19.9369,99.8437
1174	s	20.0460,100.2941 20.0434,100.2931 20.0408,100.2920 20.0385,100.2901 20.0358,100.2878 20.0340,100.2854 20.0306,100.2792 20.0291,100.2765 20.0266,100.2746 20.0237,100.2737 20.0207,100.2727 20.0180,100.2715 20.0150,100.2724 20.0123,100.2714 20.0100,100.2687 20.0086,100.2662 20.0030,100.2627 19.9931,100.2586 19.9904,100.2575 19.9882,100.2567
1152	s	19.8689,100.1244 19.8663,100.1258 19.8644,100.1283 19.8620,100.1297 19.8587,100.1313 19.8563,100.1344 19.8543,100.1378 19.8524,100.1408 19.8508,100.1433 19.8492,100.1456 19.8482,100.1491 19.8475,100.1526 19.8472,100.1546
ชร.5051	s	19.9115,99.8326 19.9124,99.8325
1338	s	20.1805,99.7713 20.1833,99.7700 20.1859,99.7687 20.1881,99.7666 20.1912,99.7661 20.1939,99.7672 20.1965,99.7685 20.1989,99.7701 20.2012,99.7685 20.2053,99.7690 20.2082,99.7698 20.2110,99.7700 20.2139,99.7697 20.2166,99.7692 20.2193,99.7688 20.2215,99.7707 20.2212,99.7741 20.2231,99.7761 20.2259,99.7763 20.2285,99.7754 20.2314,99.7759 20.2345,99.7749 20.2362,99.7719 20.2382,99.7698 20.2402,99.7678 20.2413,99.7665
1346	s	19.3875,99.1475 19.3903,99.1488 19.3929,99.1506 19.3954,99.1521 19.3989,99.1534 19.4021,99.1528 19.4052,99.1528 19.4075,99.1544 19.4103,99.1548 19.4129,99.1554 19.4150,99.1573 19.4177,99.1582 19.4206,99.1580 19.4234,99.1581 19.4255,99.1562 19.4282,99.1567 19.4309,99.1568 19.4336,99.1553 19.4364,99.1561 19.4393,99.1571 19.4413,99.1602 19.4437,99.1646 19.4465,99.1659 19.4504,99.1682 19.4527,99.1700 19.4554,99.1706 19.4583,99.1701 19.4613,99.1694 19.4643,99.1696 19.4670,99.1688 19.4695,99.1700 19.4723,99.1699 19.4749,99.1708 19.4777,99.1707 19.4804,99.1714 19.4829,99.1701 19.4838,99.1673 19.4865,99.1669 19.4894,99.1675 19.4919,99.1665 19.4946,99.1669 19.4974,99.1674 19.4998,99.1687 19.5026,99.1691 19.5053,99.1684 19.5067,99.1710 19.5092,99.1723 19.5115,99.1732
1001	s	19.0668,98.9614 19.0667,98.9612
1001	s	19.0600,98.9586 19.0628,98.9580 19.0651,98.9591
1419	s	17.9779,100.0332 17.9785,100.0350
1209	s	18.4176,98.7487 18.4172,98.7528 18.4169,98.7558 18.4167,98.7589 18.4170,98.7618 18.4174,98.7651 18.4177,98.7683 18.4188,98.7711 18.4204,98.7745 18.4212,98.7783 18.4238,98.7813 18.4262,98.7837 18.4287,98.7859 18.4318,98.7897 18.4335,98.7923 18.4348,98.7949 18.4349,98.7955
1010	s	18.4354,98.7406 18.4370,98.7430 18.4395,98.7449 18.4420,98.7462 18.4447,98.7469 18.4484,98.7477 18.4511,98.7482
1006	s	18.7433,99.2010 18.7426,99.2043
1010	s	18.4350,98.7396 18.4354,98.7406
1209	s	20.0043,99.8674 20.0033,99.8711 20.0031,99.8743 20.0043,99.8771 20.0051,99.8799 20.0051,99.8829 20.0058,99.8859 20.0058,99.8861
1349	s	18.8635,98.7237 18.8619,98.7261 18.8616,98.7266
1409	s	20.4102,99.9146 20.4126,99.9167 20.4169,99.9167 20.4200,99.9165 20.4224,99.9140 20.4230,99.9107 20.4267,99.9085
1039	s	18.3183,99.3586 18.3217,99.3577 18.3243,99.3558 18.3259,99.3547
1035	s	18.3597,99.5484 18.3580,99.5461 18.3560,99.5441 18.3548,99.5433
1035	s	18.3435,99.5357 18.3404,99.5346 18.3380,99.5332 18.3360,99.5317
1348	s	18.2373,99.5827 18.2374,99.5828
1039	s	18.3259,99.3547 18.3235,99.3566 18.3190,99.3594 18.3179,99.3607
1035	s	18.3256,99.5249 18.3296,99.5270 18.3321,99.5287 18.3346,99.5305 18.3371,99.5324 18.3395,99.5340 18.3423,99.5350 18.3449,99.5363 18.3455,99.5367
1039	s	18.3277,99.3859 18.3283,99.3828
1141	s	18.7665,98.9878 18.7664,98.9881
1141	s	18.7663,98.9881 18.7664,98.9877
1147	s	18.7382,99.1254 18.7371,99.1259
1095	s	19.0738,98.9316 19.0730,98.9352 19.0726,98.9371
1095	s	19.0739,98.9314 19.0738,98.9316
1141	s	18.7645,99.0291 18.7639,99.0275
1317	s	18.7648,99.0297 18.7653,99.0317
1156	s	18.5230,98.8985 18.5213,98.8956 18.5189,98.8925 18.5151,98.8880 18.5128,98.8857 18.5105,98.8829 18.5090,98.8804 18.5078,98.8763 18.5062,98.8721 18.5048,98.8680 18.5032,98.8652 18.5010,98.8622 18.4989,98.8591 18.4962,98.8548 18.4944,98.8519 18.4912,98.8475 18.4895,98.8452 18.4855,98.8403 18.4832,98.8380 18.4819,98.8353 18.4802,98.8325 18.4783,98.8295 18.4768,98.8270 18.4747,98.8241 18.4720,98.8205 18.4702,98.8182 18.4669,98.8175 18.4642,98.8167 18.4614,98.8151 18.4608,98.8119 18.4591,98.8089 18.4565,98.8052 18.4546,98.8026 18.4526,98.7996 18.4515,98.7964 18.4512,98.7934 18.4509,98.7897 18.4506,98.7858 18.4487,98.7827 18.4466,98.7803 18.4436,98.7771 18.4410,98.7741 18.4377,98.7707 18.4354,98.7681 18.4338,98.7654 18.4330,98.7622 18.4327,98.7585 18.4319,98.7545 18.4311,98.7503 18.4305,98.7468 18.4299,98.7438 18.4280,98.7413 18.4260,98.7415
1219	s	17.9557,98.9111 17.9555,98.9141 17.9558,98.9170 17.9560,98.9202 17.9567,98.9239 17.9573,98.9276 17.9571,98.9322 17.9553,98.9343 17.9559,98.9372 17.9572,98.9401 17.9589,98.9440 17.9613,98.9469 17.9630,98.9495 17.9637,98.9525 17.9629,98.9553 17.9632,98.9594 17.9640,98.9622 17.9649,98.9650 17.9657,98.9679 17.9673,98.9704 17.9698,98.9730 17.9718,98.9762 17.9740,98.9784 17.9765,98.9804 17.9809,98.9830 17.9837,98.9858 17.9839,98.9893 17.9854,98.9919 17.9882,98.9926 17.9902,98.9948 17.9902,98.9981 17.9909,99.0012 17.9926,99.0035 17.9950,99.0048 17.9968,99.0070 17.9985,99.0092 17.9983,99.0121 17.9981,99.0151 17.9990,99.0190 17.9992,99.0219 17.9987,99.0268 17.9985,99.0297 17.9982,99.0315
1004	s	18.8125,98.9418 18.8130,98.9388 18.8141,98.9377
1156	s	18.5394,98.9388 18.5387,98.9359 18.5383,98.9349
1274	s	18.0632,99.2465 18.0601,99.2450 18.0576,99.2438 18.0556,99.2417 18.0525,99.2403 18.0501,99.2389 18.0488,99.2362 18.0479,99.2334
1098	s	20.1815,99.9534 20.1869,99.9525 20.1895,99.9517 20.1926,99.9495 20.1942,99.9471 20.1977,99.9420 20.1997,99.9396 20.2033,99.9390 20.2068,99.9397 20.2096,99.9402 20.2119,99.9385 20.2142,99.9369
1219	s	17.9532,98.8986 17.9547,98.9022 17.9557,98.9052
1035	s	18.8585,99.5977 18.8551,99.5988 18.8525,99.5998 18.8501,99.6012 18.8474,99.6012 18.8436,99.6024 18.8408,99.6023 18.8378,99.6027 18.8327,99.5996 18.8299,99.6003 18.8273,99.5987 18.8248,99.5972 18.8223,99.5960 18.8194,99.5954 18.8118,99.5904 18.8075,99.5900 18.8052,99.5885 18.8024,99.5872 18.7996,99.5873 18.7960,99.5876 18.7884,99.5849 18.7848,99.5845 18.7809,99.5845 18.7786,99.5824 18.7762,99.5804 18.7756,99.5772 18.7736,99.5748 18.7715,99.5728 18.7685,99.5727 18.7648,99.5736 18.7619,99.5717 18.7584,99.5709 18.7569,99.5710
1287	s	18.7569,99.5710 18.7571,99.5680 18.7585,99.5633 18.7589,99.5622
1252	s	18.7756,99.5310 18.7776,99.5278 18.7811,99.5250 18.7842,99.5225 18.7876,99.5208 18.7895,99.5187 18.7953,99.5166 18.8011,99.5148 18.8068,99.5131 18.8099,99.5124 18.8129,99.5129 18.8155,99.5124
1361	s	18.7256,99.5850 18.7231,99.5862 18.7198,99.5851 18.7169,99.5844 18.7136,99.5823 18.7125,99.5818
1035	s	18.7569,99.5710 18.7542,99.5716 18.7515,99.5724 18.7487,99.5744 18.7447,99.5767 18.7412,99.5771 18.7371,99.5776 18.7347,99.5791 18.7324,99.5813 18.7308,99.5826
1172	s	18.8591,100.4552 18.8621,100.4524 18.8642,100.4505 18.8663,100.4479 18.8683,100.4458 18.8711,100.4432 18.8739,100.4417 18.8776,100.4421 18.8799,100.4444 18.8833,100.4453 18.8854,100.4470 18.8864,100.4503 18.8907,100.4533 18.8936,100.4555 18.8982,100.4586 18.8994,100.4614 18.9018,100.4630 18.9042,100.4635
1006	s	18.7556,99.0977 18.7557,99.0974
1006	s	18.7557,99.0974 18.7571,99.0946 18.7586,99.0916 18.7599,99.0889 18.7613,99.0864 18.7631,99.0831 18.7631,99.0831
1147	s	18.7280,99.1376 18.7280,99.1377
1147	s	18.7280,99.1377 18.7275,99.1409 18.7271,99.1439 18.7265,99.1481 18.7259,99.1511 18.7257,99.1528
1147	s	18.6729,99.1425 18.6730,99.1426
1147	s	18.6730,99.1426 18.6747,99.1453 18.6772,99.1478 18.6804,99.1502 18.6844,99.1532 18.6861,99.1547
1317	s	18.7144,99.1413 18.7144,99.1411
1147	s	18.7257,99.1528 18.7257,99.1530
1147	s	18.7257,99.1530 18.7254,99.1577 18.7255,99.1606 18.7258,99.1615
1081	s	18.9862,100.9396 18.9834,100.9412 18.9823,100.9441 18.9823,100.9482 18.9823,100.9511 18.9810,100.9537 18.9802,100.9598 18.9818,100.9633 18.9802,100.9667 18.9773,100.9669 18.9750,100.9695 18.9725,100.9709 18.9726,100.9739 18.9726,100.9768 18.9725,100.9798 18.9728,100.9842 18.9733,100.9871 18.9743,100.9898 18.9766,100.9915 18.9787,100.9934 18.9811,100.9949 18.9824,100.9978 18.9809,101.0005 18.9791,101.0033 18.9779,101.0064 18.9768,101.0090 18.9755,101.0119 18.9749,101.0152 18.9742,101.0179 18.9730,101.0207 18.9728,101.0244 18.9729,101.0273 18.9734,101.0303 18.9739,101.0334 18.9738,101.0364 18.9755,101.0394 18.9762,101.0423 18.9767,101.0454 18.9779,101.0481 18.9801,101.0499 18.9830,101.0497 18.9858,101.0509 18.9885,101.0502 18.9878,101.0533 18.9864,101.0558 18.9846,101.0584 18.9841,101.0612 18.9837,101.0641 18.9841,101.0661
1350	s	19.0111,101.2009 19.0130,101.2030 19.0151,101.2050 19.0177,101.2061 19.0190,101.2087 19.0189,101.2108
1333	s	19.0817,101.1534 19.0795,101.1557 19.0771,101.1583 19.0744,101.1592 19.0714,101.1592 19.0677,101.1597 19.0657,101.1620 19.0647,101.1646 19.0633,101.1674 19.0608,101.1690 19.0576,101.1691 19.0562,101.1685
1257	s	18.9103,100.9502 18.9069,100.9499 18.9042,100.9493 18.9026,100.9486
1243	s	18.5632,100.9245 18.5630,100.9260
1243	s	18.6732,100.9919 18.6701,100.9909 18.6677,100.9892 18.6668,100.9864 18.6672,100.9834 18.6649,100.9813 18.6649,100.9781 18.6654,100.9753 18.6652,100.9716 18.6644,100.9689 18.6624,100.9669 18.6610,100.9642 18.6574,100.9637 18.6540,100.9652 18.6520,100.9671 18.6495,100.9684 18.6463,100.9686 18.6436,100.9697 18.6409,100.9700 18.6380,100.9693 18.6353,100.9672 18.6331,100.9654 18.6315,100.9627 18.6313,100.9596 18.6294,100.9573 18.6266,100.9576 18.6245,100.9555 18.6203,100.9561 18.6167,100.9566 18.6139,100.9577 18.6122,100.9575
1168	s	18.6773,100.9957 18.6834,100.9988 18.6855,101.0017 18.6882,101.0023 18.6910,101.0025 18.6945,101.0027 18.6972,101.0033 18.6999,101.0044 18.7027,101.0050 18.7056,101.0048 18.7084,101.0049 18.7110,101.0066 18.7130,101.0087 18.7162,101.0089 18.7192,101.0095 18.7223,101.0085 18.7253,101.0076 18.7280,101.0085 18.7308,101.0098 18.7335,101.0105 18.7364,101.0111 18.7395,101.0115 18.7425,101.0112 18.7453,101.0114 18.7481,101.0120 18.7510,101.0116 18.7539,101.0110 18.7540,101.0110
1317	s	18.7571,99.0502 18.7559,99.0526
1317	s	18.7559,99.0526 18.7557,99.0530
1026	s	18.5681,100.7421 18.5681,100.7428
1026	s	18.5679,100.7427 18.5684,100.7423
1120	s	18.8598,100.2862 18.8568,100.2859 18.8537,100.2854 18.8505,100.2848 18.8473,100.2846 18.8449,100.2824 18.8392,100.2793 18.8345,100.2766 18.8320,100.2752 18.8295,100.2739 18.8275,100.2718 18.8244,100.2710 18.8216,100.2697 18.8190,100.2683 18.8160,100.2661 18.8145,100.2636 18.8118,100.2621 18.8092,100.2611 18.8064,100.2609 18.8052,100.2581 18.8036,100.2554 18.8016,100.2532 18.7983,100.2520 18.7955,100.2515 18.7936,100.2492 18.7919,100.2463 18.7907,100.2436 18.7880,100.2426 18.7848,100.2433 18.7808,100.2432 18.7781,100.2431 18.7753,100.2407 18.7730,100.2388 18.7702,100.2361 18.7677,100.2345 18.7627,100.2328 18.7603,100.2310 18.7578,100.2298 18.7553,100.2311 18.7528,100.2323 18.7499,100.2328 18.7469,100.2330 18.7441,100.2336 18.7417,100.2356 18.7394,100.2373 18.7367,100.2373 18.7335,100.2359 18.7308,100.2357 18.7268,100.2355 18.7240,100.2341 18.7221,100.2319 18.7198,100.2304 18.7170,100.2302 18.7141,100.2298 18.7111,100.2288 18.7080,100.2279 18.7053,100.2269 18.7032,100.2247 18.7008,100.2232 18.6981,100.2235 18.6952,100.2238 18.6925,100.2231 18.6911,100.2205 18.6879,100.2206 18.6853,100.2218 18.6824,100.2222 18.6796,100.2232 18.6777,100.2255 18.6742,100.2247 18.6711,100.2250 18.6691,100.2273 18.6682,100.2301 18.6655,100.2321 18.6635,100.2346 18.6607,100.2352 18.6576,100.2349 18.6549,100.2365 18.6520,100.2381 18.6496,100.2396 18.6468,100.2393 18.6439,100.2389 18.6409,100.2398 18.6382,100.2390 18.6355,100.2397 18.6327,100.2383 18.6307,100.2357 18.6307,100.2328 18.6302,100.2298 18.6278,100.2278 18.6252,100.2267 18.6224,100.2258 18.6189,100.2252 18.6164,100.2241 18.6138,100.2232 18.6114,100.2216 18.6083,100.2215 18.6041,100.2212 18.5971,100.2184 18.5902,100.2163 18.5874,100.2162 18.5842,100.2141 18.5816,100.2121 18.5798,100.2098 18.5802,100.2067 18.5786,100.2044 18.5762,100.2031 18.5730,100.2030 18.5703,100.2039 18.5679,100.2024 18.5654,100.2008 18.5623,100.2002 18.5587,100.1999 18.5545,100.1987 18.5511,100.1978 18.5483,100.1977 18.5456,100.1972 18.5427,100.1954 18.5396,100.1933 18.5369,100.1906 18.5350,100.1883 18.5332,100.1862 18.5312,100.1837
1091	s	18.9461,100.2593 18.9464,100.2585
1188	s	19.1730,100.2816 19.1702,100.2831 19.1682,100.2846
1249	s	19.8013,99.1556 19.8021,99.1602 19.8025,99.1632 19.8023,99.1664 19.8023,99.1683
1367	s	18.8889,99.0278 18.8880,99.0308 18.8872,99.0320
1147	s	18.7322,99.1280 18.7319,99.1280
1147	s	18.7319,99.1280 18.7303,99.1303 18.7295,99.1332 18.7282,99.1362 18.7280,99.1376
1014	s	18.7641,99.0813 18.7646,99.0818
1014	s	18.7625,99.0803 18.7599,99.0782 18.7572,99.0761 18.7543,99.0737 18.7502,99.0703 18.7490,99.0692
1298	s	19.3114,100.0284 19.3114,100.0285
1154	s	18.4170,100.1825 18.4227,100.1830 18.4273,100.1833 18.4305,100.1836 18.4340,100.1839 18.4373,100.1842 18.4414,100.1846 18.4446,100.1850 18.4477,100.1853 18.4505,100.1855 18.4538,100.1849 18.4574,100.1840 18.4601,100.1833 18.4623,100.1828
1298	s	19.3114,100.0285 19.3099,100.0342 19.3098,100.0387 19.3099,100.0407
1154	s	18.4645,100.1822 18.4672,100.1815 18.4700,100.1808 18.4731,100.1842 18.4761,100.1877 18.4782,100.1901 18.4810,100.1934 18.4838,100.1967 18.4858,100.1991 18.4866,100.2001
1154	s	18.4623,100.1829 18.4597,100.1835 18.4563,100.1843 18.4527,100.1853 18.4496,100.1855 18.4469,100.1853 18.4440,100.1850 18.4405,100.1847 18.4375,100.1845 18.4305,100.1839 18.4270,100.1836 18.4235,100.1832 18.4201,100.1829 18.4173,100.1827 18.4168,100.1825
1134	s	18.1999,100.2248 18.2015,100.2215 18.2022,100.2187 18.2035,100.2132 18.2040,100.2103 18.2037,100.2069 18.2041,100.2041 18.2039,100.1982 18.2038,100.1966
1134	s	18.3026,100.2948 18.3001,100.2960 18.2990,100.2987 18.2962,100.3028 18.2949,100.3056 18.2924,100.3068 18.2882,100.3072 18.2849,100.3070 18.2821,100.3066 18.2788,100.3072 18.2761,100.3088 18.2733,100.3082 18.2706,100.3070 18.2679,100.3071 18.2643,100.3080 18.2616,100.3071 18.2589,100.3075 18.2587,100.3075
1022	s	18.1015,100.1878 18.0992,100.1896 18.0970,100.1914 18.0917,100.1967 18.0891,100.1997 18.0877,100.2023 18.0884,100.2052 18.0887,100.2089 18.0884,100.2120 18.0858,100.2130
1232	s	19.9080,99.8956 19.9080,99.8951
1233	s	19.8791,99.8890 19.8791,99.8898
1232	s	19.9080,99.8951 19.9107,99.8928 19.9119,99.8900 19.9130,99.8883
1233	s	19.8791,99.8898 19.8792,99.8908
11	s	18.4635,99.1305 18.4650,99.1280 18.4664,99.1277
1022	s	18.0356,100.2616 18.0352,100.2620
1022	s	18.0850,100.2130 18.0827,100.2144 18.0797,100.2152 18.0766,100.2175 18.0739,100.2197 18.0716,100.2212 18.0689,100.2218 18.0671,100.2247 18.0642,100.2257
1101	s	18.1349,100.2044 18.1309,100.2054 18.1281,100.2061 18.1249,100.2068 18.1221,100.2075 18.1174,100.2086 18.1139,100.2085 18.1110,100.2075 18.1072,100.2062 18.1034,100.2048 18.0988,100.2032 18.0958,100.2021 18.0930,100.2011 18.0891,100.1997
1022	s	18.0858,100.2130 18.0850,100.2130
1022	s	18.0352,100.2620 18.0352,100.2651 18.0345,100.2682 18.0367,100.2707 18.0356,100.2735 18.0369,100.2768 18.0377,100.2796 18.0383,100.2825 18.0378,100.2853 18.0367,100.2880 18.0345,100.2906 18.0339,100.2910
1217	s	18.2293,100.4131 18.2316,100.4115 18.2357,100.4113 18.2384,100.4125 18.2412,100.4130 18.2437,100.4150 18.2459,100.4186 18.2474,100.4210 18.2503,100.4196 18.2536,100.4199 18.2549,100.4199
1216	s	18.3927,100.4577 18.3890,100.4569 18.3857,100.4559 18.3816,100.4572 18.3790,100.4565 18.3764,100.4545 18.3738,100.4531 18.3695,100.4529 18.3662,100.4514 18.3638,100.4491 18.3610,100.4488 18.3581,100.4468 18.3548,100.4435 18.3501,100.4419 18.3467,100.4421 18.3443,100.4454 18.3418,100.4466 18.3403,100.4491 18.3404,100.4521 18.3382,100.4539 18.3373,100.4566 18.3385,100.4597 18.3369,100.4621 18.3377,100.4649 18.3378,100.4678 18.3378,100.4680
1006	s	18.7796,99.0457 18.7797,99.0454
1349	s	19.0419,98.3229 19.0415,98.3229
1222	s	19.7051,100.2856 19.7022,100.2850 19.6995,100.2839 19.6973,100.2807 19.6948,100.2788 19.6930,100.2766 19.6898,100.2749 19.6871,100.2748 19.6843,100.2753 19.6813,100.2730 19.6798,100.2697 19.6775,100.2682 19.6748,100.2675 19.6728,100.2653 19.6711,100.2630 19.6678,100.2635
1208	s	19.8341,99.7436 19.8354,99.7409 19.8369,99.7384 19.8385,99.7359 19.8399,99.7330 19.8419,99.7307 19.8442,99.7290 19.8451,99.7277
1417	s	19.6974,99.5814 19.6981,99.5825
1387	s	20.2698,99.8380 20.2726,99.8385 20.2745,99.8405 20.2754,99.8432 20.2754,99.8461 20.2741,99.8487 20.2729,99.8516 20.2719,99.8556 20.2710,99.8588 20.2707,99.8609
1345	s	19.4685,100.4688 19.4712,100.4675 19.4737,100.4662 19.4756,100.4641 19.4784,100.4632 19.4813,100.4634 19.4838,100.4644 19.4857,100.4665 19.4887,100.4656 19.4911,100.4641 19.4942,100.4629 19.4953,100.4599 19.4982,100.4574 19.4986,100.4574
1188	s	19.2016,100.4622 19.2041,100.4642 19.2049,100.4669 19.2057,100.4704 19.2093,100.4730 19.2139,100.4721 19.2185,100.4720 19.2212,100.4713 19.2238,100.4723 19.2267,100.4730 19.2297,100.4728 19.2341,100.4738 19.2363,100.4757 19.2368,100.4786 19.2379,100.4812 19.2360,100.4834 19.2357,100.4864 19.2379,100.4895 19.2411,100.4908 19.2433,100.4928 19.2462,100.4924 19.2491,100.4920 19.2520,100.4923 19.2544,100.4910 19.2557,100.4909
1188	s	19.1678,100.2855 19.1671,100.2884 19.1667,100.2970 19.1674,100.3030 19.1673,100.3069 19.1672,100.3106 19.1671,100.3141 19.1669,100.3183 19.1666,100.3269 19.1646,100.3314 19.1635,100.3340 19.1629,100.3407 19.1687,100.3493 19.1702,100.3519 19.1699,100.3549 19.1714,100.3591 19.1712,100.3634 19.1677,100.3721 19.1657,100.3796 19.1659,100.3885 19.1643,100.3908 19.1606,100.3944 19.1575,100.3949 19.1520,100.3939 19.1505,100.3979 19.1506,100.3989
1390	s	20.3257,99.8160 20.3277,99.8182 20.3273,99.8211 20.3276,99.8241 20.3274,99.8246
1149	s	20.3257,99.8160 20.3272,99.8135 20.3288,99.8111 20.3284,99.8082 20.3262,99.8098 20.3241,99.8119 20.3219,99.8101 20.3199,99.8081 20.3172,99.8087 20.3145,99.8083 20.3137,99.8055 20.3113,99.8039 20.3098,99.8064 20.3118,99.8092 20.3137,99.8113 20.3160,99.8131 20.3149,99.8157 20.3137,99.8184 20.3110,99.8196 20.3082,99.8184 20.3059,99.8168 20.3032,99.8164 20.3000,99.8164 20.2973,99.8151 20.2947,99.8158 20.2924,99.8173 20.2917,99.8145 20.2890,99.8148 20.2863,99.8161 20.2838,99.8146 20.2835,99.8117 20.2808,99.8115 20.2781,99.8101 20.2756,99.8115 20.2738,99.8090 20.2729,99.8120 20.2744,99.8145 20.2714,99.8156 20.2708,99.8187 20.2680,99.8192 20.2654,99.8201 20.2628,99.8208 20.2628,99.8237 20.2630,99.8266 20.2644,99.8291 20.2651,99.8320 20.2676,99.8342 20.2694,99.8363 20.2707,99.8413 20.2703,99.8450 20.2693,99.8481 20.2683,99.8512 20.2672,99.8543 20.2664,99.8571
1149	s	20.2657,99.8586 20.2664,99.8571
1149	s	20.2664,99.8571 20.2658,99.8586
1168	s	18.6732,100.9919 18.6705,100.9927 18.6680,100.9938 18.6652,100.9940 18.6625,100.9939 18.6598,100.9935 18.6564,100.9925 18.6544,100.9946 18.6507,100.9956 18.6499,100.9986 18.6490,101.0013 18.6500,101.0044 18.6497,101.0073 18.6468,101.0086 18.6439,101.0101 18.6437,101.0102
1371	s	19.1440,100.9444 19.1458,100.9470 19.1485,100.9464 19.1487,100.9463
1092	s	19.3882,100.4013 19.3858,100.3998 19.3821,100.3982 19.3793,100.3965 19.3781,100.3938 19.3761,100.3958 19.3731,100.3969 19.3706,100.3957 19.3676,100.3951 19.3648,100.3952 19.3621,100.3941 19.3591,100.3934 19.3564,100.3941 19.3540,100.3925 19.3515,100.3936 19.3487,100.3932 19.3483,100.3960 19.3451,100.3942 19.3429,100.3963 19.3404,100.3978 19.3371,100.4000 19.3355,100.4027 19.3338,100.4051 19.3312,100.4063 19.3277,100.4080 19.3249,100.4078 19.3223,100.4062 19.3195,100.4064 19.3192,100.4062
1092	s	19.1843,100.2777 19.1843,100.2808 19.1858,100.2832 19.1847,100.2864 19.1839,100.2910 19.1845,100.2921
1179	s	19.2386,100.3303 19.2423,100.3315 19.2463,100.3340 19.2494,100.3354 19.2544,100.3368 19.2571,100.3380 19.2601,100.3402 19.2631,100.3426 19.2658,100.3426 19.2677,100.3395 19.2677,100.3352 19.2677,100.3321 19.2693,100.3298 19.2731,100.3292 19.2771,100.3290 19.2807,100.3281 19.2834,100.3276 19.2862,100.3284 19.2901,100.3278 19.2930,100.3275 19.2960,100.3269 19.2987,100.3264 19.3018,100.3245 19.3038,100.3210 19.3055,100.3184 19.3067,100.3158 19.3096,100.3170 19.3116,100.3196 19.3139,100.3179 19.3163,100.3166 19.3182,100.3142
นน.ถ1-0045	s	18.3323,100.6230 18.3296,100.6220 18.3266,100.6209 18.3242,100.6183 18.3223,100.6162 18.3189,100.6148 18.3171,100.6118 18.3177,100.6080 18.3162,100.6056 18.3134,100.6049 18.3110,100.6031 18.3087,100.6007 18.3048,100.5978 18.3027,100.5959 18.3005,100.5936 18.2990,100.5910 18.2967,100.5892 18.2958,100.5863 18.2960,100.5830 18.2954,100.5800 18.2940,100.5783
1342	s	18.2293,100.4131 18.2296,100.4100 18.2275,100.4075 18.2263,100.4039 18.2256,100.4016
1343	s	18.1916,100.3803 18.1923,100.3772 18.1938,100.3746 18.1937,100.3697 18.1944,100.3664 18.1939,100.3627 18.1937,100.3598 18.1947,100.3565 18.1959,100.3538 18.1962,100.3508 18.1962,100.3473 18.1979,100.3427 18.1980,100.3398 18.1982,100.3368 18.1986,100.3332 18.1983,100.3300 18.1986,100.3262 18.2002,100.3238 18.2000,100.3207 18.1998,100.3177 18.1994,100.3147 18.2008,100.3122 18.2014,100.3092 18.2014,100.3063 18.2020,100.3033 18.2035,100.3003 18.2041,100.2973 18.2044,100.2951
1378	s	20.2432,99.7663 20.2441,99.7636 20.2470,99.7622 20.2491,99.7604 20.2492,99.7574 20.2516,99.7557 20.2506,99.7530 20.2496,99.7502 20.2519,99.7485 20.2519,99.7455 20.2527,99.7426 20.2547,99.7405 20.2576,99.7401 20.2603,99.7392 20.2629,99.7377 20.2652,99.7394 20.2674,99.7414 20.2689,99.7438 20.2714,99.7451 20.2740,99.7462 20.2767,99.7471 20.2785,99.7495 20.2807,99.7511 20.2828,99.7530 20.2850,99.7547 20.2868,99.7569 20.2885,99.7592 20.2890,99.7621 20.2906,99.7644 20.2932,99.7654 20.2932,99.7683 20.2938,99.7698
1405	s	18.1252,100.1617 18.1287,100.1608 18.1308,100.1587 18.1327,100.1566 18.1347,100.1539
1021	s	19.1577,99.9633 19.1602,99.9695 19.1611,99.9726 19.1615,99.9760 19.1616,99.9768
1251	s	19.0256,100.0625 19.0226,100.0625 19.0167,100.0623 19.0096,100.0621 19.0026,100.0619 18.9976,100.0639 18.9933,100.0656 18.9896,100.0666 18.9824,100.0687 18.9755,100.0721 18.9731,100.0735 18.9700,100.0745 18.9675,100.0744
1251	s	19.1629,99.9923 19.1600,99.9933 19.1572,99.9942 19.1544,99.9947 19.1517,99.9969 19.1493,99.9987 19.1479,100.0030
1354	s	19.5556,99.7418 19.5588,99.7418 19.5619,99.7430 19.5649,99.7440 19.5672,99.7458 19.5722,99.7468 19.5737,99.7474
1354	s	19.5743,99.7476 19.5744,99.7480
1354	s	19.5747,99.7477 19.5742,99.7477
1317	s	18.7242,99.1059 18.7222,99.1090 18.7205,99.1115 18.7188,99.1142 18.7167,99.1173 18.7149,99.1201 18.7133,99.1227 18.7118,99.1255 18.7110,99.1295 18.7112,99.1331 18.7122,99.1361 18.7135,99.1389 18.7144,99.1409
1317	s	18.7425,99.0780 18.7403,99.0813 18.7385,99.0841 18.7369,99.0866 18.7350,99.0895 18.7334,99.0919
1249	s	19.8415,99.0743 19.8455,99.0720 19.8485,99.0710 19.8504,99.0689 19.8514,99.0662 19.8530,99.0633 19.8544,99.0608 19.8556,99.0578 19.8559,99.0546 19.8573,99.0517 19.8595,99.0496 19.8623,99.0497 19.8640,99.0521 19.8668,99.0525 19.8698,99.0530 19.8728,99.0536 19.8757,99.0527 19.8779,99.0509 19.8790,99.0481 19.8830,99.0469 19.8859,99.0467 19.8887,99.0466 19.8915,99.0467 19.8941,99.0458 19.8971,99.0458 19.8999,99.0449 19.9005,99.0421 19.9006,99.0400
1098	s	20.1715,99.9559 20.1692,99.9612 20.1676,99.9647 20.1658,99.9680 20.1641,99.9709 20.1626,99.9736 20.1624,99.9783 20.1624,99.9825 20.1634,99.9856 20.1642,99.9885 20.1654,99.9937 20.1657,99.9968 20.1673,99.9998 20.1673,100.0012
1155	s	19.9080,100.4102 19.9102,100.4118 19.9108,100.4148 19.9129,100.4166 19.9156,100.4161 19.9177,100.4179 19.9199,100.4197 19.9228,100.4197 19.9259,100.4202 19.9293,100.4207 19.9319,100.4218 19.9343,100.4231 19.9354,100.4245
1385	s	19.9295,100.3069 19.9294,100.3022 19.9294,100.2981 19.9294,100.2947 19.9293,100.2891 19.9287,100.2883
1189	s	18.6836,99.0622 18.6831,99.0654 18.6829,99.0683 18.6824,99.0713 18.6818,99.0748 18.6818,99.0754
101	s	18.2020,100.1954 18.1999,100.1939
1419	s	17.9833,100.0527 17.9845,100.0553 17.9836,100.0584 17.9834,100.0588
1419	s	17.9809,100.0541 17.9813,100.0540
1022	s	18.0544,100.2389 18.0545,100.2357 18.0555,100.2327 18.0583,100.2320 18.0607,100.2300 18.0623,100.2275 18.0638,100.2257
1022	s	18.0642,100.2257 18.0638,100.2257
1022	s	18.0394,100.2594 18.0379,100.2618 18.0356,100.2616
1022	s	18.0485,100.2531 18.0483,100.2529
1022	s	18.0544,100.2389 18.0543,100.2390
1022	s	18.0543,100.2390 18.0521,100.2409 18.0512,100.2437 18.0505,100.2467 18.0507,100.2495 18.0505,100.2525 18.0485,100.2531
1419	s	17.9731,100.0766 17.9758,100.0733 17.9779,100.0691 17.9805,100.0642 17.9829,100.0596 17.9834,100.0588
พร.4030	s	18.1254,100.1424 18.1274,100.1378
1419	s	17.9834,100.0588 17.9819,100.0618 17.9799,100.0656 17.9785,100.0682 17.9771,100.0711 17.9746,100.0759 17.9732,100.0767
1419	s	17.9730,100.0767 17.9731,100.0766
1419	s	17.9732,100.0767 17.9731,100.0768
1102	s	18.5836,99.0218 18.5806,99.0225 18.5782,99.0240 18.5746,99.0276 18.5650,99.0371 18.5615,99.0406 18.5581,99.0439 18.5555,99.0458 18.5535,99.0465
1015	s	18.5838,98.9935 18.5851,98.9909 18.5867,98.9879 18.5882,98.9850 18.5905,98.9808 18.5905,98.9808
1015	s	18.5984,98.9672 18.5995,98.9654
1088	s	18.2318,98.4399 18.2325,98.4394
1096	s	18.8773,98.8021 18.8783,98.8049 18.8794,98.8075 18.8804,98.8103 18.8819,98.8127 18.8841,98.8145 18.8850,98.8167
1317	s	18.8486,99.2685 18.8471,99.2656 18.8441,99.2637 18.8408,99.2623 18.8380,99.2626 18.8350,99.2624 18.8319,99.2611 18.8294,99.2599 18.8265,99.2599 18.8234,99.2594 18.8200,99.2587 18.8171,99.2568 18.8127,99.2523 18.8104,99.2499 18.8072,99.2497 18.8044,99.2502 18.8018,99.2491 18.8002,99.2461 18.7972,99.2447
1208	s	19.8237,99.7655 19.8235,99.7657
1208	s	19.8234,99.7656 19.8236,99.7655
1208	s	19.8243,99.7642 19.8239,99.7653
1208	s	19.8236,99.7655 19.8238,99.7651
1209	s	20.0044,99.8672 20.0043,99.8674
1232	s	19.9103,99.8407 19.9103,99.8405
1020	s	19.8333,99.8805 19.8360,99.8791 19.8381,99.8774 19.8394,99.8755
1020	s	19.7751,99.9108 19.7722,99.9112 19.7692,99.9115 19.7662,99.9119 19.7631,99.9123 19.7598,99.9128 19.7565,99.9133 19.7532,99.9137 19.7496,99.9141 19.7468,99.9141 19.7440,99.9142 19.7408,99.9148 19.7350,99.9161 19.7320,99.9166 19.7231,99.9175 19.7197,99.9179 19.7154,99.9183 19.7127,99.9186 19.7016,99.9185 19.6977,99.9183 19.6949,99.9184 19.6924,99.9198 19.6899,99.9212 19.6855,99.9238 19.6828,99.9253 19.6804,99.9269 19.6784,99.9290 19.6748,99.9296 19.6716,99.9300 19.6689,99.9304 19.6677,99.9307
1020	s	19.8393,99.8758 19.8376,99.8781 19.8352,99.8796 19.8333,99.8805
1020	s	19.6677,99.9307 19.6620,99.9330 19.6591,99.9333 19.6563,99.9334 19.6548,99.9361 19.6539,99.9388 19.6518,99.9413 19.6489,99.9440 19.6464,99.9465 19.6446,99.9490 19.6432,99.9515 19.6421,99.9541 19.6433,99.9566 19.6430,99.9597 19.6411,99.9633 19.6401,99.9662 19.6384,99.9698 19.6372,99.9728 19.6341,99.9752 19.6310,99.9766 19.6268,99.9797 19.6233,99.9824 19.6222,99.9866 19.6213,99.9894 19.6194,99.9915 19.6180,99.9936
1292	s	19.6013,100.0520 19.5996,100.0543 19.5982,100.0571 19.5972,100.0603 19.5954,100.0636 19.5948,100.0699 19.5897,100.0727 19.5872,100.0737 19.5853,100.0764 19.5827,100.0774 19.5804,100.0790 19.5764,100.0820 19.5741,100.0856 19.5734,100.0884 19.5736,100.0913 19.5730,100.0943 19.5719,100.0975 19.5711,100.1003 19.5695,100.1026 19.5665,100.1051 19.5632,100.1075 19.5607,100.1092 19.5573,100.1097 19.5543,100.1099 19.5516,100.1102 19.5476,100.1101 19.5447,100.1099 19.5417,100.1095 19.5341,100.1108 19.5309,100.1098 19.5272,100.1081 19.5241,100.1072 19.5204,100.1066 19.5210,100.1037 19.5226,100.1013 19.5207,100.0992 19.5181,100.0982 19.5167,100.0956 19.5138,100.0945 19.5100,100.0936 19.5062,100.0926 19.5014,100.0915 19.4987,100.0909 19.4950,100.0905 19.4923,100.0896 19.4897,100.0887 19.4866,100.0874 19.4839,100.0868 19.4826,100.0933 19.4798,100.0944 19.4772,100.0933 19.4745,100.0931 19.4713,100.0932 19.4702,100.0934
1021	s	19.1649,99.9991 19.1668,100.0020 19.1686,100.0035
1126	s	19.4702,100.0934 19.4678,100.0951 19.4628,100.0994 19.4615,100.0996
1292	s	19.4483,100.1100 19.4455,100.1101 19.4429,100.1109 19.4404,100.1120 19.4373,100.1156 19.4342,100.1157 19.4314,100.1153 19.4279,100.1172 19.4251,100.1183 19.4193,100.1194 19.4163,100.1201 19.4137,100.1210 19.4107,100.1211 19.4080,100.1205 19.4053,100.1202 19.4017,100.1209 19.3977,100.1245 19.3941,100.1269 19.3914,100.1271 19.3878,100.1273 19.3829,100.1273 19.3799,100.1274 19.3767,100.1274 19.3687,100.1275 19.3646,100.1289 19.3612,100.1296 19.3584,100.1298 19.3552,100.1290 19.3526,100.1280 19.3502,100.1267 19.3468,100.1262 19.3452,100.1287 19.3445,100.1316 19.3439,100.1325
1126	s	19.4606,100.0993 19.4588,100.1018 19.4535,100.1065 19.4506,100.1089 19.4483,100.1100
1126	s	19.4615,100.0996 19.4606,100.0993
1091	s	18.8817,100.2831 18.8795,100.2849 18.8768,100.2857 18.8741,100.2864 18.8731,100.2866
1091	s	18.8519,100.6512 18.8543,100.6498 18.8550,100.6495
1091	s	18.8476,100.4227 18.8482,100.4232
1091	s	18.8509,100.4452 18.8496,100.4414
1091	s	18.8385,100.3667 18.8385,100.3668
1091	s	18.7764,100.7639 18.7782,100.7604 18.7790,100.7575 18.7797,100.7546 18.7806,100.7519 18.7813,100.7491 18.7834,100.7467 18.7854,100.7443 18.7870,100.7414 18.7895,100.7395 18.7913,100.7373 18.7923,100.7346 18.7938,100.7310 18.7949,100.7278 18.7962,100.7248 18.7964,100.7216 18.7969,100.7187 18.7977,100.7159 18.7999,100.7132 18.8021,100.7114 18.8046,100.7100 18.8065,100.7078 18.8098,100.7069 18.8130,100.7042 18.8143,100.7017 18.8138,100.6982 18.8136,100.6971
1091	s	18.8137,100.6971 18.8144,100.6999 18.8139,100.7028 18.8115,100.7061 18.8082,100.7071 18.8059,100.7087 18.8026,100.7112 18.8001,100.7132 18.7982,100.7153 18.7972,100.7181 18.7965,100.7209 18.7966,100.7239 18.7954,100.7269 18.7945,100.7296 18.7927,100.7337 18.7916,100.7368 18.7892,100.7398 18.7868,100.7423 18.7851,100.7449 18.7832,100.7470 18.7812,100.7496 18.7804,100.7531 18.7796,100.7558 18.7787,100.7592 18.7771,100.7627 18.7764,100.7639
1091	s	18.9264,100.2740 18.9262,100.2741
1091	s	18.8821,100.2825 18.8817,100.2831
1091	s	18.8457,100.4213 18.8459,100.4214
1091	s	18.8574,100.6484 18.8603,100.6468 18.8617,100.6442 18.8626,100.6416
1091	s	18.8484,100.4234 18.8494,100.4262 18.8491,100.4297 18.8499,100.4326 18.8500,100.4365 18.8499,100.4398 18.8498,100.4414
1091	s	18.8168,100.6686 18.8156,100.6659 18.8168,100.6633 18.8205,100.6624 18.8232,100.6617 18.8268,100.6606 18.8299,100.6609 18.8325,100.6598 18.8347,100.6580 18.8369,100.6555 18.8395,100.6546 18.8423,100.6553 18.8468,100.6548 18.8494,100.6541 18.8510,100.6517 18.8514,100.6515
1091	s	18.8136,100.6971 18.8139,100.6967
1091	s	18.9461,100.2593 18.9431,100.2611 18.9403,100.2616 18.9369,100.2620 18.9343,100.2629 18.9322,100.2649 18.9289,100.2725 18.9264,100.2740
1091	s	18.8514,100.6515 18.8519,100.6512
1091	s	18.8385,100.3668 18.8385,100.3699 18.8405,100.3728 18.8404,100.3757 18.8408,100.3788 18.8403,100.3817 18.8399,100.3850 18.8417,100.3872 18.8424,100.3900 18.8420,100.3929 18.8421,100.3962 18.8436,100.3990 18.8449,100.4019 18.8445,100.4052 18.8444,100.4093 18.8444,100.4123 18.8430,100.4148 18.8431,100.4185 18.8449,100.4206 18.8457,100.4213
1091	s	18.8482,100.4232 18.8484,100.4234
1091	s	18.9514,100.2535 18.9510,100.2537
1091	s	18.9262,100.2741 18.9231,100.2748 18.9204,100.2751 18.9176,100.2753 18.9150,100.2761 18.9125,100.2774 18.9076,100.2789 18.9033,100.2802 18.9000,100.2832 18.8978,100.2839
1091	s	18.8459,100.4214 18.8476,100.4227
1091	s	18.8624,100.6410 18.8625,100.6413
1091	s	18.8747,100.5891 18.8740,100.5924 18.8718,100.5967 18.8699,100.5993 18.8685,100.6020 18.8665,100.6046 18.8642,100.6065 18.8628,100.6089 18.8623,100.6118 18.8631,100.6145 18.8656,100.6176 18.8656,100.6206 18.8667,100.6233 18.8669,100.6267 18.8664,100.6296 18.8648,100.6319 18.8636,100.6344
1091	s	18.8550,100.6495 18.8554,100.6493
1091	s	19.0021,100.2809 18.9983,100.2791 18.9954,100.2762 18.9932,100.2723 18.9911,100.2701 18.9891,100.2677 18.9873,100.2655 18.9833,100.2654 18.9765,100.2643 18.9733,100.2628 18.9704,100.2613 18.9681,100.2592 18.9655,100.2583 18.9625,100.2571 18.9604,100.2552 18.9582,100.2527 18.9552,100.2524 18.9514,100.2535
1091	s	18.9510,100.2537 18.9485,100.2548 18.9464,100.2585
1091	s	18.7764,100.7639 18.7757,100.7659
1091	s	19.3106,100.1683 19.3080,100.1705 19.3057,100.1727 19.3036,100.1754 19.3012,100.1787 19.2992,100.1812 19.2972,100.1839 19.2962,100.1872 19.2942,100.1895 19.2939,100.1906
1026	s	18.2908,100.7140 18.2908,100.7139
1026	s	18.4550,100.7129 18.4549,100.7127
1026	s	18.3107,100.7055 18.3082,100.7040 18.3044,100.7044 18.3016,100.7042 18.2996,100.7067 18.2964,100.7099 18.2929,100.7127 18.2908,100.7140
1026	s	18.4117,100.7023 18.4115,100.7023
1026	s	18.5383,100.7558 18.5379,100.7556
1026	s	18.4226,100.6993 18.4226,100.7022 18.4186,100.7034 18.4182,100.7035
1026	s	18.4180,100.7035 18.4168,100.7039
1026	s	18.4166,100.7039 18.4149,100.7024
1026	s	18.2386,100.6836 18.2383,100.6831
1026	s	18.2624,100.7051 18.2600,100.7033 18.2576,100.7020 18.2539,100.7004 18.2491,100.6979 18.2467,100.6966 18.2446,100.6944 18.2423,100.6923 18.2412,100.6896 18.2397,100.6870 18.2388,100.6840 18.2386,100.6836
1026	s	18.3843,100.7113 18.3840,100.7111
1026	s	18.4354,100.7074 18.4352,100.7073
1026	s	18.4030,100.7025 18.4028,100.7026
1026	s	18.5614,100.7538 18.5587,100.7546 18.5558,100.7553 18.5526,100.7558 18.5496,100.7558 18.5467,100.7559 18.5446,100.7559
1026	s	18.2626,100.7052 18.2624,100.7051
1026	s	18.2384,100.6801 18.2368,100.6762 18.2329,100.6730 18.2319,100.6701 18.2311,100.6673 18.2303,100.6646 18.2275,100.6648 18.2249,100.6659 18.2222,100.6663 18.2201,100.6681 18.2173,100.6685 18.2143,100.6673 18.2116,100.6669 18.2085,100.6664 18.2047,100.6665 18.2021,100.6656 18.2007,100.6630 18.1984,100.6616 18.1962,100.6598 18.1927,100.6596 18.1897,100.6602 18.1828,100.6584
1026	s	18.4149,100.7024 18.4147,100.7023
1026	s	18.3111,100.7058 18.3107,100.7055
1026	s	18.4549,100.7127 18.4522,100.7132 18.4492,100.7129 18.4469,100.7112 18.4445,100.7100 18.4421,100.7083 18.4395,100.7092 18.4368,100.7079 18.4354,100.7074
1026	s	18.4115,100.7023 18.4100,100.7000 18.4079,100.7019 18.4051,100.7019 18.4030,100.7025
1026	s	18.5379,100.7556 18.5349,100.7551 18.5298,100.7552 18.5271,100.7553 18.5265,100.7555
1026	s	18.4182,100.7035 18.4180,100.7035
1026	s	18.5265,100.7555 18.5261,100.7557
1026	s	18.5446,100.7559 18.5475,100.7558 18.5504,100.7557 18.5534,100.7556 18.5565,100.7550 18.5612,100.7538 18.5614,100.7538
1026	s	18.2777,100.7154 18.2774,100.7152
1026	s	18.2908,100.7139 18.2878,100.7151 18.2848,100.7152 18.2822,100.7161 18.2794,100.7159 18.2777,100.7154
1026	s	18.2774,100.7152 18.2752,100.7134 18.2727,100.7112 18.2699,100.7105 18.2671,100.7103 18.2654,100.7079 18.2635,100.7057 18.2626,100.7052
1026	s	18.3840,100.7111 18.3834,100.7082 18.3810,100.7070 18.3782,100.7077 18.3754,100.7075 18.3728,100.7065 18.3703,100.7055 18.3673,100.7065 18.3649,100.7081 18.3625,100.7097 18.3599,100.7108 18.3581,100.7132 18.3571,100.7157
1026	s	18.4168,100.7039 18.4166,100.7039
1026	s	18.2383,100.6831 18.2384,100.6802 18.2384,100.6801
1026	s	18.4028,100.7026 18.3978,100.7049 18.3955,100.7066 18.3927,100.7064 18.3902,100.7076 18.3875,100.7102 18.3850,100.7113 18.3843,100.7113
1026	s	18.4227,100.6991 18.4226,100.6993
1026	s	18.5261,100.7557 18.5232,100.7556 18.5195,100.7536 18.5123,100.7496 18.5080,100.7477 18.5057,100.7461 18.5032,100.7443 18.5007,100.7428 18.4970,100.7398 18.4945,100.7385 18.4906,100.7376 18.4881,100.7351 18.4858,100.7316 18.4833,100.7303 18.4804,100.7299 18.4785,100.7278 18.4770,100.7253 18.4774,100.7225 18.4750,100.7240 18.4732,100.7218 18.4714,100.7194 18.4693,100.7172 18.4660,100.7179 18.4626,100.7171 18.4599,100.7167 18.4571,100.7162 18.4547,100.7147 18.4550,100.7129
1026	s	18.5446,100.7559 18.5409,100.7560 18.5383,100.7558
1026	s	18.4352,100.7073 18.4328,100.7058 18.4312,100.7033 18.4305,100.7002 18.4298,100.6974 18.4283,100.6950 18.4258,100.6963 18.4233,100.6974 18.4227,100.6991
1026	s	18.4147,100.7023 18.4117,100.7023
1026	s	18.5698,100.7517 18.5669,100.7525 18.5630,100.7534 18.5614,100.7538
1162	s	18.5102,100.8946 18.5120,100.8968 18.5133,100.9005 18.5128,100.9051 18.5117,100.9082 18.5102,100.9107 18.5098,100.9135 18.5073,100.9165 18.5048,100.9177 18.5020,100.9182 18.4994,100.9196 18.4961,100.9207 18.4936,100.9220 18.4903,100.9252 18.4898,100.9280 18.4874,100.9304 18.4848,100.9315 18.4834,100.9349 18.4839,100.9362
1162	s	18.5151,100.8800 18.5137,100.8825 18.5150,100.8851 18.5142,100.8879 18.5128,100.8904 18.5108,100.8925 18.5104,100.8936
1162	s	18.5501,100.7598 18.5498,100.7630
1162	s	18.5185,100.8658 18.5175,100.8688 18.5162,100.8714 18.5154,100.8742 18.5165,100.8769 18.5155,100.8797 18.5153,100.8799
1162	s	18.5496,100.7558 18.5502,100.7587 18.5501,100.7598
1162	s	18.5498,100.7630 18.5496,100.7659 18.5528,100.7668 18.5522,100.7696 18.5519,100.7725 18.5529,100.7768 18.5528,100.7797 18.5500,100.7800 18.5472,100.7830 18.5452,100.7851 18.5433,100.7874 18.5411,100.7902 18.5373,100.7939 18.5343,100.7955 18.5334,100.7984 18.5322,100.8013 18.5324,100.8055 18.5315,100.8083 18.5295,100.8113 18.5302,100.8147 18.5295,100.8188 18.5292,100.8221 18.5300,100.8250 18.5294,100.8279 18.5296,100.8309 18.5315,100.8346 18.5302,100.8386 18.5293,100.8423 18.5305,100.8458 18.5314,100.8493 18.5315,100.8525 18.5339,100.8551 18.5349,100.8580 18.5326,100.8565 18.5299,100.8565 18.5271,100.8577 18.5247,100.8595 18.5222,100.8614 18.5198,100.8641 18.5186,100.8657
1162	s	18.5153,100.8799 18.5151,100.8800
1162	s	18.5104,100.8936 18.5102,100.8946
1162	s	18.5186,100.8657 18.5185,100.8658
1083	s	18.3259,100.7240 18.3262,100.7207 18.3265,100.7172 18.3271,100.7156
1083	s	18.3259,100.7244 18.3259,100.7240
1026	s	18.0596,100.6785 18.0572,100.6797 18.0564,100.6801
1339	s	18.0475,100.6908 18.0456,100.6889 18.0440,100.6912 18.0414,100.6929 18.0407,100.6957 18.0380,100.6964 18.0358,100.6982 18.0343,100.7006 18.0317,100.7014 18.0301,100.6989 18.0275,100.6981 18.0261,100.6966
1339	s	18.0261,100.6966 18.0260,100.6964
1007	s	18.8716,99.1330 18.8715,99.1328
11	s	18.4651,99.1403 18.4668,99.1432 18.4669,99.1461 18.4667,99.1468
1035	s	18.9891,99.6162 18.9925,99.6151 18.9975,99.6132 18.9995,99.6125
ลป.1019	s	18.2884,99.5115 18.2901,99.5109
1	s	18.2822,99.5061 18.2826,99.5089 18.2842,99.5114 18.2854,99.5124
1009	s	18.5260,98.4991 18.5294,98.4964 18.5329,98.4944 18.5356,98.4933 18.5374,98.4910 18.5399,98.4896 18.5424,98.4880 18.5451,98.4874 18.5466,98.4848 18.5491,98.4827 18.5517,98.4816
1192	s	18.4883,98.3776 18.4855,98.3774 18.4848,98.3804 18.4864,98.3828 18.4893,98.3831 18.4923,98.3859 18.4941,98.3880 18.4969,98.3894 18.4986,98.3925 18.5006,98.3946 18.5018,98.3972 18.5021,98.4002 18.5040,98.4022 18.5047,98.4052 18.5056,98.4081 18.5075,98.4103 18.5097,98.4122 18.5103,98.4150 18.5130,98.4160 18.5155,98.4172 18.5144,98.4200 18.5133,98.4228 18.5128,98.4256 18.5104,98.4271 18.5100,98.4305 18.5089,98.4336 18.5095,98.4364 18.5101,98.4393 18.5096,98.4422 18.5120,98.4438 18.5136,98.4463 18.5155,98.4484 18.5153,98.4516 18.5180,98.4526 18.5151,98.4542 18.5134,98.4567 18.5131,98.4595 18.5162,98.4614 18.5171,98.4645 18.5176,98.4673 18.5150,98.4681 18.5135,98.4707 18.5114,98.4726 18.5109,98.4759 18.5134,98.4775 18.5160,98.4781 18.5185,98.4799 18.5205,98.4822 18.5232,98.4834 18.5236,98.4862 18.5253,98.4886 18.5257,98.4915 18.5264,98.4942 18.5258,98.4973 18.5260,98.4991
1130	s	20.1546,99.6200 20.1520,99.6210 20.1500,99.6191 20.1477,99.6170 20.1449,99.6179 20.1427,99.6161 20.1399,99.6162 20.1372,99.6156 20.1350,99.6143
1232	s	19.9080,99.8956 19.9070,99.8991 19.9050,99.9013 19.9015,99.9019 19.9015,99.9053 19.9028,99.9079 19.9035,99.9113 19.9053,99.9137 19.9061,99.9165 19.9014,99.9193 19.8987,99.9193
1299	s	19.8533,99.9386 19.8562,99.9387 19.8590,99.9387 19.8614,99.9404 19.8640,99.9390 19.8662,99.9410 19.8686,99.9428 19.8706,99.9450 19.8732,99.9466 19.8761,99.9467 19.8785,99.9440 19.8796,99.9416
1035	s	18.3708,99.5516 18.3736,99.5509 18.3768,99.5498 18.3828,99.5480 18.3854,99.5472
1006	s	18.7423,99.1233 18.7422,99.1232
1314	s	20.0208,99.2720 20.0237,99.2700 20.0260,99.2678 20.0288,99.2672 20.0309,99.2703 20.0334,99.2726
1314	s	20.0618,99.2681 20.0646,99.2683 20.0672,99.2674 20.0699,99.2678
1314	s	20.1005,99.2725 20.0988,99.2748 20.0963,99.2772 20.0957,99.2801 20.0942,99.2828 20.0920,99.2846 20.0908,99.2876 20.0886,99.2894 20.0858,99.2893 20.0846,99.2920 20.0823,99.2937 20.0808,99.2963 20.0809,99.2994 20.0804,99.3024 20.0794,99.3052 20.0774,99.3072 20.0751,99.3098 20.0723,99.3118 20.0701,99.3137 20.0704,99.3168 20.0703,99.3197 20.0686,99.3219 20.0706,99.3241 20.0733,99.3249 20.0740,99.3280 20.0742,99.3310 20.0734,99.3343 20.0725,99.3371 20.0706,99.3392 20.0697,99.3423 20.0673,99.3436 20.0645,99.3449 20.0619,99.3461 20.0600,99.3482 20.0578,99.3520 20.0583,99.3553 20.0581,99.3582 20.0571,99.3601
1314	s	20.0702,99.2680 20.0729,99.2680 20.0758,99.2675 20.0767,99.2703 20.0790,99.2687 20.0815,99.2676 20.0841,99.2659 20.0862,99.2642 20.0884,99.2620 20.0893,99.2593 20.0921,99.2593 20.0946,99.2613 20.0953,99.2629
1314	s	20.0614,99.2681 20.0618,99.2681
1314	s	20.0699,99.2678 20.0702,99.2680
1314	s	20.0346,99.2740 20.0370,99.2760 20.0399,99.2756 20.0427,99.2751 20.0455,99.2742 20.0476,99.2723 20.0500,99.2739 20.0522,99.2719 20.0545,99.2705 20.0571,99.2695 20.0598,99.2687 20.0614,99.2681
1314	s	20.0344,99.2738 20.0346,99.2740
1314	s	20.0334,99.2726 20.0344,99.2738
1095	s	19.0726,98.9371 19.0723,98.9386
1317	s	18.7524,99.0597 18.7509,99.0625 18.7504,99.0634
1012	s	18.1840,98.6126 18.1867,98.6127 18.1905,98.6122 18.1932,98.6117 18.1933,98.6117
1012	s	18.1840,98.6126 18.1809,98.6123 18.1777,98.6123 18.1742,98.6119 18.1710,98.6111 18.1683,98.6101 18.1656,98.6090 18.1627,98.6078 18.1600,98.6065 18.1570,98.6053 18.1535,98.6037 18.1498,98.6020 18.1471,98.6010 18.1444,98.6011 18.1419,98.6022 18.1390,98.6030 18.1361,98.6032 18.1307,98.6017 18.1279,98.6011 18.1245,98.6014 18.1217,98.6016 18.1179,98.6022 18.1154,98.6035 18.1131,98.6053 18.1104,98.6055 18.1086,98.6032 18.1065,98.6005 18.1059,98.5997
1012	s	18.0959,98.5862 18.0980,98.5895 18.1002,98.5923 18.1019,98.5946 18.1046,98.5981 18.1059,98.5997
1360	s	19.9119,99.2055 19.9107,99.2042
1360	s	19.9134,99.2071 19.9154,99.2093 19.9167,99.2107
1089	s	20.1109,99.7264 20.1135,99.7273 20.1162,99.7279 20.1186,99.7292 20.1196,99.7264 20.1214,99.7243 20.1239,99.7259 20.1266,99.7253 20.1291,99.7241 20.1317,99.7229 20.1330,99.7255 20.1341,99.7284 20.1343,99.7313 20.1353,99.7342 20.1380,99.7356 20.1377,99.7386 20.1380,99.7416 20.1398,99.7437 20.1407,99.7464 20.1425,99.7488 20.1438,99.7516 20.1452,99.7541 20.1472,99.7561 20.1498,99.7572 20.1524,99.7582 20.1553,99.7585 20.1571,99.7563 20.1564,99.7535 20.1571,99.7530
1229	s	18.7560,99.2469 18.7549,99.2496 18.7538,99.2523 18.7514,99.2539 18.7490,99.2551 18.7464,99.2565 18.7436,99.2574 18.7409,99.2587 18.7382,99.2605 18.7357,99.2625 18.7343,99.2650 18.7317,99.2666 18.7307,99.2638 18.7281,99.2645 18.7264,99.2670 18.7240,99.2655 18.7233,99.2686 18.7214,99.2707 18.7212,99.2735 18.7218,99.2764 18.7227,99.2791 18.7221,99.2819 18.7218,99.2850 18.7209,99.2881 18.7196,99.2910 18.7181,99.2936 18.7192,99.2962 18.7182,99.2992 18.7195,99.3021
1229	s	18.7562,99.2465 18.7560,99.2469
1001	s	18.8265,99.0123 18.8262,99.0122
1001	s	18.8262,99.0122 18.8239,99.0121
1001	s	18.8425,99.0133 18.8464,99.0136
1001	s	18.8262,99.0121 18.8265,99.0121
1107	s	18.5859,99.0217 18.5901,99.0214 18.5932,99.0216 18.5960,99.0213 18.5992,99.0216 18.6032,99.0235 18.6056,99.0247 18.6086,99.0262
1125	s	17.7774,99.6907 17.7778,99.6952 17.7786,99.6982 17.7790,99.6989
1124	s	17.9028,99.6037 17.9019,99.6021
1125	s	17.7774,99.6907 17.7785,99.6878 17.7806,99.6858 17.7832,99.6844 17.7854,99.6828 17.7878,99.6809 17.7889,99.6781 17.7905,99.6757 17.7925,99.6735 17.7950,99.6725 17.7977,99.6717 17.8006,99.6716 17.8031,99.6695 17.8044,99.6668 17.8040,99.6630 17.8039,99.6574 17.8056,99.6549 17.8089,99.6538 17.8115,99.6527 17.8156,99.6527 17.8194,99.6528 17.8223,99.6526 17.8254,99.6522 17.8282,99.6514 17.8301,99.6484 17.8307,99.6446 17.8325,99.6422 17.8352,99.6422 17.8380,99.6411 17.8408,99.6419 17.8419,99.6418
1125	s	17.9016,99.6052 17.9008,99.6063
108	s	18.7704,98.9783 18.7695,98.9778
1367	s	18.8311,99.0403 18.8288,99.0387 18.8262,99.0368 18.8237,99.0350 18.8214,99.0331 18.8188,99.0311 18.8166,99.0295 18.8142,99.0289
1035	s	18.5502,99.5673 18.5524,99.5643 18.5522,99.5614 18.5550,99.5606 18.5575,99.5593 18.5586,99.5565 18.5594,99.5537 18.5645,99.5529 18.5672,99.5528 18.5700,99.5523 18.5723,99.5508 18.5758,99.5511 18.5788,99.5507 18.5816,99.5521 18.5843,99.5519 18.5874,99.5514 18.5893,99.5493 18.5926,99.5482 18.5957,99.5492 18.5980,99.5464 18.6013,99.5473 18.6057,99.5478 18.6080,99.5463 18.6094,99.5429 18.6109,99.5400 18.6138,99.5396 18.6161,99.5423 18.6198,99.5439 18.6225,99.5445 18.6253,99.5438 18.6275,99.5422 18.6300,99.5409 18.6327,99.5423 18.6358,99.5420 18.6382,99.5406 18.6409,99.5399 18.6435,99.5390 18.6465,99.5379 18.6494,99.5373 18.6522,99.5371 18.6554,99.5385 18.6583,99.5404 18.6622,99.5434 18.6642,99.5454 18.6672,99.5474 18.6702,99.5480 18.6732,99.5479 18.6759,99.5483 18.6791,99.5490 18.6818,99.5495 18.6845,99.5487 18.6872,99.5492 18.6911,99.5490 18.6961,99.5509 18.6983,99.5531 18.7011,99.5541 18.7038,99.5548 18.7071,99.5553 18.7105,99.5568 18.7128,99.5586 18.7155,99.5603 18.7183,99.5613 18.7203,99.5621
1157	s	18.7663,99.5203 18.7637,99.5220 18.7632,99.5225
1033	s	18.5433,98.9686 18.5440,98.9686
1274	s	18.0632,99.2465 18.0657,99.2481 18.0679,99.2515
1335	s	18.7053,99.5888 18.7027,99.5901 18.6992,99.5870 18.6967,99.5845 18.6931,99.5807 18.6904,99.5804 18.6877,99.5803 18.6848,99.5791 18.6823,99.5810 18.6798,99.5829 18.6774,99.5858 18.6746,99.5872 18.6729,99.5900 18.6714,99.5928 18.6684,99.5937 18.6653,99.5935 18.6624,99.5930 18.6597,99.5937 18.6576,99.5961 18.6556,99.5982 18.6532,99.5998 18.6516,99.6022 18.6497,99.6043 18.6468,99.6052 18.6434,99.6050 18.6407,99.6063 18.6382,99.6082 18.6356,99.6094 18.6337,99.6114 18.6310,99.6117 18.6289,99.6136 18.6261,99.6140 18.6232,99.6145 18.6227,99.6175 18.6219,99.6203 18.6204,99.6228 18.6188,99.6252 18.6162,99.6239 18.6137,99.6250 18.6116,99.6271 18.6086,99.6264 18.6062,99.6250 18.6037,99.6233 18.6032,99.6203 18.5999,99.6189 18.5965,99.6208 18.5951,99.6245 18.5943,99.6274 18.5906,99.6277 18.5874,99.6267 18.5847,99.6260 18.5818,99.6270 18.5790,99.6270 18.5755,99.6269 18.5705,99.6254 18.5677,99.6248 18.5650,99.6235 18.5621,99.6243 18.5600,99.6261 18.5573,99.6270 18.5549,99.6256 18.5519,99.6265 18.5524,99.6294 18.5507,99.6317 18.5487,99.6339 18.5467,99.6363 18.5432,99.6382 18.5400,99.6410 18.5371,99.6419 18.5332,99.6425 18.5306,99.6436 18.5277,99.6442 18.5251,99.6432 18.5219,99.6429 18.5191,99.6425 18.5158,99.6422 18.5125,99.6434 18.5099,99.6457 18.5078,99.6477 18.5052,99.6487 18.5020,99.6479 18.4989,99.6474 18.4960,99.6469 18.4861,99.6421 18.4845,99.6397 18.4842,99.6367 18.4797,99.6353 18.4767,99.6349 18.4731,99.6331 18.4681,99.6335 18.4627,99.6339 18.4562,99.6343 18.4525,99.6345 18.4496,99.6347 18.4470,99.6357 18.4431,99.6375 18.4400,99.6389 18.4368,99.6404 18.4338,99.6417
1349	s	19.0693,98.3044 19.0673,98.3065 19.0668,98.3098 19.0664,98.3134 19.0661,98.3148
1	s	19.9081,99.8409 19.9066,99.8411
1232	s	19.9132,99.8703 19.9132,99.8696
1317	s	18.7279,99.1792 18.7279,99.1790
1317	s	18.7279,99.1790 18.7275,99.1759 18.7270,99.1709 18.7264,99.1675 18.7252,99.1647
1266	s	18.3529,98.0643 18.3547,98.0667 18.3569,98.0685 18.3592,98.0704 18.3611,98.0725 18.3644,98.0716 18.3673,98.0716 18.3695,98.0733 18.3725,98.0736 18.3733,98.0740
1266	s	18.3529,98.0643 18.3501,98.0632 18.3483,98.0609 18.3484,98.0580 18.3473,98.0551 18.3501,98.0548 18.3504,98.0518 18.3517,98.0493 18.3527,98.0461 18.3544,98.0437 18.3573,98.0427 18.3575,98.0424
1270	s	18.3070,98.1542 18.3076,98.1570 18.3051,98.1558 18.3033,98.1579 18.3008,98.1591 18.3032,98.1607 18.3050,98.1631 18.3023,98.1638 18.3028,98.1668 18.3000,98.1664 18.3007,98.1692 18.2984,98.1710 18.2957,98.1715 18.2965,98.1743 18.2955,98.1770 18.2954,98.1802 18.2934,98.1835 18.2914,98.1856 18.2889,98.1868 18.2862,98.1881 18.2863,98.1911 18.2861,98.1939 18.2835,98.1934 18.2837,98.1905 18.2823,98.1876 18.2802,98.1858 18.2787,98.1833 18.2759,98.1822 18.2736,98.1807 18.2719,98.1781 18.2700,98.1756 18.2688,98.1730 18.2702,98.1704 18.2680,98.1688 18.2673,98.1719 18.2649,98.1706 18.2621,98.1698 18.2632,98.1726 18.2618,98.1752 18.2587,98.1761 18.2566,98.1784 18.2559,98.1792
1209	s	18.4349,98.7955 18.4349,98.7985 18.4345,98.8015 18.4354,98.8047 18.4372,98.8072 18.4395,98.8094 18.4419,98.8109 18.4442,98.8137 18.4471,98.8158 18.4487,98.8184 18.4502,98.8211 18.4511,98.8247 18.4525,98.8282 18.4541,98.8310 18.4564,98.8328 18.4590,98.8339 18.4615,98.8353 18.4634,98.8375 18.4646,98.8402 18.4655,98.8430 18.4656,98.8430
1147	s	18.7371,99.1259 18.7356,99.1266
1147	s	18.7371,99.1258 18.7382,99.1254
1147	s	18.7356,99.1266 18.7328,99.1278 18.7322,99.1280
1141	s	18.7699,98.9755 18.7713,98.9733
1209	s	18.4657,98.8697 18.4644,98.8723 18.4639,98.8727
1209	s	18.4656,98.8430 18.4671,98.8461 18.4680,98.8489 18.4677,98.8518 18.4677,98.8547 18.4680,98.8578 18.4685,98.8610 18.4680,98.8647 18.4664,98.8671 18.4657,98.8697
1015	s	18.5995,98.9654 18.6012,98.9627 18.6031,98.9597 18.6059,98.9597 18.6088,98.9601 18.6118,98.9601 18.6121,98.9601
1015	s	18.6236,98.9354 18.6237,98.9325 18.6251,98.9300 18.6260,98.9272 18.6269,98.9243 18.6278,98.9216 18.6278,98.9189
1015	s	18.6196,98.9453 18.6197,98.9451
1124	s	17.6487,99.2763 17.6488,99.2757
1124	s	17.6714,99.3055 17.6679,99.3030 17.6660,99.3008 17.6631,99.2995 17.6593,99.2976 17.6563,99.2961 17.6543,99.2941 17.6540,99.2936
1124	s	17.6719,99.3056 17.6714,99.3055
1124	s	17.6488,99.2757 17.6501,99.2699 17.6507,99.2668 17.6514,99.2640 17.6517,99.2605 17.6515,99.2574 17.6523,99.2542 17.6524,99.2504
1298	s	19.3121,100.0037 19.3127,100.0074 19.3137,100.0140
1126	s	19.4994,99.9930 19.5021,99.9924 19.5052,99.9916 19.5079,99.9909 19.5107,99.9903 19.5187,99.9884 19.5246,99.9885 19.5314,99.9852 19.5341,99.9834 19.5367,99.9818 19.5403,99.9795 19.5452,99.9766 19.5503,99.9736 19.5542,99.9724 19.5545,99.9724
1001	s	18.8232,99.0120 18.8229,99.0120
1001	s	18.8235,99.0119 18.8258,99.0121
1001	s	18.8229,99.0118 18.8232,99.0119
1124	s	17.7060,99.3643 17.7053,99.3612 17.7039,99.3586 17.7028,99.3559 17.7023,99.3528 17.7006,99.3501 17.6977,99.3473 17.6958,99.3446 17.6943,99.3420 17.6939,99.3378 17.6942,99.3345 17.6944,99.3307 17.6944,99.3266 17.6933,99.3227 17.6930,99.3195 17.6912,99.3168 17.6876,99.3148 17.6851,99.3138 17.6823,99.3124 17.6790,99.3112 17.6767,99.3095 17.6743,99.3073 17.6719,99.3056
1124	s	17.7062,99.3645 17.7060,99.3643
1174	s	19.8310,100.1512 19.8284,100.1501 19.8255,100.1500 19.8226,100.1499 19.8171,100.1482 19.8143,100.1494 19.8112,100.1496 19.8081,100.1501 19.8055,100.1516 19.8026,100.1514 19.7989,100.1505 19.7971,100.1482 19.7977,100.1453 19.7994,100.1428 19.7990,100.1393 19.7994,100.1346 19.7991,100.1314 19.7995,100.1284 19.7961,100.1282 19.7928,100.1261 19.7900,100.1251 19.7860,100.1249 19.7859,100.1249
1023	s	18.1352,100.1314 18.1345,100.1286 18.1339,100.1253
พร.4030	s	18.1352,100.1314 18.1324,100.1321 18.1297,100.1336 18.1282,100.1362 18.1276,100.1376
1178	s	19.5082,98.9588 19.5076,98.9586
1178	s	19.5883,98.9609 19.5881,98.9609
1178	s	19.5881,98.9609 19.5848,98.9612 19.5820,98.9610 19.5794,98.9586 19.5771,98.9564 19.5750,98.9545 19.5708,98.9549 19.5678,98.9558 19.5650,98.9562 19.5622,98.9563 19.5609,98.9561
1178	s	19.5076,98.9586 19.5065,98.9583
1023	s	18.1332,100.1212 18.1338,100.1242
1023	s	18.1338,100.1242 18.1340,100.1253
1306	s	19.7782,99.9104 19.7788,99.9137 19.7791,99.9172 19.7791,99.9213 19.7796,99.9242 19.7803,99.9271 19.7813,99.9299 19.7817,99.9306
1023	s	18.1589,99.9439 18.1587,99.9433
1023	s	18.1587,99.9433 18.1569,99.9398 18.1544,99.9372 18.1511,99.9350 18.1479,99.9330 18.1454,99.9314 18.1441,99.9286 18.1431,99.9257 18.1397,99.9218 18.1390,99.9189 18.1380,99.9161 18.1372,99.9130 18.1365,99.9069 18.1358,99.9035 18.1339,99.8988 18.1323,99.8957 18.1310,99.8932 18.1294,99.8902 18.1257,99.8864 18.1229,99.8838 18.1197,99.8809 18.1176,99.8784 18.1159,99.8746 18.1147,99.8721 18.1129,99.8689 18.1084,99.8647
1178	s	19.4264,98.9759 19.4275,98.9743
1178	s	19.4274,98.9746 19.4265,98.9760
1126	s	19.5797,99.8678 19.5796,99.8674
1126	s	19.5868,99.9312 19.5851,99.9286 19.5833,99.9262 19.5808,99.9228 19.5815,99.9186 19.5828,99.9142 19.5836,99.9108 19.5841,99.9072 19.5841,99.9032 19.5835,99.8998 19.5834,99.8952 19.5817,99.8913 19.5803,99.8882 19.5803,99.8847 19.5815,99.8809 19.5819,99.8779 19.5813,99.8748 19.5801,99.8715 19.5799,99.8686 19.5797,99.8678
1126	s	19.5796,99.8674 19.5786,99.8644 19.5786,99.8605 19.5782,99.8563 19.5768,99.8534 19.5756,99.8508 19.5753,99.8478 19.5754,99.8443 19.5760,99.8415 19.5758,99.8386 19.5744,99.8359 19.5737,99.8328 19.5739,99.8299 19.5753,99.8269 19.5757,99.8240 19.5757,99.8211 19.5758,99.8174 19.5773,99.8139 19.5779,99.8107 19.5775,99.8078 19.5774,99.8049 19.5755,99.8023 19.5750,99.7987 19.5735,99.7951 19.5724,99.7919 19.5726,99.7890 19.5733,99.7859 19.5733,99.7830 19.5718,99.7803 19.5699,99.7766 19.5684,99.7741 19.5676,99.7700 19.5672,99.7669 19.5679,99.7633 19.5690,99.7588 19.5697,99.7570
1128	s	19.5545,99.9724 19.5574,99.9718 19.5593,99.9738 19.5601,99.9771 19.5617,99.9803 19.5640,99.9821 19.5664,99.9840
1190	s	19.5784,99.8005 19.5808,99.8019 19.5860,99.8041 19.5900,99.8066 19.5930,99.8074 19.5963,99.8090 19.5996,99.8099 19.6028,99.8104 19.6058,99.8114 19.6087,99.8120 19.6116,99.8125 19.6146,99.8134 19.6182,99.8141 19.6215,99.8139 19.6253,99.8143 19.6282,99.8146 19.6308,99.8159 19.6329,99.8178 19.6347,99.8201 19.6358,99.8235 19.6366,99.8263 19.6386,99.8284 19.6393,99.8315 19.6428,99.8335 19.6461,99.8356 19.6490,99.8380 19.6517,99.8404 19.6542,99.8424 19.6564,99.8443 19.6574,99.8485 19.6598,99.8502 19.6614,99.8527 19.6635,99.8552 19.6663,99.8561 19.6692,99.8569 19.6722,99.8580 19.6748,99.8590 19.6764,99.8613 19.6745,99.8633 19.6719,99.8654 19.6709,99.8682 19.6703,99.8712 19.6668,99.8735 19.6665,99.8768 19.6674,99.8802 19.6677,99.8844 19.6677,99.8874 19.6663,99.8902 19.6661,99.8949 19.6677,99.8975 19.6701,99.8993 19.6704,99.9025 19.6706,99.9054 19.6735,99.9070 19.6766,99.9077 19.6792,99.9086 19.6855,99.9094 19.6884,99.9104 19.6919,99.9126 19.6947,99.9135 19.6967,99.9157 19.6964,99.9183
1181	s	19.6297,99.8698 19.6271,99.8687 19.6242,99.8689 19.6213,99.8681 19.6195,99.8659 19.6175,99.8636 19.6159,99.8607 19.6147,99.8576 19.6145,99.8545 19.6138,99.8514 19.6126,99.8486 19.6121,99.8457 19.6092,99.8434 19.6074,99.8412 19.6054,99.8389 19.6035,99.8360 19.6018,99.8338 19.5999,99.8313 19.5982,99.8290 19.5963,99.8266 19.5941,99.8246 19.5921,99.8225 19.5916,99.8223
1388	s	20.2719,99.8047 20.2747,99.8036 20.2773,99.8046 20.2797,99.8059 20.2826,99.8066 20.2849,99.8083 20.2876,99.8090 20.2889,99.8108
1290	s	20.3687,100.0152 20.3695,100.0057
1290	s	20.3700,100.0027 20.3700,99.9990 20.3701,99.9969
1290	s	20.3701,99.9969 20.3700,100.0000 20.3700,100.0027
1290	s	20.3695,100.0057 20.3696,100.0052
1174	s	19.9386,100.2537 19.9369,100.2514 19.9342,100.2496 19.9321,100.2464 19.9282,100.2422 19.9270,100.2395 19.9268,100.2359 19.9242,100.2323 19.9219,100.2306 19.9171,100.2302 19.9125,100.2272 19.9094,100.2247 19.9067,100.2238 19.9042,100.2220 19.9045,100.2190 19.9036,100.2130 19.9027,100.2081 19.8996,100.2014 19.8982,100.1999
1174	s	19.9882,100.2567 19.9878,100.2566
1274	s	17.8051,98.9531 17.8056,98.9535
1193	s	19.1536,99.8314 19.1562,99.8303 19.1588,99.8316 19.1623,99.8324 19.1657,99.8328 19.1685,99.8332 19.1713,99.8335 19.1743,99.8333 19.1768,99.8351 19.1792,99.8364 19.1825,99.8363 19.1864,99.8367 19.1891,99.8371 19.1930,99.8372 19.1960,99.8373 19.1988,99.8377 19.2029,99.8369 19.2061,99.8365 19.2102,99.8358 19.2142,99.8343 19.2172,99.8335 19.2205,99.8329 19.2237,99.8320 19.2264,99.8310 19.2301,99.8299 19.2339,99.8290 19.2369,99.8283 19.2397,99.8277 19.2438,99.8266 19.2478,99.8256 19.2511,99.8249 19.2554,99.8243 19.2595,99.8229 19.2634,99.8211 19.2660,99.8202 19.2691,99.8195 19.2716,99.8183 19.2743,99.8172 19.2771,99.8166 19.2799,99.8161 19.2848,99.8149 19.2877,99.8148 19.2906,99.8135 19.2987,99.8106 19.3014,99.8099 19.3038,99.8084 19.3053,99.8060 19.3069,99.8035 19.3073,99.8006 19.3077,99.7978 19.3091,99.7954 19.3121,99.7947 19.3158,99.7946 19.3187,99.7948 19.3217,99.7949 19.3255,99.7948 19.3283,99.7948 19.3306,99.7964 19.3331,99.7993 19.3351,99.8022 19.3362,99.8057 19.3374,99.8084 19.3388,99.8107
1033	s	18.4376,99.0776 18.4378,99.0741 18.4369,99.0708 18.4340,99.0667 18.4317,99.0650 18.4318,99.0610 18.4321,99.0578 18.4322,99.0547 18.4316,99.0518 18.4309,99.0485 18.4303,99.0455 18.4287,99.0430 18.4276,99.0399 18.4271,99.0369 18.4269,99.0338 18.4257,99.0306 18.4252,99.0276 18.4249,99.0246 18.4244,99.0215 18.4239,99.0183 18.4231,99.0154 18.4219,99.0128 18.4218,99.0096 18.4220,99.0066 18.4224,99.0036 18.4233,99.0008 18.4236,98.9974 18.4237,98.9943 18.4249,98.9911 18.4252,98.9906
1005	s	18.7893,98.9687 18.7897,98.9653 18.7897,98.9651
1349	s	18.8421,98.5709 18.8446,98.5696 18.8473,98.5681 18.8482,98.5679
1349	s	18.8421,98.5709 18.8397,98.5724 18.8407,98.5756 18.8413,98.5789 18.8409,98.5823 18.8427,98.5845 18.8411,98.5869 18.8411,98.5905 18.8417,98.5934 18.8409,98.5965 18.8405,98.5995 18.8398,98.6025 18.8381,98.6059 18.8358,98.6075 18.8344,98.6101 18.8345,98.6121
1141	s	18.7693,98.9766 18.7720,98.9760
1095	s	19.2986,98.4642 19.2971,98.4652
1154	s	18.4623,100.1828 18.4634,100.1825
1154	s	18.4837,100.1967 18.4814,100.1941 18.4795,100.1919 18.4776,100.1896 18.4754,100.1870 18.4732,100.1844 18.4705,100.1812 18.4656,100.1820 18.4645,100.1823
1154	s	18.4934,100.2020 18.4977,100.2009 18.5009,100.2001 18.5047,100.1991 18.5074,100.1984 18.5101,100.1977 18.5140,100.1967 18.5180,100.1957 18.5212,100.1935 18.5247,100.1901 18.5275,100.1874 18.5312,100.1837 18.5336,100.1815 18.5366,100.1785 18.5406,100.1746 18.5425,100.1722 18.5434,100.1693 18.5430,100.1658 18.5462,100.1645 18.5465,100.1608 18.5483,100.1583 18.5487,100.1551 18.5525,100.1544 18.5558,100.1543 18.5585,100.1538 18.5612,100.1531 18.5676,100.1524 18.5710,100.1524 18.5739,100.1530 18.5778,100.1543 18.5805,100.1557 18.5835,100.1539 18.5861,100.1519 18.5893,100.1514 18.5930,100.1508 18.5957,100.1499 18.5985,100.1503 18.5994,100.1497
1154	s	18.4634,100.1825 18.4645,100.1822
1384	s	19.8396,99.6772 19.8384,99.6803 19.8358,99.6815 19.8352,99.6819
1384	s	19.8331,99.6920 19.8332,99.6924
1384	s	19.8352,99.6819 19.8351,99.6821
1384	s	19.8396,99.6769 19.8396,99.6772
1384	s	19.8332,99.6924 19.8346,99.6951 19.8346,99.6968
1384	s	19.8351,99.6821 19.8336,99.6846 19.8323,99.6873 19.8333,99.6903 19.8331,99.6920
1098	s	20.1715,99.9559 20.1747,99.9559 20.1800,99.9540 20.1815,99.9534
1015	s	18.6286,98.9110 18.6291,98.9081 18.6294,98.9053 18.6295,98.9021 18.6302,98.8992 18.6319,98.8975
1015	s	18.6278,98.9189 18.6282,98.9159 18.6288,98.9130 18.6286,98.9110
1178	s	19.4735,98.9622 19.4733,98.9623
1178	s	19.4577,98.9642 19.4612,98.9644 19.4643,98.9645 19.4672,98.9649 19.4677,98.9648
1243	s	18.5630,100.9260 18.5596,100.9273 18.5568,100.9276 18.5546,100.9259 18.5520,100.9252 18.5500,100.9272 18.5495,100.9304 18.5475,100.9328 18.5446,100.9324 18.5420,100.9333 18.5392,100.9343 18.5364,100.9350 18.5338,100.9363 18.5309,100.9361 18.5285,100.9347 18.5254,100.9342 18.5233,100.9363 18.5193,100.9385 18.5166,100.9394 18.5146,100.9416 18.5118,100.9435 18.5089,100.9445 18.5065,100.9427 18.5042,100.9411 18.5011,100.9418 18.4984,100.9421 18.4964,100.9402 18.4946,100.9377 18.4923,100.9348 18.4895,100.9345 18.4850,100.9354 18.4839,100.9362
1371	s	19.1719,100.9546 19.1748,100.9543 19.1757,100.9547
1256	s	19.1761,100.9293 19.1783,100.9273 19.1787,100.9244 19.1783,100.9214 19.1782,100.9184 19.1760,100.9165
1371	s	19.1712,100.9548 19.1719,100.9546
1256	s	19.1820,100.9855 19.1816,100.9853
1256	s	19.1757,100.9303 19.1761,100.9293
1256	s	19.1816,100.9853 19.1805,100.9824 19.1809,100.9796 19.1795,100.9770 19.1821,100.9755 19.1816,100.9725 19.1793,100.9702 19.1762,100.9676 19.1765,100.9645 19.1791,100.9632 19.1804,100.9604 19.1804,100.9593
1256	s	19.1802,100.9589 19.1773,100.9582 19.1757,100.9558 19.1759,100.9525 19.1769,100.9499 19.1788,100.9472 19.1800,100.9446 19.1777,100.9426 19.1747,100.9419 19.1745,100.9418
1256	s	19.1804,100.9593 19.1802,100.9589
นน.ถ1-0061	s	19.1791,100.8558 19.1794,100.8529 19.1789,100.8499 19.1777,100.8472 19.1786,100.8443 19.1809,100.8428 19.1830,100.8402 19.1846,100.8377 19.1873,100.8365 19.1900,100.8355 19.1925,100.8343 19.1951,100.8321 19.1979,100.8316 19.2011,100.8317 19.2038,100.8320 19.2077,100.8318 19.2111,100.8318 19.2141,100.8305 19.2167,100.8314 19.2195,100.8326 19.2222,100.8325 19.2257,100.8343 19.2284,100.8349 19.2312,100.8358 19.2346,100.8371 19.2372,100.8379 19.2400,100.8390 19.2418,100.8413 19.2445,100.8421 19.2486,100.8431 19.2522,100.8453 19.2559,100.8478 19.2587,100.8484 19.2613,100.8494 19.2639,100.8517 19.2671,100.8564 19.2691,100.8592 19.2713,100.8608 19.2738,100.8623 19.2765,100.8640
นน.ถ1-0061	s	19.1792,100.8565 19.1791,100.8558
1081	s	19.0797,101.1507 19.0815,101.1532 19.0817,101.1534
1256	s	19.1521,101.1550 19.1522,101.1545
1081	s	19.0802,101.1494 19.0797,101.1507
1081	s	18.9840,101.0668 18.9867,101.0657 18.9890,101.0642 18.9893,101.0642
1081	s	18.9841,101.0661 18.9840,101.0668
1367	s	18.8442,99.0435 18.8414,99.0431 18.8404,99.0430
1001	s	19.1653,99.1652 19.1649,99.1648
1001	s	19.1965,99.1712 19.1962,99.1710
1130	s	20.1591,99.6227 20.1620,99.6220 20.1638,99.6230
1141	s	18.7720,98.9685 18.7720,98.9674
1141	s	18.7720,98.9707 18.7716,98.9726
1095	s	19.0855,98.9078 19.0868,98.9053 19.0878,98.9034
1095	s	19.0842,98.9104 19.0824,98.9139 19.0806,98.9174
1095	s	19.0878,98.9034 19.0857,98.9075 19.0855,98.9078
1001	s	18.9360,98.9877 18.9315,98.9896 18.9288,98.9907 18.9256,98.9924 18.9231,98.9938 18.9219,98.9945
1186	s	19.4930,100.2771 19.4930,100.2802 19.4918,100.2832 19.4909,100.2868 19.4896,100.2896 19.4877,100.2920 19.4849,100.2932 19.4824,100.2951 19.4807,100.2978 19.4792,100.3004 19.4776,100.3031 19.4762,100.3057 19.4751,100.3104 19.4727,100.3119 19.4700,100.3130 19.4684,100.3186 19.4658,100.3204 19.4645,100.3236 19.4644,100.3240
1098	s	20.1673,100.0012 20.1666,100.0045 20.1658,100.0079 20.1658,100.0110 20.1666,100.0144 20.1662,100.0174 20.1635,100.0180 20.1605,100.0184 20.1591,100.0213 20.1585,100.0242 20.1569,100.0268 20.1549,100.0302 20.1530,100.0328 20.1517,100.0354 20.1506,100.0372
1290	s	20.4013,99.9253 20.4038,99.9226 20.4069,99.9201 20.4091,99.9172 20.4101,99.9145 20.4122,99.9097 20.4136,99.9072 20.4165,99.9035 20.4200,99.9012 20.4214,99.8988 20.4210,99.8956 20.4201,99.8908 20.4195,99.8875 20.4189,99.8843 20.4188,99.8841
1290	s	20.4013,99.9253 20.3990,99.9277 20.3972,99.9304 20.3959,99.9329 20.3933,99.9390 20.3919,99.9418 20.3895,99.9435 20.3876,99.9458 20.3866,99.9487 20.3838,99.9510 20.3804,99.9530 20.3781,99.9544 20.3748,99.9558 20.3720,99.9567 20.3697,99.9587 20.3702,99.9616 20.3685,99.9638 20.3675,99.9667 20.3669,99.9700 20.3670,99.9728 20.3661,99.9759 20.3653,99.9787 20.3666,99.9812 20.3663,99.9841 20.3675,99.9868 20.3670,99.9898 20.3698,99.9958 20.3701,99.9969
1429	s	20.3724,100.0219 20.3757,100.0225 20.3782,100.0239 20.3774,100.0272 20.3779,100.0305 20.3773,100.0333 20.3771,100.0334
1290	s	20.3687,100.0152 20.3713,100.0167 20.3719,100.0208 20.3719,100.0239 20.3729,100.0270 20.3763,100.0315 20.3769,100.0345 20.3753,100.0378 20.3730,100.0422 20.3725,100.0453 20.3712,100.0479 20.3723,100.0510 20.3714,100.0549 20.3726,100.0575 20.3736,100.0613 20.3726,100.0641 20.3727,100.0648
1225	s	18.9215,100.9315 18.9211,100.9315
1225	s	18.9211,100.9315 18.9195,100.9338 18.9166,100.9336 18.9146,100.9360 18.9119,100.9362 18.9102,100.9390 18.9071,100.9413 18.9039,100.9458 18.9027,100.9484 18.9026,100.9486
1349	s	18.8618,98.7044 18.8622,98.7073 18.8633,98.7100 18.8631,98.7128 18.8643,98.7154 18.8661,98.7176 18.8683,98.7194 18.8684,98.7208
1360	s	19.9167,99.2107 19.9139,99.2078 19.9134,99.2072
1023	s	18.0648,99.7853 18.0658,99.7881 18.0662,99.7916 18.0669,99.7945 18.0693,99.7972 18.0735,99.7997 18.0758,99.8017 18.0773,99.8045 18.0784,99.8073 18.0792,99.8118 18.0797,99.8147 18.0804,99.8206 18.0799,99.8240 18.0797,99.8271 18.0804,99.8305 18.0826,99.8329 18.0838,99.8357 18.0842,99.8371
1023	s	18.0575,99.7702 18.0566,99.7660 18.0558,99.7628 18.0553,99.7599 18.0563,99.7571 18.0561,99.7525 18.0541,99.7490 18.0524,99.7465 18.0514,99.7436 18.0485,99.7421 18.0462,99.7403 18.0443,99.7382 18.0416,99.7374 18.0393,99.7359 18.0371,99.7342 18.0331,99.7299
1099	s	17.4648,98.4526 17.4640,98.4518
1099	s	17.4281,98.4531 17.4250,98.4550 17.4226,98.4564 17.4199,98.4580 17.4163,98.4575 17.4126,98.4567 17.4104,98.4547 17.4097,98.4535
1306	s	19.7817,99.9306 19.7802,99.9330 19.7787,99.9356 19.7781,99.9384 19.7775,99.9399
1037	s	18.1751,99.5486 18.1775,99.5469 18.1819,99.5475 18.1867,99.5478 18.1868,99.5478
1393	s	18.1880,99.5483 18.1885,99.5515 18.1885,99.5547 18.1887,99.5559
1037	s	18.1876,99.5465 18.1873,99.5430 18.1876,99.5395 18.1886,99.5360 18.1885,99.5329 18.1889,99.5291 18.1903,99.5259 18.1917,99.5234 18.1933,99.5183 18.1952,99.5156 18.1973,99.5132 18.1979,99.5100 18.1980,99.5087
1388	s	20.2889,99.8108 20.2894,99.8110
1388	s	20.2894,99.8110 20.2923,99.8117 20.2951,99.8117 20.2968,99.8140 20.2984,99.8155
1290	s	20.2969,100.0893 20.2965,100.0891
1290	s	20.2965,100.0891 20.2948,100.0885
1290	s	20.2966,100.0890 20.2970,100.0892
1290	s	20.2948,100.0885 20.2918,100.0886 20.2892,100.0882
1290	s	20.2948,100.0885 20.2966,100.0890
1290	s	20.2970,100.0892 20.2998,100.0904 20.3033,100.0916 20.3061,100.0914 20.3091,100.0918 20.3121,100.0921 20.3155,100.0921 20.3197,100.0926 20.3233,100.0922 20.3260,100.0914 20.3291,100.0898 20.3317,100.0889 20.3352,100.0876 20.3381,100.0859 20.3386,100.0857
1016	s	20.2695,100.0769 20.2721,100.0783 20.2728,100.0783
1016	s	20.2728,100.0783 20.2698,100.0773 20.2693,100.0772
1333	s	19.0562,101.1685 19.0556,101.1688
1333	s	19.0380,101.1723 19.0356,101.1711 19.0341,101.1735 19.0311,101.1748 19.0292,101.1768 19.0256,101.1783 19.0238,101.1805 19.0236,101.1834 19.0214,101.1853 19.0192,101.1873 19.0164,101.1900 19.0135,101.1918 19.0122,101.1945 19.0118,101.1977 19.0110,101.2007 19.0093,101.2030 19.0067,101.2048 19.0053,101.2074 19.0041,101.2102 19.0020,101.2126 18.9992,101.2138 18.9958,101.2133 18.9935,101.2114 18.9910,101.2102 18.9918,101.2074 18.9931,101.2048 18.9949,101.2026 18.9940,101.1995 18.9939,101.1959 18.9914,101.1947 18.9910,101.1919 18.9924,101.1880 18.9900,101.1900 18.9892,101.1868 18.9889,101.1838 18.9908,101.1817 18.9881,101.1821 18.9857,101.1808 18.9840,101.1782 18.9833,101.1752 18.9832,101.1723 18.9849,101.1698 18.9848,101.1667 18.9831,101.1644 18.9811,101.1623 18.9826,101.1598 18.9806,101.1577 18.9800,101.1549 18.9803,101.1519 18.9778,101.1503 18.9755,101.1518 18.9747,101.1533
1232	s	19.8987,99.9193 19.8985,99.9194
1232	s	19.8985,99.9194 19.8958,99.9194 19.8931,99.9184 19.8898,99.9179 19.8866,99.9189 19.8852,99.9216 19.8842,99.9244 19.8836,99.9252
1124	s	17.9019,99.6021 17.9017,99.6017
1023	s	17.9449,99.6049 17.9442,99.6044
1125	s	17.8422,99.6418 17.8450,99.6413 17.8476,99.6401 17.8473,99.6367 17.8463,99.6338 17.8457,99.6310 17.8472,99.6284 17.8501,99.6279 17.8530,99.6278 17.8560,99.6271 17.8587,99.6261 17.8613,99.6244 17.8634,99.6224 17.8666,99.6222 17.8693,99.6210 17.8714,99.6191 17.8743,99.6192 17.8772,99.6196 17.8799,99.6197 17.8821,99.6178 17.8829,99.6149 17.8831,99.6145
1125	s	17.8419,99.6418 17.8422,99.6418
1125	s	17.7834,99.7438 17.7847,99.7466 17.7860,99.7497 17.7861,99.7553 17.7862,99.7591 17.7850,99.7621 17.7850,99.7656 17.7852,99.7686 17.7860,99.7721 17.7876,99.7765 17.7895,99.7799 17.7914,99.7820 17.7926,99.7847 17.7924,99.7868
1125	s	17.7924,99.7868 17.7922,99.7872
1269	s	18.7452,98.8907 18.7450,98.8908
1013	s	18.6066,98.8368 18.6090,98.8419 18.6105,98.8456 18.6114,98.8484 18.6119,98.8508
1013	s	18.6119,98.8508 18.6120,98.8513
1349	s	18.8608,98.6464 18.8606,98.6470
1349	s	18.8606,98.6470 18.8598,98.6499 18.8577,98.6529 18.8594,98.6555 18.8582,98.6581 18.8599,98.6610 18.8615,98.6636 18.8622,98.6664 18.8619,98.6693 18.8595,98.6709 18.8571,98.6734 18.8548,98.6754 18.8522,98.6760 18.8526,98.6789 18.8538,98.6816 18.8527,98.6844 18.8556,98.6858 18.8556,98.6889 18.8553,98.6920 18.8548,98.6960 18.8542,98.6994 18.8557,98.7019 18.8585,98.7018 18.8616,98.7028
1020	s	20.2578,100.4066 20.2584,100.4070
1361	s	18.7125,99.5818 18.7099,99.5807 18.7086,99.5775 18.7073,99.5747
1034	s	18.1918,99.3977 18.1914,99.3961
1034	s	18.1911,99.3945 18.1943,99.3936 18.1954,99.3931
1034	s	18.1983,99.3912 18.1988,99.3910
11	s	18.2731,99.4606 18.2714,99.4628 18.2730,99.4598 18.2748,99.4572 18.2767,99.4549 18.2798,99.4523 18.2827,99.4499 18.2851,99.4478 18.2869,99.4453 18.2882,99.4424 18.2891,99.4378 18.2898,99.4344 18.2905,99.4319
1269	s	18.7377,98.8987 18.7374,98.8992
1269	s	18.7258,98.9172 18.7257,98.9204 18.7250,98.9234 18.7247,98.9256
1039	s	18.3110,99.4571 18.3109,99.4581
1039	s	18.3109,99.4571 18.3115,99.4543 18.3122,99.4515 18.3132,99.4472 18.3139,99.4442 18.3146,99.4408 18.3152,99.4370 18.3160,99.4332 18.3179,99.4290 18.3201,99.4254
1099	s	17.8001,98.3641 17.7997,98.3645
1099	s	17.7997,98.3645 17.7997,98.3674 17.8014,98.3698 17.8014,98.3713
1230	s	18.7242,99.3019 18.7273,99.3020 18.7302,99.3032 18.7322,99.3034
1230	s	18.7240,99.3020 18.7242,99.3019
1230	s	18.7322,99.3034 18.7324,99.3033
1230	s	18.7324,99.3033 18.7351,99.3040 18.7379,99.3031 18.7409,99.3027 18.7435,99.3012 18.7477,99.3029 18.7507,99.3016
1034	s	18.3174,99.3628 18.3174,99.3602
1039	s	18.3275,99.3535 18.3259,99.3547
1329	s	18.4037,99.4531 18.4037,99.4567 18.4039,99.4601 18.4056,99.4635 18.4073,99.4663 18.4079,99.4691 18.4068,99.4718 18.4068,99.4747 18.4067,99.4789 18.4068,99.4823 18.4066,99.4860 18.4063,99.4891 18.4046,99.4914 18.4021,99.4929 18.3992,99.4925 18.3953,99.4941 18.3920,99.4962 18.3889,99.4990 18.3855,99.5011 18.3827,99.5027 18.3806,99.5054 18.3790,99.5071
1157	s	18.3785,99.4587 18.3783,99.4586
1157	s	18.3783,99.4586 18.3748,99.4582 18.3707,99.4560 18.3673,99.4563 18.3648,99.4579 18.3644,99.4582
1157	s	18.4565,99.4579 18.4562,99.4579
1157	s	18.3644,99.4582 18.3642,99.4583
1157	s	18.3642,99.4583 18.3609,99.4589 18.3573,99.4592 18.3528,99.4594 18.3497,99.4594 18.3469,99.4591 18.3440,99.4586 18.3411,99.4596 18.3379,99.4592 18.3360,99.4597
1039	s	18.3287,99.3783 18.3287,99.3812 18.3284,99.3828
1039	s	18.3276,99.3584 18.3276,99.3558
1039	s	18.3108,99.4580 18.3109,99.4571
1039	s	18.3284,99.3828 18.3279,99.3859
1039	s	18.3156,99.4350 18.3149,99.4396 18.3140,99.4441 18.3139,99.4447
1081	s	19.0379,100.9330 19.0314,100.9333 19.0286,100.9328 19.0261,100.9314 19.0210,100.9334 19.0183,100.9343 19.0167,100.9344
1081	s	19.0381,100.9325 19.0379,100.9330
1225	s	18.8467,101.0289 18.8463,101.0289
1081	s	18.9932,100.9401 18.9903,100.9401 18.9865,100.9397 18.9862,100.9396
1081	s	18.9941,100.9401 18.9932,100.9401
1097	s	19.2854,100.8233 19.2858,100.8237
1097	s	19.2858,100.8237 19.2880,100.8275 19.2903,100.8324 19.2897,100.8353 19.2867,100.8422 19.2863,100.8459 19.2860,100.8500 19.2865,100.8536 19.2870,100.8564
1009	s	18.4921,98.6720 18.4923,98.6715
1009	s	18.5073,98.6621 18.5078,98.6619
1009	s	18.4990,98.6718 18.5000,98.6690 18.5020,98.6662 18.5047,98.6655 18.5059,98.6629 18.5073,98.6621
1009	s	18.5078,98.6619 18.5108,98.6631 18.5135,98.6633 18.5155,98.6611 18.5157,98.6582 18.5185,98.6562 18.5203,98.6539 18.5230,98.6536 18.5246,98.6512 18.5231,98.6495
1007	s	18.8717,99.1324 18.8716,99.1330
1349	s	18.8616,98.7266 18.8615,98.7268
1349	s	18.8615,98.7268 18.8610,98.7286
1274	s	17.8026,98.9494 17.8044,98.9523 17.8051,98.9531
1230	s	18.8300,99.2870 18.8325,99.2852 18.8353,99.2830 18.8379,99.2817 18.8405,99.2805 18.8433,99.2799 18.8441,99.2769 18.8456,99.2741 18.8472,99.2716 18.8490,99.2693
1230	s	18.7992,99.3042 18.8021,99.3037 18.8045,99.3051 18.8070,99.3039 18.8091,99.3018 18.8112,99.2998 18.8131,99.3022 18.8148,99.3045 18.8176,99.3045 18.8189,99.3023
1230	s	18.7989,99.3041 18.7992,99.3042
1230	s	18.8189,99.3023 18.8190,99.3021
1012	s	18.0920,98.5808 18.0924,98.5810
1012	s	18.0924,98.5810 18.0947,98.5826 18.0959,98.5862
1178	s	19.7390,98.9643 19.7390,98.9675 19.7388,98.9709 19.7378,98.9736 19.7341,98.9792 19.7344,98.9823 19.7344,98.9863 19.7320,98.9889 19.7285,98.9924 19.7260,98.9946 19.7236,98.9968 19.7157,98.9998 19.7122,99.0010 19.7086,99.0018 19.7057,99.0024 19.7039,99.0049 19.7055,99.0073 19.7057,99.0103 19.7045,99.0130 19.7024,99.0152 19.6998,99.0161 19.7008,99.0193 19.6988,99.0218 19.6985,99.0248 19.7012,99.0253 19.7040,99.0253 19.7067,99.0243 19.7067,99.0274 19.7073,99.0304 19.7074,99.0335 19.7080,99.0364 19.7106,99.0379 19.7132,99.0388 19.7160,99.0386 19.7189,99.0379 19.7232,99.0376 19.7240,99.0374
1088	s	18.7275,98.3468 18.7263,98.3445
1088	s	18.6845,98.3761 18.6843,98.3763
1088	s	18.7263,98.3445 18.7255,98.3416 18.7238,98.3393 18.7223,98.3369 18.7193,98.3361 18.7169,98.3386 18.7150,98.3407 18.7127,98.3430 18.7100,98.3439 18.7078,98.3470 18.7053,98.3491 18.7030,98.3511 18.7027,98.3514
1088	s	18.6843,98.3763 18.6827,98.3787 18.6800,98.3780 18.6764,98.3788 18.6738,98.3781 18.6709,98.3782 18.6688,98.3824 18.6659,98.3829 18.6657,98.3829
1263	s	18.8363,97.9436 18.8377,97.9461 18.8393,97.9489 18.8407,97.9523 18.8426,97.9549 18.8445,97.9569 18.8462,97.9598 18.8445,97.9629 18.8456,97.9665 18.8473,97.9711 18.8467,97.9739 18.8464,97.9746
1088	s	18.4912,98.3770 18.4914,98.3769
1263	s	18.6921,98.3202 18.6914,98.3240 18.6920,98.3271 18.6924,98.3301 18.6924,98.3335 18.6933,98.3365 18.6945,98.3395 18.6957,98.3425 18.6971,98.3453 18.6984,98.3480 18.7009,98.3506 18.7027,98.3514
1263	s	18.6926,98.3195 18.6921,98.3202
1263	s	18.8422,98.0011 18.8421,98.0012
1263	s	18.8432,97.9981 18.8431,97.9983
1263	s	18.8431,97.9983 18.8426,97.9992
1263	s	18.8421,98.0012 18.8404,98.0035 18.8410,98.0065 18.8408,98.0074
1095	s	19.5352,98.1135 19.5353,98.1139
1095	s	19.5067,98.0751 19.5088,98.0776 19.5123,98.0806 19.5155,98.0831 19.5168,98.0862 19.5206,98.0889 19.5214,98.0917 19.5215,98.0930
1095	s	19.5021,98.0662 19.5022,98.0666
1095	s	19.5065,98.0748 19.5067,98.0751
1095	s	19.5022,98.0666 19.5053,98.0675 19.5058,98.0705 19.5043,98.0738 19.5065,98.0748
1095	s	19.5215,98.0930 19.5217,98.0933
1095	s	19.5032,98.2774 19.5029,98.2775
1095	s	19.5192,98.2469 19.5189,98.2472
1095	s	19.5041,98.2769 19.5040,98.2771
1095	s	19.5040,98.2771 19.5032,98.2774
1095	s	19.1983,98.6829 19.1981,98.6830
1095	s	19.2057,98.6759 19.2056,98.6762
1095	s	19.2056,98.6762 19.2040,98.6786 19.2018,98.6803 19.1992,98.6824 19.1983,98.6829
1155	s	20.0946,100.5063 20.0953,100.5061
1155	s	20.0953,100.5061 20.0978,100.5049 20.1011,100.5073 20.1037,100.5088 20.1043,100.5057 20.1047,100.5027 20.1066,100.5005 20.1095,100.4999 20.1124,100.5006 20.1152,100.5002 20.1190,100.4984 20.1219,100.4973 20.1247,100.4979 20.1275,100.5003 20.1305,100.5018 20.1327,100.5033 20.1351,100.5052 20.1381,100.5067 20.1405,100.5086 20.1433,100.5096 20.1462,100.5089 20.1471,100.5061 20.1483,100.5035 20.1507,100.5018 20.1531,100.4991 20.1545,100.4966 20.1576,100.4966 20.1607,100.4950 20.1628,100.4930 20.1656,100.4928 20.1682,100.4916 20.1716,100.4892 20.1739,100.4877 20.1764,100.4865 20.1789,100.4853 20.1801,100.4825 20.1816,100.4800 20.1831,100.4775 20.1859,100.4766 20.1885,100.4752 20.1906,100.4733 20.1922,100.4707 20.1943,100.4680 20.1961,100.4658 20.1960,100.4627 20.1962,100.4598 20.1951,100.4572 20.1934,100.4547 20.1932,100.4542
1251	s	18.9407,100.0773 18.9376,100.0797 18.9349,100.0852 18.9342,100.0880 18.9317,100.0902 18.9294,100.0920 18.9279,100.0953 18.9269,100.0983 18.9268,100.1011 18.9252,100.1035 18.9217,100.1053 18.9202,100.1078 18.9176,100.1116 18.9160,100.1139 18.9139,100.1160 18.9111,100.1170 18.9084,100.1178 18.9058,100.1206 18.9037,100.1227 18.8997,100.1271 18.9007,100.1300 18.9000,100.1328 18.8971,100.1354 18.8962,100.1366
1251	s	18.8842,100.1785 18.8901,100.1838 18.8928,100.1841 18.8968,100.1830 18.8995,100.1831 18.9020,100.1842 18.9045,100.1824 18.9077,100.1818 18.9108,100.1806 18.9124,100.1782 18.9156,100.1828 18.9167,100.1855 18.9179,100.1882 18.9202,100.1899 18.9210,100.1927 18.9217,100.1956 18.9206,100.1994 18.9223,100.2030 18.9236,100.2056 18.9221,100.2096 18.9236,100.2129 18.9254,100.2162 18.9262,100.2190 18.9270,100.2225 18.9283,100.2265 18.9298,100.2308 18.9309,100.2354
1251	s	18.8942,100.1532 18.8943,100.1534
1251	s	18.8938,100.1525 18.8942,100.1532
1251	s	18.9675,100.0744 18.9672,100.0744
1251	s	18.8937,100.1524 18.8938,100.1525
1148	s	19.2530,100.7479 19.2532,100.7477
1148	s	19.2680,100.7321 19.2691,100.7315
1148	s	19.2532,100.7477 19.2539,100.7445 19.2552,100.7410 19.2578,100.7400 19.2609,100.7400 19.2621,100.7374 19.2639,100.7345 19.2654,100.7321 19.2680,100.7321
1148	s	19.2691,100.7315 19.2714,100.7294 19.2737,100.7276 19.2772,100.7261 19.2801,100.7259 19.2823,100.7280 19.2848,100.7267 19.2868,100.7246
1148	s	19.2871,100.7244 19.2898,100.7239 19.2928,100.7202 19.2940,100.7194
1148	s	19.2868,100.7246 19.2871,100.7244
1148	s	19.2945,100.7190 19.2968,100.7174 19.2997,100.7169 19.3024,100.7167 19.3053,100.7163 19.3083,100.7155 19.3114,100.7165 19.3143,100.7171 19.3173,100.7170 19.3196,100.7152 19.3230,100.7151 19.3257,100.7164 19.3283,100.7153 19.3303,100.7143
1148	s	19.2940,100.7194 19.2945,100.7190
1148	s	19.3641,100.6939 19.3646,100.6938
1148	s	19.3793,100.5982 19.3796,100.5986
1148	s	19.3838,100.6210 19.3841,100.6214
1148	s	19.3796,100.6067 19.3795,100.6071
1148	s	19.3797,100.6089 19.3801,100.6120 19.3803,100.6150 19.3818,100.6175 19.3829,100.6203 19.3838,100.6210
1193	s	19.1396,99.9058 19.1392,99.9028 19.1388,99.8998 19.1387,99.8970 19.1380,99.8934 19.1374,99.8918
1092	s	19.1845,100.2921 19.1847,100.2922
1092	s	19.1847,100.2922 19.1933,100.2996 19.1958,100.3010 19.1983,100.3023 19.2027,100.3045 19.2055,100.3058 19.2082,100.3073 19.2105,100.3091 19.2152,100.3128 19.2180,100.3160 19.2198,100.3193 19.2223,100.3210 19.2253,100.3214 19.2277,100.3228 19.2290,100.3254
1188	s	19.1682,100.2846 19.1678,100.2855
1169	s	18.9239,100.9265 18.9234,100.9234 18.9241,100.9204 18.9242,100.9175 18.9240,100.9146 18.9245,100.9114 18.9241,100.9084 18.9250,100.9056 18.9256,100.9026 18.9275,100.8998 18.9277,100.8969 18.9252,100.8946 18.9225,100.8936 18.9205,100.8908 18.9192,100.8877 18.9171,100.8857 18.9147,100.8836 18.9154,100.8807 18.9166,100.8777 18.9178,100.8752 18.9174,100.8737
1169	s	18.8537,100.8115 18.8510,100.8123 18.8484,100.8131 18.8447,100.8132 18.8418,100.8123 18.8389,100.8118 18.8358,100.8106 18.8330,100.8096 18.8302,100.8087 18.8263,100.8082 18.8226,100.8079 18.8198,100.8078 18.8170,100.8083 18.8142,100.8073 18.8129,100.8048 18.8108,100.8023 18.8084,100.8005 18.8056,100.7999 18.8049,100.8001
1169	s	18.9241,100.9268 18.9239,100.9265
1169	s	18.8601,100.8213 18.8598,100.8205
1081	s	19.0988,101.1545 19.0985,101.1545
1081	s	19.0985,101.1545 19.0955,101.1548 19.0926,101.1547 19.0896,101.1543 19.0871,101.1533 19.0844,101.1534 19.0817,101.1534
1269	s	18.8525,98.7576 18.8526,98.7578
1141	s	18.7680,98.9812 18.7676,98.9842 18.7666,98.9876 18.7665,98.9878
1006	s	18.7571,99.2441 18.7558,99.2414 18.7538,99.2389 18.7523,99.2362 18.7501,99.2345 18.7481,99.2323 18.7466,99.2299 18.7468,99.2268 18.7447,99.2238 18.7430,99.2214 18.7422,99.2184 18.7425,99.2154 18.7421,99.2121 18.7418,99.2086
1147	s	18.7382,99.1254 18.7408,99.1242 18.7422,99.1232
1147	s	18.5798,99.0784 18.5799,99.0754 18.5801,99.0723 18.5811,99.0695 18.5819,99.0665 18.5825,99.0631 18.5829,99.0601 18.5836,99.0569 18.5851,99.0543
1014	s	18.8146,99.1219 18.8120,99.1211 18.8093,99.1188 18.8066,99.1162 18.8052,99.1136 18.8031,99.1117 18.7992,99.1091 18.7968,99.1076 18.7944,99.1055 18.7928,99.1031 18.7906,99.1011 18.7884,99.0990 18.7860,99.0966 18.7837,99.0943 18.7811,99.0927 18.7783,99.0908 18.7758,99.0887 18.7734,99.0870 18.7706,99.0855 18.7682,99.0840 18.7658,99.0828 18.7646,99.0818
1014	s	18.8400,99.1304 18.8371,99.1294 18.8341,99.1285 18.8313,99.1281 18.8281,99.1272 18.8254,99.1262 18.8227,99.1256 18.8197,99.1244 18.8168,99.1228 18.8146,99.1219
11	s	18.2907,99.4318 18.2897,99.4375 18.2890,99.4411 18.2880,99.4443 18.2865,99.4468 18.2842,99.4493 18.2818,99.4513 18.2791,99.4535 18.2769,99.4554 18.2742,99.4589 18.2731,99.4606
1125	s	17.8831,99.6145 17.8833,99.6142
1125	s	17.8833,99.6142 17.8851,99.6112 17.8880,99.6097 17.8908,99.6106 17.8947,99.6095 17.8974,99.6086 17.9000,99.6073
11	s	17.9610,100.0671 17.9653,100.0661 17.9684,100.0656 17.9686,100.0640
1317	s	18.7382,99.1992 18.7378,99.1987
1317	s	18.7291,99.1881 18.7285,99.1845 18.7282,99.1812 18.7279,99.1792
1020	s	20.2252,100.4036 20.2220,100.4047 20.2192,100.4050 20.2156,100.4045 20.2153,100.4045
1020	s	20.2253,100.4036 20.2252,100.4036
1020	s	20.2252,100.4035 20.2253,100.4035
1020	s	20.2253,100.4035 20.2281,100.4041 20.2310,100.4050 20.2337,100.4059 20.2372,100.4081 20.2376,100.4084
1385	s	19.9282,100.2880 19.9248,100.2845 19.9233,100.2817 19.9230,100.2788
1174	s	20.2093,100.3768 20.2093,100.3767
1178	s	19.6183,98.9577 19.6181,98.9577
1178	s	19.6181,98.9577 19.6149,98.9574 19.6094,98.9568 19.6064,98.9568 19.6030,98.9579 19.6010,98.9589
1414	s	19.0723,98.9398 19.0724,98.9410
1414	s	19.0723,98.9398 19.0721,98.9387
1414	s	19.0723,98.9387 19.0723,98.9398
1101	s	18.1477,100.1881 18.1475,100.1886
1141	s	18.7731,98.9763 18.7722,98.9761
1168	s	18.6775,100.9946 18.6745,100.9924 18.6732,100.9919
1168	s	18.6773,100.9957 18.6775,100.9946
1243	s	18.6120,100.9574 18.6095,100.9562 18.6080,100.9537 18.6089,100.9509 18.6061,100.9504 18.6045,100.9477 18.6023,100.9460 18.6025,100.9425 18.6001,100.9409 18.5972,100.9396 18.5943,100.9400 18.5915,100.9400 18.5887,100.9392 18.5853,100.9384 18.5827,100.9379 18.5802,100.9355 18.5773,100.9351 18.5747,100.9360 18.5727,100.9336 18.5726,100.9304 18.5726,100.9272 18.5704,100.9253 18.5680,100.9238 18.5652,100.9222 18.5632,100.9244 18.5632,100.9245
1243	s	18.6122,100.9575 18.6120,100.9574
1168	s	18.7600,100.7903 18.7595,100.7900
1168	s	18.7633,100.7869 18.7600,100.7893 18.7597,100.7898
1168	s	18.7633,100.7869 18.7663,100.7847 18.7697,100.7819 18.7725,100.7811 18.7739,100.7805
1168	s	18.7540,101.0110 18.7549,101.0110
1021	s	19.1695,100.0044 19.1671,100.0023 19.1652,100.0001 19.1644,99.9979
1021	s	19.1629,99.9923 19.1625,99.9906
106	s	18.7745,99.0078 18.7744,99.0078
106	s	18.7744,99.0078 18.7717,99.0065 18.7702,99.0062
106	s	18.7835,99.0053 18.7810,99.0067 18.7780,99.0078 18.7753,99.0079 18.7745,99.0078
1337	s	18.6785,97.8442 18.6807,97.8426 18.6834,97.8401 18.6862,97.8378 18.6896,97.8371 18.6924,97.8378 18.6956,97.8376 18.6984,97.8385 18.7007,97.8371 18.7039,97.8375 18.7056,97.8347 18.7084,97.8341 18.7100,97.8317 18.7128,97.8295 18.7157,97.8293 18.7187,97.8279 18.7216,97.8251 18.7242,97.8260 18.7269,97.8243 18.7292,97.8268 18.7324,97.8265 18.7353,97.8266 18.7361,97.8247
5021 (1337)	s	18.7543,97.8285 18.7568,97.8264 18.7597,97.8265 18.7620,97.8239 18.7628,97.8209 18.7644,97.8186 18.7675,97.8191 18.7705,97.8179 18.7735,97.8171 18.7762,97.8163 18.7789,97.8170 18.7817,97.8174 18.7845,97.8189 18.7855,97.8216 18.7865,97.8244 18.7895,97.8247 18.7922,97.8263 18.7942,97.8284 18.7977,97.8322 18.7993,97.8347 18.8020,97.8362 18.8045,97.8383 18.8058,97.8414 18.8075,97.8439 18.8089,97.8464 18.8092,97.8476
1322	s	19.7343,98.9000 19.7343,98.9003
1322	s	19.7343,98.9003 19.7324,98.9049 19.7324,98.9087 19.7322,98.9117 19.7341,98.9138 19.7364,98.9157 19.7382,98.9186 19.7389,98.9215 19.7370,98.9236 19.7360,98.9267 19.7328,98.9285 19.7274,98.9301 19.7226,98.9297 19.7191,98.9309 19.7139,98.9321 19.7103,98.9359 19.7064,98.9390 19.7038,98.9408 19.7013,98.9434 19.6985,98.9492 19.6951,98.9561 19.6923,98.9559 19.6870,98.9586 19.6835,98.9594
1335	s	18.4162,99.6497 18.4214,99.6473 18.4259,99.6453 18.4289,99.6439 18.4324,99.6424 18.4338,99.6417
1088	s	18.5136,98.3592 18.5157,98.3610 18.5194,98.3629 18.5223,98.3628 18.5251,98.3635 18.5271,98.3655 18.5299,98.3664 18.5321,98.3689 18.5348,98.3701 18.5366,98.3724 18.5393,98.3736 18.5413,98.3755 18.5411,98.3785 18.5435,98.3801 18.5462,98.3819 18.5469,98.3828
1333	s	18.9716,101.1104 18.9721,101.1111
1333	s	18.9717,101.1466 18.9714,101.1473
1333	s	18.9721,101.1111 18.9717,101.1139 18.9706,101.1166 18.9703,101.1195 18.9685,101.1224 18.9694,101.1253 18.9722,101.1252 18.9745,101.1267 18.9751,101.1297 18.9750,101.1327 18.9742,101.1354 18.9720,101.1374 18.9704,101.1398 18.9709,101.1427 18.9718,101.1457 18.9717,101.1466
1333	s	18.9575,101.0760 18.9565,101.0797 18.9577,101.0824 18.9568,101.0858 18.9580,101.0884 18.9571,101.0911 18.9557,101.0936 18.9569,101.0962 18.9594,101.0952 18.9608,101.0977 18.9632,101.0992 18.9614,101.1013 18.9630,101.1037 18.9633,101.1066 18.9647,101.1041 18.9672,101.1050 18.9695,101.1066 18.9721,101.1056 18.9708,101.1083 18.9716,101.1104
1333	s	18.9574,101.0749 18.9575,101.0760
1257	s	18.9103,100.9502 18.9095,100.9530 18.9086,100.9557 18.9076,100.9584 18.9084,100.9614 18.9082,100.9643 18.9081,100.9674 18.9076,100.9703 18.9102,100.9687 18.9107,100.9716 18.9104,100.9749 18.9105,100.9778 18.9125,100.9759 18.9154,100.9766 18.9164,100.9793 18.9189,100.9808 18.9218,100.9813 18.9246,100.9806 18.9253,100.9775 18.9281,100.9768 18.9299,100.9789 18.9310,100.9817 18.9295,100.9848 18.9292,100.9878 18.9293,100.9907 18.9319,100.9922 18.9322,100.9951 18.9328,100.9981 18.9336,101.0011 18.9347,101.0041 18.9345,101.0079 18.9342,101.0108 18.9370,101.0105 18.9397,101.0100 18.9419,101.0117 18.9450,101.0109 18.9469,101.0130 18.9455,101.0155 18.9461,101.0188 18.9457,101.0218 18.9452,101.0253 18.9454,101.0268
1225	s	18.8467,101.0289 18.8493,101.0273 18.8498,101.0244 18.8493,101.0213 18.8515,101.0184 18.8520,101.0153 18.8549,101.0137 18.8570,101.0117 18.8595,101.0107 18.8625,101.0116 18.8650,101.0100 18.8661,101.0071 18.8677,101.0039 18.8694,101.0016 18.8718,100.9997 18.8731,100.9969 18.8743,100.9941 18.8742,100.9905 18.8753,100.9879 18.8768,100.9846 18.8784,100.9823 18.8786,100.9787 18.8804,100.9756 18.8815,100.9727 18.8837,100.9710 18.8853,100.9687 18.8872,100.9664 18.8884,100.9638 18.8892,100.9609 18.8920,100.9599 18.8945,100.9583 18.8972,100.9572 18.8988,100.9548 18.9007,100.9521 18.9017,100.9493 18.9026,100.9486
1225	s	18.7585,101.0098 18.7611,101.0115 18.7645,101.0119 18.7660,101.0145 18.7663,101.0174 18.7693,101.0166 18.7721,101.0169 18.7765,101.0181 18.7795,101.0175 18.7808,101.0145 18.7835,101.0135 18.7862,101.0146 18.7890,101.0149 18.7914,101.0165 18.7924,101.0192 18.7919,101.0228 18.7945,101.0235 18.7965,101.0259 18.7991,101.0265 18.7997,101.0296 18.8019,101.0318 18.8049,101.0333 18.8076,101.0338 18.8110,101.0328 18.8137,101.0320 18.8164,101.0312 18.8189,101.0301 18.8211,101.0279 18.8235,101.0264 18.8257,101.0246 18.8285,101.0243 18.8321,101.0244 18.8353,101.0236 18.8380,101.0231 18.8402,101.0254 18.8423,101.0274 18.8463,101.0289
1168	s	18.6431,101.0111 18.6443,101.0159 18.6465,101.0206 18.6455,101.0247 18.6448,101.0277 18.6440,101.0311 18.6443,101.0353 18.6428,101.0377 18.6401,101.0370 18.6372,101.0378 18.6363,101.0405 18.6363,101.0436 18.6384,101.0455 18.6385,101.0503 18.6418,101.0530 18.6427,101.0561 18.6446,101.0604 18.6464,101.0631 18.6477,101.0658 18.6489,101.0685 18.6489,101.0714 18.6486,101.0745 18.6507,101.0764 18.6487,101.0794 18.6461,101.0808 18.6491,101.0823 18.6513,101.0842 18.6539,101.0815 18.6550,101.0787 18.6577,101.0781 18.6602,101.0800 18.6624,101.0818 18.6629,101.0846 18.6645,101.0870 18.6662,101.0901 18.6663,101.0903
1168	s	18.6437,101.0102 18.6431,101.0111
1168	s	18.6663,101.0903 18.6662,101.0914
1168	s	18.6662,101.0914 18.6641,101.0933 18.6632,101.0967 18.6632,101.0999 18.6652,101.1023 18.6666,101.1048 18.6667,101.1079 18.6663,101.1112 18.6670,101.1142 18.6674,101.1173 18.6672,101.1211 18.6670,101.1243 18.6689,101.1264 18.6712,101.1282 18.6744,101.1289 18.6772,101.1300 18.6806,101.1291 18.6833,101.1296 18.6861,101.1298 18.6858,101.1333 18.6843,101.1358 18.6873,101.1378 18.6891,101.1357 18.6918,101.1348 18.6945,101.1357 18.6973,101.1370 18.6965,101.1401
1168	s	18.7315,101.1813 18.7338,101.1840 18.7336,101.1869 18.7354,101.1891 18.7348,101.1919 18.7360,101.1946 18.7388,101.1960 18.7393,101.1990 18.7409,101.2014 18.7440,101.2015 18.7447,101.1987 18.7472,101.1969 18.7480,101.1959
1168	s	18.7595,100.7897 18.7624,100.7875 18.7633,100.7869
1168	s	18.7600,100.7903 18.7608,100.7934 18.7616,100.7964 18.7645,100.7993 18.7666,100.8013 18.7692,100.8026 18.7705,100.8052 18.7706,100.8083 18.7714,100.8120 18.7731,100.8142 18.7735,100.8171 18.7730,100.8201 18.7745,100.8226 18.7759,100.8252 18.7777,100.8282 18.7819,100.8292 18.7844,100.8312 18.7860,100.8336 18.7885,100.8350 18.7912,100.8361 18.7926,100.8387 18.7927,100.8416 18.7936,100.8444 18.7944,100.8475 18.7960,100.8509 18.7984,100.8531 18.7992,100.8562 18.7995,100.8593 18.7996,100.8622 18.8000,100.8650 18.7999,100.8685 18.8010,100.8712 18.8019,100.8740 18.8018,100.8770 18.8034,100.8797 18.8026,100.8825 18.8021,100.8854 18.8017,100.8882 18.8009,100.8911 18.7996,100.8937 18.7999,100.8970 18.7974,100.8984 18.7969,100.9013 18.7968,100.9042 18.7961,100.9086 18.7971,100.9118 18.7989,100.9141 18.8002,100.9168 18.8019,100.9192 18.8003,100.9215 18.7994,100.9243 18.7998,100.9272 18.8027,100.9272 18.8027,100.9303 18.8022,100.9333 18.8037,100.9358 18.8035,100.9391 18.8018,100.9415 18.7999,100.9438 18.7985,100.9465 18.7962,100.9481 18.7957,100.9516 18.7946,100.9548 18.7941,100.9577 18.7920,100.9597 18.7910,100.9625 18.7894,100.9649 18.7870,100.9667 18.7850,100.9690 18.7823,100.9700 18.7797,100.9685 18.7776,100.9705 18.7763,100.9744 18.7751,100.9772 18.7740,100.9806 18.7717,100.9824 18.7690,100.9840 18.7668,100.9858 18.7647,100.9881 18.7627,100.9908 18.7614,100.9935 18.7600,100.9960 18.7608,100.9992 18.7612,101.0030 18.7609,101.0070 18.7590,101.0093 18.7567,101.0112 18.7549,101.0110
1335	s	18.7125,99.5818 18.7118,99.5848 18.7074,99.5873 18.7057,99.5885
1034	s	18.3174,99.3602 18.3176,99.3601
1039	s	18.3104,99.4639 18.3106,99.4606 18.3108,99.4580
1037	s	18.2519,99.4909 18.2545,99.4917 18.2569,99.4937 18.2600,99.4953 18.2632,99.4959 18.2662,99.4966 18.2718,99.4977 18.2739,99.4982
1	s	18.2801,99.4888 18.2814,99.4919 18.2816,99.4962 18.2818,99.4994 18.2819,99.4998
1	s	18.2857,99.5125 18.2880,99.5140 18.2916,99.5162 18.2926,99.5168
1	s	18.2911,99.5164 18.2885,99.5148 18.2859,99.5133 18.2855,99.5130
1338	s	20.2719,99.8047 20.2690,99.8048 20.2671,99.8025 20.2658,99.7997 20.2643,99.7972 20.2615,99.7964 20.2591,99.7945 20.2597,99.7913 20.2612,99.7889 20.2607,99.7859 20.2602,99.7830 20.2596,99.7793 20.2613,99.7770 20.2624,99.7743 20.2598,99.7732 20.2570,99.7732 20.2569,99.7762 20.2540,99.7767 20.2518,99.7748 20.2521,99.7719 20.2511,99.7691 20.2484,99.7700 20.2461,99.7680 20.2432,99.7663 20.2417,99.7664
1388	s	20.2719,99.8047 20.2703,99.8071 20.2690,99.8098 20.2711,99.8119 20.2711,99.8149 20.2707,99.8169
1388	s	20.2707,99.8169 20.2710,99.8201 20.2709,99.8230 20.2698,99.8260 20.2700,99.8290 20.2697,99.8320 20.2676,99.8342
1335	s	18.7057,99.5885 18.7053,99.5888
1001	s	19.2137,99.1814 19.2134,99.1813
1001	s	19.2134,99.1813 19.2107,99.1805 19.2084,99.1786 19.2066,99.1760 19.2043,99.1739 19.2009,99.1728 19.1982,99.1723 19.1965,99.1712
1091	s	18.8876,100.2858 18.8879,100.2849
1216	s	18.2817,100.5589 18.2816,100.5584
1216	s	18.2816,100.5584 18.2782,100.5585 18.2754,100.5582 18.2738,100.5558 18.2745,100.5530 18.2738,100.5499 18.2712,100.5488 18.2732,100.5466 18.2733,100.5438 18.2721,100.5412 18.2733,100.5382 18.2743,100.5339 18.2774,100.5330 18.2762,100.5304 18.2769,100.5277 18.2778,100.5250 18.2802,100.5230 18.2782,100.5206 18.2760,100.5187 18.2751,100.5158 18.2753,100.5125 18.2779,100.5114 18.2800,100.5093 18.2791,100.5065 18.2796,100.5037 18.2818,100.5012 18.2836,100.4988 18.2836,100.4958 18.2838,100.4928 18.2851,100.4896
1216	s	18.3378,100.4681 18.3366,100.4706 18.3339,100.4718 18.3342,100.4747 18.3317,100.4757 18.3318,100.4786 18.3294,100.4799 18.3283,100.4825 18.3291,100.4852 18.3309,100.4880 18.3282,100.4880 18.3265,100.4857 18.3240,100.4836 18.3223,100.4813 18.3196,100.4805 18.3171,100.4817 18.3144,100.4810 18.3107,100.4816 18.3078,100.4823 18.3054,100.4837 18.3044,100.4864 18.3012,100.4866 18.2987,100.4879 18.2966,100.4857 18.2950,100.4834 18.2916,100.4831 18.2891,100.4849 18.2868,100.4871 18.2851,100.4896
1216	s	18.3378,100.4680 18.3378,100.4681
1217	s	18.2871,100.4149 18.2873,100.4148
1217	s	18.2557,100.4202 18.2585,100.4198 18.2622,100.4202 18.2651,100.4193 18.2680,100.4195 18.2710,100.4190 18.2739,100.4185 18.2775,100.4172 18.2801,100.4152 18.2829,100.4153 18.2858,100.4153 18.2871,100.4149
1217	s	18.2549,100.4199 18.2557,100.4202
1342	s	18.2253,100.4012 18.2281,100.4005 18.2314,100.3976 18.2294,100.3940 18.2334,100.3919 18.2365,100.3905 18.2388,100.3890 18.2414,100.3869 18.2415,100.3837 18.2398,100.3808 18.2391,100.3771 18.2405,100.3735 18.2407,100.3705 18.2413,100.3676 18.2439,100.3658 18.2457,100.3632 18.2445,100.3605 18.2447,100.3571 18.2428,100.3540 18.2403,100.3523 18.2382,100.3500 18.2344,100.3500 18.2330,100.3474 18.2330,100.3442 18.2353,100.3424 18.2372,100.3402 18.2397,100.3390 18.2395,100.3357 18.2378,100.3330 18.2366,100.3299 18.2340,100.3273 18.2317,100.3256 18.2318,100.3225 18.2306,100.3199 18.2313,100.3143 18.2320,100.3114 18.2316,100.3070 18.2327,100.3040 18.2334,100.2998 18.2330,100.2969 18.2334,100.2926 18.2334,100.2911
1342	s	18.2256,100.4016 18.2253,100.4012
1101	s	18.1353,100.2043 18.1349,100.2044
1174	s	19.8416,100.1608 19.8390,100.1601 19.8383,100.1591
1174	s	19.8313,100.1514 19.8310,100.1512
1020	s	20.2584,100.4070 20.2612,100.4069 20.2639,100.4064 20.2669,100.4059 20.2698,100.4055 20.2725,100.4054 20.2744,100.4052
1091	s	19.0579,100.2449 19.0547,100.2443 19.0499,100.2418 19.0493,100.2410
1091	s	19.0493,100.2410 19.0486,100.2400
1091	s	19.0197,100.2643 19.0176,100.2673 19.0141,100.2738 19.0121,100.2774 19.0102,100.2801 19.0057,100.2810 19.0021,100.2809
1091	s	19.0204,100.2641 19.0197,100.2643
1091	s	19.0590,100.2455 19.0579,100.2449
1091	s	19.0486,100.2400 19.0463,100.2381 19.0424,100.2445 19.0405,100.2472 19.0388,100.2495 19.0351,100.2500 19.0318,100.2501 19.0294,100.2520 19.0286,100.2554 19.0262,100.2576 19.0255,100.2605 19.0238,100.2629 19.0207,100.2641 19.0204,100.2641
1091	s	19.1341,100.2630 19.1308,100.2654 19.1287,100.2678 19.1251,100.2685 19.1211,100.2683 19.1183,100.2679 19.1155,100.2658 19.1126,100.2644 19.1099,100.2653 19.1073,100.2644 19.0969,100.2628 19.0914,100.2622 19.0873,100.2630 19.0838,100.2630 19.0810,100.2625 19.0780,100.2617 19.0743,100.2610 19.0694,100.2581 19.0669,100.2566 19.0652,100.2542 19.0640,100.2505 19.0615,100.2473 19.0590,100.2455
1091	s	19.1345,100.2631 19.1341,100.2630
1148	s	19.5025,100.3245 19.5060,100.3237 19.5086,100.3212 19.5111,100.3186 19.5136,100.3161 19.5151,100.3145
1179	s	19.3188,100.3140 19.3225,100.3139 19.3255,100.3159 19.3282,100.3170 19.3311,100.3172 19.3339,100.3170 19.3367,100.3160 19.3424,100.3148 19.3453,100.3141 19.3485,100.3139 19.3479,100.3108 19.3470,100.3078 19.3454,100.3052 19.3475,100.3033 19.3502,100.3031 19.3520,100.3053 19.3552,100.3067 19.3593,100.3074 19.3631,100.3072 19.3680,100.3073 19.3709,100.3071 19.3739,100.3065 19.3772,100.3056 19.3847,100.3040 19.3872,100.3022 19.3902,100.3001 19.3930,100.3005 19.3963,100.3011 19.3992,100.3014 19.4025,100.3019 19.4058,100.3017 19.4087,100.3015 19.4121,100.3008 19.4154,100.3012 19.4183,100.3021 19.4239,100.3038 19.4266,100.3049 19.4296,100.3062 19.4330,100.3065 19.4370,100.3070 19.4398,100.3077 19.4428,100.3092 19.4467,100.3104 19.4492,100.3122 19.4527,100.3130 19.4553,100.3152 19.4578,100.3176 19.4591,100.3203 19.4617,100.3221 19.4644,100.3240 19.4666,100.3266 19.4675,100.3278
1179	s	19.3182,100.3142 19.3188,100.3140
1092	s	19.2290,100.3254 19.2290,100.3266
1148	s	19.5020,100.3243 19.5025,100.3245
1092	s	19.2290,100.3266 19.2316,100.3283 19.2343,100.3281 19.2374,100.3296 19.2386,100.3303
1020	s	20.2153,100.4043 20.2187,100.4048 20.2214,100.4047 20.2240,100.4037 20.2252,100.4035
1093	s	19.6632,100.3761 19.6630,100.3761
1093	s	19.6630,100.3761 19.6614,100.3763
1020	s	19.6882,100.1883 19.6886,100.1867
1001	s	19.3689,99.2031 19.3660,99.2028 19.3653,99.2027
1009	s	18.4494,98.6750 18.4519,98.6738 18.4554,98.6745 18.4583,98.6754 18.4610,98.6759 18.4635,98.6778 18.4678,98.6777 18.4709,98.6780 18.4744,98.6762 18.4771,98.6759 18.4784,98.6733 18.4805,98.6706 18.4831,98.6698 18.4856,98.6710 18.4876,98.6730 18.4893,98.6735
1009	s	18.5416,98.5734 18.5415,98.5730
1009	s	18.5425,98.5508 18.5419,98.5480 18.5447,98.5464 18.5472,98.5450 18.5487,98.5422 18.5495,98.5393 18.5468,98.5388 18.5461,98.5359 18.5442,98.5334 18.5414,98.5305 18.5408,98.5303
1270	s	18.4089,98.1125 18.4062,98.1124 18.4053,98.1155 18.4026,98.1149 18.3996,98.1162 18.3995,98.1193 18.3968,98.1196 18.3942,98.1185 18.3938,98.1213 18.3912,98.1220 18.3883,98.1214 18.3857,98.1205 18.3864,98.1176 18.3861,98.1145 18.3848,98.1116 18.3817,98.1127 18.3803,98.1156 18.3775,98.1162 18.3753,98.1143 18.3730,98.1161 18.3703,98.1168 18.3687,98.1194 18.3677,98.1222 18.3666,98.1255 18.3663,98.1283 18.3672,98.1315 18.3668,98.1350 18.3674,98.1378 18.3680,98.1409 18.3653,98.1425 18.3623,98.1423 18.3596,98.1419 18.3592,98.1452 18.3581,98.1483 18.3575,98.1513 18.3547,98.1510 18.3520,98.1501 18.3507,98.1528 18.3524,98.1558 18.3523,98.1587 18.3506,98.1609 18.3490,98.1633 18.3462,98.1624 18.3436,98.1634 18.3426,98.1660 18.3396,98.1662 18.3368,98.1657 18.3360,98.1655
1266	s	18.3733,98.0740 18.3747,98.0766 18.3769,98.0771
1148	s	19.3795,100.6061 19.3796,100.6067
1148	s	19.3795,100.6059 19.3795,100.6061
1148	s	19.3371,100.4314 19.3355,100.4358 19.3344,100.4386 19.3321,100.4427 19.3303,100.4453 19.3290,100.4479 19.3282,100.4510 19.3253,100.4510 19.3235,100.4548 19.3224,100.4579 19.3250,100.4590 19.3256,100.4617 19.3261,100.4647 19.3275,100.4673 19.3267,100.4702 19.3266,100.4733 19.3298,100.4739 19.3327,100.4731 19.3355,100.4735 19.3384,100.4745 19.3410,100.4757 19.3443,100.4763 19.3472,100.4753 19.3493,100.4771 19.3499,100.4803 19.3483,100.4834 19.3495,100.4860 19.3519,100.4877 19.3538,100.4898 19.3519,100.4927 19.3505,100.4952 19.3533,100.4960 19.3556,100.4984 19.3565,100.5013 19.3566,100.5044 19.3577,100.5072 19.3568,100.5099 19.3540,100.5105 19.3508,100.5106 19.3480,100.5106 19.3495,100.5130 19.3476,100.5153 19.3496,100.5174 19.3517,100.5194 19.3506,100.5267 19.3492,100.5294 19.3478,100.5319 19.3507,100.5349 19.3539,100.5362 19.3559,100.5384 19.3560,100.5416 19.3583,100.5464 19.3565,100.5492 19.3552,100.5519 19.3539,100.5545 19.3514,100.5573 19.3487,100.5588 19.3476,100.5614 19.3497,100.5632 19.3509,100.5658 19.3533,100.5673 19.3560,100.5669 19.3554,100.5698 19.3530,100.5713 19.3517,100.5738 19.3516,100.5769 19.3518,100.5798 19.3496,100.5815 19.3520,100.5831 19.3532,100.5857 19.3560,100.5864 19.3585,100.5875 19.3611,100.5863 19.3639,100.5863 19.3665,100.5850 19.3688,100.5868 19.3705,100.5890 19.3720,100.5865 19.3745,100.5877 19.3734,100.5905 19.3753,100.5926 19.3770,100.5904 19.3761,100.5937 19.3773,100.5967 19.3793,100.5982
1148	s	19.3611,100.4099 19.3586,100.4112 19.3559,100.4123 19.3515,100.4133 19.3485,100.4150 19.3456,100.4163 19.3434,100.4189 19.3413,100.4216 19.3401,100.4243 19.3403,100.4283 19.3379,100.4307 19.3374,100.4312
1148	s	19.3374,100.4312 19.3371,100.4314
1148	s	19.3614,100.4098 19.3611,100.4099
1148	s	19.4153,100.3714 19.4152,100.3721
1148	s	19.4025,100.3989 19.4024,100.3994
1093	s	19.8994,100.4995 19.9006,100.5020
1093	s	19.9226,100.5112 19.9252,100.5105
1093	s	19.8992,100.4994 19.8994,100.4995
1093	s	19.9007,100.5021 19.9027,100.4999 19.9044,100.4977 19.9056,100.5004 19.9080,100.4987 19.9106,100.4973 19.9133,100.4960 19.9159,100.4943 19.9185,100.4953 19.9209,100.4966 19.9212,100.4995 19.9219,100.5024 19.9202,100.5047 19.9203,100.5076 19.9220,100.5099 19.9224,100.5112
1093	s	19.9252,100.5105 19.9254,100.5104
1093	s	19.7846,100.4016 19.7864,100.4039 19.7887,100.4056 19.7911,100.4074 19.7921,100.4102 19.7925,100.4131 19.7942,100.4153 19.7941,100.4182 19.7955,100.4208 19.7970,100.4232 19.7966,100.4261 19.7949,100.4285 19.7955,100.4315 19.7964,100.4343 19.7987,100.4366 19.8015,100.4372 19.8043,100.4372 19.8062,100.4350 19.8096,100.4341 19.8120,100.4358 19.8127,100.4386 19.8158,100.4412 19.8176,100.4416
1093	s	19.9006,100.5020 19.9007,100.5021
1093	s	19.8778,100.4894 19.8785,100.4889
1093	s	19.9254,100.5104 19.9277,100.5086 19.9304,100.5085 19.9331,100.5089 19.9353,100.5080
1093	s	19.9224,100.5112 19.9226,100.5112
1155	s	19.9806,100.4594 19.9812,100.4593
1155	s	19.9626,100.4536 19.9646,100.4566 19.9671,100.4582 19.9702,100.4578 19.9730,100.4586 19.9755,100.4601 19.9779,100.4618 19.9798,100.4597 19.9806,100.4594
1155	s	19.9605,100.4529 19.9609,100.4533
1155	s	19.8869,100.3980 19.8891,100.3996 19.8910,100.4017 19.8940,100.4015 19.8968,100.4022 19.8995,100.4019 19.9018,100.4038 19.9035,100.4062 19.9050,100.4086 19.9069,100.4107 19.9080,100.4102
1155	s	19.8861,100.3979 19.8869,100.3980
1174	s	20.2111,100.4033 20.2112,100.4033
1290	s	20.2744,100.4052 20.2742,100.4021 20.2747,100.3993 20.2762,100.3968 20.2789,100.3960 20.2812,100.3944 20.2837,100.3934 20.2869,100.3920 20.2891,100.3900 20.2920,100.3900 20.2947,100.3896 20.2983,100.3886 20.2987,100.3885
1290	s	20.2270,100.1438 20.2303,100.1449 20.2330,100.1460 20.2359,100.1472
1430	s	20.2389,100.1485 20.2366,100.1481
1430	s	20.2394,100.1488 20.2397,100.1517 20.2379,100.1552
1430	s	20.2389,100.1485 20.2394,100.1488
1290	s	20.2270,100.1439 20.2241,100.1441 20.2215,100.1434 20.2217,100.1378 20.2205,100.1336 20.2204,100.1317
1414	s	19.0724,98.9428 19.0722,98.9456 19.0711,98.9505
1414	s	19.0711,98.9505 19.0708,98.9520
1414	s	19.0706,98.9530 19.0692,98.9561 19.0669,98.9590
1150	s	19.3676,99.2261 19.3673,99.2267
1150	s	19.3671,99.2270 19.3667,99.2306 19.3666,99.2339 19.3667,99.2391 19.3666,99.2422 19.3693,99.2432 19.3689,99.2462 19.3712,99.2478 19.3733,99.2497 19.3711,99.2525 19.3709,99.2554 19.3730,99.2572 19.3725,99.2604 19.3698,99.2614 19.3675,99.2590 19.3647,99.2580 19.3598,99.2576 19.3593,99.2607 19.3591,99.2636 19.3596,99.2666 19.3592,99.2695 19.3611,99.2716 19.3618,99.2744 19.3591,99.2745 19.3565,99.2736 19.3546,99.2759 19.3518,99.2762 19.3493,99.2773 19.3484,99.2801 19.3466,99.2826 19.3455,99.2852 19.3443,99.2878 19.3441,99.2907 19.3442,99.2938 19.3447,99.2967 19.3451,99.2997 19.3434,99.3022 19.3425,99.3052 19.3419,99.3080 19.3391,99.3088 19.3370,99.3108 19.3347,99.3124 19.3325,99.3140 19.3300,99.3153 19.3282,99.3174 19.3293,99.3202 19.3266,99.3209 19.3284,99.3231 19.3312,99.3230 19.3314,99.3234
1102	s	17.4453,99.1286 17.4477,99.1269 17.4504,99.1261 17.4516,99.1222 17.4532,99.1196 17.4561,99.1197 17.4589,99.1195 17.4616,99.1183 17.4649,99.1160 17.4689,99.1151 17.4717,99.1153 17.4764,99.1162 17.4801,99.1167 17.4862,99.1199 17.4881,99.1225 17.4904,99.1243 17.4936,99.1252 17.4962,99.1265 17.4989,99.1280 17.5019,99.1286 17.5060,99.1317 17.5089,99.1334 17.5110,99.1357 17.5128,99.1385 17.5126,99.1418 17.5123,99.1448 17.5128,99.1477 17.5122,99.1505 17.5114,99.1544 17.5112,99.1578 17.5117,99.1643 17.5123,99.1672 17.5151,99.1689 17.5180,99.1691 17.5215,99.1704 17.5235,99.1729 17.5252,99.1752 17.5271,99.1773 17.5297,99.1790 17.5333,99.1786 17.5377,99.1762 17.5390,99.1759
1102	s	17.4453,99.1294 17.4453,99.1286
1088	s	18.8149,98.3328 18.8136,98.3302 18.8119,98.3273 18.8092,98.3281 18.8074,98.3259 18.8046,98.3260 18.8019,98.3266 18.7997,98.3249 18.7970,98.3248 18.7948,98.3268 18.7924,98.3255 18.7895,98.3258 18.7861,98.3271 18.7834,98.3281 18.7802,98.3273 18.7773,98.3260 18.7745,98.3255 18.7718,98.3255 18.7694,98.3272 18.7677,98.3298 18.7651,98.3304 18.7625,98.3326 18.7608,98.3348 18.7601,98.3379 18.7578,98.3357 18.7576,98.3327 18.7546,98.3339 18.7521,98.3355 18.7488,98.3360 18.7462,98.3351 18.7452,98.3379 18.7434,98.3401 18.7436,98.3429 18.7408,98.3433 18.7383,98.3418 18.7346,98.3429 18.7324,98.3448 18.7310,98.3473 18.7315,98.3502 18.7289,98.3479 18.7275,98.3468
1265	s	19.2469,98.4617 19.2470,98.4615
1317	s	18.7526,99.0594 18.7524,99.0597
1265	s	19.2040,98.4311 19.2037,98.4315
1265	s	19.2426,98.4774 19.2426,98.4772
1265	s	19.2426,98.4772 19.2445,98.4743 19.2433,98.4713 19.2460,98.4709 19.2467,98.4687
1226	s	19.6243,98.2092 19.6270,98.2108 19.6296,98.2120 19.6323,98.2128 19.6353,98.2142 19.6390,98.2153 19.6440,98.2191 19.6462,98.2216 19.6483,98.2243 19.6485,98.2294 19.6506,98.2316 19.6521,98.2341 19.6521,98.2370 19.6540,98.2394 19.6566,98.2398 19.6594,98.2405 19.6614,98.2426 19.6612,98.2456 19.6627,98.2479 19.6648,98.2499 19.6680,98.2505 19.6710,98.2509 19.6736,98.2520 19.6759,98.2505 19.6770,98.2478 19.6786,98.2454 19.6810,98.2439 19.6835,98.2422 19.6850,98.2397 19.6870,98.2378 19.6894,98.2361 19.6919,98.2349 19.6942,98.2330 19.6964,98.2310 19.6949,98.2287 19.6933,98.2261 19.6917,98.2235 19.6902,98.2211 19.6876,98.2204
1036	s	18.1348,99.5146 18.1354,99.5175 18.1380,99.5184 18.1396,99.5212 18.1425,99.5224 18.1460,99.5242 18.1487,99.5255 18.1511,99.5275 18.1532,99.5296 18.1544,99.5328 18.1552,99.5358 18.1567,99.5383 18.1589,99.5419 18.1606,99.5457 18.1616,99.5484 18.1659,99.5542 18.1682,99.5562 18.1720,99.5568 18.1727,99.5567
1036	s	18.1348,99.5146 18.1328,99.5125 18.1312,99.5102
1036	s	18.1312,99.5102 18.1340,99.5110 18.1370,99.5122
1037	s	18.2415,99.4914 18.2442,99.4912
1037	s	18.2412,99.4913 18.2412,99.4913
1269	s	18.7778,98.8533 18.7756,98.8561 18.7751,98.8592 18.7732,98.8615 18.7721,98.8626
1269	s	18.7577,98.8805 18.7551,98.8814 18.7545,98.8828
1269	s	18.7796,98.8525 18.7795,98.8529
1269	s	18.7779,98.8532 18.7778,98.8533
1269	s	18.7640,98.8754 18.7639,98.8757
1269	s	18.7795,98.8529 18.7779,98.8532
1322	s	19.6385,98.6353 19.6408,98.6371 19.6432,98.6387 19.6441,98.6382
1322	s	19.6383,98.6352 19.6385,98.6353
1322	s	19.7379,98.8541 19.7364,98.8572 19.7365,98.8579
1322	s	19.7370,98.8599 19.7363,98.8607
1322	s	19.7346,98.8630 19.7317,98.8627 19.7288,98.8629 19.7261,98.8650 19.7239,98.8670 19.7245,98.8702 19.7250,98.8730 19.7246,98.8763 19.7271,98.8776 19.7252,98.8803 19.7224,98.8818 19.7203,98.8839 19.7207,98.8854
1322	s	19.7358,98.8408 19.7370,98.8435 19.7379,98.8446
1322	s	19.7357,98.8407 19.7358,98.8408
1322	s	19.7355,98.8614 19.7353,98.8616
1178	s	19.5609,98.9561 19.5607,98.9561
1322	s	19.7369,98.8587 19.7371,98.8590
1322	s	19.6867,98.7933 19.6869,98.7934
1178	s	19.5993,98.9600 19.5992,98.9601
1322	s	19.7379,98.8538 19.7379,98.8541
1322	s	19.7348,98.8628 19.7346,98.8630
1322	s	19.7353,98.8616 19.7348,98.8628
1178	s	19.5607,98.9561 19.5578,98.9557 19.5546,98.9569 19.5521,98.9579 19.5493,98.9581 19.5471,98.9600 19.5448,98.9616 19.5412,98.9628 19.5380,98.9627 19.5353,98.9617 19.5333,98.9597 19.5306,98.9586 19.5281,98.9597 19.5264,98.9629 19.5221,98.9626 19.5184,98.9620 19.5148,98.9602 19.5121,98.9594 19.5092,98.9591 19.5082,98.9588
1178	s	19.5992,98.9601 19.5966,98.9613 19.5936,98.9610 19.5895,98.9609 19.5883,98.9609
108	s	18.7695,98.9777 18.7704,98.9783
1004	s	18.8141,98.9377 18.8139,98.9375
1004	s	18.8017,98.9209 18.8018,98.9209
1004	s	18.8023,98.9221 18.8028,98.9203
1004	s	18.8083,98.9376 18.8055,98.9371 18.8045,98.9344 18.8016,98.9342 18.8010,98.9336
1088	s	18.3779,98.3808 18.3782,98.3809
1126	s	19.4451,100.1941 19.4466,100.1915 19.4487,100.1883 19.4510,100.1802 19.4510,100.1764 19.4508,100.1697 19.4507,100.1651 19.4507,100.1629
1157	s	18.7632,99.5225 18.7627,99.5229
1035	s	18.7220,99.5668 18.7224,99.5679
1361	s	18.7256,99.5850 18.7280,99.5838
1035	s	18.7224,99.5679 18.7237,99.5712 18.7248,99.5745 18.7269,99.5805 18.7271,99.5811
1287	s	18.7589,99.5622 18.7591,99.5617
1287	s	18.7591,99.5617 18.7604,99.5590 18.7616,99.5562 18.7653,99.5549 18.7685,99.5554 18.7703,99.5531 18.7734,99.5519 18.7747,99.5491 18.7751,99.5461 18.7762,99.5430 18.7767,99.5400 18.7791,99.5380 18.7778,99.5351 18.7751,99.5343 18.7756,99.5310 18.7750,99.5277 18.7743,99.5252
1361	s	18.7039,99.5648 18.7044,99.5644
1361	s	18.7044,99.5644 18.7044,99.5606 18.7050,99.5570 18.7051,99.5550
1095	s	19.3969,98.4172 19.3966,98.4174
1414	s	19.0708,98.9520 19.0707,98.9525
1194	s	18.0259,97.8739 18.0258,97.8736
1194	s	17.9936,97.8141 17.9929,97.8109 17.9917,97.8083 17.9909,97.8055 17.9913,97.8022 17.9897,97.7994 17.9885,97.7965 17.9884,97.7959
1194	s	17.9937,97.8146 17.9936,97.8141
1317	s	18.7616,99.0415 18.7600,99.0445 18.7584,99.0477 18.7572,99.0500
1317	s	18.7572,99.0500 18.7571,99.0502
1013	s	18.6052,98.8335 18.6057,98.8347
1	s	18.2541,99.4557 18.2539,99.4558
1	s	18.2506,99.4524 18.2528,99.4544 18.2538,99.4552
1037	s	18.1986,99.5080 18.2031,99.5032 18.2092,99.4960 18.2113,99.4941 18.2154,99.4929 18.2187,99.4919
1391	s	18.1790,99.5549 18.1818,99.5555 18.1844,99.5564 18.1872,99.5564 18.1899,99.5557 18.1930,99.5550 18.1966,99.5543 18.1990,99.5566 18.1997,99.5565
1036	s	18.1731,99.5598 18.1728,99.5598
1	s	18.2407,99.4423 18.2414,99.4432
1036	s	18.1841,99.4580 18.1817,99.4594 18.1802,99.4645 18.1784,99.4684 18.1769,99.4707 18.1749,99.4745 18.1740,99.4775 18.1729,99.4811 18.1720,99.4840 18.1721,99.4869 18.1714,99.4899 18.1707,99.4928 18.1682,99.4950 18.1656,99.4978 18.1637,99.5011 18.1613,99.5044 18.1601,99.5071 18.1573,99.5092 18.1547,99.5103 18.1515,99.5115 18.1486,99.5123 18.1458,99.5138 18.1430,99.5136 18.1397,99.5131 18.1371,99.5122 18.1370,99.5122
1	s	18.2496,99.4522 18.2471,99.4502 18.2451,99.4482
1036	s	18.2404,99.4424 18.2398,99.4426
1349	s	19.0736,98.3042 19.0722,98.3033
1009	s	18.5231,98.6495 18.5228,98.6492
1009	s	18.5228,98.6492 18.5229,98.6462 18.5249,98.6443 18.5252,98.6414 18.5251,98.6378 18.5260,98.6348 18.5273,98.6322 18.5279,98.6293 18.5286,98.6264 18.5292,98.6236 18.5276,98.6212 18.5288,98.6184 18.5297,98.6141 18.5291,98.6113 18.5298,98.6084
4029	s	19.4122,100.4054 19.4116,100.4051
4029	s	19.4116,100.4051 19.4108,100.4023 19.4095,100.3993 19.4070,100.3982 19.4060,100.3980
1020	s	19.6860,100.1342 19.6845,100.1315 19.6828,100.1292 19.6809,100.1266 19.6791,100.1238 19.6770,100.1204 19.6746,100.1169 19.6725,100.1141 19.6703,100.1115 19.6680,100.1083 19.6664,100.1055 19.6651,100.1029 19.6644,100.1016
1020	s	19.6644,100.1016 19.6627,100.0981 19.6612,100.0954 19.6591,100.0930 19.6567,100.0915 19.6540,100.0909 19.6512,100.0892 19.6493,100.0868 19.6488,100.0864
1020	s	19.6013,100.0520 19.6024,100.0551 19.6050,100.0581 19.6067,100.0615 19.6096,100.0641 19.6120,100.0677 19.6138,100.0699 19.6149,100.0710
1148	s	19.1219,100.8124 19.1229,100.8112
1148	s	19.1229,100.8112 19.1220,100.8125
1095	s	19.5362,98.0965 19.5363,98.0968
1095	s	19.5363,98.0968 19.5364,98.0997 19.5364,98.1044 19.5353,98.1071 19.5350,98.1101 19.5352,98.1135
1035	s	18.4128,99.5434 18.4126,99.5434
1348	s	18.2902,99.7161 18.2900,99.7168
1348	s	18.2899,99.7167 18.2901,99.7161
1348	s	18.2866,99.7216 18.2887,99.7195 18.2899,99.7167
1348	s	18.2900,99.7168 18.2888,99.7196 18.2868,99.7216 18.2867,99.7217
1039	s	18.3030,99.4799 18.3022,99.4827 18.3012,99.4859 18.3003,99.4889 18.2995,99.4917 18.2985,99.4950
1103	s	18.1851,98.6139 18.1853,98.6128
1103	s	18.1853,98.6128 18.1851,98.6139
1243	s	18.4839,100.9362 18.4851,100.9394 18.4843,100.9422 18.4814,100.9418 18.4782,100.9420 18.4752,100.9428 18.4725,100.9437 18.4707,100.9461 18.4699,100.9489 18.4676,100.9506 18.4686,100.9479 18.4658,100.9483 18.4629,100.9496 18.4613,100.9519 18.4588,100.9506 18.4565,100.9491 18.4549,100.9516 18.4548,100.9545 18.4516,100.9554 18.4493,100.9569 18.4482,100.9596 18.4466,100.9620 18.4457,100.9583 18.4461,100.9554 18.4439,100.9529 18.4415,100.9513 18.4388,100.9509 18.4379,100.9537 18.4359,100.9559 18.4338,100.9578 18.4324,100.9552 18.4327,100.9523 18.4299,100.9525 18.4272,100.9533 18.4275,100.9562 18.4264,100.9589 18.4278,100.9614 18.4262,100.9638 18.4252,100.9665 18.4239,100.9690 18.4268,100.9711 18.4282,100.9736 18.4287,100.9766 18.4261,100.9777 18.4234,100.9782 18.4225,100.9810 18.4229,100.9839 18.4200,100.9841 18.4174,100.9821 18.4178,100.9789 18.4150,100.9797 18.4122,100.9800 18.4095,100.9794 18.4060,100.9791 18.4034,100.9807 18.4025,100.9815
1243	s	18.4025,100.9815 18.4023,100.9815
1243	s	18.3775,100.9788 18.3771,100.9788
1243	s	18.3504,100.9880 18.3503,100.9909 18.3512,100.9939 18.3543,100.9959 18.3569,100.9968 18.3595,100.9976 18.3620,100.9965 18.3617,100.9994 18.3615,101.0022 18.3642,101.0015 18.3657,101.0038 18.3677,101.0059 18.3691,101.0084 18.3702,101.0113 18.3675,101.0106 18.3652,101.0086 18.3655,101.0115 18.3679,101.0127 18.3693,101.0157 18.3686,101.0186 18.3666,101.0206 18.3640,101.0215 18.3613,101.0227 18.3608,101.0259 18.3607,101.0292 18.3607,101.0323 18.3588,101.0345 18.3574,101.0370 18.3573,101.0400 18.3578,101.0435 18.3566,101.0462 18.3544,101.0478 18.3572,101.0486 18.3562,101.0513 18.3543,101.0535 18.3541,101.0542
1243	s	18.3771,100.9788 18.3739,100.9791 18.3708,100.9803 18.3680,100.9808 18.3651,100.9822 18.3624,100.9831 18.3598,100.9841 18.3558,100.9838 18.3536,100.9855 18.3508,100.9854 18.3504,100.9880
1243	s	18.4023,100.9815 18.4002,100.9798 18.3978,100.9812 18.3961,100.9779 18.3940,100.9760 18.3924,100.9735 18.3907,100.9759 18.3880,100.9753 18.3897,100.9777 18.3899,100.9813 18.3872,100.9810 18.3842,100.9807 18.3811,100.9803 18.3786,100.9788 18.3775,100.9788
1243	s	18.3541,101.0542 18.3509,101.0523 18.3486,101.0507 18.3461,101.0498 18.3433,101.0488 18.3411,101.0469 18.3379,101.0465 18.3352,101.0463 18.3325,101.0473 18.3306,101.0452 18.3317,101.0425 18.3318,101.0396 18.3291,101.0387 18.3262,101.0383 18.3292,101.0401 18.3266,101.0417 18.3269,101.0446 18.3286,101.0469 18.3287,101.0498 18.3313,101.0510 18.3339,101.0520 18.3357,101.0542 18.3366,101.0572 18.3379,101.0597 18.3377,101.0626 18.3351,101.0633 18.3337,101.0662 18.3330,101.0690 18.3305,101.0707 18.3275,101.0701 18.3248,101.0694 18.3222,101.0704 18.3194,101.0708 18.3178,101.0732 18.3171,101.0760 18.3145,101.0772 18.3154,101.0802 18.3177,101.0818 18.3197,101.0839 18.3204,101.0867 18.3203,101.0896 18.3194,101.0923 18.3191,101.0952 18.3167,101.0978 18.3140,101.0982 18.3107,101.1002 18.3080,101.0997 18.3054,101.0989 18.3025,101.1001 18.2997,101.1004 18.2971,101.1013 18.2944,101.1021 18.2916,101.1019 18.2910,101.1032
พร.4030	s	18.1351,100.1313 18.1352,100.1313
1023	s	18.1340,100.1253 18.1346,100.1286 18.1352,100.1314
1023	s	18.1332,100.1212 18.1341,100.1182 18.1358,100.1159 18.1386,100.1118 18.1401,100.1094 18.1434,100.1038 18.1455,100.1002 18.1471,100.0973 18.1486,100.0931 18.1504,100.0908 18.1491,100.0878 18.1504,100.0853 18.1533,100.0849 18.1547,100.0823 18.1548,100.0789 18.1555,100.0759 18.1579,100.0740 18.1598,100.0701 18.1621,100.0684 18.1653,100.0685 18.1682,100.0686 18.1712,100.0682 18.1740,100.0690 18.1761,100.0668 18.1777,100.0640 18.1779,100.0608 18.1763,100.0584 18.1764,100.0552 18.1759,100.0523 18.1728,100.0473 18.1714,100.0444 18.1707,100.0415 18.1694,100.0385 18.1687,100.0356 18.1664,100.0340 18.1641,100.0313 18.1621,100.0286 18.1606,100.0257 18.1601,100.0228 18.1585,100.0202 18.1569,100.0172 18.1555,100.0142 18.1553,100.0110 18.1547,100.0082 18.1535,100.0050 18.1527,100.0017 18.1511,99.9953 18.1517,99.9923 18.1530,99.9891 18.1545,99.9853 18.1547,99.9806 18.1547,99.9776 18.1560,99.9749 18.1579,99.9728 18.1597,99.9705 18.1608,99.9669 18.1606,99.9633 18.1599,99.9602 18.1600,99.9565 18.1605,99.9501 18.1595,99.9460 18.1589,99.9439
1023	s	18.1337,100.1242 18.1332,100.1212
1023	s	18.1339,100.1253 18.1337,100.1242
พร.4030	s	18.1352,100.1314 18.1352,100.1314
ชร.5051	s	19.9140,99.8323 19.9142,99.8323
ชร.5051	s	19.9142,99.8323 19.9148,99.8324
1209	s	20.0102,99.9146 20.0103,99.9149
1209	s	20.0052,99.8910 20.0053,99.8913
1209	s	20.0103,99.9149 20.0097,99.9180 20.0084,99.9205 20.0087,99.9237 20.0114,99.9250 20.0116,99.9251
1209	s	20.0053,99.8913 20.0053,99.8919
1169	s	18.7871,100.7918 18.7850,100.7899 18.7820,100.7879 18.7798,100.7859 18.7771,100.7847 18.7755,100.7819 18.7734,100.7810
1211	s	19.7583,99.6964 19.7586,99.6965
1211	s	19.7839,99.6594 19.7842,99.6595
1211	s	19.7839,99.6594 19.7807,99.6572 19.7787,99.6553 19.7762,99.6523 19.7734,99.6528 19.7726,99.6536
1211	s	19.7462,99.6901 19.7491,99.6896 19.7517,99.6905 19.7543,99.6918 19.7564,99.6941 19.7581,99.6963 19.7583,99.6964
1093	s	19.6609,100.3762 19.6581,100.3751 19.6552,100.3740 19.6522,100.3734 19.6511,100.3731
1093	s	19.6650,100.3773 19.6648,100.3771
1093	s	19.6614,100.3763 19.6609,100.3762
1093	s	19.6648,100.3771 19.6632,100.3761
1211	s	19.8459,99.7291 19.8460,99.7293
1089	s	20.1573,99.7530 20.1599,99.7541 20.1631,99.7553 20.1658,99.7559 20.1680,99.7547
1089	s	20.1571,99.7530 20.1573,99.7530
1232	s	19.9130,99.8883 19.9130,99.8881
1232	s	19.9130,99.8881 19.9130,99.8852 19.9124,99.8824 19.9109,99.8798 19.9117,99.8770 19.9120,99.8755
1269	s	18.7997,98.7949 18.7996,98.7951
1269	s	18.7996,98.7951 18.8022,98.7963 18.8045,98.7998 18.8051,98.8025 18.8053,98.8056 18.8049,98.8084 18.8051,98.8114 18.8075,98.8128 18.8104,98.8158 18.8086,98.8188 18.8085,98.8223 18.8074,98.8266 18.8069,98.8287
1099	s	18.1412,98.3732 18.1408,98.3732
1009	s	18.5418,98.5935 18.5420,98.5933
1009	s	18.5420,98.5933 18.5434,98.5908 18.5438,98.5875 18.5450,98.5849 18.5448,98.5814 18.5433,98.5790 18.5424,98.5761 18.5416,98.5734
1009	s	18.5298,98.6084 18.5299,98.6081
1009	s	18.5299,98.6081 18.5311,98.6053 18.5339,98.6052 18.5349,98.6023 18.5370,98.6005 18.5378,98.6003
1020	s	19.6149,100.0111 19.6147,100.0140 19.6146,100.0169 19.6138,100.0198 19.6130,100.0225 19.6135,100.0254 19.6105,100.0285 19.6095,100.0316 19.6091,100.0362 19.6075,100.0387 19.6061,100.0413 19.6053,100.0445 19.6033,100.0466 19.6018,100.0491 19.6013,100.0520
1020	s	19.6149,100.0108 19.6149,100.0111
1306	s	19.8258,100.0215 19.8231,100.0211 19.8204,100.0198 19.8176,100.0186 19.8156,100.0163 19.8138,100.0137 19.8115,100.0117 19.8093,100.0096 19.8065,100.0083 19.8049,100.0038 19.8056,100.0010 19.8058,99.9966 19.8059,99.9925 19.8060,99.9892 19.8062,99.9863 19.8062,99.9825 19.8057,99.9796 19.8027,99.9795 19.7984,99.9785 19.7981,99.9785
1096	s	18.9229,98.9398 18.9219,98.9388
1096	s	18.8767,98.7995 18.8763,98.7967 18.8761,98.7937 18.8768,98.7908 18.8782,98.7884 18.8785,98.7855 18.8763,98.7839 18.8759,98.7810 18.8732,98.7813 18.8716,98.7837 18.8689,98.7831 18.8672,98.7807 18.8650,98.7823 18.8627,98.7797 18.8610,98.7773 18.8585,98.7763 18.8572,98.7789 18.8544,98.7790 18.8546,98.7761 18.8540,98.7733 18.8515,98.7720 18.8486,98.7722 18.8461,98.7737 18.8451,98.7735
1096	s	18.8767,98.7995 18.8773,98.8021
1096	s	18.8773,98.8021 18.8767,98.7995
1349	s	19.0419,98.3229 19.0438,98.3206 19.0462,98.3188 19.0491,98.3191 19.0510,98.3169 19.0516,98.3137 19.0532,98.3112 19.0564,98.3122 19.0595,98.3151 19.0625,98.3149 19.0655,98.3151 19.0661,98.3148
1352	s	17.6432,99.2403 17.6428,99.2375 17.6406,99.2358
1095	s	19.4194,97.9982 19.4222,97.9991 19.4248,97.9979 19.4273,97.9968 19.4321,97.9979 19.4356,97.9983 19.4368,98.0010 19.4377,98.0039 19.4402,98.0053 19.4430,98.0065 19.4458,98.0062 19.4485,98.0062 19.4496,98.0092 19.4509,98.0123 19.4510,98.0153 19.4502,98.0183 19.4532,98.0188 19.4553,98.0209 19.4579,98.0228 19.4614,98.0231 19.4644,98.0244 19.4671,98.0255 19.4701,98.0265 19.4736,98.0268 19.4765,98.0284 19.4788,98.0303 19.4817,98.0307 19.4819,98.0335 19.4842,98.0354 19.4840,98.0382 19.4855,98.0408 19.4865,98.0436 19.4882,98.0459 19.4871,98.0486 19.4891,98.0505 19.4929,98.0530 19.4956,98.0552
1095	s	19.3460,98.4332 19.3433,98.4330 19.3397,98.4335 19.3371,98.4320 19.3343,98.4319 19.3315,98.4337 19.3285,98.4356 19.3241,98.4365 19.3213,98.4367 19.3181,98.4390 19.3158,98.4405 19.3131,98.4417 19.3138,98.4446 19.3140,98.4476 19.3130,98.4509 19.3109,98.4530 19.3081,98.4526 19.3054,98.4539 19.3041,98.4571 19.3038,98.4606 19.3004,98.4631 19.2986,98.4642
1095	s	19.0721,98.9386 19.0726,98.9371
1095	s	19.2762,98.6074 19.2766,98.6103 19.2784,98.6127 19.2780,98.6156 19.2768,98.6183 19.2758,98.6212 19.2730,98.6221 19.2710,98.6246 19.2703,98.6273 19.2689,98.6300 19.2669,98.6322 19.2641,98.6333 19.2614,98.6340 19.2624,98.6368 19.2605,98.6389 19.2577,98.6389 19.2551,98.6399 19.2527,98.6384 19.2506,98.6402 19.2517,98.6429 19.2544,98.6434 19.2537,98.6462 19.2529,98.6490 19.2503,98.6501 19.2474,98.6501 19.2466,98.6529 19.2456,98.6537
1024	s	18.1782,100.3778 18.1777,100.3778
1024	s	18.1777,100.3778 18.1756,100.3797 18.1733,100.3818 18.1712,100.3799 18.1713,100.3769 18.1686,100.3767 18.1660,100.3758 18.1633,100.3753 18.1623,100.3725 18.1605,100.3702 18.1592,100.3676 18.1573,100.3652 18.1547,100.3641 18.1552,100.3611 18.1567,100.3586 18.1584,100.3563 18.1595,100.3534 18.1603,100.3506 18.1597,100.3474 18.1574,100.3458 18.1560,100.3433 18.1550,100.3406 18.1543,100.3375 18.1526,100.3352 18.1506,100.3328 18.1484,100.3304 18.1476,100.3274 18.1486,100.3246 18.1462,100.3232 18.1434,100.3224 18.1407,100.3207 18.1378,100.3207 18.1356,100.3187 18.1326,100.3182 18.1299,100.3180 18.1274,100.3167 18.1259,100.3141 18.1239,100.3118 18.1220,100.3096 18.1206,100.3070 18.1194,100.3044 18.1186,100.3037
1024	s	18.2164,100.3881 18.2151,100.3854 18.2141,100.3827 18.2112,100.3839 18.2089,100.3823 18.2060,100.3822 18.2023,100.3818 18.2003,100.3838 18.1977,100.3855 18.1949,100.3863 18.1921,100.3858 18.1918,100.3829 18.1913,100.3800 18.1887,100.3790 18.1860,100.3776 18.1832,100.3776 18.1806,100.3784 18.1782,100.3778
1024	s	18.2168,100.3892 18.2164,100.3881
1024	s	18.2293,100.3937 18.2265,100.3925 18.2238,100.3921 18.2214,100.3908 18.2198,100.3934 18.2176,100.3917 18.2168,100.3892
1217	s	18.3534,100.4429 18.3517,100.4402 18.3496,100.4383 18.3466,100.4381 18.3442,100.4367 18.3392,100.4350 18.3365,100.4347 18.3338,100.4356 18.3296,100.4351 18.3260,100.4338 18.3229,100.4326 18.3200,100.4317 18.3182,100.4294 18.3155,100.4299 18.3136,100.4278 18.3128,100.4250 18.3111,100.4227 18.3080,100.4221 18.3047,100.4216 18.3019,100.4227 18.2996,100.4202 18.2979,100.4177 18.2942,100.4167 18.2915,100.4154 18.2888,100.4144 18.2873,100.4148
1036	s	18.1503,99.5952 18.1513,99.5918 18.1521,99.5889 18.1545,99.5866 18.1568,99.5845 18.1597,99.5815 18.1622,99.5795 18.1646,99.5771 18.1657,99.5745 18.1674,99.5720 18.1698,99.5699 18.1712,99.5672 18.1721,99.5639 18.1728,99.5605 18.1728,99.5598
1257	s	18.9574,101.0749 18.9600,101.0730 18.9613,101.0704 18.9635,101.0686 18.9659,101.0668 18.9686,101.0657 18.9710,101.0641 18.9736,101.0627 18.9758,101.0610 18.9785,101.0615 18.9806,101.0596 18.9801,101.0568 18.9826,101.0578 18.9852,101.0571 18.9861,101.0564
1349	s	18.8610,98.7286 18.8610,98.7287
1349	s	18.8597,98.7312 18.8570,98.7319 18.8543,98.7324 18.8515,98.7320 18.8479,98.7320
1156	s	18.5383,98.9349 18.5377,98.9320 18.5369,98.9289 18.5356,98.9244 18.5343,98.9198 18.5335,98.9168 18.5323,98.9139 18.5310,98.9113 18.5293,98.9090 18.5277,98.9072
1156	s	18.5277,98.9072 18.5263,98.9047 18.5249,98.9020 18.5233,98.8992 18.5230,98.8985
1081	s	19.0876,100.9287 19.0873,100.9287
1101	s	18.1600,100.1776 18.1573,100.1793 18.1537,100.1812 18.1507,100.1825 18.1489,100.1850 18.1477,100.1879 18.1477,100.1881
1287	s	18.7743,99.5252 18.7739,99.5247
1287	s	18.7739,99.5247 18.7702,99.5229 18.7678,99.5213 18.7659,99.5192 18.7643,99.5167 18.7640,99.5137 18.7639,99.5106 18.7646,99.5073 18.7660,99.5040 18.7673,99.5011 18.7688,99.4983 18.7698,99.4966
1039	s	18.2984,99.4949 18.2994,99.4918 18.3002,99.4891 18.3010,99.4863 18.3018,99.4835 18.3021,99.4827
1083	s	18.3353,100.7529 18.3348,100.7494 18.3337,100.7458 18.3317,100.7430 18.3299,100.7406 18.3292,100.7372 18.3290,100.7339 18.3285,100.7312
1083	s	18.3284,100.7301 18.3266,100.7273 18.3259,100.7244
1083	s	18.2906,100.9163 18.2899,100.9192 18.2911,100.9224 18.2911,100.9257 18.2904,100.9286 18.2873,100.9281 18.2861,100.9306 18.2865,100.9336 18.2845,100.9356 18.2841,100.9386 18.2822,100.9408 18.2814,100.9437 18.2799,100.9462 18.2803,100.9497 18.2801,100.9528 18.2797,100.9558 18.2779,100.9587 18.2759,100.9607 18.2765,100.9635 18.2773,100.9664 18.2782,100.9693 18.2751,100.9677 18.2739,100.9703 18.2727,100.9729 18.2735,100.9757 18.2711,100.9773 18.2708,100.9778
1083	s	18.3353,100.7533 18.3348,100.7575 18.3341,100.7611 18.3341,100.7643 18.3344,100.7674 18.3347,100.7702 18.3350,100.7739 18.3358,100.7770 18.3357,100.7798 18.3362,100.7834 18.3358,100.7877 18.3401,100.7895 18.3425,100.7908 18.3449,100.7922 18.3480,100.7921 18.3514,100.7926 18.3537,100.7945 18.3542,100.7975 18.3552,100.8005 18.3571,100.8031 18.3567,100.8060 18.3564,100.8089 18.3551,100.8119 18.3549,100.8162 18.3570,100.8185 18.3587,100.8208 18.3609,100.8228 18.3629,100.8249 18.3649,100.8270 18.3672,100.8286 18.3701,100.8285 18.3693,100.8313 18.3670,100.8328 18.3641,100.8334 18.3613,100.8337 18.3593,100.8359 18.3570,100.8375 18.3559,100.8402 18.3531,100.8407 18.3503,100.8411 18.3522,100.8437 18.3533,100.8464 18.3535,100.8493 18.3531,100.8521 18.3514,100.8545 18.3525,100.8572 18.3534,100.8599 18.3560,100.8622 18.3585,100.8636 18.3604,100.8656 18.3625,100.8674 18.3636,100.8702 18.3641,100.8731 18.3622,100.8754 18.3587,100.8765 18.3564,100.8784 18.3537,100.8796 18.3503,100.8809 18.3469,100.8812 18.3441,100.8820 18.3416,100.8834 18.3394,100.8851 18.3364,100.8856 18.3336,100.8869 18.3317,100.8891 18.3306,100.8914
1194	s	18.1636,97.9199 18.1636,97.9198
1194	s	18.1636,97.9198 18.1615,97.9179 18.1578,97.9173 18.1550,97.9169 18.1516,97.9179 18.1508,97.9187
1337	s	18.6887,97.8826 18.6917,97.8839 18.6946,97.8835 18.6964,97.8857 18.6979,97.8887 18.6996,97.8909 18.7031,97.8907 18.7061,97.8912 18.7089,97.8908 18.7118,97.8906 18.7146,97.8908 18.7175,97.8907 18.7191,97.8932 18.7205,97.8957 18.7195,97.8985 18.7209,97.9013 18.7222,97.9041 18.7232,97.9072 18.7231,97.9079
1337	s	18.6888,97.8820 18.6887,97.8826
1087	s	17.6384,98.7850 17.6403,98.7875 17.6413,98.7911 17.6414,98.7942 17.6397,98.7980 17.6378,98.8024 17.6359,98.8046 17.6322,98.8076 17.6272,98.8115 17.6247,98.8150 17.6241,98.8183 17.6232,98.8217 17.6236,98.8250 17.6244,98.8281 17.6243,98.8318 17.6240,98.8347 17.6223,98.8379 17.6210,98.8409 17.6199,98.8441 17.6227,98.8464 17.6265,98.8495 17.6303,98.8535 17.6318,98.8574 17.6331,98.8604 17.6363,98.8636 17.6397,98.8677 17.6422,98.8704 17.6443,98.8737 17.6468,98.8759 17.6492,98.8778 17.6521,98.8789 17.6553,98.8793 17.6576,98.8778 17.6596,98.8750 17.6628,98.8720 17.6660,98.8691 17.6688,98.8697 17.6715,98.8694 17.6736,98.8676 17.6765,98.8662 17.6791,98.8652 17.6809,98.8635
1	s	18.2497,99.4523 18.2496,99.4522
1230	s	18.7769,99.2891 18.7798,99.2887 18.7822,99.2874 18.7850,99.2876 18.7870,99.2895 18.7886,99.2920 18.7881,99.2951 18.7869,99.2978 18.7882,99.2999
1098	s	20.1056,100.1997 20.1056,100.2000
1098	s	20.1030,100.2028 20.1030,100.2030
1098	s	20.1040,100.2021 20.1038,100.2021
1098	s	20.1014,100.2066 20.1011,100.2066
1098	s	20.1056,100.2000 20.1040,100.2021
1098	s	20.1038,100.2021 20.1030,100.2028
1098	s	20.1030,100.2030 20.1021,100.2058 20.1014,100.2066
1098	s	20.1011,100.2066 20.0977,100.2065 20.0949,100.2066 20.0919,100.2091 20.0925,100.2124 20.0927,100.2153 20.0911,100.2181
1098	s	20.0911,100.2181 20.0911,100.2183
1098	s	20.0923,100.2207 20.0924,100.2209
1098	s	20.0911,100.2183 20.0923,100.2207
1098	s	20.0924,100.2209 20.0942,100.2231 20.0949,100.2261 20.0958,100.2288 20.0959,100.2318 20.0956,100.2348 20.0945,100.2384 20.0923,100.2413 20.0903,100.2434 20.0892,100.2445
1098	s	20.0892,100.2445 20.0890,100.2446
1174	s	20.0579,100.3019 20.0547,100.2998 20.0523,100.2976 20.0495,100.2961 20.0469,100.2951 20.0460,100.2941
1174	s	20.2033,100.3789 20.2030,100.3788
1174	s	20.2145,100.3901 20.2145,100.3899
1174	s	20.1482,100.3524 20.1481,100.3524
1174	s	20.1481,100.3524 20.1452,100.3522 20.1428,100.3510 20.1407,100.3487 20.1362,100.3449 20.1343,100.3429
1174	s	20.2145,100.3899 20.2152,100.3868 20.2148,100.3836 20.2166,100.3811 20.2139,100.3800 20.2094,100.3768 20.2093,100.3768
1174	s	20.2030,100.3788 20.2005,100.3769 20.1982,100.3752 20.1955,100.3742 20.1912,100.3750 20.1879,100.3757 20.1829,100.3751 20.1800,100.3749 20.1768,100.3753 20.1740,100.3770 20.1713,100.3780 20.1628,100.3765 20.1602,100.3743 20.1585,100.3720 20.1551,100.3693 20.1535,100.3662 20.1522,100.3618 20.1499,100.3572 20.1506,100.3539 20.1482,100.3524
1290	s	20.3322,100.3760 20.3355,100.3757 20.3382,100.3751 20.3416,100.3742 20.3446,100.3743 20.3472,100.3726 20.3477,100.3698 20.3498,100.3679 20.3487,100.3652 20.3494,100.3622 20.3519,100.3612 20.3511,100.3580 20.3499,100.3554 20.3490,100.3527 20.3487,100.3516
1290	s	20.3143,100.3800 20.3147,100.3800
1290	s	20.2987,100.3885 20.2991,100.3885
1290	s	20.3319,100.3761 20.3322,100.3760
1290	s	20.2991,100.3885 20.3018,100.3885 20.3045,100.3879 20.3071,100.3847 20.3094,100.3827 20.3119,100.3815 20.3143,100.3800
1290	s	20.3147,100.3800 20.3174,100.3792 20.3204,100.3791 20.3233,100.3795 20.3263,100.3791 20.3290,100.3774 20.3315,100.3761 20.3319,100.3761
1290	s	20.3030,100.2518 20.3044,100.2546 20.3047,100.2570
1290	s	20.2985,100.2384 20.2987,100.2386
1290	s	20.3197,100.2875 20.3199,100.2879
1290	s	20.3077,100.2713 20.3079,100.2717
1290	s	20.2909,100.2204 20.2910,100.2205
1290	s	20.2910,100.2205 20.2911,100.2207
1290	s	20.2529,100.1792 20.2533,100.1793
1290	s	20.3027,100.2519 20.3030,100.2518
1290	s	20.3079,100.2717 20.3100,100.2744 20.3116,100.2772 20.3135,100.2813 20.3160,100.2836 20.3178,100.2859 20.3197,100.2875
1290	s	20.2987,100.2386 20.2996,100.2415 20.3004,100.2453 20.3008,100.2488 20.3014,100.2517 20.3027,100.2519
1290	s	20.2911,100.2207 20.2935,100.2223 20.2970,100.2238 20.2994,100.2260 20.2993,100.2290 20.2985,100.2321 20.2982,100.2357 20.2985,100.2384
1290	s	20.2533,100.1793 20.2564,100.1801 20.2593,100.1803 20.2603,100.1831 20.2616,100.1861 20.2629,100.1887 20.2654,100.1904 20.2686,100.1934 20.2706,100.1962 20.2736,100.1996 20.2769,100.2048 20.2778,100.2078 20.2799,100.2116 20.2825,100.2148 20.2860,100.2183 20.2888,100.2198 20.2909,100.2204
1209	s	20.0552,99.9542 20.0590,99.9552 20.0622,99.9573 20.0660,99.9593 20.0689,99.9601 20.0719,99.9608 20.0756,99.9628 20.0785,99.9635 20.0815,99.9656 20.0833,99.9679 20.0864,99.9694 20.0902,99.9709 20.0928,99.9743 20.0948,99.9764 20.0961,99.9790 20.0989,99.9781 20.1021,99.9768 20.1057,99.9760 20.1080,99.9776 20.1088,99.9817 20.1084,99.9852 20.1087,99.9883 20.1074,99.9911 20.1080,99.9940 20.1094,99.9967 20.1108,99.9994 20.1133,100.0010 20.1173,99.9996 20.1212,100.0006 20.1239,99.9999 20.1266,100.0011 20.1292,100.0023 20.1326,100.0031 20.1356,100.0041 20.1383,100.0049 20.1424,100.0044 20.1451,100.0053 20.1485,100.0072 20.1512,100.0077 20.1541,100.0080 20.1547,100.0050 20.1568,100.0032 20.1590,100.0000 20.1620,100.0009 20.1647,100.0019 20.1673,100.0012
1209	s	20.0116,99.9251 20.0117,99.9252
1130	s	20.1646,99.6682 20.1646,99.6685
1130	s	20.1337,99.6108 20.1312,99.6096 20.1310,99.6065 20.1281,99.6055 20.1253,99.6053 20.1246,99.6025 20.1248,99.5996 20.1245,99.5967 20.1254,99.5940 20.1251,99.5932
1130	s	20.1349,99.6141 20.1340,99.6111
1130	s	20.1249,99.5930 20.1248,99.5901 20.1219,99.5902 20.1194,99.5913 20.1174,99.5935 20.1170,99.5964 20.1177,99.5993 20.1155,99.6011 20.1157,99.6041 20.1129,99.6033 20.1105,99.6050 20.1085,99.6070 20.1078,99.6097 20.1055,99.6114 20.1045,99.6141 20.1036,99.6168
1130	s	20.1340,99.6111 20.1337,99.6108
1130	s	20.1350,99.6143 20.1349,99.6141
1130	s	20.1251,99.5932 20.1249,99.5930
1128	s	19.5664,99.9840 19.5669,99.9843
1128	s	19.5669,99.9843 19.5696,99.9859 19.5713,99.9891 19.5732,99.9914 19.5760,99.9916 19.5814,99.9924 19.5842,99.9941 19.5864,99.9959 19.5888,99.9976 19.5912,99.9963 19.5954,99.9953 19.5982,99.9943 19.6008,99.9935 19.6021,99.9897 19.6045,99.9881 19.6074,99.9886 19.6098,99.9915 19.6130,99.9925 19.6152,99.9945 19.6174,99.9954
1202	s	19.4995,99.9880 19.4996,99.9884
1202	s	19.3600,99.9971 19.3603,99.9970
1202	s	19.3757,99.9922 19.3791,99.9891 19.3825,99.9885 19.3852,99.9883 19.3875,99.9874
1202	s	19.4996,99.9884 19.4995,99.9914 19.4994,99.9930
1252	s	18.8194,99.5101 18.8195,99.5098
1252	s	18.8155,99.5124 18.8161,99.5122
1252	s	18.8161,99.5122 18.8187,99.5114 18.8194,99.5101
1252	s	18.8195,99.5098 18.8208,99.5066 18.8219,99.5037 18.8226,99.4997 18.8233,99.4969 18.8261,99.4962 18.8288,99.4957 18.8313,99.4969 18.8339,99.4980 18.8368,99.4981 18.8390,99.4961 18.8440,99.4956 18.8472,99.4956 18.8499,99.4949 18.8530,99.4927 18.8561,99.4922 18.8601,99.4915 18.8630,99.4932 18.8657,99.4924 18.8680,99.4907 18.8712,99.4895 18.8727,99.4865 18.8749,99.4837 18.8769,99.4811 18.8791,99.4789 18.8804,99.4764 18.8831,99.4764 18.8852,99.4783 18.8875,99.4798 18.8880,99.4768 18.8891,99.4740 18.8869,99.4720 18.8871,99.4691 18.8888,99.4668 18.8914,99.4646 18.8899,99.4621 18.8909,99.4592 18.8946,99.4586 18.8959,99.4559 18.8949,99.4525 18.8948,99.4496 18.8974,99.4491 18.8980,99.4461 18.9007,99.4469 18.9013,99.4441 18.8997,99.4413 18.9005,99.4385 18.8981,99.4369 18.8999,99.4347 18.9026,99.4349 18.9056,99.4362 18.9076,99.4382 18.9100,99.4399 18.9127,99.4391 18.9140,99.4418 18.9167,99.4412 18.9193,99.4423 18.9192,99.4392 18.9197,99.4363 18.9224,99.4351 18.9245,99.4333 18.9218,99.4325 18.9209,99.4292 18.9200,99.4260 18.9221,99.4217 18.9253,99.4215 18.9265,99.4188 18.9275,99.4158 18.9292,99.4136 18.9298,99.4107 18.9270,99.4099 18.9265,99.4070 18.9248,99.4048 18.9240,99.4019 18.9267,99.4009 18.9267,99.3979 18.9286,99.3956 18.9299,99.3929 18.9319,99.3904 18.9347,99.3907 18.9354,99.3878 18.9374,99.3859 18.9371,99.3827 18.9353,99.3806 18.9362,99.3779 18.9386,99.3759 18.9384,99.3730 18.9397,99.3702 18.9408,99.3673 18.9410,99.3643 18.9404,99.3615 18.9414,99.3588 18.9422,99.3573
1035	s	19.0160,99.6094 19.0190,99.6102 19.0227,99.6108 19.0287,99.6092 19.0315,99.6082 19.0344,99.6088 19.0380,99.6102 19.0406,99.6111 19.0437,99.6106 19.0469,99.6109 19.0504,99.6121 19.0552,99.6141 19.0589,99.6155 19.0615,99.6165 19.0651,99.6161 19.0678,99.6163 19.0710,99.6175 19.0739,99.6187 19.0768,99.6189 19.0796,99.6195 19.0833,99.6189 19.0863,99.6185 19.0897,99.6193 19.0925,99.6193 19.0952,99.6185 19.0983,99.6175 19.1014,99.6169 19.1045,99.6166 19.1084,99.6171 19.1114,99.6171 19.1147,99.6170 19.1175,99.6170 19.1211,99.6165 19.1236,99.6155 19.1273,99.6147 19.1303,99.6146 19.1330,99.6141 19.1365,99.6142 19.1394,99.6146 19.1425,99.6143 19.1435,99.6142
1099	s	17.8792,98.4042 17.8774,98.4016 17.8768,98.3983 17.8769,98.3946 17.8759,98.3907 17.8739,98.3887 17.8730,98.3846 17.8708,98.3820 17.8690,98.3787 17.8683,98.3759 17.8659,98.3742 17.8623,98.3740 17.8588,98.3731 17.8551,98.3714 17.8524,98.3707 17.8495,98.3707 17.8467,98.3708 17.8443,98.3727 17.8407,98.3741 17.8373,98.3726 17.8345,98.3700 17.8320,98.3678 17.8297,98.3646 17.8264,98.3616 17.8244,98.3596 17.8216,98.3589 17.8207,98.3616 17.8199,98.3654 17.8178,98.3676 17.8150,98.3676 17.8117,98.3656 17.8100,98.3631 17.8073,98.3658 17.8051,98.3635 17.8024,98.3626 17.8007,98.3603 17.7998,98.3575 17.7985,98.3571
1099	s	17.8796,98.4041 17.8792,98.4042
1099	s	17.8014,98.3713 17.8013,98.3715
1099	s	17.8013,98.3715 17.8003,98.3743 17.7984,98.3768 17.7994,98.3801 17.8017,98.3817 17.8027,98.3860 17.8033,98.3893 17.8042,98.3923 17.8055,98.3949 17.8044,98.3978 17.8042,98.4009 17.8046,98.4039 17.8057,98.4068 17.8056,98.4098 17.8055,98.4128 17.8066,98.4159 17.8084,98.4181 17.8090,98.4210 17.8073,98.4235 17.8042,98.4275 17.8019,98.4295 17.7997,98.4318 17.8011,98.4344 17.8047,98.4361 17.8075,98.4372 17.8057,98.4400 17.8054,98.4437 17.8055,98.4470 17.8028,98.4499 17.8026,98.4532 17.8011,98.4557 17.7987,98.4575 17.7971,98.4605 17.7951,98.4633 17.7922,98.4639 17.7892,98.4646 17.7885,98.4675 17.7859,98.4701 17.7841,98.4723 17.7814,98.4729 17.7779,98.4740 17.7774,98.4776 17.7778,98.4804 17.7771,98.4834 17.7779,98.4863 17.7781,98.4893 17.7786,98.4921 17.7798,98.4928
1194	s	18.1395,97.9195 18.1391,97.9192
1194	s	18.1391,97.9192 18.1353,97.9191 18.1349,97.9193
1194	s	18.1349,97.9193 18.1348,97.9194
1194	s	18.1011,97.9262 18.0983,97.9262 18.0953,97.9260 18.0926,97.9240 18.0899,97.9235 18.0870,97.9247 18.0844,97.9256 18.0807,97.9257 18.0766,97.9229 18.0746,97.9205 18.0728,97.9182 18.0707,97.9164 18.0672,97.9170 18.0641,97.9173 18.0609,97.9174 18.0582,97.9178 18.0551,97.9180 18.0540,97.9174
1194	s	18.0418,97.9126 18.0392,97.9118 18.0375,97.9090 18.0359,97.9066 18.0349,97.9037 18.0338,97.9032
1194	s	18.0419,97.9126 18.0418,97.9126
1194	s	18.0311,97.8999 18.0323,97.8965 18.0337,97.8938 18.0343,97.8910 18.0331,97.8884 18.0334,97.8853 18.0324,97.8825 18.0312,97.8792 18.0289,97.8766 18.0270,97.8738 18.0259,97.8739
1194	s	18.0338,97.9032 18.0336,97.9031
1194	s	18.0261,97.8720 18.0241,97.8699 18.0218,97.8683 18.0199,97.8655 18.0227,97.8643 18.0201,97.8621 18.0220,97.8599 18.0202,97.8577 18.0227,97.8565 18.0210,97.8539 18.0208,97.8510 18.0208,97.8475 18.0178,97.8475 18.0154,97.8455 18.0128,97.8438 18.0141,97.8406 18.0113,97.8408 18.0094,97.8380 18.0076,97.8357 18.0064,97.8330 18.0061,97.8327
1194	s	18.0061,97.8327 18.0045,97.8303 18.0028,97.8281 18.0010,97.8256 17.9994,97.8232 17.9971,97.8212 17.9962,97.8204
1194	s	18.0540,97.9174 18.0538,97.9172
1194	s	18.0538,97.9172 18.0516,97.9152 18.0494,97.9136 18.0467,97.9134 18.0441,97.9123 18.0419,97.9126
1263	s	18.8435,97.9841 18.8427,97.9869 18.8418,97.9902
1263	s	18.8442,97.9780 18.8430,97.9807 18.8440,97.9833 18.8436,97.9840
1263	s	18.8418,97.9904 18.8413,97.9933 18.8418,97.9949
1263	s	18.8418,97.9902 18.8418,97.9904
1263	s	18.8464,97.9746 18.8462,97.9748
1263	s	18.8436,97.9840 18.8435,97.9841
1263	s	18.8443,97.9778 18.8442,97.9780
1263	s	18.8462,97.9748 18.8447,97.9772 18.8443,97.9778
1263	s	18.8300,98.0248 18.8299,98.0249
1263	s	18.8408,98.0074 18.8407,98.0075
1263	s	18.8260,98.0404 18.8260,98.0406
1263	s	18.8299,98.0249 18.8286,98.0259
1263	s	18.8407,98.0075 18.8396,98.0105 18.8374,98.0124 18.8373,98.0154 18.8355,98.0182 18.8347,98.0210 18.8326,98.0232 18.8302,98.0246 18.8300,98.0248
1263	s	18.8260,98.0406 18.8240,98.0428 18.8220,98.0447 18.8206,98.0450
1263	s	18.8204,98.0450 18.8190,98.0457
1263	s	18.8188,98.0457 18.8160,98.0472 18.8148,98.0499 18.8124,98.0516 18.8102,98.0534 18.8083,98.0557 18.8057,98.0568 18.8039,98.0591 18.8018,98.0612 18.8007,98.0643 18.7996,98.0669 18.7990,98.0698 18.8013,98.0718 18.8020,98.0732
1263	s	18.8190,98.0457 18.8188,98.0457
1263	s	18.8206,98.0450 18.8204,98.0450
1263	s	18.7957,98.0861 18.7958,98.0863
1263	s	18.7958,98.0863 18.7956,98.0893 18.7966,98.0921 18.7974,98.0952 18.7978,98.0982 18.8004,98.1024 18.7995,98.1064 18.7999,98.1078
1263	s	18.7954,98.1475 18.7954,98.1477
1263	s	18.7954,98.1477 18.7940,98.1504 18.7909,98.1526 18.7884,98.1542 18.7858,98.1567 18.7832,98.1582 18.7785,98.1570 18.7764,98.1549 18.7737,98.1554 18.7706,98.1563 18.7708,98.1593 18.7714,98.1622 18.7713,98.1652 18.7710,98.1681 18.7674,98.1683 18.7667,98.1715 18.7646,98.1741 18.7622,98.1762 18.7631,98.1794 18.7606,98.1808 18.7628,98.1826 18.7648,98.1851 18.7622,98.1860 18.7597,98.1871 18.7573,98.1886 18.7551,98.1903 18.7529,98.1922 18.7508,98.1943 18.7498,98.1948
1263	s	18.7250,98.2522 18.7249,98.2524
1263	s	18.7249,98.2524 18.7236,98.2549 18.7209,98.2558 18.7189,98.2539 18.7170,98.2509 18.7144,98.2498 18.7125,98.2477 18.7095,98.2466 18.7071,98.2480 18.7063,98.2511 18.7067,98.2543 18.7071,98.2571 18.7051,98.2591 18.7068,98.2613 18.7044,98.2627 18.7062,98.2648 18.7074,98.2675 18.7076,98.2706 18.7060,98.2732 18.7064,98.2762 18.7065,98.2790 18.7043,98.2808 18.7025,98.2832 18.7001,98.2856 18.6983,98.2877 18.6956,98.2886 18.6932,98.2901 18.6915,98.2925 18.6912,98.2954 18.6895,98.2978 18.6873,98.3002 18.6849,98.3017 18.6866,98.3045 18.6880,98.3072 18.6872,98.3104 18.6899,98.3123 18.6894,98.3153 18.6875,98.3177 18.6907,98.3175 18.6926,98.3195
1088	s	18.6654,98.3830 18.6596,98.3813 18.6568,98.3810 18.6559,98.3798
1088	s	18.6128,98.3765 18.6102,98.3775 18.6076,98.3794 18.6049,98.3811 18.6018,98.3806 18.5988,98.3809 18.5960,98.3812 18.5935,98.3827 18.5909,98.3841 18.5877,98.3833 18.5849,98.3834 18.5821,98.3813 18.5776,98.3810 18.5744,98.3817 18.5712,98.3811 18.5683,98.3800 18.5640,98.3810 18.5614,98.3830 18.5606,98.3858 18.5605,98.3888 18.5582,98.3904 18.5555,98.3915 18.5534,98.3933 18.5509,98.3917 18.5506,98.3916
1088	s	18.6283,98.3797 18.6280,98.3798
1088	s	18.5503,98.3916 18.5506,98.3916
1088	s	18.6559,98.3798 18.6557,98.3796
1088	s	18.6132,98.3767 18.6128,98.3765
1088	s	18.5469,98.3828 18.5471,98.3832
1088	s	18.5471,98.3832 18.5485,98.3868 18.5490,98.3899 18.5503,98.3916
1088	s	18.6280,98.3798 18.6260,98.3779 18.6229,98.3781 18.6196,98.3770 18.6167,98.3767 18.6139,98.3770 18.6132,98.3767
1088	s	18.6442,98.3766 18.6411,98.3770 18.6378,98.3788 18.6348,98.3792 18.6312,98.3793 18.6307,98.3793
1009	s	18.5363,98.5231 18.5337,98.5217 18.5309,98.5222 18.5282,98.5229 18.5257,98.5215 18.5225,98.5212 18.5211,98.5184 18.5189,98.5166 18.5165,98.5143 18.5138,98.5139 18.5112,98.5129 18.5081,98.5117 18.5108,98.5096 18.5128,98.5075 18.5139,98.5047 18.5167,98.5045 18.5184,98.5022 18.5208,98.5002 18.5234,98.5014 18.5258,98.5000 18.5260,98.4991
1009	s	18.5364,98.5232 18.5363,98.5231
1384	s	19.8758,99.6261 19.8732,99.6284 19.8717,99.6311 19.8692,99.6332 19.8676,99.6362 19.8683,99.6390 19.8696,99.6419 19.8688,99.6447 19.8680,99.6464
1384	s	19.8493,99.6639 19.8502,99.6612 19.8528,99.6602 19.8548,99.6570 19.8574,99.6559 19.8600,99.6538 19.8620,99.6519 19.8649,99.6512 19.8675,99.6484 19.8681,99.6465
1126	s	19.5702,99.7523 19.5704,99.7515
1126	s	19.5699,99.7517 19.5703,99.7522
1260	s	18.9171,98.9678 18.9176,98.9721
1260	s	18.9176,98.9721 18.9179,98.9749
1219	s	17.9557,98.9052 17.9559,98.9058
1219	s	17.9559,98.9058 17.9559,98.9091 17.9557,98.9111
1209	s	18.4639,98.8727 18.4600,98.8757 18.4573,98.8777 18.4537,98.8834 18.4522,98.8864 18.4531,98.8926 18.4530,98.8930
1096	s	18.9153,98.9073 18.9154,98.9075
1096	s	18.9209,98.9179 18.9205,98.9214 18.9221,98.9233
1154	s	18.5994,100.1497 18.5999,100.1494
1154	s	18.5999,100.1494 18.6024,100.1481 18.6062,100.1476 18.6101,100.1473 18.6132,100.1473 18.6159,100.1477 18.6179,100.1466
1001	s	18.8992,99.0071 18.8990,99.0071
1001	s	18.8990,99.0070 18.8991,99.0069
1001	s	18.9360,98.9876 18.9362,98.9875
1367	s	18.8402,99.0430 18.8374,99.0426 18.8346,99.0420 18.8333,99.0415
1367	s	18.8404,99.0430 18.8402,99.0430
1274	s	18.0680,99.2517 18.0685,99.2523
1274	s	18.0685,99.2523 18.0716,99.2565 18.0737,99.2592 18.0785,99.2618 18.0856,99.2650 18.0884,99.2662 18.0938,99.2687 18.0951,99.2719 18.0954,99.2751 18.0953,99.2759
1349	s	19.0313,98.4151 19.0334,98.4132 19.0331,98.4102 19.0344,98.4072 19.0351,98.4044 19.0356,98.4013 19.0374,98.3991 19.0357,98.3965 19.0351,98.3937 19.0352,98.3907 19.0355,98.3876 19.0353,98.3845 19.0372,98.3824 19.0387,98.3798 19.0386,98.3770 19.0368,98.3744 19.0368,98.3711 19.0357,98.3682 19.0339,98.3655 19.0336,98.3623 19.0331,98.3595 19.0318,98.3569 19.0305,98.3542 19.0293,98.3515 19.0280,98.3490 19.0292,98.3464 19.0318,98.3455 19.0342,98.3471 19.0362,98.3452 19.0359,98.3423 19.0347,98.3396 19.0338,98.3364 19.0342,98.3335 19.0351,98.3308 19.0364,98.3281 19.0386,98.3261 19.0403,98.3238 19.0415,98.3229
1290	s	20.3452,100.3335 20.3450,100.3338
1290	s	20.3450,100.3338 20.3446,100.3375 20.3457,100.3413 20.3464,100.3445 20.3466,100.3475 20.3481,100.3507 20.3487,100.3516
1290	s	20.2693,100.0766 20.2722,100.0749 20.2750,100.0742 20.2782,100.0752 20.2823,100.0770 20.2848,100.0787 20.2871,100.0823 20.2887,100.0855 20.2893,100.0882
1211	s	19.7462,99.6901 19.7460,99.6901
1141	s	18.7598,99.0162 18.7590,99.0130 18.7587,99.0112
1141	s	18.7599,99.0161 18.7600,99.0163
1141	s	18.7599,99.0163 18.7598,99.0162
1141	s	18.7600,99.0163 18.7603,99.0172
1184	s	18.2866,98.9362 18.2867,98.9361
1184	s	18.2867,98.9361 18.2895,98.9348 18.2918,98.9333 18.2938,98.9312 18.2956,98.9291 18.2969,98.9265 18.3003,98.9263 18.3032,98.9269 18.3062,98.9260 18.3092,98.9258 18.3123,98.9250 18.3151,98.9242 18.3175,98.9225 18.3190,98.9200 18.3176,98.9176 18.3168,98.9147 18.3185,98.9119 18.3211,98.9103 18.3240,98.9093 18.3266,98.9078 18.3289,98.9059 18.3302,98.9033 18.3324,98.9007 18.3368,98.8997 18.3402,98.8993 18.3434,98.8997 18.3463,98.9003 18.3503,98.8999 18.3531,98.8997 18.3575,98.8991 18.3645,98.8980 18.3674,98.8976 18.3703,98.8971 18.3732,98.8966 18.3754,98.8947 18.3773,98.8924 18.3802,98.8906 18.3827,98.8895 18.3852,98.8884 18.3884,98.8870 18.3913,98.8857 18.3922,98.8842
1184	s	18.2426,98.9617 18.2456,98.9615 18.2475,98.9587 18.2478,98.9557 18.2488,98.9529 18.2514,98.9511 18.2542,98.9514 18.2568,98.9493 18.2590,98.9470 18.2609,98.9444 18.2623,98.9405 18.2632,98.9374 18.2653,98.9393 18.2673,98.9413 18.2704,98.9431 18.2725,98.9451 18.2753,98.9455 18.2768,98.9429 18.2775,98.9400 18.2795,98.9378 18.2822,98.9365 18.2853,98.9366 18.2866,98.9362
1184	s	18.2423,98.9615 18.2426,98.9617
1184	s	18.1438,98.9985 18.1439,98.9982
1184	s	18.1511,98.9920 18.1512,98.9917
1184	s	18.2292,98.9665 18.2294,98.9664
1184	s	18.1512,98.9917 18.1519,98.9889 18.1532,98.9858 18.1538,98.9830 18.1567,98.9820 18.1593,98.9805 18.1628,98.9801 18.1654,98.9793 18.1680,98.9784 18.1708,98.9781 18.1731,98.9763 18.1759,98.9772 18.1782,98.9756 18.1809,98.9754 18.1807,98.9726 18.1834,98.9729 18.1862,98.9733 18.1890,98.9734 18.1917,98.9739 18.1943,98.9734 18.1993,98.9748 18.2019,98.9761 18.2049,98.9750 18.2077,98.9743 18.2120,98.9730 18.2147,98.9728 18.2178,98.9719 18.2208,98.9708 18.2236,98.9699 18.2262,98.9685 18.2288,98.9667 18.2292,98.9665
1184	s	18.1439,98.9982 18.1455,98.9955 18.1482,98.9950 18.1507,98.9928 18.1511,98.9920
1184	s	18.2294,98.9664 18.2318,98.9638 18.2334,98.9615 18.2366,98.9612 18.2398,98.9607 18.2423,98.9615
1033	s	18.5399,98.9696 18.5401,98.9696
1033	s	18.5378,98.9703 18.5381,98.9702
1033	s	18.5381,98.9702 18.5399,98.9696
1033	s	18.5401,98.9696 18.5418,98.9689
1184	s	18.1094,99.0167 18.1098,99.0167
1184	s	18.1418,99.0024 18.1418,99.0020
1184	s	18.1418,99.0020 18.1434,98.9989 18.1438,98.9985
1184	s	18.1098,99.0167 18.1127,99.0160 18.1156,99.0145 18.1193,99.0142 18.1221,99.0145 18.1246,99.0132 18.1276,99.0127 18.1311,99.0127 18.1339,99.0135 18.1364,99.0117 18.1381,99.0091 18.1400,99.0068 18.1418,99.0024
1150	s	19.4382,99.0380 19.4381,99.0382
1150	s	19.4375,99.0394 19.4374,99.0396
1150	s	19.4374,99.0396 19.4349,99.0405 19.4332,99.0428 19.4337,99.0459 19.4350,99.0491 19.4368,99.0522 19.4376,99.0553 19.4379,99.0582 19.4382,99.0614 19.4372,99.0657 19.4362,99.0709 19.4349,99.0740 19.4330,99.0760
1150	s	19.4381,99.0382 19.4375,99.0394
1202	s	19.3998,99.9846 19.4001,99.9847
1202	s	19.4743,99.9602 19.4807,99.9591 19.4834,99.9589 19.4873,99.9589 19.4902,99.9583 19.4934,99.9585 19.4957,99.9602 19.4966,99.9632 19.4972,99.9673 19.4975,99.9705 19.4976,99.9745 19.4979,99.9775 19.4984,99.9804 19.4987,99.9837 19.4993,99.9867 19.4995,99.9880
1001	s	19.0046,98.9719 19.0048,98.9719
1001	s	18.9944,98.9777 18.9946,98.9776
1001	s	19.0368,98.9689 19.0369,98.9689
1001	s	19.0369,98.9689 19.0396,98.9694 19.0437,98.9669 19.0487,98.9633 19.0511,98.9617 19.0554,98.9601 19.0580,98.9593 19.0600,98.9586
11	s	18.7946,98.9653 18.7955,98.9657
1102	s	17.5390,99.1759 17.5498,99.1770 17.5527,99.1773 17.5549,99.1792
1414	s	19.0724,98.9410 19.0724,98.9428
1178	s	19.7240,99.0374 19.7268,99.0374 19.7296,99.0383 19.7323,99.0381 19.7351,99.0376 19.7377,99.0365 19.7399,99.0347 19.7427,99.0331 19.7454,99.0324 19.7478,99.0309 19.7499,99.0289 19.7512,99.0262 19.7510,99.0233 19.7517,99.0205 19.7541,99.0187 19.7569,99.0159 19.7600,99.0154 19.7618,99.0131 19.7637,99.0108 19.7658,99.0127 19.7660,99.0156 19.7692,99.0165 19.7719,99.0172 19.7737,99.0194 19.7750,99.0220 19.7759,99.0247 19.7752,99.0275 19.7768,99.0308 19.7774,99.0337 19.7782,99.0364 19.7810,99.0364 19.7837,99.0356 19.7866,99.0352 19.7889,99.0334 19.7924,99.0337 19.7950,99.0329 19.7985,99.0319 19.8012,99.0314 19.8016,99.0351 19.8026,99.0379 19.8053,99.0389 19.8075,99.0405 19.8097,99.0427 19.8108,99.0455 19.8131,99.0473 19.8160,99.0481 19.8189,99.0477 19.8216,99.0486 19.8237,99.0506 19.8263,99.0499 19.8276,99.0472 19.8305,99.0493 19.8334,99.0498 19.8362,99.0492 19.8390,99.0484 19.8419,99.0480 19.8447,99.0479 19.8471,99.0493 19.8507,99.0481 19.8540,99.0476 19.8571,99.0471 19.8590,99.0475
1360	s	19.9124,99.2060 19.9119,99.2055
1360	s	19.9107,99.2042 19.9119,99.2055
1360	s	19.9074,99.2012 19.9046,99.2009 19.9018,99.2006 19.8998,99.2004
1360	s	19.9074,99.2012 19.9082,99.2016
1360	s	19.9084,99.2017 19.9096,99.2030
1360	s	19.9082,99.2016 19.9084,99.2017
1337	s	18.6638,97.8462 18.6665,97.8463 18.6693,97.8449 18.6720,97.8440 18.6753,97.8439 18.6782,97.8440 18.6785,97.8442
1001	s	19.1037,99.0572 19.1036,99.0570
1098	s	20.1232,100.0437 20.1245,100.0466 20.1251,100.0499 20.1268,100.0530 20.1282,100.0555 20.1285,100.0588 20.1307,100.0613 20.1326,100.0642 20.1337,100.0674 20.1334,100.0722 20.1320,100.0749 20.1296,100.0777 20.1277,100.0804 20.1244,100.0823 20.1218,100.0836 20.1196,100.0870 20.1172,100.0896 20.1149,100.0921 20.1149,100.0954 20.1149,100.0983 20.1172,100.1018 20.1191,100.1052 20.1203,100.1082 20.1215,100.1120 20.1231,100.1157 20.1240,100.1199 20.1224,100.1223 20.1218,100.1232
1015	s	18.5919,98.9783 18.5920,98.9781
1015	s	18.5920,98.9781 18.5938,98.9749 18.5955,98.9718 18.5976,98.9683 18.5984,98.9672
1034	s	18.2966,99.3737 18.2967,99.3737
1034	s	18.2967,99.3737 18.3027,99.3698 18.3049,99.3678 18.3073,99.3654 18.3088,99.3646
1001	s	19.0892,98.9838 19.0890,98.9837
1001	s	19.1259,99.1659 19.1256,99.1660
1001	s	19.1864,99.1726 19.1860,99.1726
1001	s	19.1860,99.1726 19.1828,99.1733 19.1802,99.1725 19.1789,99.1677 19.1764,99.1648 19.1737,99.1628 19.1697,99.1628 19.1675,99.1653 19.1653,99.1652
1001	s	19.0890,98.9837 19.0817,98.9798 19.0764,98.9790 19.0719,98.9779 19.0708,98.9750 19.0698,98.9719 19.0700,98.9679 19.0693,98.9651 19.0674,98.9623 19.0668,98.9614
1150	s	19.3667,99.1871 19.3669,99.1875
1150	s	19.3682,99.2151 19.3683,99.2181 19.3685,99.2215 19.3685,99.2245 19.3676,99.2261
1001	s	19.3033,99.1893 19.3004,99.1890 19.2969,99.1886 19.2925,99.1882 19.2883,99.1878 19.2848,99.1875
1001	s	19.3037,99.1893 19.3033,99.1893
1001	s	19.2848,99.1875 19.2845,99.1875
1001	s	19.2845,99.1875 19.2816,99.1885 19.2785,99.1892 19.2752,99.1892 19.2725,99.1885 19.2718,99.1879
1150	s	19.3741,99.1728 19.3739,99.1732
1150	s	19.3739,99.1732 19.3733,99.1763 19.3709,99.1783 19.3690,99.1805 19.3671,99.1827 19.3659,99.1854 19.3667,99.1871
1150	s	19.3885,99.1440 19.3884,99.1442
1150	s	19.3779,99.1588 19.3779,99.1590
1150	s	19.3892,99.1413 19.3891,99.1417
1150	s	19.3924,99.1309 19.3922,99.1309
1150	s	19.3779,99.1590 19.3763,99.1616 19.3746,99.1641 19.3738,99.1680 19.3741,99.1711 19.3741,99.1728
1150	s	19.3922,99.1309 19.3919,99.1338 19.3917,99.1373 19.3901,99.1397 19.3892,99.1413
1150	s	19.3891,99.1417 19.3885,99.1440
1150	s	19.3884,99.1442 19.3873,99.1469 19.3871,99.1473
1150	s	19.4400,99.0327 19.4387,99.0353 19.4382,99.0380
1150	s	19.4211,99.0974 19.4210,99.0977
1150	s	19.4216,99.0955 19.4216,99.0958
1150	s	19.4401,99.0324 19.4400,99.0327
1150	s	19.4330,99.0760 19.4326,99.0761
1150	s	19.4210,99.0977 19.4199,99.1005 19.4166,99.1025 19.4143,99.1040 19.4144,99.1070 19.4131,99.1095 19.4109,99.1113 19.4078,99.1112 19.4054,99.1093 19.4022,99.1093 19.3995,99.1092 19.3995,99.1121 19.3994,99.1152 19.3965,99.1150 19.3977,99.1176 19.3974,99.1205 19.3967,99.1240 19.3945,99.1256 19.3932,99.1298 19.3924,99.1309
1150	s	19.4216,99.0958 19.4211,99.0974
1150	s	19.4274,99.0829 19.4253,99.0852 19.4237,99.0875 19.4220,99.0899 19.4214,99.0931 19.4216,99.0955
1150	s	19.4483,99.0149 19.4482,99.0152
1150	s	19.4482,99.0152 19.4461,99.0179 19.4448,99.0226 19.4429,99.0267 19.4417,99.0296 19.4401,99.0323 19.4401,99.0324
1150	s	19.4578,98.9946 19.4577,98.9948
1150	s	19.4577,98.9948 19.4587,98.9976 19.4558,98.9991 19.4548,99.0025 19.4563,99.0070 19.4544,99.0096 19.4522,99.0131 19.4495,99.0137 19.4483,99.0149
1359	s	19.3711,98.9652 19.3743,98.9665 19.3772,98.9676 19.3775,98.9677
1359	s	19.3709,98.9652 19.3711,98.9652
1359	s	19.3775,98.9677 19.3776,98.9678
1359	s	19.3944,98.9702 19.3970,98.9729 19.3983,98.9757 19.4016,98.9757 19.4045,98.9755 19.4075,98.9744 19.4110,98.9732 19.4138,98.9724 19.4166,98.9722 19.4197,98.9732
1001	s	18.8227,99.0120 18.8188,99.0117 18.8149,99.0114 18.8121,99.0111 18.8101,99.0110
1009	s	18.5384,98.5250 18.5364,98.5232
1009	s	18.5384,98.5252 18.5384,98.5250
1009	s	18.5411,98.5947 18.5411,98.5945
1009	s	18.5411,98.5945 18.5418,98.5935
1095	s	19.0748,98.9287 19.0746,98.9291
1095	s	19.0802,98.9182 19.0787,98.9212 19.0785,98.9216
1095	s	19.0770,98.9244 19.0750,98.9284 19.0748,98.9287
1095	s	19.0806,98.9174 19.0802,98.9182
1095	s	19.0785,98.9216 19.0783,98.9219
1095	s	19.0774,98.9236 19.0770,98.9244
1095	s	19.0783,98.9219 19.0774,98.9236
1095	s	19.0746,98.9291 19.0739,98.9314
1189	s	18.6721,99.0797 18.6719,99.0800
1189	s	18.6758,99.0794 18.6757,99.0797
1189	s	18.6731,99.0800 18.6729,99.0799
1189	s	18.6757,99.0797 18.6731,99.0800
1189	s	18.6729,99.0799 18.6721,99.0797
1189	s	18.6719,99.0800 18.6709,99.0832 18.6707,99.0864 18.6704,99.0901 18.6685,99.0922 18.6664,99.0948 18.6651,99.0981 18.6641,99.1008 18.6631,99.1041 18.6609,99.1069 18.6596,99.1097 18.6582,99.1122 18.6570,99.1149 18.6560,99.1177 18.6540,99.1202 18.6521,99.1226 18.6502,99.1242
1001	s	18.8102,99.0108 18.8136,99.0111 18.8183,99.0114 18.8216,99.0117 18.8222,99.0118
1147	s	18.6340,99.1040 18.6314,99.1028 18.6287,99.1021 18.6262,99.1009 18.6238,99.0995 18.6214,99.0973 18.6192,99.0952 18.6162,99.0926 18.6130,99.0915 18.6103,99.0905 18.6102,99.0904
1147	s	18.6495,99.1144 18.6494,99.1142
1015	s	18.5905,98.9808 18.5906,98.9806
1015	s	18.5906,98.9806 18.5915,98.9790
1099	s	17.4095,98.4534 17.4069,98.4545 17.4043,98.4565 17.4027,98.4572
1099	s	17.4097,98.4535 17.4095,98.4534
1360	s	19.9506,99.2367 19.9520,99.2372
1152	s	19.8496,99.9436 19.8496,99.9433
1360	s	19.9278,99.2218 19.9252,99.2201 19.9226,99.2191 19.9198,99.2182 19.9197,99.2182
1360	s	19.9520,99.2373 19.9506,99.2367
1360	s	19.8998,99.2003 19.9069,99.2011 19.9074,99.2012
1184	s	18.0548,99.0229 18.0575,99.0224 18.0601,99.0202 18.0611,99.0188
1184	s	18.0545,99.0229 18.0548,99.0229
1184	s	18.0485,99.0245 18.0487,99.0244
1184	s	18.0611,99.0188 18.0612,99.0187
1184	s	18.0487,99.0244 18.0516,99.0230 18.0545,99.0229
1184	s	18.0807,99.0126 18.0833,99.0113 18.0885,99.0109 18.0912,99.0109 18.0939,99.0114 18.0968,99.0122 18.0994,99.0138 18.1019,99.0151 18.1071,99.0161 18.1094,99.0167
1184	s	18.0183,99.0267 18.0185,99.0268
1184	s	18.0185,99.0268 18.0212,99.0278 18.0246,99.0266 18.0276,99.0265 18.0307,99.0277 18.0333,99.0293 18.0360,99.0299
1184	s	17.9516,99.0459 17.9547,99.0458 17.9576,99.0456 17.9603,99.0455 17.9645,99.0453 17.9674,99.0447 17.9725,99.0424 17.9759,99.0414 17.9784,99.0403 17.9806,99.0375 17.9822,99.0352 17.9861,99.0345 17.9886,99.0329 17.9911,99.0316 17.9946,99.0307 17.9972,99.0316 17.9999,99.0305 18.0029,99.0290 18.0054,99.0276 18.0081,99.0268 18.0109,99.0261 18.0141,99.0257 18.0167,99.0267 18.0183,99.0267
1184	s	17.9513,99.0459 17.9516,99.0459
1274	s	17.8924,99.0854 17.8921,99.0852
1274	s	17.8440,99.0042 17.8439,99.0046
1274	s	17.8921,99.0852 17.8873,99.0833 17.8841,99.0830 17.8812,99.0815 17.8781,99.0809 17.8746,99.0800 17.8734,99.0774 17.8709,99.0760 17.8696,99.0715 17.8711,99.0689 17.8760,99.0678 17.8769,99.0648 17.8770,99.0631
1274	s	17.8439,99.0046 17.8417,99.0093 17.8420,99.0124 17.8418,99.0153 17.8439,99.0174 17.8464,99.0188 17.8486,99.0213 17.8527,99.0240 17.8555,99.0248 17.8583,99.0263 17.8606,99.0284 17.8627,99.0303 17.8645,99.0328 17.8650,99.0366 17.8658,99.0403 17.8671,99.0430 17.8680,99.0459 17.8696,99.0515 17.8724,99.0521 17.8757,99.0543 17.8780,99.0563 17.8777,99.0602 17.8776,99.0607
1193	s	19.1221,99.8543 19.1220,99.8542
1193	s	19.1354,99.8865 19.1342,99.8838 19.1328,99.8794 19.1316,99.8766 19.1303,99.8737 19.1256,99.8633 19.1243,99.8605 19.1227,99.8562 19.1221,99.8543
1099	s	17.7798,98.4930 17.7789,98.4959 17.7759,98.4971 17.7737,98.5000 17.7715,98.5018 17.7685,98.5024 17.7631,98.5035 17.7604,98.5036 17.7578,98.5047 17.7551,98.5052 17.7511,98.5067 17.7490,98.5088 17.7442,98.5125 17.7413,98.5138 17.7378,98.5164 17.7350,98.5175 17.7317,98.5163 17.7290,98.5171 17.7260,98.5192 17.7225,98.5195 17.7189,98.5197 17.7151,98.5206 17.7128,98.5230 17.7099,98.5246 17.7073,98.5254 17.7035,98.5249 17.7008,98.5243 17.6985,98.5222 17.6946,98.5221 17.6913,98.5233 17.6855,98.5223 17.6807,98.5220 17.6778,98.5226 17.6745,98.5230 17.6690,98.5242 17.6658,98.5251 17.6632,98.5269 17.6608,98.5283 17.6579,98.5272 17.6550,98.5284 17.6523,98.5296 17.6491,98.5309 17.6461,98.5315 17.6429,98.5318 17.6401,98.5324 17.6376,98.5312 17.6353,98.5297 17.6324,98.5297 17.6290,98.5308 17.6259,98.5307 17.6225,98.5319
1099	s	17.7798,98.4928 17.7798,98.4930
1269	s	18.7300,98.9074 18.7293,98.9078
1269	s	18.7346,98.9046 18.7322,98.9060 18.7300,98.9074
1269	s	18.7523,98.8890 18.7496,98.8901 18.7460,98.8903 18.7452,98.8907
1345	s	19.5226,100.3632 19.5232,100.3595 19.5232,100.3565 19.5231,100.3504 19.5230,100.3475 19.5229,100.3444 19.5231,100.3415 19.5231,100.3387 19.5236,100.3355 19.5245,100.3326 19.5256,100.3293 19.5273,100.3266 19.5275,100.3226 19.5268,100.3195 19.5287,100.3172 19.5284,100.3140 19.5275,100.3110
1346	s	19.6491,99.1516 19.6490,99.1514
1346	s	19.6490,99.1514 19.6516,99.1481 19.6523,99.1465
1367	s	18.8930,99.0109 18.8921,99.0148 18.8920,99.0152
1088	s	18.4802,98.3815 18.4815,98.3788 18.4835,98.3763 18.4863,98.3765 18.4889,98.3776 18.4912,98.3770
1290	s	20.2359,100.1472 20.2369,100.1483
1290	s	20.2366,100.1569 20.2370,100.1591
1290	s	20.2365,100.1569 20.2373,100.1516 20.2369,100.1487
1290	s	20.2370,100.1591 20.2365,100.1569
1290	s	20.2217,100.1421 20.2237,100.1441 20.2264,100.1437 20.2270,100.1438
1194	s	18.1014,97.9261 18.1011,97.9262
1194	s	18.1219,97.9198 18.1218,97.9195
1194	s	18.0311,97.9000 18.0311,97.8999
1194	s	18.0336,97.9031 18.0308,97.9031 18.0311,97.9003 18.0311,97.9000
1194	s	18.1348,97.9194 18.1320,97.9197 18.1293,97.9199 18.1264,97.9202 18.1237,97.9201 18.1219,97.9198
1194	s	18.1218,97.9195 18.1193,97.9185 18.1159,97.9186 18.1131,97.9175 18.1104,97.9168 18.1058,97.9178 18.1050,97.9209 18.1040,97.9244 18.1014,97.9261
1099	s	17.4707,98.4568 17.4687,98.4544 17.4662,98.4532 17.4648,98.4526
1099	s	17.4931,98.4680 17.4902,98.4685 17.4881,98.4666 17.4877,98.4635 17.4848,98.4628 17.4829,98.4601 17.4805,98.4585 17.4776,98.4578 17.4749,98.4566 17.4721,98.4561 17.4712,98.4568
1099	s	17.4959,98.4711 17.4935,98.4690 17.4932,98.4681
1099	s	17.4640,98.4518 17.4609,98.4513 17.4584,98.4502 17.4558,98.4491 17.4528,98.4489 17.4521,98.4489
1099	s	17.4521,98.4489 17.4517,98.4489
1099	s	17.4932,98.4681 17.4931,98.4680
1099	s	17.4284,98.4531 17.4281,98.4531
1099	s	17.4960,98.4714 17.4959,98.4711
1099	s	17.4712,98.4568 17.4707,98.4568
1099	s	17.4517,98.4489 17.4490,98.4494 17.4460,98.4501 17.4431,98.4501 17.4408,98.4522 17.4382,98.4533 17.4355,98.4529 17.4323,98.4530 17.4292,98.4529 17.4284,98.4531
1194	s	18.1508,97.9188 18.1490,97.9217 18.1462,97.9228 18.1421,97.9210 18.1395,97.9195
1194	s	18.1508,97.9187 18.1508,97.9188
1141	s	18.7810,98.9926 18.7810,98.9911
1266	s	18.3440,98.0185 18.3447,98.0157 18.3468,98.0138 18.3461,98.0130
1266	s	18.4196,98.0891 18.4184,98.0863 18.4158,98.0851 18.4171,98.0825 18.4151,98.0804 18.4127,98.0789 18.4099,98.0788 18.4079,98.0809 18.4078,98.0846 18.4059,98.0868 18.4030,98.0874 18.3999,98.0865 18.3979,98.0850
1367	s	18.8593,99.0527 18.8592,99.0527
1367	s	18.8577,99.0510 18.8556,99.0490 18.8541,99.0465 18.8519,99.0446 18.8491,99.0443 18.8464,99.0437 18.8450,99.0436
1030	s	18.6160,98.9861 18.6187,98.9875 18.6208,98.9895 18.6234,98.9918 18.6249,98.9946 18.6270,98.9967 18.6284,98.9995 18.6298,99.0023 18.6327,99.0032 18.6357,99.0035 18.6386,99.0052 18.6406,99.0074 18.6428,99.0091 18.6437,99.0119 18.6438,99.0124
1384	s	19.8681,99.6465 19.8680,99.6464
1384	s	19.8758,99.6261 19.8766,99.6253
1149	s	20.4188,99.8837 20.4189,99.8840
1169	s	18.9174,100.8737 18.9148,100.8718 18.9126,100.8698 18.9099,100.8691 18.9082,100.8669 18.9076,100.8640 18.9081,100.8606 18.9069,100.8578 18.9066,100.8547 18.9058,100.8515 18.9038,100.8487 18.9029,100.8457 18.9009,100.8436 18.8989,100.8409 18.8971,100.8388 18.8943,100.8388 18.8920,100.8370 18.8895,100.8356 18.8875,100.8354
1037	s	18.2514,99.4908 18.2482,99.4908 18.2446,99.4912 18.2442,99.4912
1037	s	18.1727,99.5567 18.1724,99.5528 18.1740,99.5492 18.1747,99.5488
1037	s	18.1747,99.5488 18.1751,99.5486
1036	s	18.1727,99.5567 18.1754,99.5556 18.1758,99.5554
1037	s	18.2392,99.4910 18.2344,99.4906 18.2316,99.4905
1037	s	18.2406,99.4912 18.2412,99.4913
1096	s	18.9089,98.9057 18.9117,98.9059 18.9145,98.9058 18.9153,98.9073
1269	s	18.8526,98.7578 18.8509,98.7605 18.8494,98.7632 18.8476,98.7658 18.8466,98.7686 18.8459,98.7726 18.8451,98.7735
1141	s	18.7588,98.9988 18.7592,98.9984
1126	s	19.5545,99.9724 19.5561,99.9700 19.5580,99.9679 19.5598,99.9658 19.5617,99.9637 19.5636,99.9615 19.5659,99.9576 19.5669,99.9547 19.5689,99.9527 19.5717,99.9518 19.5739,99.9499 19.5754,99.9475 19.5767,99.9447 19.5788,99.9427 19.5814,99.9407 19.5862,99.9368 19.5879,99.9343 19.5868,99.9312
1126	s	19.4508,100.0091 19.4539,100.0085 19.4569,100.0086 19.4594,100.0074 19.4620,100.0060 19.4663,100.0052 19.4693,100.0048 19.4723,100.0044 19.4750,100.0050 19.4810,100.0003 19.4820,99.9956 19.4871,99.9930 19.4902,99.9928 19.4933,99.9926 19.4963,99.9928 19.4994,99.9930
1126	s	19.4702,100.0934 19.4714,100.0908 19.4730,100.0864 19.4713,100.0842 19.4667,100.0826 19.4632,100.0811 19.4606,100.0797 19.4574,100.0783 19.4549,100.0772 19.4516,100.0759 19.4480,100.0749 19.4454,100.0742 19.4449,100.0712 19.4451,100.0684 19.4447,100.0653 19.4464,100.0592 19.4470,100.0564 19.4486,100.0501 19.4495,100.0464 19.4494,100.0418 19.4484,100.0344 19.4477,100.0315 19.4471,100.0270 19.4476,100.0241 19.4498,100.0191 19.4502,100.0178
1189	s	18.6835,99.0619 18.6862,99.0610 18.6891,99.0603 18.6903,99.0599
1091	s	18.8731,100.2866 18.8731,100.2891
1264	s	17.5294,98.9951 17.5324,98.9942
1014	s	18.7490,99.0692 18.7479,99.0684
1317	s	18.7485,99.0666 18.7499,99.0639
1317	s	18.7478,99.0681 18.7485,99.0666
1087	s	17.6930,98.8613 17.6961,98.8610 17.6986,98.8622 17.7003,98.8646 17.7020,98.8671 17.7022,98.8700 17.7038,98.8729 17.7044,98.8762 17.7075,98.8782 17.7098,98.8805 17.7119,98.8828 17.7124,98.8859 17.7129,98.8905 17.7131,98.8934 17.7136,98.8962 17.7156,98.8990 17.7177,98.9010 17.7202,98.9018 17.7202,98.9049 17.7196,98.9083 17.7179,98.9124 17.7182,98.9153 17.7208,98.9183 17.7237,98.9203 17.7263,98.9215 17.7286,98.9232 17.7306,98.9251 17.7333,98.9272 17.7360,98.9295 17.7367,98.9325 17.7375,98.9359 17.7403,98.9404 17.7429,98.9423 17.7456,98.9434 17.7485,98.9439 17.7509,98.9423 17.7519,98.9393 17.7550,98.9384 17.7576,98.9369 17.7612,98.9341 17.7639,98.9348 17.7660,98.9388 17.7670,98.9425 17.7673,98.9463 17.7692,98.9491 17.7715,98.9515 17.7729,98.9542 17.7740,98.9558
1087	s	17.6928,98.8613 17.6930,98.8613
1034	s	18.2824,99.3810 18.2850,99.3796 18.2878,99.3782 18.2904,99.3769 18.2954,99.3743 18.2966,99.3737
1034	s	18.2813,99.3816 18.2798,99.3824
1034	s	18.2780,99.3833 18.2804,99.3819 18.2824,99.3810
1021	s	19.3644,100.0875 19.3621,100.0917 19.3604,100.0942 19.3587,100.0964 19.3564,100.0981 19.3537,100.1011 19.3521,100.1035 19.3507,100.1076 19.3494,100.1113 19.3472,100.1146 19.3469,100.1151
1124	s	17.8769,99.5550 17.8768,99.5547
1124	s	17.8768,99.5547 17.8760,99.5518 17.8772,99.5489 17.8780,99.5437 17.8782,99.5400 17.8780,99.5369 17.8758,99.5345 17.8721,99.5339 17.8691,99.5337 17.8646,99.5351 17.8619,99.5339 17.8604,99.5314 17.8582,99.5281 17.8520,99.5210 17.8495,99.5186 17.8471,99.5168 17.8439,99.5154 17.8416,99.5136 17.8386,99.5106 17.8358,99.5084 17.8333,99.5069 17.8303,99.5054 17.8262,99.5035 17.8234,99.5034 17.8207,99.5011 17.8182,99.4985 17.8160,99.4963 17.8134,99.4946 17.8100,99.4920 17.8069,99.4909 17.8045,99.4894 17.8015,99.4889 17.7985,99.4879 17.7965,99.4858 17.7955,99.4824 17.7948,99.4788 17.7939,99.4759 17.7926,99.4735
1155	s	19.8508,100.3807 19.8529,100.3788 19.8532,100.3758 19.8546,100.3731 19.8571,100.3720 19.8591,100.3699 19.8611,100.3676 19.8632,100.3696 19.8654,100.3715 19.8680,100.3727 19.8709,100.3741 19.8719,100.3768 19.8745,100.3780 19.8758,100.3805 19.8756,100.3824
1155	s	20.0683,100.5078 20.0700,100.5087
1155	s	20.0700,100.5087 20.0683,100.5078
1155	s	20.0700,100.5087 20.0729,100.5086 20.0757,100.5085 20.0793,100.5105 20.0823,100.5104 20.0847,100.5119 20.0874,100.5110 20.0887,100.5083 20.0907,100.5064 20.0935,100.5064 20.0946,100.5063
1290	s	20.3386,100.0857 20.3361,100.0872 20.3334,100.0884 20.3299,100.0896 20.3272,100.0909 20.3233,100.0923 20.3206,100.0928 20.3155,100.0922 20.3121,100.0923 20.3091,100.0919 20.3061,100.0915 20.3032,100.0917 20.3000,100.0907 20.2969,100.0893
1290	s	20.3727,100.0648 20.3701,100.0671 20.3680,100.0692 20.3663,100.0720 20.3642,100.0760 20.3639,100.0763
1290	s	20.3639,100.0763 20.3614,100.0777 20.3591,100.0793 20.3562,100.0803 20.3537,100.0819 20.3515,100.0822
1290	s	20.3639,100.0763 20.3655,100.0740 20.3667,100.0712 20.3685,100.0684 20.3723,100.0662 20.3727,100.0648
1405	s	18.1199,100.1614 18.1244,100.1616 18.1252,100.1617
1405	s	18.1252,100.1617 18.1217,100.1613 18.1199,100.1614
1154	s	18.6181,100.1463 18.6175,100.1431 18.6174,100.1393 18.6181,100.1365 18.6177,100.1334 18.6171,100.1303 18.6172,100.1272 18.6171,100.1231 18.6203,100.1206 18.6219,100.1181 18.6213,100.1152 18.6205,100.1125 18.6182,100.1096 18.6186,100.1044
1154	s	18.6179,100.1466 18.6181,100.1463
1081	s	19.0167,100.9344 19.0165,100.9344
1081	s	19.0165,100.9344 19.0134,100.9340 19.0105,100.9343 19.0096,100.9343
1081	s	19.0092,100.9344 19.0052,100.9371 19.0024,100.9383 18.9994,100.9400 18.9964,100.9401 18.9941,100.9401
1290	s	20.3700,100.0027 20.3696,100.0052
1093	s	19.6220,100.3676 19.6222,100.3705 19.6216,100.3748 19.6202,100.3787 19.6188,100.3855 19.6184,100.3885 19.6188,100.3916 19.6184,100.3949 19.6200,100.3973 19.6219,100.4003 19.6199,100.4035 19.6177,100.4055 19.6138,100.4073 19.6109,100.4079 19.6077,100.4075 19.6051,100.4047 19.6017,100.3998 19.6009,100.3969 19.5983,100.3960 19.5961,100.3940 19.5943,100.3917 19.5936,100.3881 19.5929,100.3851 19.5920,100.3812 19.5904,100.3783 19.5889,100.3757 19.5889,100.3726 19.5887,100.3683 19.5849,100.3642 19.5837,100.3607 19.5830,100.3570 19.5815,100.3516 19.5808,100.3484 19.5800,100.3444 19.5773,100.3342 19.5765,100.3304 19.5756,100.3252 19.5750,100.3219 19.5745,100.3190 19.5732,100.3114 19.5720,100.3046
1371	s	19.1487,100.9463 19.1491,100.9464
1371	s	19.1491,100.9464 19.1529,100.9451 19.1583,100.9454 19.1609,100.9465 19.1623,100.9499 19.1649,100.9521 19.1678,100.9525 19.1705,100.9547 19.1712,100.9548
1348	s	18.2961,99.6882 18.2991,99.6928 18.3006,99.6954 18.3005,99.6985 18.2987,99.7011 18.2983,99.7022
1095	s	19.3639,98.4255 19.3666,98.4263 19.3725,98.4297 19.3727,98.4299
1095	s	19.3638,98.4255 19.3639,98.4255
1317	s	18.8487,99.2688 18.8486,99.2685
1317	s	18.8490,99.2693 18.8487,99.2688
1317	s	18.7972,99.2447 18.7932,99.2439 18.7898,99.2433 18.7896,99.2432
1317	s	18.7436,99.2054 18.7434,99.2052
1317	s	18.7356,99.1962 18.7355,99.1960
1317	s	18.7378,99.1987 18.7359,99.1965 18.7356,99.1962
1317	s	18.7434,99.2052 18.7406,99.2020
1290	s	20.4189,99.8840 20.4195,99.8870 20.4202,99.8908 20.4207,99.8937 20.4215,99.8981 20.4205,99.9010 20.4174,99.9028 20.4144,99.9062 20.4126,99.9092 20.4107,99.9129 20.4097,99.9162 20.4081,99.9189 20.4053,99.9215 20.4028,99.9237 20.4013,99.9253
1096	s	18.9230,98.9398 18.9233,98.9401
1096	s	18.9232,98.9402 18.9229,98.9398
1168	s	18.7597,100.7898 18.7600,100.7903
1410	s	19.8585,99.8986 19.8604,99.8965 19.8632,99.8962 19.8658,99.8950 19.8682,99.8933 19.8696,99.8920
1233	s	19.8946,99.8571 19.8945,99.8577
1233	s	19.8964,99.8487 19.8962,99.8492
1233	s	19.8908,99.8689 19.8884,99.8703 19.8865,99.8725 19.8844,99.8747 19.8805,99.8791 19.8793,99.8826 19.8788,99.8854 19.8790,99.8887 19.8791,99.8890
1233	s	19.8962,99.8492 19.8954,99.8519 19.8950,99.8543
1233	s	19.8947,99.8556 19.8948,99.8549
1232	s	19.9081,99.8527 19.9085,99.8497 19.9083,99.8458 19.9084,99.8454
1232	s	19.9084,99.8579 19.9088,99.8590
1232	s	19.9087,99.8590 19.9084,99.8579
1001	s	19.3631,99.2013 19.3628,99.2012
1001	s	19.3653,99.2019 19.3631,99.2013
1006	s	18.7797,99.0454 18.7803,99.0423 18.7811,99.0387 18.7812,99.0381
1088	s	18.4801,98.3820 18.4802,98.3815
1037	s	18.2519,99.4909 18.2514,99.4908
1	s	18.2766,99.4839 18.2783,99.4863 18.2798,99.4883
1	s	18.2835,99.5115 18.2822,99.5091
1091	s	18.8554,100.6493 18.8571,100.6486
1091	s	18.8571,100.6486 18.8574,100.6484
1026	s	18.1826,100.6589 18.1824,100.6593
1026	s	18.1828,100.6584 18.1826,100.6589
1083	s	18.3123,100.9043 18.3121,100.9044
1083	s	18.3311,100.8925 18.3288,100.8943 18.3257,100.8947 18.3221,100.8935 18.3175,100.8928 18.3147,100.8924 18.3133,100.8955 18.3122,100.8983 18.3124,100.9013 18.3124,100.9042 18.3123,100.9043
1083	s	18.2903,100.9165 18.2906,100.9163
1083	s	18.3121,100.9044 18.3099,100.9062 18.3070,100.9063 18.3038,100.9042 18.3016,100.9024 18.2988,100.9018 18.2943,100.9021 18.2914,100.9022 18.2892,100.9040 18.2886,100.9080 18.2874,100.9109 18.2882,100.9139 18.2895,100.9165 18.2903,100.9165
1317	s	18.7144,99.1411 18.7127,99.1375 18.7115,99.1345 18.7109,99.1314 18.7111,99.1280 18.7119,99.1249 18.7141,99.1210 18.7159,99.1184 18.7187,99.1141 18.7210,99.1106 18.7230,99.1074 18.7253,99.1039 18.7264,99.1022
1317	s	18.7163,99.1452 18.7176,99.1480 18.7191,99.1513 18.7221,99.1580 18.7237,99.1614 18.7239,99.1620
1317	s	18.7252,99.1647 18.7246,99.1635
1001	s	18.8935,99.0102 18.8930,99.0105
1193	s	19.1535,99.8314 19.1536,99.8314
1193	s	19.1220,99.8542 19.1203,99.8515 19.1186,99.8492 19.1190,99.8461 19.1219,99.8461 19.1257,99.8444 19.1286,99.8430 19.1311,99.8415 19.1319,99.8414
1193	s	19.1320,99.8414 19.1345,99.8398 19.1377,99.8372 19.1416,99.8350 19.1443,99.8339 19.1469,99.8336
1193	s	19.1319,99.8414 19.1320,99.8414
1193	s	19.1471,99.8336 19.1496,99.8324 19.1528,99.8318 19.1535,99.8314
1193	s	19.1469,99.8336 19.1471,99.8336
1034	s	18.1922,99.3997 18.1935,99.4007
1034	s	18.1922,99.3995 18.1918,99.3977
1184	s	18.3922,98.8842 18.3921,98.8841
1184	s	18.3921,98.8841 18.3929,98.8813 18.3960,98.8790 18.3984,98.8776 18.4013,98.8760 18.4055,98.8736 18.4080,98.8721 18.4110,98.8704 18.4148,98.8682 18.4184,98.8662 18.4255,98.8621 18.4256,98.8620
1184	s	18.0362,99.0300 18.0389,99.0302 18.0413,99.0282 18.0434,99.0264 18.0460,99.0256 18.0485,99.0245
1184	s	18.0360,99.0299 18.0362,99.0300
1169	s	18.8597,100.8195 18.8584,100.8169 18.8578,100.8141 18.8567,100.8114 18.8540,100.8113 18.8537,100.8115
1173	s	19.8933,99.9521 19.8938,99.9488 19.8945,99.9458 19.8952,99.9425 19.8955,99.9393 19.8937,99.9335 19.8934,99.9331
1173	s	19.8932,99.9527 19.8933,99.9521
1299	s	19.8805,99.9377 19.8808,99.9348 19.8811,99.9316 19.8812,99.9313
1299	s	19.8796,99.9416 19.8796,99.9413
1410	s	19.8699,99.8918 19.8730,99.8930 19.8758,99.8936 19.8784,99.8923 19.8785,99.8922
1410	s	19.8696,99.8920 19.8699,99.8918
1035	s	19.1435,99.6142 19.1452,99.6140
1035	s	19.1454,99.6141 19.1451,99.6141
1385	s	19.9295,100.3087 19.9295,100.3069
1385	s	19.9295,100.3069 19.9295,100.3087
1385	s	19.9230,100.2786 19.9231,100.2722 19.9246,100.2671 19.9252,100.2638 19.9272,100.2611 19.9298,100.2592 19.9321,100.2575 19.9349,100.2554 19.9384,100.2541 19.9388,100.2540
1337	s	18.8144,97.8480 18.8120,97.8496 18.8113,97.8490
1174	s	19.7855,100.1249 19.7826,100.1244 19.7799,100.1230 19.7763,100.1231 19.7731,100.1232 19.7694,100.1232 19.7668,100.1225 19.7635,100.1221 19.7604,100.1213 19.7575,100.1208 19.7538,100.1203 19.7483,100.1194 19.7453,100.1193 19.7422,100.1192 19.7401,100.1172 19.7386,100.1144 19.7362,100.1127 19.7334,100.1124 19.7334,100.1095 19.7319,100.1062 19.7298,100.1040 19.7279,100.1019 19.7267,100.0973 19.7238,100.0956 19.7211,100.0943 19.7125,100.0955 19.7062,100.0957 19.7018,100.0956 19.7005,100.0983 19.7001,100.1013 19.6962,100.1027 19.6918,100.1044 19.6901,100.1019 19.6886,100.0993 19.6858,100.0981 19.6824,100.0967 19.6792,100.0951 19.6758,100.0934 19.6729,100.0936 19.6703,100.0950 19.6672,100.0972 19.6646,100.0983 19.6633,100.0992
1174	s	19.7859,100.1249 19.7855,100.1249
1266	s	18.3481,97.9829 18.3505,97.9812 18.3532,97.9799 18.3534,97.9765 18.3541,97.9735 18.3557,97.9709 18.3586,97.9705 18.3614,97.9712 18.3591,97.9732 18.3618,97.9740 18.3656,97.9741 18.3681,97.9726 18.3683,97.9695 18.3719,97.9679 18.3740,97.9658 18.3772,97.9654 18.3813,97.9644 18.3831,97.9616 18.3839,97.9586 18.3843,97.9552 18.3837,97.9524 18.3818,97.9498 18.3796,97.9481 18.3778,97.9453 18.3767,97.9421 18.3768,97.9420
1021	s	19.6807,100.2055 19.6816,100.2026 19.6830,100.1996 19.6843,100.1969 19.6854,100.1947
1174	s	19.8383,100.1588 19.8393,100.1560 19.8368,100.1541 19.8332,100.1523 19.8313,100.1514
1174	s	19.8383,100.1591 19.8383,100.1588
1152	s	19.8379,100.1761 19.8386,100.1723 19.8394,100.1693 19.8405,100.1659 19.8412,100.1626 19.8419,100.1595 19.8438,100.1571 19.8463,100.1557 19.8468,100.1553
1152	s	19.8378,100.1763 19.8379,100.1761
1152	s	19.8327,100.1958 19.8325,100.1955
1152	s	19.8325,100.1955 19.8314,100.1925 19.8333,100.1877 19.8351,100.1832 19.8356,100.1800 19.8375,100.1768 19.8378,100.1763
1155	s	19.7100,100.2821 19.7087,100.2795 19.7066,100.2759 19.7049,100.2730 19.7034,100.2702 19.7019,100.2674 19.6992,100.2648 19.6962,100.2621 19.6935,100.2611 19.6910,100.2602 19.6894,100.2576 19.6853,100.2542 19.6823,100.2539 19.6802,100.2520 19.6798,100.2511
1155	s	19.7101,100.2825 19.7100,100.2821
1155	s	19.6798,100.2511 19.6788,100.2491
1155	s	19.6788,100.2490 19.6798,100.2511
1020	s	19.6854,100.1947 19.6880,100.1959 19.6907,100.1977 19.6918,100.1993
1020	s	19.6924,100.2002 19.6920,100.1996
1020	s	19.6918,100.1993 19.6899,100.1972 19.6871,100.1956 19.6854,100.1947
พย.ถ3-0001	s	19.1687,99.9041 19.1671,99.9066 19.1652,99.9087 19.1637,99.9118 19.1615,99.9137 19.1616,99.9139
1020	s	19.6488,100.0864 19.6509,100.0885 19.6531,100.0906 19.6558,100.0911 19.6588,100.0926 19.6611,100.0949 19.6627,100.0979 19.6630,100.0986
1020	s	20.2376,100.4084 20.2353,100.4069 20.2328,100.4056 20.2300,100.4049 20.2272,100.4039 20.2253,100.4036
1020	s	20.2489,100.4113 20.2494,100.4113
1020	s	20.2494,100.4113 20.2526,100.4107 20.2542,100.4081 20.2563,100.4062 20.2578,100.4066
1020	s	20.2376,100.4084 20.2403,100.4100 20.2431,100.4113 20.2459,100.4115 20.2489,100.4113
1211	s	19.8756,99.7849 19.8743,99.7820 19.8702,99.7794 19.8680,99.7775 19.8658,99.7747 19.8640,99.7721 19.8626,99.7692 19.8601,99.7650 19.8586,99.7625 19.8584,99.7620
1173	s	19.8858,99.9320 19.8885,99.9332 19.8914,99.9330 19.8934,99.9331
1306	s	19.7773,99.9403 19.7767,99.9431 19.7758,99.9467 19.7758,99.9498 19.7773,99.9511
1306	s	19.7775,99.9399 19.7773,99.9403
1306	s	19.7981,99.9785 19.7977,99.9784
1306	s	19.7977,99.9784 19.7932,99.9767 19.7903,99.9750 19.7880,99.9730 19.7869,99.9701 19.7846,99.9669 19.7849,99.9640 19.7853,99.9611 19.7837,99.9585 19.7810,99.9561 19.7784,99.9531 19.7773,99.9511
1270	s	18.3086,98.1525 18.3070,98.1542
1270	s	18.3229,98.1652 18.3205,98.1638 18.3179,98.1621 18.3151,98.1611 18.3123,98.1607 18.3112,98.1577 18.3102,98.1547 18.3086,98.1525
1148	s	19.3900,100.4008 19.3884,100.4033
1148	s	19.3884,100.4033 19.3869,100.4061 19.3852,100.4089 19.3819,100.4109 19.3790,100.4111 19.3758,100.4111 19.3721,100.4110 19.3685,100.4112 19.3653,100.4116 19.3631,100.4098 19.3614,100.4098
1148	s	19.3884,100.4033 19.3900,100.4008
1091	s	18.8636,100.6344 18.8629,100.6373 18.8620,100.6401 18.8624,100.6410
1429	s	20.3719,100.0219 20.3724,100.0219
1155	s	20.1932,100.4540 20.1915,100.4513 20.1894,100.4493 20.1853,100.4455 20.1813,100.4444 20.1784,100.4449 20.1709,100.4393 20.1693,100.4366 20.1673,100.4346 20.1647,100.4332 20.1630,100.4308 20.1605,100.4295 20.1572,100.4272 20.1549,100.4252 20.1521,100.4249 20.1494,100.4244 20.1470,100.4258 20.1421,100.4253 20.1390,100.4247 20.1369,100.4227 20.1362,100.4215
1155	s	20.1932,100.4542 20.1932,100.4540
1092	s	19.3190,100.4057 19.3157,100.4006 19.3133,100.3987 19.3108,100.3973 19.3081,100.3950 19.3058,100.3927
1092	s	19.3028,100.3911 19.3023,100.3908
1092	s	19.2563,100.3623 19.2563,100.3591 19.2522,100.3515 19.2505,100.3483 19.2485,100.3448 19.2466,100.3414 19.2436,100.3390 19.2417,100.3365 19.2403,100.3335 19.2389,100.3306 19.2386,100.3303
1092	s	19.2563,100.3633 19.2563,100.3623
1092	s	19.3053,100.3924 19.3028,100.3911
1092	s	19.3192,100.4062 19.3190,100.4057
1092	s	19.3023,100.3908 19.2996,100.3907 19.2971,100.3881 19.2946,100.3825 19.2885,100.3742 19.2854,100.3731 19.2828,100.3723 19.2802,100.3714 19.2776,100.3703 19.2741,100.3688 19.2707,100.3674 19.2680,100.3662 19.2644,100.3648 19.2619,100.3663 19.2588,100.3666 19.2563,100.3650 19.2563,100.3633
1092	s	19.3058,100.3927 19.3053,100.3924
1188	s	19.1506,100.3989 19.1507,100.3991
1188	s	19.1507,100.3991 19.1530,100.4029 19.1555,100.4070 19.1582,100.4096 19.1623,100.4119 19.1661,100.4158 19.1683,100.4177 19.1706,100.4194 19.1734,100.4208 19.1757,100.4228
1188	s	19.3218,100.4561 19.3234,100.4550
1188	s	19.3215,100.4563 19.3218,100.4561
1126	s	19.4502,100.0178 19.4504,100.0171
1126	s	19.4504,100.0171 19.4512,100.0139 19.4509,100.0105 19.4508,100.0091
1298	s	19.3137,100.0140 19.3138,100.0149
1298	s	19.3138,100.0149 19.3140,100.0183 19.3136,100.0197
1020	s	19.6862,100.1345 19.6860,100.1342
1020	s	19.6917,100.1732 19.6922,100.1703 19.6924,100.1669 19.6919,100.1606 19.6915,100.1561 19.6913,100.1530 19.6909,100.1499 19.6893,100.1434 19.6884,100.1398 19.6872,100.1367 19.6862,100.1345
1020	s	19.6630,100.0986 19.6633,100.0992
1020	s	19.6633,100.0992 19.6644,100.1016
1385	s	19.9295,100.3087 19.9295,100.3088
1385	s	19.9294,100.3087 19.9295,100.3087
1006	s	18.7418,99.2086 18.7418,99.2082
1006	s	18.7418,99.2082 18.7424,99.2052 18.7426,99.2043
1006	s	18.7433,99.2009 18.7433,99.2010
1006	s	18.7433,99.2009 18.7433,99.2009
1430	s	20.2366,100.1480 20.2375,100.1479
1290	s	20.2363,100.1476 20.2331,100.1461 20.2302,100.1449 20.2270,100.1439
1290	s	20.2368,100.1484 20.2363,100.1476
1290	s	20.2369,100.1487 20.2368,100.1484
1290	s	20.2369,100.1483 20.2370,100.1487
1290	s	20.2370,100.1487 20.2374,100.1517 20.2366,100.1550 20.2366,100.1569
1290	s	20.2370,100.1591 20.2377,100.1623 20.2390,100.1653 20.2408,100.1680 20.2419,100.1708 20.2434,100.1740 20.2452,100.1762 20.2479,100.1775 20.2508,100.1789 20.2529,100.1792
1430	s	20.2379,100.1552 20.2365,100.1569
1430	s	20.2365,100.1568 20.2379,100.1552
1271	s	20.2203,100.1419 20.2217,100.1421
1174	s	20.2093,100.3767 20.2063,100.3753 20.2047,100.3775 20.2033,100.3789
1021	s	19.5164,100.2914 19.5163,100.2910
1021	s	19.4905,100.2725 19.4899,100.2679 19.4895,100.2649 19.4891,100.2620 19.4879,100.2582 19.4863,100.2539 19.4853,100.2511 19.4840,100.2475 19.4828,100.2444 19.4809,100.2391 19.4797,100.2364 19.4777,100.2340 19.4756,100.2317 19.4736,100.2296 19.4716,100.2274 19.4706,100.2218 19.4706,100.2162 19.4703,100.2133 19.4685,100.2110 19.4662,100.2093 19.4627,100.2068 19.4604,100.2052 19.4578,100.2032 19.4543,100.2008 19.4531,100.1999
1021	s	19.5169,100.2934 19.5171,100.2941
1188	s	19.2557,100.4909 19.2561,100.4909
1188	s	19.2561,100.4909 19.2596,100.4909 19.2624,100.4905 19.2647,100.4890 19.2674,100.4900 19.2703,100.4897 19.2730,100.4902 19.2757,100.4895 19.2777,100.4874 19.2807,100.4877 19.2835,100.4876 19.2862,100.4873 19.2889,100.4866 19.2908,100.4838 19.2930,100.4820 19.2957,100.4817 19.2979,100.4799 19.3003,100.4784 19.3034,100.4770 19.3051,100.4743 19.3066,100.4715 19.3089,100.4700 19.3110,100.4681 19.3131,100.4661 19.3150,100.4640 19.3170,100.4619 19.3196,100.4615 19.3184,100.4589 19.3208,100.4577 19.3215,100.4563
1188	s	19.1759,100.4231 19.1764,100.4261 19.1770,100.4299 19.1760,100.4326 19.1760,100.4358 19.1770,100.4385 19.1795,100.4396 19.1811,100.4423 19.1813,100.4457 19.1815,100.4487 19.1819,100.4521 19.1864,100.4565 19.1909,100.4553 19.1941,100.4542 19.1972,100.4577 19.1984,100.4606 19.2010,100.4618 19.2016,100.4622
1188	s	19.1757,100.4228 19.1759,100.4231
1157	s	18.3124,99.4641 18.3109,99.4641
1157	s	18.3105,99.4639 18.3110,99.4640
4029	s	19.4250,100.4346 19.4251,100.4344
4029	s	19.4251,100.4344 19.4248,100.4312 19.4235,100.4276 19.4226,100.4247 19.4211,100.4224 19.4203,100.4184 19.4193,100.4151 19.4174,100.4124 19.4161,100.4097 19.4150,100.4068 19.4122,100.4054
4029	s	19.4685,100.4688 19.4703,100.4658 19.4697,100.4630 19.4683,100.4604 19.4659,100.4590 19.4629,100.4584 19.4602,100.4578 19.4575,100.4586 19.4549,100.4580 19.4522,100.4584 19.4495,100.4576 19.4472,100.4559 19.4445,100.4552 19.4417,100.4548 19.4392,100.4531 19.4381,100.4504 19.4362,100.4479 19.4336,100.4462 19.4314,100.4444 19.4288,100.4432 19.4262,100.4424 19.4238,100.4438 19.4221,100.4413 19.4199,100.4394 19.4200,100.4379
1155	s	19.9415,100.4333 19.9449,100.4342 19.9476,100.4355 19.9487,100.4385 19.9537,100.4446 19.9552,100.4470 19.9567,100.4495 19.9573,100.4500
1155	s	19.9414,100.4329 19.9415,100.4333
1155	s	19.8027,100.3547 19.7999,100.3542 19.7985,100.3516 19.7961,100.3501 19.7937,100.3485 19.7913,100.3472 19.7905,100.3443 19.7903,100.3412
1155	s	19.8030,100.3550 19.8051,100.3531 19.8068,100.3556 19.8088,100.3577 19.8107,100.3598 19.8121,100.3628 19.8144,100.3643 19.8165,100.3662 19.8181,100.3685 19.8196,100.3660 19.8222,100.3671 19.8245,100.3689 19.8269,100.3703 19.8299,100.3708 19.8317,100.3738 19.8345,100.3743 19.8374,100.3748 19.8403,100.3749 19.8430,100.3769 19.8454,100.3785 19.8473,100.3805 19.8500,100.3808 19.8508,100.3807
1155	s	19.8030,100.3550 19.8027,100.3547
1093	s	19.7160,100.4075 19.7175,100.4100 19.7194,100.4121 19.7169,100.4133 19.7142,100.4143 19.7149,100.4175 19.7161,100.4201 19.7138,100.4220 19.7117,100.4201 19.7096,100.4222 19.7069,100.4214 19.7041,100.4218 19.7025,100.4192 19.7003,100.4175 19.6985,100.4151 19.6964,100.4136
1093	s	19.6964,100.4136 19.6931,100.4139 19.6903,100.4137 19.6875,100.4134 19.6879,100.4106 19.6864,100.4080 19.6848,100.4050 19.6847,100.4018 19.6834,100.3991 19.6832,100.3960 19.6819,100.3929 19.6806,100.3905 19.6803,100.3903
1093	s	19.6803,100.3903 19.6768,100.3903 19.6744,100.3892
1093	s	19.6453,100.3686 19.6431,100.3666 19.6408,100.3650 19.6382,100.3633 19.6356,100.3625 19.6328,100.3635 19.6300,100.3646 19.6267,100.3658 19.6224,100.3674 19.6220,100.3676
1093	s	19.6744,100.3888 19.6735,100.3861 19.6709,100.3848 19.6697,100.3822 19.6683,100.3821
1093	s	19.6744,100.3892 19.6744,100.3888
101	s	18.2061,100.1976 18.2063,100.1977
101	s	18.2063,100.1977 18.2075,100.1987
101	s	18.2022,100.1950 18.2024,100.1951
101	s	18.2073,100.1988 18.2063,100.1982
101	s	18.2024,100.1951 18.2039,100.1961
101	s	18.2039,100.1961 18.2061,100.1976
101	s	18.2061,100.1981 18.2043,100.1969
101	s	18.2063,100.1982 18.2061,100.1981
101	s	18.2022,100.1955 18.2020,100.1954
1134	s	18.2040,100.1967 18.2042,100.2014 18.2040,100.2054 18.2039,100.2086 18.2040,100.2117 18.2030,100.2153 18.2024,100.2182 18.2016,100.2216 18.2002,100.2244 18.1999,100.2248
101	s	18.2009,100.1944 18.2022,100.1950
1134	s	18.1992,100.2258 18.1977,100.2282 18.1969,100.2310 18.1999,100.2344 18.2014,100.2373 18.2020,100.2402 18.2021,100.2432 18.2041,100.2454 18.2066,100.2469 18.2093,100.2479 18.2088,100.2497
1021	s	19.1625,99.9906 19.1624,99.9903
1021	s	19.1416,99.9181 19.1409,99.9151 19.1408,99.9115 19.1407,99.9112
1021	s	19.1625,99.9902 19.1626,99.9906
1021	s	19.1627,99.9910 19.1630,99.9923
1193	s	19.1355,99.8867 19.1354,99.8865
1126	s	19.4494,100.1280 19.4492,100.1277
1126	s	19.4492,100.1277 19.4481,100.1250 19.4487,100.1216 19.4482,100.1187 19.4483,100.1109 19.4483,100.1100
1023	s	18.1083,99.8647 18.1057,99.8627 18.1031,99.8609 18.1005,99.8589 18.0984,99.8567 18.0940,99.8500 18.0918,99.8473 18.0897,99.8446 18.0879,99.8425 18.0858,99.8404 18.0858,99.8403
1023	s	18.1084,99.8647 18.1083,99.8647
1101	s	18.1475,100.1886 18.1460,100.1920 18.1446,100.1951 18.1434,100.1980 18.1420,100.2011 18.1400,100.2031 18.1370,100.2039 18.1353,100.2043
1134	s	18.2343,100.2915 18.2326,100.2893 18.2304,100.2874 18.2279,100.2859 18.2252,100.2846 18.2227,100.2844
1134	s	18.2227,100.2844 18.2220,100.2844
1134	s	18.2584,100.3071 18.2573,100.3045 18.2548,100.3029 18.2522,100.3017 18.2497,100.3004 18.2472,100.2990 18.2448,100.2976 18.2415,100.2957 18.2364,100.2925 18.2347,100.2917
1134	s	18.2587,100.3075 18.2584,100.3071
1384	s	19.8492,99.6641 19.8493,99.6639
1384	s	19.8438,99.6678 19.8463,99.6688 19.8484,99.6663 19.8492,99.6641
1384	s	19.8437,99.6678 19.8438,99.6678
1384	s	19.8396,99.6769 19.8405,99.6741 19.8410,99.6712 19.8427,99.6683 19.8437,99.6678
1274	s	17.8775,99.0611 17.8770,99.0631
1274	s	18.0460,99.2325 18.0451,99.2321
1274	s	17.8776,99.0607 17.8775,99.0611
1274	s	18.0451,99.2321 18.0424,99.2310 18.0382,99.2292 18.0352,99.2282 18.0318,99.2275 18.0278,99.2266 18.0242,99.2257 18.0195,99.2224 18.0153,99.2177 18.0134,99.2151 18.0105,99.2085 18.0081,99.2033 18.0062,99.1991 18.0034,99.1929 18.0023,99.1902 18.0009,99.1873 17.9956,99.1753 17.9940,99.1718 17.9919,99.1694 17.9886,99.1681 17.9858,99.1661 17.9831,99.1653 17.9808,99.1635 17.9766,99.1609 17.9729,99.1577 17.9685,99.1564 17.9658,99.1550 17.9630,99.1547 17.9600,99.1535 17.9580,99.1515 17.9544,99.1506 17.9519,99.1494 17.9485,99.1503 17.9426,99.1502 17.9398,99.1511 17.9369,99.1513 17.9341,99.1518 17.9313,99.1507 17.9283,99.1502 17.9250,99.1504 17.9221,99.1499 17.9189,99.1503 17.9153,99.1489 17.9124,99.1491 17.9096,99.1493 17.9072,99.1479 17.9057,99.1454 17.9061,99.1424 17.9058,99.1393 17.9033,99.1370 17.9014,99.1344 17.9017,99.1306 17.9037,99.1255 17.9050,99.1230 17.9056,99.1198 17.9070,99.1171 17.9051,99.1149 17.9020,99.1134 17.9004,99.1109 17.9002,99.1079 17.9006,99.1045 17.9015,99.1013 17.9016,99.0977 17.9004,99.0950 17.8990,99.0921 17.8974,99.0893 17.8949,99.0876 17.8924,99.0854
1095	s	19.1246,98.7734 19.1236,98.7766 19.1222,98.7794 19.1198,98.7809 19.1172,98.7828 19.1155,98.7857 19.1142,98.7883 19.1125,98.7919 19.1109,98.7943 19.1100,98.7970 19.1089,98.8002 19.1074,98.8028 19.1076,98.8061 19.1074,98.8093 19.1059,98.8130 19.1039,98.8155 19.1014,98.8166 19.1029,98.8198 19.1051,98.8217 19.1059,98.8246 19.1074,98.8274 19.1075,98.8304 19.1056,98.8325 19.1053,98.8354 19.1038,98.8379 19.1017,98.8407 19.0998,98.8432 19.0978,98.8454 19.0961,98.8479 19.0948,98.8504 19.0946,98.8534 19.0937,98.8564 19.0925,98.8598 19.0918,98.8627 19.0901,98.8650 19.0918,98.8683 19.0936,98.8707 19.0949,98.8733 19.0947,98.8764 19.0936,98.8796 19.0934,98.8825 19.0916,98.8858 19.0897,98.8886 19.0881,98.8912 19.0869,98.8941 19.0872,98.8983 19.0875,98.9015 19.0876,98.9016
1095	s	19.1252,98.7603 19.1251,98.7606
1095	s	19.1564,98.6924 19.1550,98.6930
1095	s	19.1566,98.6923 19.1564,98.6924
1095	s	19.1550,98.6930 19.1547,98.6931
1095	s	19.1616,98.6903 19.1614,98.6903
1095	s	19.1614,98.6903 19.1588,98.6914 19.1566,98.6923
1095	s	19.1483,98.6954 19.1455,98.6955 19.1437,98.6978 19.1411,98.6985 19.1383,98.6988 19.1361,98.7006 19.1341,98.7027 19.1315,98.7040 19.1318,98.7071 19.1285,98.7088 19.1277,98.7060 19.1253,98.7075 19.1230,98.7091 19.1211,98.7112 19.1218,98.7140 19.1198,98.7170 19.1184,98.7196 19.1181,98.7228 19.1181,98.7257 19.1172,98.7285 19.1162,98.7313 19.1176,98.7341 19.1188,98.7367 19.1216,98.7375 19.1238,98.7355 19.1235,98.7385 19.1238,98.7418 19.1259,98.7438 19.1252,98.7467 19.1263,98.7493 19.1264,98.7521 19.1266,98.7550 19.1265,98.7581 19.1252,98.7603
1037	s	18.2284,99.4906 18.2238,99.4906 18.2224,99.4905
ลป.1019	s	18.2901,99.5109 18.2906,99.5107
11	s	18.8013,98.9679 18.8012,98.9679
11	s	18.8006,98.9676 18.8012,98.9678
1169	s	18.7970,100.7970 18.7925,100.7952 18.7916,100.7949
1169	s	18.7916,100.7949 18.7958,100.7960 18.7970,100.7970
11	s	18.7904,98.9638 18.7931,98.9648 18.7946,98.9653
1039	s	18.3075,99.4692 18.3055,99.4715 18.3051,99.4727
1039	s	18.3033,99.4789 18.3030,99.4799
1039	s	18.2974,99.4986 18.2975,99.4989
1039	s	18.3029,99.4799 18.3038,99.4768 18.3038,99.4767
1036	s	18.1731,99.5598 18.1750,99.5569 18.1758,99.5554
1	s	19.8756,99.8302 19.8732,99.8281 19.8704,99.8262 19.8692,99.8253
1095	s	19.2862,98.4810 19.2852,98.4839 19.2834,98.4865 19.2818,98.4891 19.2795,98.4916 19.2789,98.4944 19.2771,98.4968 19.2749,98.4988 19.2723,98.4998 19.2704,98.5019 19.2685,98.5040 19.2661,98.5056 19.2651,98.5084 19.2657,98.5115 19.2658,98.5143 19.2662,98.5173 19.2670,98.5202 19.2691,98.5220 19.2689,98.5252 19.2692,98.5281 19.2683,98.5308 19.2688,98.5317
1265	s	19.2854,98.4828 19.2832,98.4844 19.2807,98.4860 19.2779,98.4865 19.2745,98.4868 19.2728,98.4845 19.2725,98.4814 19.2697,98.4797 19.2681,98.4820 19.2653,98.4823 19.2623,98.4821 19.2599,98.4838 19.2572,98.4828 19.2541,98.4821 19.2514,98.4823 19.2514,98.4828
1095	s	19.2859,98.4806 19.2862,98.4810
1265	s	19.2854,98.4828 19.2856,98.4832
1265	s	19.2466,98.4631 19.2469,98.4617
1265	s	19.2467,98.4634 19.2466,98.4631
1211	s	19.8760,99.7865 19.8773,99.7886
1211	s	19.8773,99.7888 19.8772,99.7886
1384	s	19.8347,99.6970 19.8341,99.7002 19.8326,99.7026
1384	s	19.8346,99.6968 19.8347,99.6970
1013	s	18.6056,98.8347 18.6051,98.8336
1013	s	18.5996,98.8210 18.6015,98.8253 18.6032,98.8291 18.6047,98.8324 18.6052,98.8335
1013	s	18.6057,98.8347 18.6066,98.8368
1013	s	18.6066,98.8369 18.6056,98.8347
1	s	18.2707,99.4757 18.2731,99.4791 18.2701,99.4757
1	s	18.2701,99.4757 18.2684,99.4733 18.2662,99.4703
1	s	18.2641,99.4674 18.2663,99.4698 18.2681,99.4722 18.2704,99.4753
1	s	18.2414,99.4432 18.2435,99.4456 18.2458,99.4482 18.2486,99.4509 18.2495,99.4516
1	s	18.2633,99.4666 18.2641,99.4674
1	s	18.2539,99.4558 18.2547,99.4568
1	s	18.2499,99.4518 18.2500,99.4519
1	s	18.2628,99.4667 18.2607,99.4645 18.2585,99.4621 18.2558,99.4588 18.2538,99.4563 18.2534,99.4558
1	s	18.2547,99.4568 18.2566,99.4590 18.2585,99.4614 18.2607,99.4638 18.2633,99.4666
1	s	18.2405,99.4423 18.2407,99.4423
1265	s	19.2447,98.4821 19.2446,98.4818
1265	s	19.2467,98.4687 19.2468,98.4685
1265	s	19.2429,98.4807 19.2429,98.4778 19.2426,98.4774
1265	s	19.2468,98.4685 19.2471,98.4671
1265	s	19.2471,98.4671 19.2471,98.4669
1265	s	19.2471,98.4669 19.2473,98.4639 19.2467,98.4634
1265	s	19.2514,98.4828 19.2513,98.4831
1265	s	19.2513,98.4831 19.2491,98.4849 19.2465,98.4840 19.2447,98.4821
1001	s	19.0667,98.9612 19.0666,98.9611
1389	s	20.3274,99.8246 20.3243,99.8244 20.3224,99.8222 20.3202,99.8205 20.3183,99.8185 20.3156,99.8178 20.3132,99.8193 20.3120,99.8202
1150	s	19.3849,99.1515 19.3849,99.1517
1150	s	19.3849,99.1517 19.3849,99.1546 19.3820,99.1549 19.3792,99.1564 19.3779,99.1588
1346	s	19.5984,99.1758 19.6009,99.1743 19.6031,99.1725 19.6052,99.1704 19.6065,99.1678 19.6092,99.1670 19.6117,99.1656 19.6138,99.1633 19.6167,99.1636 19.6192,99.1649 19.6220,99.1660 19.6248,99.1642 19.6278,99.1635 19.6306,99.1628 19.6334,99.1631 19.6363,99.1620 19.6391,99.1619 19.6421,99.1620 19.6448,99.1613 19.6475,99.1614 19.6502,99.1598 19.6518,99.1574 19.6506,99.1546 19.6493,99.1520 19.6491,99.1516
1346	s	19.5983,99.1760 19.5984,99.1758
1317	s	18.7556,99.0529 18.7558,99.0525
1317	s	18.7557,99.0530 18.7552,99.0538
1317	s	18.7558,99.0525 18.7570,99.0502
1317	s	18.7570,99.0502 18.7571,99.0500
1317	s	18.7571,99.0500 18.7585,99.0471 18.7601,99.0441 18.7616,99.0412
1317	s	18.7552,99.0538 18.7540,99.0564 18.7538,99.0570
1189	s	18.6903,99.0599 18.6912,99.0566 18.6922,99.0525 18.6937,99.0499 18.6937,99.0495
1211	s	19.8952,99.8095 19.8936,99.8072 19.8915,99.8048 19.8895,99.8024 19.8868,99.8009 19.8841,99.7997 19.8818,99.7976 19.8804,99.7949 19.8793,99.7922 19.8773,99.7888
1209	s	20.0048,99.8985 20.0056,99.9016 20.0063,99.9046 20.0077,99.9075 20.0090,99.9101 20.0102,99.9146
1209	s	20.0051,99.8949 20.0053,99.8919
1202	s	19.2847,99.9759 19.2873,99.9772 19.2885,99.9812 19.2896,99.9845 19.2919,99.9873 19.2944,99.9903 19.2968,99.9952 19.2984,99.9977 19.3032,100.0010 19.3064,100.0029 19.3089,100.0039
1202	s	19.1772,99.9185 19.1789,99.9211
1202	s	19.1794,99.9218 19.1773,99.9188 19.1772,99.9185
1202	s	19.1732,99.9104 19.1746,99.9139 19.1759,99.9166 19.1772,99.9185
106	s	18.7576,99.0074 18.7544,99.0085 18.7516,99.0095 18.7487,99.0107 18.7460,99.0128 18.7433,99.0138 18.7404,99.0143 18.7378,99.0152 18.7352,99.0165 18.7332,99.0186 18.7317,99.0211 18.7297,99.0231 18.7293,99.0233
1346	s	19.3874,99.1474 19.3875,99.1475
1346	s	19.3871,99.1473 19.3874,99.1474
1150	s	19.3671,99.2270 19.3671,99.2270
1150	s	19.3673,99.2267 19.3671,99.2270
1088	s	18.2853,98.3814 18.2854,98.3811
1088	s	18.2760,98.3859 18.2774,98.3830 18.2788,98.3804 18.2815,98.3804 18.2842,98.3808 18.2853,98.3814
1088	s	18.2759,98.3860 18.2760,98.3859
1088	s	18.2677,98.4094 18.2680,98.4062 18.2698,98.4038 18.2708,98.4009 18.2709,98.3974 18.2729,98.3955 18.2735,98.3923 18.2741,98.3888 18.2758,98.3861 18.2759,98.3860
1088	s	18.2677,98.4097 18.2677,98.4094
1088	s	18.2325,98.4394 18.2338,98.4361 18.2363,98.4344 18.2389,98.4321 18.2410,98.4302 18.2425,98.4276 18.2454,98.4276 18.2497,98.4269 18.2523,98.4252 18.2552,98.4228 18.2580,98.4215 18.2618,98.4212 18.2638,98.4185 18.2640,98.4155 18.2647,98.4127 18.2669,98.4110 18.2677,98.4097
1088	s	18.4160,98.3744 18.4164,98.3746
1088	s	18.3782,98.3809 18.3808,98.3818 18.3829,98.3842 18.3846,98.3864 18.3875,98.3871 18.3905,98.3883 18.3937,98.3891 18.3948,98.3865 18.3955,98.3835 18.3980,98.3820 18.4005,98.3805 18.4027,98.3776 18.4037,98.3748 18.4030,98.3714 18.4029,98.3684 18.4057,98.3684 18.4084,98.3691 18.4094,98.3721 18.4120,98.3738 18.4147,98.3741 18.4160,98.3744
1088	s	18.4305,98.3835 18.4309,98.3835
1088	s	18.4164,98.3746 18.4186,98.3762 18.4206,98.3784 18.4230,98.3801 18.4247,98.3823 18.4265,98.3844 18.4292,98.3841 18.4305,98.3835
1088	s	18.4792,98.3877 18.4792,98.3875
1088	s	18.4792,98.3875 18.4790,98.3843 18.4801,98.3820
1088	s	18.4527,98.3830 18.4554,98.3841 18.4584,98.3841 18.4616,98.3854 18.4642,98.3865 18.4672,98.3877 18.4698,98.3889 18.4715,98.3914 18.4739,98.3931 18.4766,98.3936 18.4790,98.3919 18.4793,98.3885 18.4792,98.3877
1088	s	18.4524,98.3831 18.4527,98.3830
ลป.1019	s	18.2880,99.5115 18.2884,99.5115
ลป.1019	s	18.2872,99.5114 18.2876,99.5115
ลป.1019	s	18.2859,99.5121 18.2869,99.5114
1039	s	18.3043,99.4751 18.3046,99.4742
1039	s	18.3043,99.4755 18.3042,99.4759
1039	s	18.3042,99.4759 18.3040,99.4765
1039	s	18.3049,99.4736 18.3043,99.4755
1039	s	18.3046,99.4742 18.3047,99.4737
1039	s	18.3047,99.4737 18.3049,99.4732
1039	s	18.3049,99.4732 18.3050,99.4728
1039	s	18.3038,99.4767 18.3039,99.4764
1039	s	18.3039,99.4764 18.3043,99.4751
1	s	18.2424,99.4450 18.2422,99.4447
1	s	18.2446,99.4476 18.2424,99.4450
1	s	18.2451,99.4482 18.2446,99.4476
1	s	18.2422,99.4447 18.2402,99.4426 18.2400,99.4425
1	s	18.2814,99.4997 18.2810,99.4942 18.2806,99.4910 18.2803,99.4901
1	s	18.2761,99.4841 18.2755,99.4833
1	s	18.2778,99.4865 18.2761,99.4841
1	s	18.2784,99.4873 18.2778,99.4865
1	s	18.2802,99.4900 18.2784,99.4873
1037	s	18.2751,99.4984 18.2749,99.4984
1037	s	18.2739,99.4982 18.2749,99.4984
1037	s	18.2815,99.4997 18.2785,99.4991 18.2758,99.4985 18.2751,99.4984
1036	s	18.2398,99.4426 18.2394,99.4427
1	s	18.2704,99.4753 18.2707,99.4757
1	s	18.2763,99.4836 18.2766,99.4839
1	s	18.2762,99.4834 18.2763,99.4836
1	s	18.2755,99.4824 18.2762,99.4834
1	s	18.2749,99.4816 18.2752,99.4820
1	s	18.2752,99.4820 18.2755,99.4824
1	s	18.2745,99.4819 18.2739,99.4810
1	s	18.2754,99.4831 18.2747,99.4821
1	s	18.2814,99.5003 18.2814,99.4997
1	s	18.2818,99.5068 18.2816,99.5032 18.2814,99.5003
1	s	18.2818,99.5072 18.2818,99.5068
1	s	18.2820,99.5083 18.2818,99.5072
1	s	18.2822,99.5091 18.2820,99.5083
1	s	18.2836,99.5116 18.2835,99.5115
1	s	18.2839,99.5119 18.2836,99.5116
1	s	18.2855,99.5130 18.2839,99.5119
1035	s	18.3179,99.5209 18.3176,99.5207
1035	s	18.3188,99.5213 18.3179,99.5209
1035	s	18.3191,99.5215 18.3188,99.5213
1035	s	18.3176,99.5207 18.3150,99.5192 18.3128,99.5172 18.3099,99.5146 18.3085,99.5133
1035	s	18.3180,99.5208 18.3185,99.5210
1035	s	18.3167,99.5201 18.3180,99.5208
1035	s	18.3087,99.5134 18.3122,99.5165 18.3150,99.5190 18.3167,99.5201
1036	s	18.2400,99.4424 18.2403,99.4423
1035	s	18.3251,99.5248 18.3237,99.5240
1035	s	18.3254,99.5249 18.3251,99.5248
1035	s	18.3257,99.5251 18.3254,99.5249
1035	s	18.3237,99.5240 18.3213,99.5227 18.3191,99.5215
1035	s	18.3254,99.5248 18.3256,99.5249
1035	s	18.3247,99.5244 18.3254,99.5248
1035	s	18.3243,99.5242 18.3247,99.5244
1035	s	18.3185,99.5210 18.3211,99.5225 18.3237,99.5239 18.3243,99.5242
1	s	18.2500,99.4519 18.2506,99.4524
1	s	18.2495,99.4516 18.2498,99.4518
1	s	18.2926,99.5168 18.2927,99.5167
ลป.1019	s	18.2856,99.5127 18.2857,99.5125
1039	s	18.2980,99.4965 18.2984,99.4949
1039	s	18.2979,99.4970 18.2980,99.4965
1039	s	18.2985,99.4950 18.2980,99.4965
1039	s	18.2973,99.4990 18.2974,99.4986
1035	s	18.3548,99.5433 18.3546,99.5432
1035	s	18.3546,99.5432 18.3516,99.5412 18.3493,99.5396 18.3467,99.5372 18.3455,99.5367
1035	s	18.3623,99.5498 18.3625,99.5499
1035	s	18.3597,99.5484 18.3621,99.5497 18.3623,99.5498
1035	s	18.3705,99.5516 18.3708,99.5516
1035	s	18.3625,99.5499 18.3662,99.5514 18.3694,99.5516 18.3705,99.5516
1035	s	18.3953,99.5454 18.3951,99.5454
1035	s	18.4126,99.5434 18.4092,99.5438 18.4042,99.5444 18.4000,99.5448 18.3953,99.5454
1035	s	18.5293,99.5593 18.5290,99.5593
1035	s	18.5306,99.5603 18.5303,99.5599
1035	s	18.5344,99.5640 18.5345,99.5641
1035	s	18.5361,99.5650 18.5358,99.5649
1035	s	18.5449,99.5675 18.5421,99.5672 18.5394,99.5669 18.5369,99.5652 18.5361,99.5650
1035	s	18.3455,99.5367 18.3441,99.5360
1035	s	18.3441,99.5360 18.3435,99.5357
1035	s	18.3083,99.5130 18.3085,99.5132
1035	s	18.3080,99.5128 18.3083,99.5130
1035	s	18.3085,99.5133 18.3082,99.5131
1035	s	18.3082,99.5131 18.3080,99.5128
1035	s	18.3351,99.5311 18.3348,99.5309
1035	s	18.3357,99.5315 18.3351,99.5311
1035	s	18.3360,99.5317 18.3357,99.5315
1035	s	18.3348,99.5309 18.3319,99.5286 18.3294,99.5270 18.3264,99.5255 18.3257,99.5251
ลป.1019	s	18.2876,99.5115 18.2880,99.5115
ลป.1019	s	18.2869,99.5114 18.2872,99.5114
1	s	18.2854,99.5124 18.2857,99.5125
1039	s	18.2974,99.4986 18.2978,99.4973
1039	s	18.3034,99.4786 18.3033,99.4789
1039	s	18.3036,99.4780 18.3034,99.4786
1039	s	18.3040,99.4765 18.3036,99.4780
1039	s	18.3050,99.4732 18.3049,99.4736
1039	s	18.3051,99.4729 18.3050,99.4732
1039	s	18.3051,99.4727 18.3051,99.4729
1039	s	18.3089,99.4669 18.3075,99.4692
1039	s	18.3092,99.4663 18.3089,99.4669
1039	s	18.3095,99.4658 18.3092,99.4663
1039	s	18.3096,99.4656 18.3095,99.4658
1039	s	18.3105,99.4639 18.3096,99.4656
1039	s	18.3106,99.4635 18.3105,99.4639
1157	s	18.3109,99.4641 18.3105,99.4640
1039	s	18.3107,99.4622 18.3107,99.4627
1039	s	18.3107,99.4601 18.3107,99.4622
1039	s	18.3107,99.4627 18.3106,99.4635
1039	s	18.3107,99.4596 18.3107,99.4601
1039	s	18.3108,99.4588 18.3108,99.4591
1039	s	18.3108,99.4591 18.3107,99.4596
1039	s	18.3109,99.4581 18.3108,99.4588
1039	s	18.3121,99.4524 18.3117,99.4541
1039	s	18.3122,99.4518 18.3121,99.4524
1039	s	18.3124,99.4509 18.3122,99.4518
1039	s	18.3125,99.4507 18.3124,99.4509
1039	s	18.3132,99.4476 18.3125,99.4507 18.3125,99.4507
1039	s	18.3135,99.4460 18.3132,99.4476
1039	s	18.3136,99.4457 18.3135,99.4460
1039	s	18.3138,99.4449 18.3136,99.4457
1039	s	18.3139,99.4447 18.3138,99.4449
1039	s	18.3117,99.4541 18.3110,99.4571
1039	s	18.3161,99.4333 18.3156,99.4350
1039	s	18.3162,99.4328 18.3161,99.4333
1039	s	18.3165,99.4321 18.3164,99.4324
1039	s	18.3164,99.4324 18.3162,99.4328
1039	s	18.3172,99.4306 18.3165,99.4321
1039	s	18.3180,99.4290 18.3172,99.4306
1039	s	18.3183,99.4286 18.3180,99.4290
1039	s	18.3188,99.4276 18.3186,99.4279
1039	s	18.3196,99.4264 18.3188,99.4276
1039	s	18.3186,99.4279 18.3183,99.4286
1039	s	18.3204,99.4250 18.3196,99.4264
1039	s	18.3207,99.4246 18.3204,99.4250
1039	s	18.3210,99.4241 18.3207,99.4246
1039	s	18.3213,99.4237 18.3210,99.4241
1039	s	18.3279,99.3859 18.3271,99.3900 18.3269,99.3930 18.3268,99.3965 18.3269,99.3994 18.3271,99.4033 18.3271,99.4050
1348	s	18.2733,99.6498 18.2718,99.6473
1348	s	18.2718,99.6473 18.2715,99.6468
1348	s	18.2715,99.6468 18.2701,99.6444
1348	s	18.2711,99.6459 18.2716,99.6467
1348	s	18.2701,99.6444 18.2711,99.6459
1348	s	18.2813,99.6630 18.2795,99.6602 18.2770,99.6560
1348	s	18.2796,99.6601 18.2813,99.6630
1348	s	18.2764,99.6548 18.2774,99.6565
1348	s	18.2696,99.6435 18.2701,99.6444
1348	s	18.2693,99.6430 18.2696,99.6435
1348	s	18.2452,99.5950 18.2468,99.5977 18.2484,99.6003 18.2528,99.6073 18.2544,99.6100 18.2565,99.6134 18.2579,99.6166 18.2628,99.6290
1348	s	18.2377,99.5831 18.2374,99.5829
1348	s	18.2374,99.5828 18.2377,99.5831
1	s	18.2747,99.4821 18.2745,99.4819
1034	s	18.2162,99.3942 18.2192,99.3956 18.2220,99.3964 18.2224,99.3964
1034	s	18.2157,99.3940 18.2162,99.3942
1034	s	18.2150,99.3936 18.2157,99.3940
1034	s	18.2148,99.3935 18.2150,99.3936
1034	s	18.2127,99.3925 18.2148,99.3935
1034	s	18.2125,99.3924 18.2127,99.3925
1034	s	18.2080,99.3902 18.2104,99.3914 18.2125,99.3924
1034	s	18.2092,99.3909 18.2090,99.3908
1034	s	18.2098,99.3912 18.2092,99.3909
1034	s	18.2102,99.3914 18.2098,99.3912
1034	s	18.2090,99.3908 18.2079,99.3903
1034	s	18.2225,99.3965 18.2197,99.3960 18.2161,99.3943 18.2118,99.3922 18.2102,99.3914
1034	s	18.1988,99.3910 18.2012,99.3905
1034	s	18.1914,99.3961 18.1911,99.3945
1348	s	18.2909,99.6791 18.2904,99.6784
1348	s	18.2903,99.6781 18.2881,99.6745 18.2872,99.6730
1348	s	18.2905,99.6783 18.2909,99.6791
1348	s	18.2904,99.6780 18.2905,99.6783
1348	s	18.2909,99.6791 18.2926,99.6821
1348	s	18.2895,99.6767 18.2904,99.6780
1348	s	18.2873,99.6730 18.2895,99.6767
1348	s	18.2862,99.6713 18.2861,99.6710
1348	s	18.2867,99.6721 18.2862,99.6713
1348	s	18.2904,99.6784 18.2903,99.6781
1348	s	18.2868,99.6721 18.2873,99.6730
1348	s	18.2863,99.6713 18.2868,99.6721
1348	s	18.2861,99.6710 18.2863,99.6713
1348	s	18.2872,99.6730 18.2867,99.6721
1348	s	18.2850,99.6693 18.2861,99.6710
1348	s	18.2848,99.6689 18.2850,99.6693
1348	s	18.2813,99.6630 18.2848,99.6689
1348	s	18.2774,99.6565 18.2793,99.6596
1348	s	18.2770,99.6560 18.2759,99.6541
1348	s	18.2793,99.6596 18.2796,99.6601
1348	s	18.2756,99.6533 18.2764,99.6548
1348	s	18.2759,99.6541 18.2754,99.6534
1348	s	18.2754,99.6534 18.2748,99.6523
1348	s	18.2751,99.6526 18.2756,99.6533
1348	s	18.2746,99.6518 18.2751,99.6526
1348	s	18.2745,99.6518 18.2738,99.6507
1348	s	18.2748,99.6523 18.2745,99.6518
1348	s	18.2742,99.6511 18.2746,99.6518
1348	s	18.2740,99.6507 18.2742,99.6511
1348	s	18.2739,99.6506 18.2740,99.6507
1348	s	18.2738,99.6507 18.2733,99.6498
1348	s	18.2736,99.6500 18.2739,99.6506
1348	s	18.2716,99.6467 18.2736,99.6500
1348	s	18.2651,99.6350 18.2661,99.6377 18.2693,99.6430
1348	s	18.2649,99.6346 18.2651,99.6350
1348	s	18.2959,99.6880 18.2958,99.6877
1348	s	18.2961,99.6882 18.2959,99.6880
1348	s	18.2960,99.6879 18.2961,99.6882
1348	s	18.2959,99.6876 18.2960,99.6879
1348	s	18.2953,99.6865 18.2955,99.6867
1348	s	18.2955,99.6867 18.2959,99.6876
1348	s	18.2958,99.6877 18.2953,99.6865
1348	s	18.2926,99.6821 18.2943,99.6848 18.2953,99.6865
1034	s	18.1954,99.3931 18.1955,99.3930
1034	s	18.1955,99.3930 18.1983,99.3912
1348	s	18.2377,99.5831 18.2394,99.5858 18.2416,99.5893 18.2436,99.5927 18.2452,99.5950
1348	s	18.2374,99.5829 18.2372,99.5828
1	s	18.2819,99.4998 18.2821,99.5040 18.2822,99.5061
1039	s	18.3278,99.3639 18.3277,99.3623
1039	s	18.3278,99.3643 18.3278,99.3639
1039	s	18.3279,99.3655 18.3279,99.3652
1039	s	18.3279,99.3652 18.3278,99.3643
1039	s	18.3277,99.3623 18.3277,99.3603
1039	s	18.3277,99.3586 18.3276,99.3584
1039	s	18.3277,99.3603 18.3277,99.3586
1039	s	18.3276,99.3558 18.3276,99.3557
1039	s	18.3276,99.3557 18.3275,99.3535
1039	s	18.3203,99.4250 18.3210,99.4239
1037	s	18.2316,99.4905 18.2284,99.4906
1037	s	18.2284,99.4905 18.2316,99.4904 18.2356,99.4905 18.2386,99.4908 18.2392,99.4909
1037	s	18.2214,99.4903 18.2251,99.4906 18.2279,99.4905 18.2284,99.4905
1037	s	18.2224,99.4905 18.2215,99.4906
1037	s	18.2214,99.4908 18.2187,99.4919
1037	s	18.2187,99.4919 18.2212,99.4908 18.2213,99.4906
1037	s	18.1982,99.5079 18.1982,99.5080
1037	s	18.1982,99.5080 18.1981,99.5080
1037	s	18.1986,99.5080 18.1982,99.5080
1037	s	18.1981,99.5079 18.1986,99.5080
1037	s	18.1981,99.5084 18.1980,99.5087
1037	s	18.1980,99.5087 18.1981,99.5079
1037	s	18.1982,99.5080 18.1981,99.5084
1393	s	18.1880,99.5483 18.1879,99.5477
1393	s	18.1880,99.5477 18.1880,99.5483
1037	s	18.1878,99.5472 18.1876,99.5465
1037	s	18.1880,99.5477 18.1879,99.5477
1037	s	18.1880,99.5477 18.1880,99.5477
1037	s	18.1879,99.5477 18.1880,99.5477
1037	s	18.1876,99.5465 18.1880,99.5477
1037	s	18.1879,99.5477 18.1878,99.5472
1037	s	18.1879,99.5477 18.1875,99.5478
1037	s	18.1879,99.5477 18.1879,99.5477
1037	s	18.1871,99.5478 18.1875,99.5477
1037	s	18.1875,99.5478 18.1871,99.5478
1037	s	18.1875,99.5477 18.1879,99.5477
1037	s	18.1868,99.5478 18.1871,99.5478
1039	s	18.3279,99.3623 18.3279,99.3639
1039	s	18.3279,99.3639 18.3280,99.3652
1039	s	18.3280,99.3652 18.3282,99.3693
1039	s	18.3281,99.3693 18.3279,99.3655
1039	s	18.3284,99.3725 18.3286,99.3753
1039	s	18.3282,99.3693 18.3283,99.3711
1039	s	18.3282,99.3711 18.3281,99.3693
1039	s	18.3283,99.3711 18.3284,99.3725
1039	s	18.3283,99.3724 18.3282,99.3711
1039	s	18.3284,99.3753 18.3283,99.3724
1039	s	18.3286,99.3769 18.3287,99.3783
1039	s	18.3286,99.3753 18.3286,99.3769
1039	s	18.3277,99.3603 18.3279,99.3623
1039	s	18.3285,99.3769 18.3284,99.3753
1039	s	18.3286,99.3783 18.3285,99.3769
1039	s	18.3283,99.3828 18.3286,99.3791 18.3286,99.3783
1039	s	18.3271,99.4066 18.3271,99.4081
1039	s	18.3271,99.4050 18.3271,99.4066
1039	s	18.3271,99.4081 18.3255,99.4157 18.3244,99.4188 18.3213,99.4237
1039	s	18.3270,99.4066 18.3270,99.4050
1039	s	18.3270,99.4079 18.3270,99.4066
1039	s	18.3210,99.4239 18.3232,99.4205 18.3246,99.4181 18.3268,99.4107 18.3270,99.4079
1039	s	18.3201,99.4254 18.3203,99.4250
1039	s	18.3270,99.4050 18.3268,99.3986 18.3267,99.3927 18.3277,99.3859
1037	s	18.2392,99.4909 18.2406,99.4912
1034	s	18.3172,99.3604 18.3174,99.3602
1034	s	18.2798,99.3824 18.2795,99.3826
1034	s	18.2795,99.3826 18.2780,99.3833
1034	s	18.2824,99.3810 18.2813,99.3816
1157	s	18.4562,99.4579 18.4540,99.4562 18.4512,99.4544 18.4484,99.4532 18.4458,99.4516 18.4432,99.4505 18.4402,99.4506 18.4373,99.4496 18.4350,99.4470 18.4329,99.4449 18.4298,99.4444
1157	s	18.3360,99.4597 18.3335,99.4610 18.3312,99.4626 18.3298,99.4639
1157	s	18.3252,99.4654 18.3265,99.4652
1157	s	18.3250,99.4654 18.3252,99.4654
1157	s	18.3242,99.4655 18.3250,99.4654
1157	s	18.3239,99.4655 18.3242,99.4655
1157	s	18.3265,99.4652 18.3294,99.4642 18.3298,99.4639
1157	s	18.3178,99.4632 18.3191,99.4641
1157	s	18.3191,99.4643 18.3189,99.4641
1157	s	18.3189,99.4641 18.3159,99.4633 18.3129,99.4638 18.3128,99.4639
1157	s	18.3191,99.4641 18.3192,99.4643
1157	s	18.3192,99.4643 18.3216,99.4657 18.3239,99.4655
1157	s	18.3132,99.4636 18.3142,99.4634
1157	s	18.3128,99.4638 18.3132,99.4636
1157	s	18.3110,99.4640 18.3128,99.4638
1157	s	18.3298,99.4639 18.3273,99.4652 18.3245,99.4656 18.3216,99.4659 18.3191,99.4643
1157	s	18.3142,99.4634 18.3176,99.4632 18.3178,99.4632
1157	s	18.3128,99.4639 18.3124,99.4641
1039	s	18.3101,99.4644 18.3103,99.4640
1039	s	18.3098,99.4650 18.3100,99.4647
1039	s	18.3100,99.4647 18.3101,99.4644
1039	s	18.3088,99.4668 18.3098,99.4650
1039	s	18.3086,99.4671 18.3088,99.4668
1039	s	18.3083,99.4677 18.3086,99.4671
1039	s	18.3050,99.4726 18.3067,99.4699 18.3083,99.4677
1039	s	18.3103,99.4640 18.3104,99.4639
1037	s	18.2406,99.4912 18.2392,99.4910
1157	s	18.4734,99.4667 18.4732,99.4664
1157	s	18.4732,99.4664 18.4716,99.4640 18.4685,99.4625 18.4660,99.4615
1157	s	18.4660,99.4615 18.4658,99.4614
1157	s	18.4658,99.4614 18.4626,99.4596 18.4600,99.4583 18.4565,99.4579
1095	s	19.3485,97.9619 19.3493,97.9617
1095	s	19.3477,97.9622 19.3485,97.9619
1095	s	19.3474,97.9623 19.3477,97.9622
1095	s	19.3468,97.9625 19.3474,97.9623
1095	s	19.3493,97.9617 19.3544,97.9631 19.3570,97.9642 19.3600,97.9660 19.3629,97.9678 19.3657,97.9684 19.3668,97.9671
1095	s	19.5597,98.1547 19.5586,98.1573 19.5581,98.1605 19.5578,98.1617
1095	s	19.5353,98.1139 19.5383,98.1147 19.5399,98.1173 19.5412,98.1199 19.5396,98.1228 19.5375,98.1248 19.5358,98.1270 19.5343,98.1295 19.5342,98.1325 19.5350,98.1353 19.5363,98.1378 19.5394,98.1376 19.5417,98.1392 19.5437,98.1415 19.5466,98.1431 19.5492,98.1443 19.5497,98.1473 19.5518,98.1491 19.5541,98.1508 19.5565,98.1523 19.5589,98.1538 19.5597,98.1547
1095	s	19.4975,98.0581 19.4986,98.0614 19.5000,98.0641 19.5021,98.0662
1095	s	19.4974,98.2795 19.4961,98.2821 19.4952,98.2849 19.4932,98.2870 19.4907,98.2887 19.4883,98.2903 19.4850,98.2926 19.4837,98.2939
1095	s	19.4976,98.2793 19.4974,98.2795
1095	s	19.5015,98.2780 19.4987,98.2789 19.4976,98.2793
1095	s	19.4837,98.2939 19.4836,98.2939
1232	s	19.9088,99.8594 19.9087,99.8590
1232	s	19.9090,99.8595 19.9092,99.8599
1232	s	19.9091,99.8599 19.9089,99.8595
1232	s	19.9095,99.8606 19.9091,99.8599
1208	s	19.8341,99.7438 19.8341,99.7436
1208	s	19.8243,99.7640 19.8253,99.7606 19.8266,99.7579 19.8287,99.7550 19.8291,99.7518 19.8304,99.7491 19.8328,99.7464 19.8341,99.7438
1208	s	19.8239,99.7653 19.8237,99.7655
1208	s	19.8243,99.7640 19.8243,99.7642
1208	s	19.8241,99.7644 19.8243,99.7640
1208	s	19.8238,99.7651 19.8241,99.7644
1173	s	19.8813,99.9307 19.8823,99.9310
1173	s	19.8817,99.9294 19.8814,99.9306
1173	s	19.8813,99.9307 19.8817,99.9294
1152	s	19.8496,99.9433 19.8508,99.9403
1173	s	19.8823,99.9310 19.8856,99.9320 19.8858,99.9320
1232	s	19.9089,99.8594 19.9090,99.8595
ชร.5051	s	19.9218,99.8339 19.9213,99.8337
ชร.5051	s	19.9213,99.8337 19.9211,99.8336
ชร.5051	s	19.9148,99.8324 19.9152,99.8324
ชร.5051	s	19.9152,99.8324 19.9154,99.8325
ชร.5051	s	19.9128,99.8324 19.9140,99.8323
1173	s	19.8788,99.8929 19.8789,99.8923
1173	s	19.8790,99.8918 19.8788,99.8929
1233	s	19.8792,99.8908 19.8790,99.8918
1410	s	19.8785,99.8922 19.8790,99.8918
1410	s	19.8790,99.8918 19.8787,99.8921
1233	s	19.8950,99.8543 19.8949,99.8549
1233	s	19.8946,99.8567 19.8946,99.8571
1233	s	19.8947,99.8562 19.8946,99.8567
1233	s	19.8948,99.8556 19.8947,99.8562
1233	s	19.8949,99.8549 19.8948,99.8556
1233	s	19.8948,99.8549 19.8950,99.8543
1233	s	19.8946,99.8560 19.8947,99.8556
1233	s	19.8946,99.8564 19.8946,99.8560
1233	s	19.8945,99.8573 19.8946,99.8564
1233	s	19.8945,99.8577 19.8945,99.8573
1211	s	19.8971,99.8104 19.8952,99.8095
1211	s	19.8759,99.7861 19.8760,99.7865
1211	s	19.8757,99.7848 19.8759,99.7861
1211	s	19.8756,99.7847 19.8757,99.7848
1211	s	19.8757,99.7856 19.8756,99.7849
1211	s	19.8759,99.7866 19.8757,99.7856
1	s	19.8805,99.8339 19.8790,99.8332
1020	s	19.7770,99.9106 19.7782,99.9103
1020	s	19.7782,99.9104 19.7770,99.9106
1020	s	19.7782,99.9103 19.7801,99.9102
1020	s	19.7801,99.9102 19.7782,99.9104
1020	s	19.8333,99.8805 19.8307,99.8819 19.8279,99.8833 19.8251,99.8849 19.8222,99.8864 19.8181,99.8894 19.8159,99.8912 19.8132,99.8931 19.8107,99.8944 19.8076,99.8959 19.8042,99.8983 19.8012,99.9009 19.7994,99.9025
1020	s	19.8394,99.8755 19.8399,99.8748
1232	s	19.9092,99.8599 19.9095,99.8606
1232	s	19.9088,99.8590 19.9089,99.8594
ชร.5051	s	19.9371,99.8448 19.9371,99.8451
1232	s	19.9089,99.8595 19.9088,99.8594
1	s	19.8953,99.8384 19.8924,99.8375 19.8897,99.8367 19.8863,99.8357 19.8822,99.8344 19.8818,99.8343
1	s	19.9103,99.8407 19.9081,99.8409
1	s	19.8771,99.8310 19.8793,99.8330 19.8806,99.8335
1	s	19.8818,99.8343 19.8805,99.8339
ชร.5051	s	19.9111,99.8327 19.9115,99.8326
ชร.5051	s	19.9124,99.8325 19.9128,99.8324
1209	s	20.0053,99.8919 20.0052,99.8935
1209	s	20.0052,99.8935 20.0051,99.8947
ชร.5051	s	19.9371,99.8445 19.9370,99.8441
ชร.5051	s	19.9371,99.8448 19.9371,99.8445
1209	s	20.0049,99.8983 20.0048,99.8985
1209	s	20.0051,99.8949 20.0049,99.8980 20.0049,99.8983
1209	s	20.0051,99.8947 20.0051,99.8949
1209	s	20.0550,99.9541 20.0552,99.9542
1209	s	20.0117,99.9252 20.0137,99.9273 20.0154,99.9298 20.0169,99.9323 20.0192,99.9337 20.0219,99.9353 20.0245,99.9365 20.0271,99.9392 20.0293,99.9409 20.0313,99.9427
1035	s	19.1451,99.6141 19.1435,99.6142
1035	s	19.1452,99.6140 19.1454,99.6141
1035	s	18.9552,99.6084 18.9550,99.6085
1035	s	18.9891,99.6162 18.9864,99.6152 18.9846,99.6119 18.9820,99.6097 18.9764,99.6098 18.9733,99.6100 18.9703,99.6110 18.9675,99.6120 18.9641,99.6124 18.9613,99.6121 18.9583,99.6099 18.9559,99.6083 18.9552,99.6084
1193	s	19.3388,99.8107 19.3394,99.8115
1193	s	19.3394,99.8115 19.3397,99.8120
1202	s	19.1794,99.9218 19.1815,99.9245 19.1830,99.9260
1202	s	19.1789,99.9211 19.1794,99.9218
1202	s	19.2153,99.9547 19.2166,99.9557
1202	s	19.1977,99.9387 19.1996,99.9408 19.2027,99.9423 19.2065,99.9436 19.2115,99.9461 19.2130,99.9487
1202	s	19.1830,99.9260 19.1852,99.9281 19.1877,99.9295 19.1906,99.9312 19.1930,99.9326 19.1955,99.9339 19.1968,99.9370 19.1977,99.9387
1298	s	19.3121,100.0257 19.3121,100.0258
1298	s	19.3121,100.0258 19.3114,100.0284
1298	s	19.3136,100.0197 19.3136,100.0198
1298	s	19.3136,100.0198 19.3121,100.0257
1021	s	19.3662,100.0718 19.3663,100.0720
1021	s	19.3660,100.0711 19.3662,100.0718
1021	s	19.3659,100.0708 19.3660,100.0711
1021	s	19.3611,100.0473 19.3612,100.0508 19.3621,100.0539 19.3629,100.0572 19.3635,100.0603 19.3653,100.0661 19.3658,100.0702 19.3659,100.0708
1021	s	19.3610,100.0468 19.3611,100.0473
1021	s	19.3608,100.0462 19.3610,100.0468
1021	s	19.3466,100.0414 19.3493,100.0409 19.3522,100.0405 19.3554,100.0423 19.3593,100.0448 19.3608,100.0462
1021	s	19.3464,100.0414 19.3466,100.0414
1021	s	19.3154,100.0409 19.3187,100.0410 19.3231,100.0416 19.3297,100.0426 19.3341,100.0433 19.3369,100.0431 19.3432,100.0420 19.3464,100.0414
1021	s	19.3138,100.0408 19.3154,100.0409
1021	s	19.2401,100.0483 19.2428,100.0480 19.2463,100.0477 19.2503,100.0473 19.2543,100.0468 19.2570,100.0466 19.2641,100.0459 19.2681,100.0455 19.2713,100.0452 19.2749,100.0448 19.2779,100.0445 19.2821,100.0435 19.2853,100.0426 19.2961,100.0421 19.3004,100.0412 19.3036,100.0405 19.3066,100.0406 19.3099,100.0407 19.3129,100.0408 19.3138,100.0408
1021	s	19.3645,100.0872 19.3644,100.0875
1021	s	19.3660,100.0851 19.3645,100.0872
1021	s	19.3663,100.0847 19.3660,100.0851
1021	s	19.3677,100.0825 19.3663,100.0847
1021	s	19.3678,100.0818 19.3677,100.0825
1021	s	19.3676,100.0798 19.3678,100.0818
1021	s	19.3676,100.0795 19.3676,100.0798
1021	s	19.3663,100.0720 19.3673,100.0747 19.3676,100.0795
1021	s	19.3444,100.1190 19.3443,100.1191
1021	s	19.3420,100.1223 19.3403,100.1256 19.3394,100.1272
1021	s	19.3394,100.1272 19.3393,100.1275
1021	s	19.3393,100.1275 19.3392,100.1282
1021	s	19.3443,100.1191 19.3424,100.1217 19.3420,100.1223
1021	s	19.3397,100.1284 19.3392,100.1282
1021	s	19.3464,100.1343 19.3439,100.1325 19.3414,100.1297 19.3397,100.1284
1155	s	19.9812,100.4593 19.9841,100.4595 19.9854,100.4623 19.9866,100.4649 19.9882,100.4670
1091	s	19.3368,100.1330 19.3352,100.1355 19.3331,100.1382
1091	s	19.3392,100.1282 19.3390,100.1293
1091	s	19.2803,100.2262 19.2803,100.2266
1091	s	19.2803,100.2266 19.2783,100.2307 19.2751,100.2365 19.2734,100.2393 19.2717,100.2418 19.2694,100.2437 19.2678,100.2463 19.2645,100.2491 19.2631,100.2520 19.2577,100.2553 19.2548,100.2556 19.2493,100.2557 19.2474,100.2533 19.2446,100.2521 19.2415,100.2512 19.2386,100.2516 19.2353,100.2516 19.2327,100.2529 19.2295,100.2549 19.2293,100.2550
1091	s	19.2293,100.2550 19.2291,100.2551
1091	s	19.2291,100.2551 19.2262,100.2552 19.2233,100.2542 19.2207,100.2551 19.2203,100.2587 19.2187,100.2614 19.2202,100.2639 19.2183,100.2664 19.2152,100.2667 19.2116,100.2676 19.2083,100.2684 19.2052,100.2692 19.2023,100.2687 19.1994,100.2685 19.1951,100.2706 19.1928,100.2721 19.1896,100.2742 19.1849,100.2774 19.1817,100.2781 19.1788,100.2783 19.1760,100.2800 19.1730,100.2816 19.1698,100.2794 19.1666,100.2773 19.1634,100.2751 19.1561,100.2702 19.1536,100.2685 19.1506,100.2665 19.1463,100.2635 19.1436,100.2627 19.1395,100.2632 19.1366,100.2634 19.1351,100.2632
1091	s	19.2939,100.1906 19.2939,100.1909
1091	s	19.2939,100.1909 19.2923,100.1939 19.2894,100.1973 19.2874,100.1998 19.2836,100.2059 19.2828,100.2089 19.2825,100.2153 19.2822,100.2192 19.2809,100.2219 19.2805,100.2248 19.2804,100.2251
1091	s	19.3127,100.1659 19.3125,100.1661
1091	s	19.3125,100.1661 19.3109,100.1680
1091	s	19.3109,100.1680 19.3106,100.1683
1091	s	19.3331,100.1382 19.3310,100.1403 19.3273,100.1440 19.3253,100.1460 19.3233,100.1488 19.3197,100.1553 19.3184,100.1580 19.3172,100.1606 19.3153,100.1629 19.3134,100.1650 19.3127,100.1659
1091	s	19.3374,100.1321 19.3368,100.1330
1091	s	19.3390,100.1293 19.3374,100.1321
1021	s	19.1549,99.9414 19.1549,99.9420
1021	s	19.1521,99.9354 19.1537,99.9380 19.1548,99.9411 19.1549,99.9414
1021	s	19.1512,99.9343 19.1521,99.9354
1021	s	19.1506,99.9336 19.1512,99.9343
1021	s	19.1504,99.9335 19.1506,99.9336
1021	s	19.1460,99.9285 19.1501,99.9331 19.1504,99.9335
1021	s	19.1451,99.9273 19.1460,99.9285
1021	s	19.1436,99.9236 19.1445,99.9263 19.1451,99.9273
1021	s	19.1431,99.9220 19.1436,99.9236
1021	s	19.1417,99.9180 19.1431,99.9220
1021	s	19.1412,99.9163 19.1417,99.9180
1021	s	19.1408,99.9112 19.1410,99.9151 19.1412,99.9163
1021	s	19.1573,99.9621 19.1577,99.9633
1021	s	19.1567,99.9605 19.1573,99.9621
1021	s	19.1565,99.9597 19.1567,99.9605
1021	s	19.1558,99.9549 19.1561,99.9580 19.1565,99.9597
1021	s	19.1557,99.9536 19.1558,99.9549
1021	s	19.1546,99.9464 19.1552,99.9492 19.1554,99.9504
1021	s	19.1545,99.9457 19.1546,99.9464
1021	s	19.1546,99.9443 19.1545,99.9457
1021	s	19.1548,99.9431 19.1546,99.9443
1021	s	19.1549,99.9420 19.1548,99.9431
1021	s	19.1619,99.9840 19.1619,99.9838
1021	s	19.1621,99.9876 19.1619,99.9844 19.1619,99.9840
1021	s	19.1620,99.9840 19.1621,99.9848
1021	s	19.1620,99.9838 19.1620,99.9840
1021	s	19.1620,99.9832 19.1620,99.9838
1021	s	19.1616,99.9781 19.1619,99.9819 19.1620,99.9832
1021	s	19.1616,99.9768 19.1616,99.9781
1021	s	19.1622,99.9876 19.1625,99.9902
1021	s	19.1641,99.9966 19.1649,99.9991
1021	s	19.1639,99.9956 19.1641,99.9966
1021	s	19.1630,99.9923 19.1635,99.9942
1021	s	19.1626,99.9906 19.1627,99.9910
1021	s	19.1622,99.9870 19.1622,99.9876
1021	s	19.1621,99.9848 19.1622,99.9870
1021	s	19.1757,100.0094 19.1762,100.0099
1021	s	19.1762,100.0099 19.1790,100.0123 19.1793,100.0127
1021	s	19.1744,100.0083 19.1757,100.0094
1021	s	19.1723,100.0065 19.1728,100.0070
1021	s	19.1703,100.0049 19.1723,100.0065
1021	s	19.1696,100.0043 19.1703,100.0049
1021	s	19.1686,100.0035 19.1696,100.0043
1021	s	19.1728,100.0070 19.1744,100.0083
1021	s	19.2022,100.0327 19.2029,100.0331
1021	s	19.2018,100.0326 19.2022,100.0327
1021	s	19.2013,100.0322 19.2018,100.0326
1021	s	19.1793,100.0127 19.1855,100.0182 19.1905,100.0226 19.1934,100.0252 19.1972,100.0287 19.1994,100.0307 19.2013,100.0322
1021	s	19.2360,100.0487 19.2371,100.0486
1021	s	19.2029,100.0331 19.2066,100.0352 19.2111,100.0377 19.2143,100.0395 19.2204,100.0429 19.2229,100.0443 19.2257,100.0459 19.2284,100.0475 19.2316,100.0489 19.2360,100.0487
1021	s	19.1733,100.0076 19.1728,100.0071
1021	s	19.1761,100.0100 19.1736,100.0078 19.1733,100.0076
1021	s	19.1766,100.0104 19.1761,100.0100
1021	s	19.1793,100.0127 19.1766,100.0104
1021	s	19.2395,100.0484 19.2401,100.0483
1021	s	19.2387,100.0485 19.2395,100.0484
1021	s	19.2384,100.0485 19.2387,100.0485
1021	s	19.2371,100.0486 19.2384,100.0485
1021	s	19.1616,99.9791 19.1615,99.9781
1021	s	19.1619,99.9838 19.1617,99.9807 19.1616,99.9791
1021	s	19.1621,99.9881 19.1621,99.9876
1021	s	19.1624,99.9903 19.1621,99.9881
1021	s	19.1631,99.9930 19.1629,99.9923
1251	s	19.1630,99.9923 19.1629,99.9923
1021	s	19.1635,99.9946 19.1634,99.9943
1021	s	19.1641,99.9967 19.1635,99.9946
1021	s	19.1635,99.9942 19.1636,99.9946
1021	s	19.1636,99.9946 19.1639,99.9956
1021	s	19.1644,99.9979 19.1641,99.9967
1021	s	19.1634,99.9943 19.1631,99.9930
1021	s	19.1701,100.0049 19.1695,100.0044
1021	s	19.1728,100.0071 19.1701,100.0049
1021	s	19.1440,99.9250 19.1435,99.9236
1021	s	19.1459,99.9286 19.1440,99.9250
1021	s	19.1467,99.9295 19.1459,99.9286
1021	s	19.1503,99.9335 19.1477,99.9306 19.1467,99.9295
1021	s	19.1505,99.9337 19.1503,99.9335
1021	s	19.1520,99.9355 19.1505,99.9337
1021	s	19.1527,99.9363 19.1520,99.9355
1021	s	19.1545,99.9443 19.1547,99.9412 19.1538,99.9384 19.1527,99.9363
1021	s	19.1544,99.9457 19.1545,99.9443
1021	s	19.1553,99.9504 19.1545,99.9464 19.1544,99.9457
1021	s	19.1558,99.9560 19.1557,99.9549
1021	s	19.1576,99.9633 19.1563,99.9597 19.1558,99.9560
1021	s	19.1579,99.9643 19.1576,99.9633
1021	s	19.1615,99.9781 19.1613,99.9752 19.1608,99.9717 19.1580,99.9646 19.1579,99.9643
1021	s	19.1421,99.9194 19.1416,99.9181
1021	s	19.1435,99.9236 19.1421,99.9194
1251	s	18.9410,100.0771 18.9407,100.0773
1251	s	18.9672,100.0744 18.9643,100.0748 18.9614,100.0745 18.9583,100.0743 18.9525,100.0754 18.9501,100.0771 18.9476,100.0784 18.9444,100.0775 18.9419,100.0766 18.9410,100.0771
1251	s	18.8858,100.1713 18.8857,100.1741 18.8845,100.1768 18.8842,100.1785
1251	s	18.8859,100.1712 18.8858,100.1713
1251	s	18.8943,100.1534 18.8945,100.1568 18.8944,100.1597 18.8936,100.1643 18.8900,100.1655 18.8882,100.1678 18.8867,100.1704 18.8859,100.1712
พย.ถ3-0001	s	19.1688,99.9042 19.1687,99.9041
พย.ถ3-0001	s	19.1687,99.9041 19.1687,99.9040
1251	s	18.8968,100.1397 18.8979,100.1430 18.8949,100.1473 18.8934,100.1504 18.8937,100.1524
1410	s	19.8787,99.8921 19.8785,99.8922
1173	s	19.8789,99.8923 19.8790,99.8918
1020	s	19.8398,99.8751 19.8393,99.8758
1020	s	19.7755,99.9108 19.7751,99.9108
1020	s	19.7770,99.9106 19.7755,99.9108
1306	s	19.7782,99.9103 19.7782,99.9104
1020	s	19.7994,99.9025 19.7988,99.9030
1020	s	19.7988,99.9030 19.7967,99.9049 19.7942,99.9071 19.7919,99.9089 19.7886,99.9094 19.7849,99.9097 19.7808,99.9102 19.7801,99.9102
1006	s	18.7831,99.0286 18.7833,99.0275
1005	s	18.7910,98.9608 18.7908,98.9616
1005	s	18.7906,98.9617 18.7907,98.9616
1005	s	18.7909,98.9608 18.7910,98.9606
1005	s	18.7911,98.9606 18.7910,98.9608
1005	s	18.7902,98.9630 18.7903,98.9626
1141	s	18.7633,98.9936 18.7631,98.9938
1141	s	18.7631,98.9938 18.7613,98.9960
1141	s	18.7630,98.9937 18.7632,98.9935
1141	s	18.7607,98.9965 18.7627,98.9941 18.7630,98.9937
1001	s	18.8578,99.0146 18.8571,99.0146
1001	s	18.8282,99.0124 18.8272,99.0123
1001	s	18.8561,99.0143 18.8571,99.0144
1001	s	18.8474,99.0137 18.8507,99.0139 18.8541,99.0142 18.8561,99.0143
1001	s	18.8704,99.0154 18.8717,99.0155
1001	s	18.8659,99.0151 18.8690,99.0153 18.8704,99.0154
1001	s	18.8646,99.0150 18.8659,99.0151
1001	s	18.8646,99.0151 18.8632,99.0150
1001	s	18.8571,99.0144 18.8609,99.0147 18.8644,99.0150 18.8646,99.0150
1005	s	18.7898,98.9646 18.7899,98.9642
1001	s	18.8632,99.0150 18.8598,99.0148 18.8578,99.0146
1005	s	18.7893,98.9692 18.7893,98.9687
1005	s	18.7891,98.9706 18.7893,98.9692
1005	s	18.7890,98.9731 18.7891,98.9706
1001	s	18.8771,99.0151 18.8781,99.0149
1001	s	18.8717,99.0155 18.8746,99.0156 18.8771,99.0151
1001	s	18.8845,99.0137 18.8855,99.0135
1001	s	18.8781,99.0149 18.8815,99.0142 18.8845,99.0137
1001	s	18.8790,99.0149 18.8781,99.0150
1001	s	18.8781,99.0150 18.8752,99.0156 18.8722,99.0157 18.8694,99.0155 18.8646,99.0151
1005	s	18.7897,98.9651 18.7898,98.9646
1005	s	18.7899,98.9642 18.7900,98.9639
1001	s	18.8864,99.0134 18.8855,99.0136
1001	s	18.8855,99.0136 18.8812,99.0144 18.8790,99.0149
1001	s	18.8957,99.0088 18.8968,99.0082
1001	s	18.8929,99.0104 18.8932,99.0102
1001	s	18.8920,99.0108 18.8928,99.0104
1001	s	18.8855,99.0135 18.8882,99.0129 18.8911,99.0114 18.8920,99.0108
1367	s	18.8926,99.0115 18.8929,99.0109
1367	s	18.8929,99.0109 18.8929,99.0105
1001	s	18.8990,99.0071 18.8979,99.0078
11	s	18.8012,98.9678 18.8013,98.9678
1141	s	18.7813,98.9813 18.7814,98.9780
1430	s	20.2375,100.1479 20.2389,100.1485
1005	s	18.7901,98.9633 18.7902,98.9630
1189	s	18.6818,99.0754 18.6791,99.0760 18.6773,99.0757
1141	s	18.7813,98.9818 18.7813,98.9813
1141	s	18.7812,98.9856 18.7812,98.9853
1141	s	18.7812,98.9841 18.7813,98.9818
1141	s	18.7811,98.9877 18.7812,98.9856
1367	s	18.8747,99.0516 18.8720,99.0511 18.8693,99.0511 18.8666,99.0521 18.8638,99.0523 18.8623,99.0523
1001	s	19.0658,98.9600 19.0651,98.9591
1414	s	19.0661,98.9599 19.0659,98.9601
1414	s	19.0669,98.9590 19.0661,98.9599
1001	s	19.0660,98.9602 19.0658,98.9600
1001	s	19.0666,98.9611 19.0660,98.9602
1141	s	18.7689,98.9773 18.7693,98.9766
1141	s	18.7679,98.9811 18.7681,98.9801
1141	s	18.7594,98.9981 18.7596,98.9979
1141	s	18.7575,99.0050 18.7573,99.0040
1141	s	18.7573,99.0038 18.7576,99.0050
1001	s	18.8101,99.0110 18.8098,99.0110
1001	s	18.8099,99.0108 18.8102,99.0108
1141	s	18.7812,98.9930 18.7810,98.9926
11	s	18.7971,98.9663 18.7977,98.9665
11	s	18.7977,98.9665 18.7983,98.9668
1141	s	18.7592,98.9984 18.7592,98.9983
108	s	18.7691,98.9774 18.7695,98.9777
108	s	18.7695,98.9778 18.7690,98.9775
1141	s	18.7687,98.9777 18.7689,98.9773
1141	s	18.7685,98.9784 18.7687,98.9777
1141	s	18.7720,98.9695 18.7720,98.9693
1141	s	18.7586,99.0099 18.7588,99.0111
1141	s	18.7587,99.0112 18.7585,99.0099
1141	s	18.7603,99.0172 18.7609,99.0190
1141	s	18.7609,99.0191 18.7602,99.0172
1141	s	18.7617,99.0211 18.7624,99.0229
1141	s	18.7621,99.0226 18.7616,99.0211
1141	s	18.7811,98.9886 18.7811,98.9882
1141	s	18.7811,98.9893 18.7811,98.9886
1141	s	18.7714,98.9733 18.7703,98.9752
1141	s	18.7713,98.9733 18.7714,98.9731
106	s	18.7580,99.0073 18.7576,99.0074
106	s	18.7586,99.0071 18.7582,99.0072
106	s	18.7582,99.0072 18.7581,99.0073
1141	s	18.7581,99.0067 18.7582,99.0072
1141	s	18.7573,99.0038 18.7579,99.0061
1141	s	18.7581,99.0078 18.7580,99.0073
1141	s	18.7580,99.0073 18.7573,99.0044 18.7573,99.0041
1141	s	18.7810,98.9911 18.7810,98.9908
1141	s	18.7810,98.9908 18.7811,98.9893
1317	s	18.7655,99.0334 18.7655,99.0350
1317	s	18.7655,99.0324 18.7655,99.0334
1005	s	18.7907,98.9616 18.7909,98.9608
1005	s	18.7908,98.9616 18.7907,98.9617
1005	s	18.7903,98.9626 18.7906,98.9619
1141	s	18.7639,99.0275 18.7632,99.0255
1317	s	18.7654,99.0338 18.7653,99.0326
1317	s	18.7653,99.0326 18.7652,99.0317
1317	s	18.7653,99.0350 18.7654,99.0338
1317	s	18.7653,99.0317 18.7655,99.0324
1141	s	18.7643,99.0283 18.7646,99.0290
1141	s	18.7696,98.9761 18.7699,98.9755
1317	s	18.7646,99.0290 18.7648,99.0297
1141	s	18.7720,98.9695 18.7720,98.9707
1005	s	18.7890,98.9732 18.7890,98.9731
1096	s	18.8850,98.8167 18.8843,98.8195 18.8865,98.8216 18.8866,98.8246 18.8880,98.8273 18.8896,98.8312 18.8917,98.8330 18.8920,98.8335
1096	s	18.8980,98.8453 18.8990,98.8481 18.8979,98.8509 18.8980,98.8538 18.8992,98.8567 18.8987,98.8595 18.8992,98.8602
1096	s	18.9008,98.8819 18.9013,98.8851 18.9030,98.8876 18.9059,98.8881 18.9082,98.8900 18.9083,98.8901
1096	s	18.9099,98.9007 18.9074,98.9026
1096	s	18.9082,98.8923 18.9080,98.8952 18.9077,98.8986 18.9098,98.9005 18.9099,98.9007
1096	s	18.9185,98.9326 18.9189,98.9357 18.9213,98.9382
1096	s	18.9154,98.9075 18.9173,98.9099 18.9183,98.9126 18.9191,98.9153
1269	s	18.7684,98.8698 18.7659,98.8710 18.7640,98.8731 18.7640,98.8754
1004	s	18.8019,98.9014 18.8021,98.8986 18.8047,98.8979 18.8048,98.8974
1004	s	18.8004,98.9057 18.8031,98.9063 18.8016,98.9037 18.8019,98.9014
1269	s	18.7560,98.8853 18.7536,98.8877 18.7523,98.8890
1269	s	18.7639,98.8757 18.7610,98.8757 18.7601,98.8785 18.7577,98.8805
1269	s	18.7716,98.8667 18.7689,98.8686 18.7684,98.8698
1269	s	18.7293,98.9078 18.7273,98.9097 18.7266,98.9143 18.7259,98.9171 18.7258,98.9172
1269	s	18.7545,98.8828 18.7560,98.8852 18.7560,98.8853
1269	s	18.7346,98.8897 18.7359,98.8930 18.7378,98.8951 18.7377,98.8987
1010	s	18.4048,98.7396 18.4069,98.7423 18.4088,98.7447 18.4113,98.7473 18.4141,98.7486 18.4176,98.7487 18.4203,98.7490 18.4214,98.7459 18.4242,98.7429 18.4266,98.7410 18.4306,98.7377 18.4338,98.7370 18.4350,98.7396
1013	s	18.6194,98.8706 18.6202,98.8733 18.6215,98.8774 18.6223,98.8802 18.6232,98.8831 18.6237,98.8872 18.6238,98.8888
1006	s	18.7426,99.1631 18.7422,99.1666 18.7420,99.1695 18.7410,99.1723 18.7405,99.1761 18.7395,99.1808 18.7395,99.1841 18.7410,99.1885 18.7416,99.1913 18.7425,99.1944 18.7436,99.1972 18.7433,99.2003 18.7433,99.2009
1147	s	18.7162,99.1732 18.7136,99.1715 18.7109,99.1690 18.7081,99.1667 18.7070,99.1661
1147	s	18.7070,99.1661 18.7043,99.1652 18.7018,99.1635 18.6995,99.1619 18.6965,99.1602 18.6939,99.1589 18.6924,99.1579
1317	s	18.7355,99.1960 18.7323,99.1923 18.7307,99.1904
1147	s	18.6729,99.1425 18.6709,99.1396 18.6693,99.1370 18.6668,99.1351 18.6640,99.1331 18.6617,99.1316 18.6588,99.1304 18.6553,99.1290 18.6519,99.1262 18.6500,99.1239 18.6502,99.1208 18.6504,99.1179 18.6500,99.1151 18.6495,99.1144
1147	s	18.6920,99.1577 18.6924,99.1579
1147	s	18.6913,99.1586 18.6920,99.1577
1033	s	18.4635,99.1306 18.4607,99.1300 18.4590,99.1274 18.4572,99.1252 18.4547,99.1240 18.4526,99.1220 18.4527,99.1169 18.4499,99.1173 18.4479,99.1152 18.4466,99.1127 18.4450,99.1103 18.4438,99.1074 18.4434,99.1039 18.4431,99.1011 18.4423,99.0981 18.4414,99.0952 18.4395,99.0928 18.4374,99.0903 18.4347,99.0884 18.4338,99.0855 18.4337,99.0823 18.4344,99.0794 18.4368,99.0779 18.4376,99.0776
1033	s	18.4377,98.9764 18.4399,98.9737 18.4435,98.9701 18.4454,98.9677 18.4484,98.9633 18.4500,98.9609 18.4521,98.9588 18.4526,98.9557 18.4528,98.9528 18.4528,98.9525
1033	s	18.5180,98.9651 18.5207,98.9659 18.5241,98.9670 18.5274,98.9678 18.5301,98.9684 18.5329,98.9693 18.5357,98.9701 18.5378,98.9703
1033	s	18.4528,98.9525 18.4576,98.9531 18.4620,98.9537 18.4649,98.9541 18.4681,98.9549 18.4708,98.9557 18.4743,98.9567 18.4773,98.9569 18.4802,98.9558 18.4830,98.9555 18.4859,98.9561 18.4892,98.9571 18.4921,98.9577 18.4927,98.9578
1147	s	18.6102,99.0904 18.6079,99.0890 18.6055,99.0874 18.6026,99.0862 18.6001,99.0847 18.5968,99.0831 18.5942,99.0820 18.5914,99.0812 18.5874,99.0803 18.5844,99.0795 18.5814,99.0787 18.5798,99.0784
1033	s	18.4927,98.9578 18.4957,98.9586 18.4982,98.9602 18.5010,98.9612 18.5037,98.9621 18.5097,98.9635 18.5130,98.9642 18.5175,98.9650 18.5180,98.9651
106	s	18.5625,98.9912 18.5608,98.9884 18.5589,98.9855 18.5573,98.9832 18.5553,98.9807 18.5529,98.9784 18.5502,98.9764 18.5469,98.9739 18.5450,98.9716 18.5446,98.9710
1030	s	18.5966,98.9700 18.5990,98.9714 18.6021,98.9707 18.6051,98.9718 18.6076,98.9733 18.6106,98.9761 18.6129,98.9778 18.6153,98.9791 18.6158,98.9827 18.6158,98.9856 18.6160,98.9861
1030	s	18.6439,99.0125 18.6467,99.0127 18.6496,99.0124 18.6523,99.0120 18.6543,99.0146 18.6552,99.0174 18.6561,99.0204 18.6571,99.0218
1015	s	18.6121,98.9601 18.6133,98.9574 18.6148,98.9545 18.6164,98.9513 18.6176,98.9486 18.6191,98.9461 18.6196,98.9453
1015	s	18.6197,98.9451 18.6210,98.9425 18.6224,98.9392 18.6238,98.9366 18.6236,98.9354
1001	s	18.8467,99.0138 18.8464,99.0137
1001	s	18.8470,99.0138 18.8467,99.0138
1001	s	18.8474,99.0138 18.8470,99.0138
1001	s	18.8471,99.0137 18.8474,99.0137
1001	s	18.8465,99.0136 18.8471,99.0137
1001	s	18.8571,99.0146 18.8532,99.0143 18.8503,99.0140 18.8481,99.0139
1001	s	18.8464,99.0136 18.8465,99.0136
1001	s	18.8481,99.0139 18.8477,99.0138
1001	s	18.8477,99.0138 18.8474,99.0138
1141	s	18.7604,98.9969 18.7607,98.9965
1141	s	18.7592,98.9983 18.7594,98.9981
1141	s	18.7580,98.9996 18.7588,98.9988
1141	s	18.7702,98.9754 18.7702,98.9757
1141	s	18.7702,98.9757 18.7702,98.9757
1141	s	18.7702,98.9757 18.7701,98.9760
1141	s	18.7703,98.9752 18.7702,98.9754
1141	s	18.7690,98.9775 18.7690,98.9776
1141	s	18.7684,98.9786 18.7685,98.9784
1141	s	18.7570,99.0013 18.7570,99.0021
1141	s	18.7570,99.0021 18.7573,99.0038
1141	s	18.7613,98.9960 18.7609,98.9966
1141	s	18.7580,99.0065 18.7581,99.0067
1141	s	18.7579,99.0061 18.7579,99.0063
1141	s	18.7579,99.0063 18.7580,99.0065
1260	s	18.9179,98.9752 18.9178,98.9749
1001	s	18.9059,99.0032 18.9034,99.0047 18.9010,99.0061 18.8992,99.0071
1001	s	18.8991,99.0069 18.9022,99.0052 18.9035,99.0044
11	s	18.7961,98.9659 18.7963,98.9660
1364	s	18.8436,98.9631 18.8435,98.9630
1366	s	18.8224,98.9666 18.8229,98.9654
1366	s	18.8173,98.9819 18.8173,98.9816
1001	s	18.8227,99.0118 18.8229,99.0118
1001	s	18.8222,99.0118 18.8227,99.0118
1001	s	18.8232,99.0119 18.8235,99.0119
1001	s	18.8229,99.0120 18.8227,99.0120
1001	s	18.8235,99.0120 18.8232,99.0120
1001	s	18.8239,99.0121 18.8235,99.0120
1141	s	18.7722,98.9761 18.7720,98.9761
1001	s	18.8272,99.0123 18.8265,99.0123
1001	s	18.8289,99.0124 18.8282,99.0124
1001	s	18.8299,99.0125 18.8289,99.0124
1001	s	18.8309,99.0126 18.8299,99.0125
1001	s	18.8358,99.0129 18.8320,99.0127 18.8309,99.0126
1001	s	18.8367,99.0130 18.8358,99.0129
1001	s	18.8464,99.0137 18.8444,99.0136
1001	s	18.8416,99.0132 18.8425,99.0133
1001	s	18.8358,99.0128 18.8402,99.0131 18.8416,99.0132
1001	s	18.8347,99.0127 18.8358,99.0128
1001	s	18.8309,99.0124 18.8347,99.0127
1001	s	18.8299,99.0124 18.8309,99.0124
1001	s	18.8293,99.0123 18.8299,99.0124
1001	s	18.8282,99.0122 18.8290,99.0123
1001	s	18.8267,99.0121 18.8278,99.0122
1001	s	18.8265,99.0121 18.8267,99.0121
1001	s	18.8258,99.0121 18.8262,99.0121
1006	s	18.7752,99.0603 18.7754,99.0600
1006	s	18.7754,99.0600 18.7768,99.0572 18.7775,99.0544 18.7784,99.0508 18.7791,99.0477 18.7796,99.0457
1034	s	18.3088,99.3646 18.3122,99.3624 18.3149,99.3617 18.3172,99.3604
1001	s	18.8444,99.0136 18.8416,99.0134 18.8388,99.0131 18.8367,99.0130
1006	s	18.7812,99.0381 18.7818,99.0350 18.7825,99.0317 18.7830,99.0294
106	s	18.7877,99.0052 18.7893,99.0044
1367	s	18.8578,99.0511 18.8577,99.0510
1367	s	18.8585,99.0524 18.8578,99.0511
1367	s	18.8586,99.0525 18.8585,99.0524
1367	s	18.8592,99.0527 18.8586,99.0525
1367	s	18.8623,99.0523 18.8622,99.0523
1367	s	18.8622,99.0523 18.8595,99.0526 18.8593,99.0527
1001	s	18.9218,98.9945 18.9217,98.9946
1001	s	18.9217,98.9946 18.9189,98.9961
1001	s	18.9215,98.9945 18.9217,98.9944
1001	s	18.9209,98.9948 18.9215,98.9945
1001	s	18.9191,98.9958 18.9209,98.9948
1001	s	18.9185,98.9962 18.9191,98.9958
1001	s	18.9189,98.9961 18.9185,98.9963
1001	s	18.9185,98.9963 18.9161,98.9977 18.9140,98.9988
1001	s	18.9181,98.9964 18.9185,98.9962
1001	s	18.9141,98.9985 18.9170,98.9970 18.9181,98.9964
1001	s	18.9135,98.9989 18.9141,98.9985
1001	s	18.9140,98.9988 18.9135,98.9991
1001	s	18.9135,98.9991 18.9095,99.0012 18.9068,99.0027 18.9059,99.0032
1001	s	18.9130,98.9992 18.9135,98.9989
1001	s	18.9095,99.0010 18.9122,98.9995 18.9130,98.9992
1001	s	18.9090,99.0013 18.9095,99.0010
1001	s	18.9049,99.0036 18.9073,99.0022 18.9090,99.0013
1001	s	18.9035,99.0044 18.9045,99.0039
1001	s	18.9045,99.0039 18.9049,99.0036
1006	s	18.7834,99.0272 18.7834,99.0271
1006	s	18.7833,99.0275 18.7834,99.0272
1006	s	18.7830,99.0294 18.7831,99.0286
1367	s	18.8118,99.0285 18.8123,99.0286
1367	s	18.8114,99.0287 18.8113,99.0288
1367	s	18.8321,99.0409 18.8311,99.0403
1007	s	18.8718,99.1334 18.8716,99.1330
1367	s	18.8450,99.0436 18.8442,99.0435
1014	s	18.8510,99.1312 18.8482,99.1316 18.8455,99.1314 18.8423,99.1311 18.8400,99.1304
1001	s	18.8278,99.0122 18.8282,99.0122
1001	s	18.8290,99.0123 18.8293,99.0123
1021	s	19.5167,100.2925 19.5164,100.2914
1021	s	19.5175,100.2957 19.5175,100.2956
1021	s	19.5175,100.2956 19.5176,100.2957
1021	s	19.5171,100.2941 19.5173,100.2947
1021	s	19.5169,100.2934 19.5167,100.2925
1021	s	19.5173,100.2947 19.5175,100.2956
1021	s	19.5175,100.2956 19.5169,100.2934
1021	s	19.5167,100.2925 19.5169,100.2934
1021	s	19.5105,100.2862 19.5072,100.2840 19.5029,100.2813 19.5003,100.2796 19.4977,100.2783 19.4973,100.2782
1001	s	19.3628,99.2012 19.3615,99.2008
1150	s	19.3669,99.1875 19.3682,99.1915 19.3690,99.1943 19.3698,99.1974 19.3694,99.2006 19.3687,99.2042 19.3687,99.2043
1354	s	19.5737,99.7474 19.5743,99.7476
1354	s	19.5742,99.7477 19.5737,99.7474
1126	s	19.5697,99.7570 19.5701,99.7540 19.5701,99.7532
1126	s	19.5703,99.7522 19.5701,99.7532
1126	s	19.5701,99.7532 19.5702,99.7523
1150	s	19.3250,99.5114 19.3249,99.5125
1150	s	19.3249,99.5125 19.3249,99.5129
1014	s	18.7640,99.0813 18.7641,99.0813
1014	s	18.7640,99.0815 18.7640,99.0814
1006	s	18.7640,99.0813 18.7650,99.0795
1006	s	18.7640,99.0814 18.7640,99.0813
1006	s	18.7641,99.0813 18.7640,99.0815
1006	s	18.7640,99.0815 18.7631,99.0831
1359	s	19.3486,98.9605 19.3489,98.9613
1359	s	19.3489,98.9613 19.3485,98.9606
1359	s	19.3823,98.9681 19.3825,98.9682
1359	s	19.3776,98.9678 19.3806,98.9676 19.3823,98.9681
1367	s	18.8872,99.0320 18.8847,99.0333 18.8822,99.0344 18.8796,99.0356 18.8780,99.0381 18.8776,99.0419 18.8761,99.0445 18.8755,99.0473 18.8746,99.0501 18.8747,99.0516
1081	s	19.1625,100.9266 19.1651,100.9253 19.1678,100.9231 19.1709,100.9205 19.1741,100.9177 19.1776,100.9152
1211	s	19.8773,99.7886 19.8774,99.7888
1211	s	19.8774,99.7888 19.8789,99.7912 19.8800,99.7939 19.8816,99.7970 19.8835,99.7992 19.8870,99.8009 19.8897,99.8025 19.8915,99.8047 19.8937,99.8071 19.8952,99.8095
1095	s	19.1251,98.7606 19.1250,98.7635
1095	s	19.1250,98.7635 19.1247,98.7663 19.1249,98.7693 19.1248,98.7723 19.1246,98.7734
1001	s	19.2718,99.1879 19.2716,99.1876
1001	s	19.2716,99.1876 19.2641,99.1885 19.2593,99.1870 19.2568,99.1857 19.2535,99.1849 19.2506,99.1844 19.2472,99.1846 19.2444,99.1852 19.2416,99.1858 19.2392,99.1860
1095	s	19.2045,98.6712 19.2051,98.6741 19.2057,98.6759
1095	s	19.2045,98.6710 19.2045,98.6712
1095	s	19.2170,98.6704 19.2142,98.6704 19.2140,98.6707
1095	s	19.1981,98.6830 19.1964,98.6838
1095	s	19.1964,98.6838 19.1946,98.6862 19.1941,98.6894 19.1940,98.6896
1095	s	19.1485,98.6954 19.1483,98.6954
1095	s	19.1547,98.6931 19.1521,98.6938 19.1495,98.6951 19.1485,98.6954
1095	s	19.2180,98.6708 19.2170,98.6704
1095	s	19.2140,98.6707 19.2114,98.6710
1095	s	19.2114,98.6710 19.2080,98.6704 19.2048,98.6707 19.2045,98.6710
1095	s	19.2897,98.4731 19.2869,98.4740 19.2855,98.4766 19.2854,98.4796 19.2859,98.4806
1095	s	19.2900,98.4730 19.2897,98.4731
1095	s	19.2675,98.5905 19.2683,98.5932 19.2688,98.5938
1095	s	19.2688,98.5938 19.2703,98.5965 19.2730,98.5985 19.2762,98.5993 19.2769,98.6021 19.2782,98.6047 19.2769,98.6073 19.2762,98.6074
1095	s	19.2456,98.6537 19.2436,98.6558 19.2408,98.6553 19.2402,98.6581 19.2372,98.6584 19.2345,98.6587 19.2363,98.6615 19.2336,98.6623 19.2313,98.6638 19.2316,98.6667 19.2311,98.6697 19.2307,98.6702
1095	s	19.2688,98.5317 19.2702,98.5336
1095	s	19.2702,98.5336 19.2706,98.5365 19.2699,98.5393 19.2717,98.5415 19.2707,98.5445 19.2724,98.5471 19.2732,98.5503 19.2730,98.5536 19.2722,98.5572 19.2705,98.5596 19.2719,98.5623 19.2709,98.5651 19.2718,98.5683 19.2730,98.5709 19.2720,98.5737 19.2726,98.5767 19.2702,98.5781 19.2692,98.5808 19.2670,98.5826 19.2674,98.5856 19.2669,98.5886 19.2675,98.5905
1095	s	19.2307,98.6702 19.2284,98.6720 19.2278,98.6722
1095	s	19.2278,98.6722 19.2250,98.6723 19.2273,98.6707 19.2245,98.6705 19.2222,98.6720 19.2190,98.6723 19.2206,98.6698 19.2180,98.6708
1098	s	20.1197,100.0407 20.1199,100.0415
1098	s	20.1257,100.0304 20.1227,100.0327 20.1215,100.0356 20.1205,100.0388 20.1197,100.0407
1209	s	20.0337,99.9433 20.0313,99.9427
1209	s	20.0313,99.9427 20.0337,99.9433
1209	s	20.0337,99.9433 20.0362,99.9448 20.0394,99.9458 20.0422,99.9473 20.0451,99.9478 20.0480,99.9481 20.0506,99.9494 20.0525,99.9518 20.0550,99.9541
1290	s	20.3047,100.2570 20.3057,100.2617
1290	s	20.3057,100.2617 20.3065,100.2647 20.3065,100.2676 20.3076,100.2710 20.3077,100.2713
1125	s	17.7793,99.6993 17.7806,99.7019 17.7808,99.7078 17.7828,99.7109 17.7838,99.7139 17.7842,99.7181 17.7844,99.7213 17.7847,99.7245 17.7860,99.7276 17.7884,99.7304 17.7900,99.7334 17.7897,99.7366 17.7873,99.7384 17.7852,99.7403 17.7836,99.7432 17.7834,99.7438
1125	s	17.7790,99.6989 17.7793,99.6993
1124	s	17.8905,99.5969 17.8908,99.5958
1124	s	17.9018,99.6016 17.9020,99.6020
1125	s	17.9015,99.6051 17.9028,99.6037
1023	s	17.9043,99.6030 17.9029,99.6038
1124	s	17.9020,99.6020 17.9028,99.6037
1021	s	19.6855,100.1947 19.6843,100.1973 19.6828,100.2004 19.6813,100.2038 19.6807,100.2055
1155	s	19.7103,100.2862 19.7103,100.2833 19.7101,100.2825
1095	s	19.0843,98.9102 19.0842,98.9104
1095	s	19.0855,98.9078 19.0843,98.9102
1251	s	18.9309,100.2354 18.9322,100.2386 18.9333,100.2414 18.9360,100.2423 18.9389,100.2414 18.9417,100.2410 18.9419,100.2410
1251	s	18.9419,100.2410 18.9437,100.2435 18.9442,100.2469 18.9439,100.2501 18.9452,100.2528 18.9477,100.2559
1026	s	18.3527,100.7169 18.3503,100.7151 18.3471,100.7133 18.3456,100.7130
1026	s	18.3571,100.7157 18.3552,100.7178 18.3527,100.7169
1026	s	18.3527,100.7169 18.3555,100.7178 18.3571,100.7157
พร.4030	s	18.1275,100.1375 18.1290,100.1344 18.1312,100.1324 18.1347,100.1314 18.1351,100.1313
พร.4030	s	18.1276,100.1376 18.1275,100.1378
พร.4030	s	18.1275,100.1378 18.1256,100.1420 18.1255,100.1424
พร.4030	s	18.1274,100.1378 18.1275,100.1375
101	s	18.2043,100.1969 18.2038,100.1966
101	s	18.2038,100.1966 18.2022,100.1955
1030	s	18.6560,99.0335 18.6542,99.0364 18.6529,99.0389 18.6503,99.0398 18.6485,99.0421 18.6485,99.0424
1030	s	18.6560,99.0334 18.6560,99.0335
1035	s	19.0158,99.6094 19.0160,99.6094
1035	s	18.9995,99.6125 19.0022,99.6120 19.0050,99.6121 19.0109,99.6115 19.0138,99.6102 19.0158,99.6094
1035	s	18.8587,99.5976 18.8585,99.5977
1035	s	18.9550,99.6085 18.9517,99.6098 18.9496,99.6118 18.9468,99.6121 18.9446,99.6102 18.9419,99.6090 18.9379,99.6111 18.9351,99.6117 18.9324,99.6114 18.9284,99.6111 18.9246,99.6105 18.9187,99.6106 18.9160,99.6100 18.9108,99.6085 18.9083,99.6070 18.9056,99.6063 18.9027,99.6055 18.8998,99.6062 18.8962,99.6063 18.8934,99.6056 18.8913,99.6035 18.8886,99.6039 18.8853,99.6026 18.8823,99.6026 18.8793,99.6011 18.8765,99.6015 18.8730,99.5992 18.8707,99.5974 18.8632,99.5968 18.8605,99.5971 18.8587,99.5976
1252	s	19.0165,99.3054 19.0174,99.3059
1252	s	19.0175,99.3060 19.0165,99.3054
1026	s	18.3272,100.7157 18.3301,100.7169 18.3331,100.7172 18.3362,100.7165 18.3389,100.7146 18.3414,100.7130 18.3445,100.7130 18.3456,100.7130
1026	s	18.3456,100.7130 18.3428,100.7133 18.3400,100.7138 18.3377,100.7160 18.3348,100.7168 18.3322,100.7177 18.3292,100.7167 18.3272,100.7157
1026	s	18.3272,100.7157 18.3246,100.7145 18.3213,100.7124
1274	s	18.0952,99.2762 18.0928,99.2779 18.0934,99.2817 18.0948,99.2855 18.0969,99.2918 18.0980,99.2951 18.1003,99.3016 18.1035,99.3111 18.1049,99.3151 18.1069,99.3211 18.1084,99.3253 18.1099,99.3295 18.1108,99.3324 18.1119,99.3359 18.1123,99.3388 18.1127,99.3416 18.1135,99.3439
1274	s	18.0953,99.2759 18.0952,99.2762
พย.1042	s	19.0974,99.9162 19.0995,99.9201 19.1012,99.9228 19.1038,99.9250 19.1093,99.9279 19.1147,99.9308 19.1179,99.9325 19.1212,99.9343 19.1262,99.9370 19.1287,99.9383 19.1330,99.9406 19.1362,99.9423 19.1393,99.9439 19.1479,99.9485 19.1505,99.9499 19.1547,99.9504 19.1553,99.9504
พย.1042	s	19.1555,99.9505 19.1521,99.9506 19.1478,99.9487 19.1407,99.9449 19.1361,99.9424 19.1327,99.9406 19.1287,99.9384 19.1262,99.9371 19.1212,99.9344 19.1178,99.9326 19.1117,99.9293 19.1092,99.9280 19.1042,99.9253 19.1015,99.9234 19.0996,99.9208 19.0973,99.9163
1081	s	18.9896,101.0642 18.9926,101.0644 18.9947,101.0664 18.9973,101.0675 18.9999,101.0667 19.0025,101.0680 19.0047,101.0697 19.0074,101.0705 19.0104,101.0712 19.0130,101.0728 19.0156,101.0744 19.0181,101.0756 19.0215,101.0761 19.0236,101.0780 19.0265,101.0782 19.0278,101.0807 19.0303,101.0825 19.0328,101.0835 19.0356,101.0846 19.0382,101.0853 19.0400,101.0876 19.0428,101.0894 19.0455,101.0899 19.0482,101.0907 19.0515,101.0907 19.0541,101.0893 19.0566,101.0882 19.0578,101.0908 19.0584,101.0938 19.0588,101.0966 19.0602,101.0974
1081	s	18.9893,101.0642 18.9896,101.0642
11	s	18.8012,98.9679 18.8006,98.9676
1367	s	18.8123,99.0286 18.8116,99.0285
1178	s	19.4490,98.9656 19.4456,98.9654 19.4428,98.9658 19.4399,98.9669 19.4372,98.9684 19.4348,98.9701 19.4323,98.9717 19.4298,98.9735 19.4275,98.9743
1178	s	19.4490,98.9656 19.4491,98.9656
1102	s	17.4445,99.1583 17.4448,99.1591
1102	s	17.4441,99.1591 17.4445,99.1583
1020	s	19.6918,100.1993 19.6920,100.1996
106	s	18.7581,99.0073 18.7580,99.0073
1147	s	18.5895,99.0421 18.5889,99.0437
1147	s	18.5889,99.0437 18.5895,99.0421
1147	s	18.5877,99.0477 18.5888,99.0441 18.5889,99.0437
1147	s	18.5851,99.0543 18.5862,99.0515 18.5865,99.0506
1147	s	18.5877,99.0477 18.5866,99.0506
1001	s	18.8928,99.0104 18.8929,99.0104
1001	s	18.8929,99.0105 18.8927,99.0107
1001	s	18.8927,99.0107 18.8898,99.0122 18.8869,99.0134 18.8864,99.0134
1001	s	18.8930,99.0105 18.8929,99.0105
106	s	18.6113,99.0260 18.6104,99.0255
1141	s	18.7636,99.0264 18.7640,99.0275
1141	s	18.7635,99.0260 18.7636,99.0264
1252	s	18.9724,99.3214 18.9699,99.3198 18.9673,99.3206 18.9677,99.3242 18.9653,99.3256 18.9639,99.3282 18.9634,99.3289
1252	s	18.9724,99.3214 18.9724,99.3214
1087	s	17.6809,98.8634 17.6841,98.8631 17.6868,98.8631 17.6894,98.8619 17.6923,98.8612 17.6928,98.8613
1087	s	17.6809,98.8635 17.6809,98.8634
1023	s	18.0242,99.7192 18.0223,99.7171 18.0202,99.7139 18.0187,99.7114 18.0145,99.7093
1023	s	18.0145,99.7092 18.0174,99.7102 18.0195,99.7127 18.0211,99.7151 18.0229,99.7177 18.0242,99.7191
1367	s	18.8919,99.0154 18.8924,99.0125 18.8926,99.0115
1367	s	18.8919,99.0157 18.8919,99.0158
1367	s	18.8919,99.0158 18.8913,99.0192 18.8903,99.0227 18.8896,99.0255 18.8889,99.0278
1001	s	18.8974,99.0078 18.8990,99.0070
1001	s	18.8979,99.0078 18.8952,99.0093 18.8935,99.0102
1001	s	18.8974,99.0078 18.8974,99.0078
1322	s	19.5093,98.8061 19.5093,98.8060
1322	s	19.5065,98.9583 19.5078,98.9539 19.5084,98.9490 19.5071,98.9461 19.5080,98.9423 19.5072,98.9385 19.5064,98.9357 19.5077,98.9331 19.5105,98.9324 19.5119,98.9297 19.5128,98.9267 19.5117,98.9241 19.5115,98.9209 19.5114,98.9174 19.5125,98.9145 19.5152,98.9122 19.5162,98.9088 19.5187,98.9069 19.5191,98.9040 19.5199,98.9011 19.5220,98.8990 19.5239,98.8969 19.5264,98.8935 19.5280,98.8909 19.5278,98.8880 19.5268,98.8853 19.5283,98.8827 19.5272,98.8800 19.5282,98.8772 19.5277,98.8740 19.5267,98.8707 19.5255,98.8677 19.5248,98.8644 19.5250,98.8614 19.5241,98.8586 19.5214,98.8591 19.5189,98.8604 19.5169,98.8625 19.5152,98.8602 19.5160,98.8572 19.5179,98.8542 19.5179,98.8511 19.5154,98.8492 19.5172,98.8471 19.5154,98.8444 19.5151,98.8415 19.5145,98.8374 19.5140,98.8360
1249	s	19.8222,99.0995 19.8224,99.0996
1249	s	19.8013,99.1556 19.8009,99.1527 19.8024,99.1503 19.8048,99.1476 19.8054,99.1445 19.8059,99.1415 19.8055,99.1386 19.8059,99.1356 19.8064,99.1328 19.8065,99.1296 19.8075,99.1258 19.8086,99.1231 19.8107,99.1210 19.8120,99.1179 19.8130,99.1149 19.8150,99.1125 19.8163,99.1100 19.8159,99.1070 19.8156,99.1039 19.8171,99.1012 19.8199,99.0999 19.8222,99.0995
1249	s	19.8414,99.0743 19.8415,99.0743
1249	s	19.8379,99.0830 19.8387,99.0789 19.8399,99.0763 19.8414,99.0743
1249	s	19.8378,99.0835 19.8379,99.0830
1249	s	19.8224,99.0996 19.8250,99.0988 19.8267,99.1013 19.8287,99.1035 19.8302,99.1009 19.8326,99.0995 19.8350,99.0974 19.8359,99.0947 19.8368,99.0919 19.8367,99.0891 19.8371,99.0862 19.8378,99.0835
1322	s	19.6869,98.7934 19.6889,98.7964 19.6908,98.7985 19.6919,98.8012 19.6893,98.8028 19.6869,98.8044 19.6877,98.8072 19.6888,98.8098 19.6885,98.8128 19.6875,98.8159 19.6866,98.8167
1322	s	19.6866,98.8167 19.6864,98.8168
1095	s	19.5160,98.2510 19.5160,98.2511
1095	s	19.5189,98.2472 19.5164,98.2487 19.5160,98.2510
1322	s	19.7356,98.8396 19.7357,98.8407
1322	s	19.7354,98.8389 19.7355,98.8391
1322	s	19.7355,98.8391 19.7355,98.8394
1322	s	19.7355,98.8394 19.7356,98.8396
1322	s	19.7365,98.8581 19.7367,98.8584
1322	s	19.7365,98.8579 19.7365,98.8581
1322	s	19.7368,98.8585 19.7369,98.8587
1322	s	19.7367,98.8584 19.7368,98.8585
1322	s	19.7371,98.8590 19.7375,98.8594
1322	s	19.7375,98.8594 19.7376,98.8595
1322	s	19.7376,98.8595 19.7372,98.8599
1322	s	19.7372,98.8599 19.7370,98.8599
1322	s	19.7362,98.8609 19.7355,98.8614
1322	s	19.7363,98.8607 19.7362,98.8609
1322	s	19.7208,98.8854 19.7234,98.8869 19.7264,98.8885 19.7289,98.8899 19.7295,98.8928 19.7318,98.8944 19.7336,98.8967 19.7343,98.8998 19.7343,98.9000
1322	s	19.7207,98.8854 19.7208,98.8854
1322	s	19.6638,98.7499 19.6655,98.7523 19.6671,98.7560 19.6702,98.7564 19.6729,98.7568 19.6717,98.7600 19.6740,98.7629 19.6723,98.7653 19.6740,98.7677 19.6762,98.7695 19.6750,98.7721 19.6764,98.7748 19.6780,98.7785 19.6781,98.7816 19.6769,98.7845 19.6766,98.7875 19.6785,98.7898 19.6810,98.7928 19.6844,98.7929 19.6867,98.7933
1322	s	19.6636,98.7496 19.6638,98.7499
1322	s	19.6441,98.6382 19.6442,98.6413 19.6456,98.6439 19.6470,98.6474 19.6478,98.6506 19.6488,98.6534 19.6513,98.6546 19.6539,98.6568 19.6554,98.6593
1322	s	19.6581,98.6725 19.6579,98.6727
1178	s	19.6313,98.9593 19.6284,98.9592 19.6203,98.9580 19.6183,98.9577
1178	s	19.6393,98.9579 19.6392,98.9579
1178	s	19.6392,98.9579 19.6345,98.9588 19.6315,98.9593 19.6314,98.9593
1178	s	19.6314,98.9593 19.6313,98.9593
1178	s	19.6009,98.9590 19.5993,98.9600
1178	s	19.6010,98.9589 19.6009,98.9590
1147	s	18.5865,99.0506 18.5877,99.0477
1317	s	18.7276,99.1008 18.7267,99.1021
1317	s	18.7464,99.0713 18.7450,99.0741 18.7433,99.0767 18.7426,99.0778
1095	s	19.0877,98.9018 19.0878,98.9020
1095	s	19.0876,98.9016 19.0877,98.9018
1095	s	19.0880,98.9022 19.0878,98.9034
1095	s	19.0878,98.9020 19.0880,98.9022
1174	s	19.9386,100.2537 19.9388,100.2540
1174	s	19.9878,100.2566 19.9835,100.2549 19.9765,100.2521 19.9721,100.2504 19.9672,100.2485 19.9625,100.2466 19.9581,100.2449 19.9563,100.2479 19.9551,100.2507 19.9524,100.2518 19.9491,100.2523 19.9445,100.2531 19.9402,100.2538 19.9388,100.2540
1098	s	20.1232,100.0437 20.1220,100.0430
1098	s	20.1203,100.0422 20.1219,100.0429
1098	s	20.1199,100.0415 20.1203,100.0422
1098	s	20.1220,100.0430 20.1203,100.0422
1098	s	20.1219,100.0429 20.1220,100.0429
1098	s	20.1222,100.0430 20.1232,100.0437
1098	s	20.1220,100.0429 20.1222,100.0430
1299	s	19.8805,99.9377 19.8805,99.9377
1299	s	19.8796,99.9413 19.8805,99.9385 19.8805,99.9377
1088	s	18.8154,98.3331 18.8149,98.3328
1322	s	19.5140,98.8359 19.5124,98.8313 19.5135,98.8285 19.5134,98.8254 19.5106,98.8231 19.5111,98.8200 19.5086,98.8184 19.5064,98.8168 19.5037,98.8157 19.5063,98.8142 19.5072,98.8111 19.5085,98.8082 19.5093,98.8061
1322	s	19.5140,98.8360 19.5140,98.8359
1154	s	18.4934,100.2020 18.4907,100.2028 18.4881,100.2019 18.4858,100.1992 18.4837,100.1967
1154	s	18.4866,100.2001 18.4886,100.2022 18.4919,100.2023 18.4934,100.2020
1216	s	18.3927,100.4577 18.3932,100.4573
1216	s	18.3933,100.4575 18.3927,100.4577
1367	s	18.8142,99.0289 18.8123,99.0286
1001	s	18.8972,99.0080 18.8974,99.0078
1001	s	18.8968,99.0082 18.8972,99.0080
1260	s	18.9178,98.9749 18.9175,98.9721
1	s	18.2662,99.4703 18.2642,99.4681 18.2628,99.4667
1098	s	20.1468,100.0363 20.1496,100.0369 20.1468,100.0363
1098	s	20.1468,100.0363 20.1443,100.0350 20.1411,100.0344 20.1377,100.0336 20.1348,100.0331 20.1279,100.0311 20.1274,100.0309
1091	s	19.2804,100.2251 19.2803,100.2262
1274	s	18.0461,99.2325 18.0460,99.2325
1329	s	18.3789,99.5072 18.3770,99.5097 18.3772,99.5129 18.3765,99.5161 18.3792,99.5164 18.3804,99.5171
1329	s	18.3790,99.5071 18.3789,99.5072
1168	s	18.7005,101.1518 18.7022,101.1492 18.7039,101.1517 18.7068,101.1537 18.7087,101.1558 18.7093,101.1587 18.7101,101.1617 18.7101,101.1646 18.7128,101.1656 18.7153,101.1674 18.7177,101.1692 18.7189,101.1721 18.7208,101.1743 18.7235,101.1735 18.7259,101.1751 18.7289,101.1753 18.7302,101.1727 18.7309,101.1757 18.7314,101.1791 18.7315,101.1813
1168	s	18.7003,101.1517 18.7005,101.1518
1333	s	19.0382,101.1721 19.0380,101.1723
1333	s	19.0556,101.1688 19.0523,101.1670 19.0496,101.1677 19.0468,101.1700 19.0439,101.1699 19.0412,101.1709 19.0384,101.1718 19.0382,101.1721
1081	s	19.5619,101.1357 19.5620,101.1360
1207	s	19.9302,99.8153 19.9315,99.8150
1207	s	19.9298,99.8155 19.9302,99.8153
1232	s	19.9084,99.8453 19.9097,99.8427 19.9103,99.8407
1232	s	19.9084,99.8454 19.9084,99.8453
1317	s	18.7424,99.0780 18.7426,99.0777
1322	s	19.6554,98.6593 19.6570,98.6619 19.6586,98.6651 19.6586,98.6693 19.6584,98.6723 19.6581,98.6725
1322	s	19.5808,98.6191 19.5835,98.6189 19.5858,98.6214 19.5890,98.6231 19.5919,98.6233 19.5945,98.6220 19.5974,98.6205 19.6000,98.6214 19.6024,98.6232 19.6053,98.6230 19.6082,98.6235 19.6110,98.6238 19.6130,98.6257 19.6149,98.6279 19.6176,98.6291 19.6204,98.6292 19.6234,98.6297 19.6264,98.6291 19.6286,98.6310 19.6312,98.6329 19.6341,98.6333 19.6370,98.6350 19.6383,98.6352
1367	s	18.8114,99.0284 18.8118,99.0285
1414	s	19.0707,98.9525 19.0706,98.9530
1414	s	19.0706,98.9530 19.0706,98.9530
1260	s	18.9179,98.9751 18.9184,98.9791 18.9188,98.9822 18.9191,98.9852 18.9196,98.9894 18.9209,98.9926 18.9217,98.9941
1260	s	18.9179,98.9749 18.9179,98.9751
1013	s	18.6244,98.8953 18.6241,98.8916 18.6238,98.8888
1013	s	18.6191,98.8702 18.6179,98.8674 18.6166,98.8641 18.6155,98.8614 18.6143,98.8586 18.6132,98.8559 18.6123,98.8531 18.6119,98.8512
1013	s	18.6118,98.8508 18.6111,98.8479 18.6101,98.8447 18.6089,98.8419 18.6076,98.8393 18.6066,98.8369
1013	s	18.6119,98.8512 18.6118,98.8508
1013	s	18.6238,98.8888 18.6233,98.8849 18.6226,98.8814 18.6216,98.8780 18.6206,98.8750 18.6197,98.8718 18.6193,98.8706
1013	s	18.6193,98.8706 18.6191,98.8702
1013	s	18.6193,98.8703 18.6193,98.8703
1013	s	18.6193,98.8703 18.6194,98.8706
1020	s	19.6189,100.0729 19.6218,100.0733 19.6255,100.0743 19.6286,100.0747 19.6313,100.0755 19.6337,100.0773 19.6359,100.0791 19.6382,100.0808 19.6416,100.0830 19.6436,100.0850 19.6469,100.0858 19.6488,100.0864
1020	s	19.6189,100.0729 19.6161,100.0720 19.6149,100.0710
1020	s	19.6149,100.0710 19.6180,100.0725 19.6189,100.0729
1202	s	19.2130,99.9487 19.2143,99.9514 19.2152,99.9542 19.2153,99.9547
1211	s	19.8459,99.7293 19.8458,99.7291
1208	s	19.8451,99.7277 19.8452,99.7276
1211	s	19.8458,99.7291 19.8439,99.7253 19.8414,99.7202 19.8407,99.7189
1173	s	19.8788,99.8929 19.8775,99.8955 19.8766,99.8983 19.8777,99.9009 19.8793,99.9033 19.8805,99.9060 19.8796,99.9087 19.8818,99.9111 19.8833,99.9140 19.8839,99.9170 19.8838,99.9208 19.8837,99.9244 19.8829,99.9274 19.8817,99.9294
1152	s	19.8573,99.8929 19.8559,99.8921
1152	s	19.8564,99.8920 19.8573,99.8929
1152	s	19.8618,100.0429 19.8596,100.0411 19.8567,100.0401 19.8538,100.0396 19.8510,100.0386 19.8477,100.0376 19.8450,100.0381 19.8415,100.0374 19.8382,100.0366 19.8353,100.0357 19.8319,100.0332 19.8306,100.0305 19.8287,100.0283 19.8269,100.0260 19.8265,100.0255
1152	s	19.8618,100.0429 19.8635,100.0439
1152	s	19.8636,100.0440 19.8618,100.0429
1174	s	19.8827,100.1629 19.8791,100.1607 19.8766,100.1595 19.8742,100.1578 19.8710,100.1571 19.8670,100.1564 19.8632,100.1557 19.8604,100.1560 19.8577,100.1573 19.8539,100.1567 19.8513,100.1550 19.8486,100.1544 19.8479,100.1546
1152	s	19.8906,100.1089 19.8884,100.1099
1174	s	19.8827,100.1629 19.8849,100.1646 19.8865,100.1670
1174	s	19.8865,100.1670 19.8847,100.1646 19.8827,100.1629
1152	s	19.8884,100.1099 19.8906,100.1088
1020	s	19.6854,100.1947 19.6869,100.1914 19.6880,100.1888 19.6882,100.1883
1020	s	19.6886,100.1867 19.6894,100.1835 19.6902,100.1803 19.6909,100.1768 19.6915,100.1738 19.6917,100.1732
1020	s	19.6917,100.1732 19.6912,100.1761 19.6904,100.1803 19.6895,100.1835 19.6888,100.1863 19.6886,100.1867
1152	s	19.8508,99.9403 19.8520,99.9396
1152	s	19.8520,99.9396 19.8522,99.9395
1152	s	19.8520,99.9397 19.8508,99.9403
1152	s	19.8523,99.9396 19.8520,99.9397
1152	s	19.8580,99.9227 19.8616,99.9216 19.8617,99.9185 19.8616,99.9155 19.8626,99.9127 19.8619,99.9090 19.8590,99.9061 19.8581,99.9032 19.8581,99.9001 19.8590,99.8973 19.8576,99.8933 19.8573,99.8929
1152	s	19.8517,99.9365 19.8528,99.9391 19.8523,99.9396
1152	s	19.8522,99.9395 19.8517,99.9365
120	s	19.0973,99.9163 19.0954,99.9130 19.0951,99.9125
120	s	19.0955,99.9124 19.0971,99.9153 19.0974,99.9162
1359	s	19.3489,98.9613 19.3524,98.9630 19.3554,98.9640
1260	s	18.9216,98.9941 18.9203,98.9915 18.9191,98.9863 18.9188,98.9830 18.9183,98.9790 18.9179,98.9752
1265	s	19.2446,98.4818 19.2429,98.4807
1265	s	19.2429,98.4807 19.2429,98.4807
1317	s	18.7499,99.0639 18.7513,99.0611 18.7518,99.0600
1317	s	18.7529,99.0587 18.7526,99.0594
1352	s	17.6406,99.2357 17.6429,99.2374 17.6434,99.2407 17.6441,99.2416
1147	s	18.5866,99.0506 18.5854,99.0539 18.5851,99.0543
1087	s	17.7740,98.9558 17.7743,98.9568
1150	s	19.3261,99.4998 19.3256,99.5056 19.3250,99.5114
1001	s	19.2392,99.1860 19.2360,99.1860 19.2320,99.1861 19.2293,99.1850 19.2245,99.1853 19.2223,99.1836 19.2183,99.1822 19.2146,99.1816 19.2137,99.1814
1001	s	19.2392,99.1860 19.2392,99.1860
1150	s	19.4326,99.0761 19.4305,99.0782 19.4287,99.0809 19.4274,99.0829
1154	s	18.4635,100.1826 18.4623,100.1829
1154	s	18.4645,100.1823 18.4635,100.1826
1034	s	18.2012,99.3905 18.2044,99.3897 18.2072,99.3898 18.2080,99.3902
1034	s	18.2079,99.3903 18.2044,99.3898 18.2016,99.3904 18.2012,99.3905
1034	s	18.2224,99.3964 18.2252,99.3955 18.2285,99.3923 18.2305,99.3903 18.2386,99.3894 18.2412,99.3893
1034	s	18.2412,99.3893 18.2365,99.3896 18.2321,99.3899 18.2295,99.3913 18.2264,99.3945 18.2240,99.3962 18.2225,99.3965
1034	s	18.2412,99.3893 18.2443,99.3891 18.2471,99.3890 18.2499,99.3882 18.2529,99.3880 18.2563,99.3880 18.2594,99.3880 18.2622,99.3881 18.2648,99.3893 18.2677,99.3884 18.2703,99.3871 18.2780,99.3833
1269	s	18.7999,98.7930 18.7997,98.7949
1334	s	20.3419,99.7296 20.3436,99.7317 20.3452,99.7346 20.3462,99.7372
1334	s	20.3413,99.7293 20.3419,99.7296
1	s	19.8806,99.8335 19.8837,99.8344 19.8871,99.8355 19.8899,99.8363 19.8930,99.8372 19.8959,99.8381 19.8990,99.8390 19.9016,99.8398 19.9046,99.8406 19.9067,99.8407
1367	s	18.8890,99.0270 18.8898,99.0241 18.8907,99.0211 18.8914,99.0182 18.8918,99.0157
1005	s	18.7889,98.9774 18.7890,98.9742 18.7890,98.9732
1265	s	19.0732,98.3066 19.0736,98.3042
1265	s	19.0731,98.3069 19.0732,98.3066
1349	s	19.0722,98.3033 19.0695,98.3043
1349	s	19.0695,98.3043 19.0693,98.3044
1088	s	18.6557,98.3796 18.6525,98.3764 18.6506,98.3785 18.6479,98.3780 18.6452,98.3774 18.6443,98.3767
1088	s	18.6443,98.3767 18.6442,98.3766
1124	s	17.8906,99.5966 17.8908,99.5970
1124	s	17.9017,99.6017 17.9003,99.5992 17.8970,99.5974 17.8941,99.5975 17.8913,99.5974 17.8905,99.5969
1124	s	17.8910,99.5954 17.8906,99.5966
1125	s	17.9029,99.6038 17.9016,99.6052
1124	s	17.8908,99.5970 17.8939,99.5974 17.8967,99.5972 17.8998,99.5986 17.9018,99.6016
1023	s	17.9028,99.6037 17.9043,99.6030
1124	s	17.8908,99.5958 17.8910,99.5954
1023	s	17.9043,99.6030 17.9069,99.6019 17.9110,99.6024 17.9152,99.6025 17.9209,99.6026 17.9251,99.6027 17.9290,99.6030 17.9381,99.6032 17.9416,99.6034 17.9442,99.6044
1322	s	19.5487,98.6530 19.5516,98.6509 19.5539,98.6493 19.5549,98.6446 19.5567,98.6423 19.5571,98.6394 19.5584,98.6366 19.5601,98.6343 19.5625,98.6324 19.5657,98.6316 19.5686,98.6308 19.5708,98.6292 19.5732,98.6273 19.5753,98.6243 19.5777,98.6217 19.5801,98.6196 19.5808,98.6191
1322	s	19.5486,98.6533 19.5487,98.6530
1346	s	19.5138,99.1687 19.5154,99.1662 19.5184,99.1658 19.5210,99.1642 19.5237,99.1647 19.5262,99.1632 19.5281,99.1610 19.5305,99.1593 19.5333,99.1603 19.5362,99.1601 19.5389,99.1593 19.5421,99.1601 19.5447,99.1608 19.5475,99.1604 19.5504,99.1623 19.5530,99.1641 19.5552,99.1659 19.5578,99.1670 19.5607,99.1677 19.5638,99.1680 19.5666,99.1690 19.5681,99.1714 19.5705,99.1733 19.5734,99.1736 19.5763,99.1736 19.5794,99.1735 19.5821,99.1738 19.5850,99.1744 19.5878,99.1748 19.5904,99.1739 19.5932,99.1736 19.5956,99.1755 19.5980,99.1772 19.5983,99.1760
1346	s	19.5115,99.1732 19.5136,99.1711 19.5138,99.1687
1232	s	19.9120,99.8755 19.9123,99.8727 19.9132,99.8703
1232	s	19.9132,99.8696 19.9129,99.8668 19.9119,99.8640 19.9104,99.8616 19.9095,99.8606
1001	s	19.3653,99.2019 19.3653,99.2027
1174	s	20.1287,100.3371 20.1313,100.3384 20.1333,100.3405 20.1343,100.3429
1174	s	20.0784,100.3054 20.0809,100.3068 20.0825,100.3078
1174	s	20.1241,100.3343 20.1267,100.3356 20.1287,100.3371
1174	s	20.0825,100.3078 20.0852,100.3086 20.0878,100.3096 20.0906,100.3102 20.0930,100.3117 20.0955,100.3130 20.0976,100.3155 20.0981,100.3184 20.1026,100.3200 20.1054,100.3215 20.1077,100.3244 20.1088,100.3274 20.1115,100.3301 20.1146,100.3304 20.1176,100.3320 20.1213,100.3334 20.1241,100.3343
1174	s	20.0665,100.3043 20.0694,100.3040 20.0725,100.3044 20.0728,100.3044
1174	s	20.0728,100.3044 20.0760,100.3047 20.0784,100.3054
1317	s	18.7333,99.0918 18.7351,99.0891 18.7371,99.0861 18.7389,99.0832 18.7409,99.0803 18.7424,99.0780
1317	s	18.7426,99.0777 18.7444,99.0750 18.7460,99.0719 18.7462,99.0714
1317	s	18.7334,99.0919 18.7318,99.0943 18.7299,99.0972 18.7280,99.1001 18.7276,99.1008
1317	s	18.7264,99.1022 18.7287,99.0989 18.7305,99.0962 18.7322,99.0935 18.7333,99.0918
1211	s	19.8756,99.7846 19.8756,99.7847
1211	s	19.8754,99.7832 19.8756,99.7846
1126	s	19.4507,100.1629 19.4507,100.1626
1126	s	19.4507,100.1626 19.4509,100.1589 19.4510,100.1560 19.4508,100.1524 19.4504,100.1477 19.4501,100.1444 19.4498,100.1416 19.4494,100.1374 19.4496,100.1327 19.4497,100.1296 19.4494,100.1280
1021	s	19.4521,100.1991 19.4489,100.1968 19.4461,100.1948 19.4433,100.1928 19.4409,100.1910 19.4362,100.1876 19.4339,100.1860 19.4304,100.1834 19.4278,100.1815 19.4255,100.1800 19.4221,100.1785 19.4185,100.1774 19.4150,100.1764 19.4093,100.1749 19.4056,100.1738 19.4029,100.1731 19.3999,100.1722 19.3971,100.1714 19.3934,100.1703 19.3905,100.1695 19.3879,100.1687 19.3856,100.1670 19.3834,100.1651 19.3812,100.1633 19.3790,100.1614 19.3752,100.1582 19.3707,100.1544 19.3600,100.1454 19.3576,100.1434 19.3539,100.1403 19.3512,100.1380 19.3485,100.1358 19.3464,100.1343
1021	s	19.4906,100.2733 19.4905,100.2725
1021	s	19.4906,100.2725 19.4907,100.2733
1021	s	19.4531,100.1999 19.4555,100.2014 19.4579,100.2032 19.4605,100.2051 19.4659,100.2089 19.4686,100.2109 19.4704,100.2133 19.4707,100.2162 19.4707,100.2221 19.4707,100.2251 19.4737,100.2295 19.4762,100.2323 19.4782,100.2344 19.4800,100.2366 19.4828,100.2442 19.4841,100.2475 19.4859,100.2524 19.4878,100.2577 19.4889,100.2607 19.4895,100.2642 19.4901,100.2686 19.4905,100.2715 19.4906,100.2725
1021	s	19.4973,100.2782 19.4944,100.2774 19.4917,100.2765 19.4906,100.2733
1021	s	19.4907,100.2733 19.4914,100.2762 19.4950,100.2775 19.4973,100.2780
1232	s	19.9084,99.8579 19.9079,99.8546 19.9081,99.8527
1193	s	19.1374,99.8918 19.1359,99.8887 19.1355,99.8867
1033	s	18.5423,98.9688 18.5433,98.9686
1095	s	19.3608,98.4257 19.3638,98.4255
1095	s	19.3603,98.4262 19.3608,98.4257
1009	s	18.4893,98.6735 18.4918,98.6724 18.4921,98.6720
1269	s	18.7719,98.8628 18.7718,98.8656 18.7716,98.8667
1269	s	18.7721,98.8626 18.7719,98.8628
1154	s	18.7492,99.9919 18.7491,99.9923
1154	s	18.7491,99.9923 18.7478,99.9955 18.7465,99.9981 18.7463,99.9984
1081	s	19.2308,101.1826 19.2304,101.1827
1150	s	19.3687,99.2043 19.3681,99.2075 19.3681,99.2117 19.3682,99.2151
1349	s	18.8616,98.7028 18.8617,98.7042
1349	s	18.8617,98.7042 18.8618,98.7044
1141	s	18.7716,98.9726 18.7714,98.9733
108	s	18.7705,98.9784 18.7704,98.9783
106	s	18.6120,99.0266 18.6113,99.0260
106	s	18.6113,99.0260 18.6121,99.0265
1033	s	18.5424,98.9689 18.5418,98.9689
1033	s	18.5418,98.9689 18.5423,98.9688
106	s	18.5441,98.9687 18.5446,98.9710
106	s	18.5446,98.9710 18.5440,98.9687
1033	s	18.5433,98.9688 18.5424,98.9689
1033	s	18.5440,98.9687 18.5433,98.9688
106	s	18.6104,99.0255 18.6077,99.0246 18.6050,99.0235 18.6023,99.0212 18.6001,99.0193 18.5991,99.0184
1290	s	20.2205,100.1317 20.2212,100.1347 20.2218,100.1378 20.2217,100.1421
1026	s	18.5681,100.7428 18.5680,100.7433
1419	s	17.9813,100.0540 17.9833,100.0527
1360	s	19.8983,99.2001 19.8998,99.2003
1360	s	19.8998,99.2004 19.8983,99.2003
1360	s	19.9506,99.2367 19.9494,99.2364
1395	s	19.3557,98.4366 19.3531,98.4348 19.3504,98.4353 19.3474,98.4341 19.3460,98.4332
1395	s	19.3727,98.4299 19.3704,98.4323 19.3686,98.4344
1349	s	18.8610,98.7287 18.8597,98.7312
1230	s	18.8190,99.3021 18.8213,99.3002 18.8241,99.2989 18.8243,99.2960 18.8259,99.2937 18.8241,99.2916 18.8258,99.2883 18.8291,99.2874 18.8300,99.2870
1006	s	18.7404,99.1565 18.7412,99.1597 18.7425,99.1626 18.7426,99.1631
1360	s	19.9124,99.2060 19.9134,99.2070
1360	s	19.9133,99.2071 19.9124,99.2060
1360	s	19.9134,99.2072 19.9133,99.2071
1360	s	19.9134,99.2070 19.9134,99.2071
1226	s	19.6876,98.2204 19.6861,98.2178 19.6861,98.2149 19.6845,98.2126 19.6846,98.2096 19.6837,98.2088
1250	s	19.2740,97.9440 19.2740,97.9443
1250	s	19.2740,97.9440 19.2739,97.9438
1250	s	19.2740,97.9438 19.2740,97.9440
1337	s	18.7361,97.8247 18.7384,97.8232 18.7399,97.8206 18.7425,97.8194 18.7449,97.8179 18.7477,97.8169 18.7500,97.8183 18.7518,97.8212 18.7521,97.8244 18.7529,97.8273 18.7540,97.8286
1337	s	18.7540,97.8286 18.7543,97.8285
1337	s	18.8112,97.8484 18.8092,97.8476
1337	s	18.8113,97.8490 18.8112,97.8484
1088	s	18.8169,98.3343 18.8154,98.3331
1088	s	18.4945,98.3745 18.4957,98.3732
1266	s	18.3979,98.0850 18.3960,98.0829 18.3930,98.0820 18.3904,98.0792 18.3890,98.0772
1099	s	17.3991,98.4564 17.4027,98.4572
1012	s	18.0787,98.5709 18.0801,98.5737 18.0826,98.5762 18.0859,98.5770 18.0907,98.5799 18.0920,98.5808
1362	s	17.9524,98.6693 17.9550,98.6675 17.9572,98.6647 17.9557,98.6605 17.9552,98.6601
1274	s	18.0479,99.2334 18.0461,99.2325
1274	s	18.0679,99.2515 18.0680,99.2517
1035	s	18.7271,99.5811 18.7281,99.5835
1035	s	18.7283,99.5836 18.7308,99.5826
1035	s	18.7280,99.5836 18.7271,99.5811
1035	s	18.7308,99.5826 18.7284,99.5837
1361	s	18.7281,99.5839 18.7256,99.5850
1035	s	18.3085,99.5132 18.3087,99.5134
1391	s	18.1758,99.5554 18.1778,99.5551
1391	s	18.1778,99.5551 18.1789,99.5550
1391	s	18.1789,99.5550 18.1790,99.5549
1037	s	18.1728,99.5598 18.1727,99.5567
1154	s	18.7510,99.9870 18.7499,99.9903 18.7492,99.9919
1102	s	17.5549,99.1792 17.5573,99.1805 17.5597,99.1825 17.5625,99.1817 17.5645,99.1794 17.5671,99.1779 17.5704,99.1768 17.5731,99.1774 17.5762,99.1791 17.5773,99.1821 17.5773,99.1850 17.5779,99.1878 17.5777,99.1909 17.5782,99.1943 17.5796,99.1971 17.5821,99.1988 17.5846,99.2001 17.5873,99.2024 17.5891,99.2049
1102	s	17.5891,99.2049 17.5894,99.2078 17.5892,99.2089
1409	s	20.4391,99.9048 20.4397,99.9047
1129	s	20.2665,100.0901 20.2640,100.0916 20.2614,100.0933 20.2609,100.0937
1129	s	20.2892,100.0882 20.2851,100.0884 20.2843,100.0883
1409	s	20.4267,99.9085 20.4268,99.9085
1409	s	20.4390,99.9048 20.4391,99.9048
1409	s	20.4389,99.9048 20.4390,99.9048
1299	s	19.8814,99.9307 19.8812,99.9313
1299	s	19.8812,99.9313 19.8813,99.9307
1345	s	19.5275,100.3110 19.5274,100.3108
นน.ถ1-0061	s	19.1799,100.8606 19.1794,100.8574 19.1792,100.8565
1216	s	18.2940,100.5783 18.2923,100.5760 18.2909,100.5732 18.2906,100.5700 18.2881,100.5684 18.2854,100.5680 18.2832,100.5658 18.2816,100.5632 18.2819,100.5601 18.2817,100.5589
1317	s	18.7479,99.0684 18.7464,99.0713
1317	s	18.7480,99.0682 18.7479,99.0684
1317	s	18.7471,99.0695 18.7477,99.0682
1317	s	18.7477,99.0682 18.7478,99.0681
1004	s	18.8109,98.9372 18.8107,98.9372
1004	s	18.8139,98.9375 18.8114,98.9385 18.8109,98.9372
1014	s	18.7640,99.0814 18.7625,99.0803
1014	s	18.7626,99.0802 18.7640,99.0813
1154	s	18.7461,99.9986 18.7446,100.0016 18.7429,100.0039 18.7402,100.0058 18.7367,100.0068 18.7337,100.0075 18.7309,100.0083 18.7289,100.0088
1154	s	18.7463,99.9984 18.7461,99.9986
1317	s	18.7163,99.1452 18.7144,99.1413
1317	s	18.7145,99.1412 18.7163,99.1452
1317	s	18.7144,99.1409 18.7145,99.1412
1269	s	18.7247,98.9256 18.7246,98.9269
1269	s	18.7245,98.9269 18.7247,98.9256
1	s	19.9066,99.8411 19.9039,99.8409 19.9009,99.8400 19.8982,99.8393 19.8968,99.8388
1251	s	19.0914,100.0658 19.0887,100.0642 19.0862,100.0628 19.0823,100.0633 19.0791,100.0623 19.0764,100.0612 19.0759,100.0610
1091	s	18.8930,100.2873 18.8901,100.2873 18.8887,100.2864
1091	s	18.8876,100.2857 18.8887,100.2864
1091	s	18.8887,100.2864 18.8876,100.2858
1091	s	18.8879,100.2849 18.8851,100.2830 18.8825,100.2822 18.8821,100.2825
1091	s	18.8879,100.2849 18.8877,100.2858
1263	s	18.7984,98.1150 18.7995,98.1184 18.7996,98.1232 18.7980,98.1256 18.7967,98.1283 18.7957,98.1320 18.7974,98.1346 18.7974,98.1376 18.7970,98.1405 18.7964,98.1441 18.7954,98.1471 18.7954,98.1475
1263	s	18.7999,98.1078 18.7987,98.1110 18.7980,98.1138 18.7984,98.1150
1263	s	18.8003,98.0759 18.7996,98.0789 18.7976,98.0826 18.7955,98.0847 18.7957,98.0861
1263	s	18.8020,98.0732 18.8016,98.0761 18.8003,98.0759
1263	s	18.8283,98.0304 18.8274,98.0332 18.8275,98.0362 18.8275,98.0368
1263	s	18.8418,97.9949 18.8431,97.9977 18.8432,97.9981
1263	s	18.8426,97.9992 18.8422,98.0011
1263	s	18.8286,98.0259 18.8293,98.0289 18.8283,98.0304
1211	s	19.8460,99.7293 19.8476,99.7323 19.8492,99.7360 19.8508,99.7394 19.8521,99.7430 19.8533,99.7461 19.8542,99.7488 19.8550,99.7518 19.8559,99.7551 19.8567,99.7579 19.8584,99.7620
1211	s	19.8407,99.7189 19.8374,99.7125 19.8364,99.7105
1211	s	19.8364,99.7105 19.8386,99.7147 19.8404,99.7181 19.8408,99.7189
1211	s	19.8408,99.7189 19.8421,99.7216 19.8439,99.7253 19.8459,99.7290 19.8459,99.7291
1211	s	19.7839,99.6595 19.7807,99.6573 19.7787,99.6553 19.7761,99.6524 19.7730,99.6530 19.7727,99.6537
1409	s	20.4300,99.9067 20.4325,99.9049 20.4357,99.9052 20.4389,99.9048
1013	s	18.6051,98.8336 18.6030,98.8288 18.6008,98.8239 18.5996,98.8211 18.5996,98.8210
1001	s	19.3438,99.1964 19.3462,99.1977 19.3485,99.1993 19.3513,99.1985 19.3545,99.1983 19.3577,99.1990 19.3611,99.2006 19.3615,99.2008
1001	s	19.3438,99.1964 19.3406,99.1950 19.3376,99.1941 19.3343,99.1932 19.3315,99.1918 19.3280,99.1905 19.3252,99.1900 19.3213,99.1900 19.3185,99.1901 19.3146,99.1903 19.3085,99.1898 19.3037,99.1893
1001	s	19.3615,99.2008 19.3585,99.1996 19.3559,99.1985 19.3522,99.1985 19.3493,99.1994 19.3463,99.1980 19.3438,99.1964
1091	s	18.8496,100.4414 18.8498,100.4374 18.8499,100.4345 18.8495,100.4316 18.8494,100.4282 18.8491,100.4246 18.8484,100.4234
1091	s	18.8509,100.4452 18.8533,100.4477 18.8551,100.4514 18.8567,100.4539 18.8598,100.4555 18.8618,100.4575 18.8619,100.4605 18.8624,100.4634 18.8650,100.4660 18.8671,100.4680 18.8684,100.4710 18.8696,100.4736 18.8709,100.4761 18.8717,100.4793 18.8716,100.4823 18.8732,100.4847 18.8750,100.4872 18.8732,100.4893 18.8741,100.4921 18.8730,100.4947 18.8741,100.4974 18.8750,100.5001 18.8739,100.5028 18.8730,100.5056 18.8735,100.5087 18.8735,100.5123 18.8737,100.5155 18.8730,100.5183 18.8724,100.5212 18.8742,100.5244 18.8736,100.5273 18.8746,100.5302 18.8756,100.5330 18.8765,100.5357 18.8776,100.5384 18.8778,100.5416 18.8757,100.5439 18.8732,100.5454 18.8714,100.5477 18.8713,100.5506 18.8698,100.5532 18.8700,100.5564 18.8711,100.5596 18.8727,100.5622 18.8742,100.5660 18.8755,100.5688 18.8760,100.5717 18.8777,100.5741 18.8773,100.5770 18.8762,100.5797 18.8773,100.5824 18.8788,100.5847 18.8766,100.5870 18.8747,100.5891
1091	s	18.8498,100.4414 18.8508,100.4450 18.8509,100.4452
1093	s	19.5711,100.2991 19.5711,100.2993
1091	s	18.8169,100.6686 18.8178,100.6719 18.8191,100.6746 18.8175,100.6789 18.8172,100.6818 18.8164,100.6872 18.8159,100.6901 18.8148,100.6927 18.8147,100.6958 18.8140,100.6968
1091	s	18.8139,100.6967 18.8147,100.6930 18.8156,100.6902 18.8163,100.6872 18.8168,100.6831 18.8168,100.6802 18.8183,100.6762 18.8183,100.6733 18.8173,100.6705 18.8168,100.6686
1157	s	18.5633,99.4730 18.5604,99.4738 18.5573,99.4749 18.5544,99.4761
1157	s	18.7627,99.5229 18.7600,99.5213 18.7572,99.5197 18.7549,99.5175 18.7523,99.5154 18.7497,99.5137 18.7449,99.5108 18.7414,99.5090 18.7381,99.5083 18.7343,99.5087 18.7308,99.5071 18.7281,99.5063 18.7248,99.5041 18.7213,99.5031 18.7168,99.5039 18.7121,99.5035 18.7055,99.5003 18.7031,99.4990 18.6993,99.4980 18.6948,99.4980 18.6883,99.4980 18.6853,99.4992 18.6782,99.4989 18.6757,99.4973 18.6731,99.4959 18.6698,99.4963 18.6651,99.4957 18.6624,99.4961 18.6591,99.4968 18.6542,99.4944 18.6508,99.4938 18.6475,99.4940 18.6433,99.4942 18.6358,99.4931 18.6306,99.4908 18.6275,99.4898 18.6240,99.4859 18.6213,99.4835 18.6184,99.4816 18.6133,99.4823 18.6093,99.4839 18.6066,99.4828 18.6048,99.4804 18.6019,99.4801 18.5994,99.4790 18.5968,99.4780 18.5939,99.4771 18.5922,99.4744 18.5902,99.4722 18.5875,99.4724 18.5843,99.4720 18.5808,99.4713 18.5782,99.4706 18.5757,99.4692 18.5729,99.4695 18.5707,99.4714 18.5678,99.4725 18.5650,99.4728 18.5633,99.4730
1157	s	18.5544,99.4761 18.5515,99.4766 18.5482,99.4770 18.5454,99.4773 18.5440,99.4800 18.5410,99.4801 18.5382,99.4790 18.5352,99.4785 18.5324,99.4781 18.5287,99.4777 18.5246,99.4772 18.5219,99.4767 18.5185,99.4763 18.5158,99.4760 18.5124,99.4757 18.5096,99.4747 18.5049,99.4731 18.5021,99.4721 18.4993,99.4718 18.4965,99.4721 18.4933,99.4720 18.4901,99.4719 18.4872,99.4725 18.4844,99.4723 18.4814,99.4710 18.4787,99.4697 18.4760,99.4683 18.4734,99.4667
1348	s	18.2983,99.7022 18.2971,99.7069 18.2962,99.7102 18.2909,99.7149 18.2902,99.7161
1348	s	18.2901,99.7161 18.2947,99.7124 18.2961,99.7099 18.2970,99.7069 18.2981,99.7030 18.2983,99.7022
1154	s	18.7286,100.0089 18.7255,100.0098 18.7226,100.0105 18.7196,100.0112 18.7060,100.0149 18.7025,100.0155 18.6965,100.0147 18.6835,100.0143 18.6778,100.0166 18.6742,100.0183 18.6701,100.0231 18.6678,100.0258 18.6625,100.0291 18.6598,100.0294 18.6566,100.0303 18.6543,100.0319 18.6515,100.0338 18.6473,100.0353 18.6439,100.0352 18.6409,100.0356 18.6423,100.0383 18.6404,100.0408 18.6382,100.0391 18.6338,100.0407 18.6299,100.0438 18.6289,100.0467 18.6293,100.0495 18.6293,100.0527 18.6267,100.0555 18.6267,100.0586 18.6270,100.0617 18.6279,100.0648 18.6288,100.0682 18.6278,100.0709 18.6252,100.0725 18.6259,100.0761 18.6259,100.0790 18.6234,100.0805 18.6221,100.0830 18.6216,100.0860 18.6187,100.0862 18.6168,100.0888 18.6178,100.0918 18.6195,100.0955 18.6208,100.0995 18.6197,100.1029 18.6186,100.1044
1154	s	18.7289,100.0088 18.7286,100.0089
1233	s	19.8945,99.8577 19.8942,99.8606 19.8937,99.8637 19.8929,99.8672 19.8908,99.8689
ชร.5051	s	19.9261,99.8366 19.9237,99.8349 19.9218,99.8339
1091	s	18.8930,100.2873 18.8957,100.2865 18.8974,100.2841 18.8975,100.2840
1091	s	18.8731,100.2891 18.8728,100.2928 18.8723,100.2984 18.8709,100.3009 18.8689,100.3033 18.8662,100.3056 18.8649,100.3083 18.8633,100.3109 18.8606,100.3134 18.8597,100.3162 18.8575,100.3180 18.8550,100.3194 18.8512,100.3201 18.8496,100.3225 18.8484,100.3251 18.8487,100.3282 18.8494,100.3311 18.8474,100.3341 18.8474,100.3372 18.8479,100.3400 18.8465,100.3426 18.8447,100.3477 18.8433,100.3510 18.8409,100.3523 18.8382,100.3521 18.8368,100.3546 18.8367,100.3577 18.8382,100.3601 18.8401,100.3621 18.8410,100.3650 18.8384,100.3658 18.8385,100.3667
1091	s	18.8978,100.2839 18.8962,100.2863 18.8935,100.2871 18.8930,100.2873
1091	s	18.8975,100.2840 18.8978,100.2839
1251	s	19.0533,100.0512 19.0512,100.0500
1251	s	19.0759,100.0610 19.0731,100.0597 19.0686,100.0578 19.0633,100.0555 19.0602,100.0542 19.0563,100.0525 19.0533,100.0512
1251	s	19.1479,100.0030 19.1477,100.0063 19.1479,100.0101 19.1483,100.0130 19.1456,100.0139 19.1423,100.0153 19.1404,100.0173 19.1388,100.0197 19.1350,100.0246 19.1334,100.0270 19.1318,100.0301 19.1285,100.0344 19.1224,100.0388 19.1128,100.0460 19.1081,100.0497 19.1053,100.0519 19.1026,100.0549 19.1001,100.0575 19.0962,100.0612
1251	s	19.0962,100.0612 19.0941,100.0632 19.0918,100.0654 19.0914,100.0658
1251	s	19.0512,100.0500 19.0494,100.0545 19.0466,100.0553 19.0446,100.0574 19.0437,100.0603 19.0420,100.0627 19.0392,100.0629 19.0370,100.0648 19.0343,100.0653 19.0312,100.0645 19.0280,100.0630 19.0262,100.0626
1173	s	19.8924,99.9703 19.8924,99.9668 19.8929,99.9635 19.8932,99.9600 19.8946,99.9572 19.8934,99.9543 19.8932,99.9527
1173	s	19.8923,99.9707 19.8924,99.9703
1152	s	19.8517,99.9365 19.8524,99.9330 19.8540,99.9300 19.8550,99.9271 19.8565,99.9243 19.8577,99.9229
1152	s	19.8577,99.9229 19.8580,99.9227
1260	s	18.9140,98.9582 18.9117,98.9550 18.9098,98.9517 18.9083,98.9490 18.9077,98.9480
1260	s	18.9078,98.9480 18.9093,98.9505 18.9110,98.9537 18.9127,98.9563 18.9140,98.9582
1260	s	18.9165,98.9633 18.9140,98.9582
1260	s	18.9140,98.9582 18.9160,98.9609 18.9166,98.9632
1359	s	19.3554,98.9640 19.3583,98.9644 19.3613,98.9644 19.3644,98.9646 19.3674,98.9649 19.3704,98.9652 19.3709,98.9652
1001	s	18.9944,98.9778 18.9916,98.9784 18.9876,98.9776 18.9836,98.9785 18.9810,98.9799 18.9784,98.9817 18.9739,98.9826 18.9710,98.9831 18.9685,98.9835
1001	s	18.9362,98.9876 18.9360,98.9877
1260	s	18.9170,98.9678 18.9166,98.9641
1260	s	18.9166,98.9641 18.9165,98.9633
1260	s	18.9167,98.9638 18.9171,98.9678
1260	s	18.9166,98.9632 18.9167,98.9638
1263	s	18.7498,98.1948 18.7498,98.1951
1263	s	18.7498,98.1951 18.7480,98.1973 18.7471,98.2005 18.7457,98.2030 18.7474,98.2053 18.7465,98.2081 18.7444,98.2100 18.7442,98.2130 18.7454,98.2156 18.7438,98.2180 18.7431,98.2211 18.7403,98.2221 18.7398,98.2251 18.7380,98.2273 18.7364,98.2297 18.7349,98.2323 18.7371,98.2343 18.7377,98.2377 18.7359,98.2407 18.7321,98.2418 18.7304,98.2442 18.7280,98.2461 18.7265,98.2485 18.7257,98.2512 18.7250,98.2522
1173	s	20.1029,100.1596 20.1047,100.1618 20.1068,100.1632
1098	s	20.1079,100.1607 20.1066,100.1638 20.1068,100.1663
1098	s	20.1068,100.1663 20.1077,100.1690 20.1088,100.1725 20.1094,100.1754 20.1128,100.1766 20.1157,100.1782 20.1177,100.1813 20.1165,100.1849 20.1139,100.1877 20.1136,100.1905 20.1127,100.1935 20.1088,100.1942 20.1065,100.1964 20.1057,100.1993 20.1056,100.1997
1211	s	19.8364,99.7105 19.8347,99.7075 19.8335,99.7049 19.8323,99.7018 19.8311,99.6992 19.8293,99.6971 19.8267,99.6951 19.8242,99.6936 19.8218,99.6911 19.8203,99.6883 19.8181,99.6842 19.8159,99.6815 19.8136,99.6797 19.8111,99.6785 19.8084,99.6768 19.8055,99.6755 19.8042,99.6750
1211	s	19.8584,99.7620 19.8570,99.7591 19.8560,99.7557 19.8551,99.7524 19.8542,99.7488 19.8524,99.7440 19.8512,99.7409 19.8501,99.7380 19.8479,99.7333 19.8465,99.7303 19.8459,99.7293
1211	s	19.7696,99.6603 19.7706,99.6575 19.7719,99.6549 19.7726,99.6536
1211	s	19.7727,99.6537 19.7712,99.6561 19.7699,99.6588 19.7697,99.6603
ชร.5051	s	19.9369,99.8437 19.9368,99.8437
ชร.5051	s	19.9335,99.8411 19.9307,99.8396 19.9279,99.8381 19.9261,99.8366
ชร.5051	s	19.9371,99.8451 19.9371,99.8452
1317	s	18.7246,99.1635 18.7239,99.1620
1317	s	18.7239,99.1620 18.7226,99.1592 18.7202,99.1539 18.7184,99.1500 18.7170,99.1469 18.7163,99.1452
1269	s	18.7909,98.8371 18.7889,98.8389
1269	s	18.7835,98.8468 18.7816,98.8490 18.7800,98.8515 18.7796,98.8525
1269	s	18.7941,98.8352 18.7926,98.8367
1269	s	18.7926,98.8367 18.7909,98.8371
1269	s	18.7889,98.8389 18.7868,98.8409 18.7863,98.8418
1269	s	18.7863,98.8418 18.7850,98.8435
1269	s	18.7850,98.8435 18.7838,98.8463 18.7835,98.8468
1269	s	18.8069,98.8287 18.8044,98.8297 18.8014,98.8308
1269	s	18.8014,98.8308 18.7989,98.8324 18.7958,98.8325 18.7941,98.8348 18.7941,98.8352
1022	s	18.1220,100.1674 18.1198,100.1694 18.1175,100.1716 18.1130,100.1757 18.1083,100.1811 18.1059,100.1840 18.1038,100.1860 18.1018,100.1876
1022	s	18.1018,100.1876 18.1015,100.1878
1178	s	19.7390,98.9643 19.7390,98.9643
1024	s	18.1304,100.2172 18.1283,100.2152 18.1283,100.2120 18.1285,100.2081 18.1281,100.2061
1024	s	18.1306,100.2173 18.1304,100.2172
1226	s	19.6187,98.2105 19.6159,98.2096
1317	s	18.7305,99.1902 18.7291,99.1881
1317	s	18.7307,99.1904 18.7305,99.1902
1147	s	18.7258,99.1616 18.7253,99.1645 18.7252,99.1647
1147	s	18.7258,99.1615 18.7258,99.1616
1147	s	18.7214,99.1759 18.7211,99.1792 18.7209,99.1802
1147	s	18.7214,99.1758 18.7214,99.1759
1147	s	18.6494,99.1142 18.6504,99.1113 18.6486,99.1088 18.6451,99.1079 18.6415,99.1068 18.6388,99.1055 18.6383,99.1054
1147	s	18.6383,99.1054 18.6381,99.1053
1178	s	19.6835,98.9594 19.6836,98.9594
1178	s	19.4733,98.9623 19.4703,98.9637 19.4700,98.9638
1178	s	19.4677,98.9648 19.4678,98.9648
1178	s	19.4491,98.9656 19.4519,98.9659 19.4573,98.9643
1178	s	19.4576,98.9642 19.4577,98.9642
1095	s	19.5029,98.2775 19.5019,98.2778
1095	s	19.5019,98.2778 19.5015,98.2780
1001	s	18.8098,99.0108 18.8099,99.0108
1001	s	18.8098,99.0110 18.8098,99.0110
1252	s	18.9633,99.3288 18.9609,99.3303 18.9593,99.3328 18.9577,99.3354 18.9565,99.3370
1252	s	18.9634,99.3289 18.9633,99.3288
1252	s	18.9559,99.3413 18.9545,99.3439 18.9522,99.3455
1252	s	18.9522,99.3455 18.9521,99.3456
1252	s	18.9565,99.3370 18.9561,99.3403 18.9560,99.3411
1252	s	18.9560,99.3411 18.9559,99.3413
1099	s	18.1408,98.3732 18.1406,98.3730
1099	s	17.5001,98.4782 17.4973,98.4767 17.4960,98.4740 17.4960,98.4714
1099	s	17.5001,98.4782 17.5001,98.4782
1317	s	18.7267,99.1021 18.7248,99.1049 18.7243,99.1058
1317	s	18.7243,99.1058 18.7242,99.1059
1184	s	18.0612,99.0187 18.0646,99.0183 18.0668,99.0166 18.0701,99.0139 18.0737,99.0133 18.0770,99.0126 18.0799,99.0129 18.0806,99.0127
1184	s	18.0806,99.0127 18.0807,99.0126
1015	s	18.5915,98.9790 18.5919,98.9783
1015	s	18.5783,99.0042 18.5797,99.0014 18.5809,98.9980 18.5827,98.9955 18.5837,98.9937
1015	s	18.5837,98.9937 18.5838,98.9935
1314	s	20.0952,99.2630 20.0983,99.2643 20.0992,99.2673 20.0996,99.2703 20.1005,99.2725
1314	s	20.0953,99.2629 20.0952,99.2630
1270	s	18.3360,98.1655 18.3332,98.1644 18.3307,98.1634 18.3280,98.1639 18.3252,98.1637 18.3227,98.1624 18.3229,98.1652
1270	s	18.2559,98.1792 18.2591,98.1798 18.2614,98.1814 18.2596,98.1837 18.2610,98.1864 18.2597,98.1890 18.2569,98.1898 18.2542,98.1915 18.2560,98.1937 18.2560,98.1967 18.2550,98.1994 18.2522,98.2002 18.2504,98.2029 18.2494,98.2059 18.2467,98.2051 18.2438,98.2057 18.2419,98.2078 18.2393,98.2089 18.2414,98.2107 18.2393,98.2129 18.2360,98.2120 18.2326,98.2117 18.2303,98.2136 18.2274,98.2136 18.2243,98.2146 18.2209,98.2143 18.2187,98.2163 18.2171,98.2189 18.2143,98.2182 18.2115,98.2171 18.2086,98.2178 18.2054,98.2194 18.2033,98.2217 18.2013,98.2239 18.1996,98.2262 18.1976,98.2285 18.1955,98.2316 18.1936,98.2339 18.1920,98.2362 18.1898,98.2382 18.1868,98.2392 18.1844,98.2405 18.1824,98.2429 18.1816,98.2457 18.1785,98.2472 18.1757,98.2481 18.1729,98.2491 18.1689,98.2479 18.1662,98.2481 18.1637,98.2466 18.1609,98.2461 18.1582,98.2468 18.1565,98.2492 18.1536,98.2482 18.1506,98.2487 18.1495,98.2493
1093	s	19.8778,100.4895 19.8784,100.4891
1093	s	19.8775,100.4896 19.8778,100.4895
1093	s	19.8176,100.4416 19.8204,100.4409 19.8228,100.4394 19.8252,100.4408 19.8279,100.4418 19.8303,100.4400 19.8322,100.4380 19.8317,100.4351 19.8344,100.4355 19.8363,100.4378 19.8398,100.4401 19.8427,100.4415 19.8455,100.4426 19.8478,100.4408 19.8496,100.4386 19.8517,100.4367 19.8548,100.4364 19.8560,100.4338 19.8587,100.4343 19.8607,100.4364 19.8622,100.4392 19.8646,100.4406 19.8651,100.4436 19.8659,100.4464 19.8666,100.4493 19.8637,100.4516 19.8649,100.4542 19.8659,100.4569 19.8684,100.4582 19.8712,100.4580 19.8714,100.4609 19.8688,100.4623 19.8668,100.4645 19.8660,100.4673 19.8681,100.4710 19.8677,100.4739 19.8672,100.4768 19.8692,100.4797 19.8715,100.4815 19.8727,100.4841 19.8732,100.4871 19.8762,100.4896 19.8778,100.4894
1317	s	18.7616,99.0412 18.7631,99.0390
1317	s	18.7631,99.0390 18.7633,99.0387
1317	s	18.7632,99.0390 18.7616,99.0415
1317	s	18.7634,99.0387 18.7632,99.0390
1257	s	18.9454,101.0268 18.9447,101.0296 18.9433,101.0321 18.9439,101.0349 18.9440,101.0383 18.9422,101.0404 18.9399,101.0419 18.9371,101.0423 18.9362,101.0450 18.9376,101.0483 18.9382,101.0511 18.9385,101.0541 18.9391,101.0570 18.9383,101.0601 18.9394,101.0628 18.9388,101.0658 18.9359,101.0649 18.9359,101.0674
1333	s	18.9747,101.1533 18.9719,101.1532 18.9712,101.1504 18.9714,101.1473
1001	s	19.0350,98.9685 19.0368,98.9689
1035	s	18.7203,99.5622 18.7220,99.5668
1035	s	18.7203,99.5621 18.7203,99.5622
1030	s	18.6438,99.0124 18.6439,99.0125
1030	s	18.6438,99.0124 18.6438,99.0124
1009	s	18.4923,98.6715 18.4951,98.6705 18.4975,98.6719 18.4990,98.6718
1088	s	18.6307,98.3793 18.6283,98.3797
1168	s	18.6965,101.1401 18.6973,101.1431 18.6993,101.1464 18.7004,101.1494 18.7003,101.1517
1022	s	18.0483,100.2529 18.0454,100.2531 18.0437,100.2554 18.0427,100.2586 18.0399,100.2585 18.0394,100.2594
1134	s	18.3068,100.2927 18.3044,100.2941 18.3035,100.2949
1134	s	18.3035,100.2949 18.3026,100.2948
1134	s	18.2347,100.2917 18.2343,100.2915
1154	s	18.4168,100.1825 18.4166,100.1821
1169	s	18.8049,100.8001 18.8044,100.8002
1169	s	18.8044,100.8002 18.8016,100.7995 18.7988,100.7984 18.7970,100.7970
1169	s	18.7875,100.7923 18.7871,100.7918
1169	s	18.7916,100.7949 18.7897,100.7925 18.7875,100.7923
1169	s	18.8872,100.8352 18.8840,100.8347 18.8806,100.8348 18.8776,100.8345
1169	s	18.8875,100.8354 18.8872,100.8352
1169	s	18.8773,100.8345 18.8744,100.8337 18.8739,100.8336
1169	s	18.8776,100.8345 18.8773,100.8345
1169	s	18.8737,100.8335 18.8712,100.8323 18.8684,100.8312 18.8663,100.8306
1169	s	18.8739,100.8336 18.8737,100.8335
1169	s	18.8660,100.8305 18.8637,100.8282 18.8613,100.8261 18.8615,100.8231 18.8601,100.8213
1169	s	18.8663,100.8306 18.8660,100.8305
1169	s	18.8597,100.8199 18.8597,100.8195
1169	s	18.8598,100.8205 18.8597,100.8199
1343	s	18.2044,100.2951 18.2064,100.2926 18.2066,100.2914
1134	s	18.2088,100.2497 18.2084,100.2530 18.2080,100.2564 18.2079,100.2593 18.2101,100.2621 18.2115,100.2647 18.2124,100.2675 18.2129,100.2718 18.2142,100.2754 18.2147,100.2764
1120	s	18.8731,100.2866 18.8699,100.2868 18.8630,100.2864 18.8598,100.2862
1256	s	19.1518,101.1575 19.1519,101.1570
1256	s	19.1519,101.1573 19.1520,101.1575
1256	s	19.1519,101.1570 19.1519,101.1575
1256	s	19.1516,101.1574 19.1519,101.1573
1256	s	19.1522,101.1545 19.1521,101.1529
1081	s	19.1516,101.1574 19.1509,101.1569
1081	s	19.1516,101.1574 19.1518,101.1575
1081	s	19.0602,101.0974 19.0624,101.0993 19.0645,101.1018 19.0620,101.1037 19.0617,101.1069 19.0594,101.1087 19.0584,101.1117 19.0602,101.1145 19.0618,101.1169 19.0640,101.1185 19.0667,101.1195 19.0680,101.1221 19.0687,101.1249 19.0694,101.1277 19.0719,101.1292 19.0730,101.1321 19.0748,101.1344 19.0760,101.1373 19.0768,101.1403 19.0786,101.1428 19.0810,101.1447 19.0828,101.1469 19.0809,101.1489 19.0802,101.1494
1081	s	19.1518,101.1575 19.1519,101.1575
1081	s	19.1519,101.1575 19.1529,101.1577
1081	s	19.1529,101.1577 19.1516,101.1574
1209	s	20.0058,99.8863 20.0052,99.8899 20.0052,99.8910
1209	s	20.0058,99.8861 20.0058,99.8863
1081	s	19.2698,101.1783 19.2671,101.1778 19.2645,101.1786 19.2617,101.1791 19.2590,101.1795 19.2563,101.1794 19.2536,101.1802 19.2515,101.1784 19.2492,101.1801 19.2465,101.1815 19.2439,101.1809 19.2411,101.1817 19.2383,101.1815 19.2355,101.1820 19.2327,101.1822 19.2308,101.1826
1081	s	19.2706,101.1780 19.2698,101.1783
1194	s	17.9957,97.8197 17.9948,97.8170 17.9937,97.8146
1194	s	17.9962,97.8204 17.9957,97.8197
1152	s	19.8262,100.0192 19.8269,100.0158 19.8278,100.0125 19.8294,100.0093 19.8309,100.0069 19.8327,100.0023 19.8341,99.9996 19.8389,99.9971
1152	s	19.8419,99.9927 19.8407,99.9954 19.8389,99.9971
1152	s	19.8389,99.9971 19.8409,99.9948 19.8419,99.9927
1152	s	19.8419,99.9927 19.8428,99.9899 19.8430,99.9865 19.8438,99.9831 19.8446,99.9790 19.8453,99.9761 19.8457,99.9725 19.8444,99.9700
1152	s	19.8464,99.9495 19.8485,99.9464 19.8496,99.9436
1174	s	19.8965,100.1908 19.8951,100.1861 19.8929,100.1796 19.8933,100.1757 19.8907,100.1736 19.8884,100.1715 19.8869,100.1680 19.8865,100.1670
1174	s	19.8982,100.1999 19.8963,100.1975 19.8961,100.1949
1174	s	19.8961,100.1949 19.8962,100.1918 19.8964,100.1911
1174	s	19.8964,100.1911 19.8965,100.1908
1124	s	17.7862,99.4641 17.7845,99.4617 17.7828,99.4594 17.7800,99.4579 17.7789,99.4550 17.7771,99.4528 17.7743,99.4494 17.7718,99.4460 17.7701,99.4437 17.7683,99.4411 17.7664,99.4388 17.7642,99.4366 17.7620,99.4349 17.7597,99.4333 17.7572,99.4315 17.7549,99.4297 17.7528,99.4272 17.7505,99.4243 17.7487,99.4220 17.7463,99.4206 17.7436,99.4184 17.7408,99.4154 17.7387,99.4130 17.7370,99.4106 17.7357,99.4078 17.7343,99.4052 17.7315,99.4014 17.7287,99.3983 17.7250,99.3946 17.7232,99.3921 17.7217,99.3890 17.7171,99.3841 17.7162,99.3812 17.7150,99.3787 17.7132,99.3764 17.7107,99.3720 17.7088,99.3700 17.7078,99.3673 17.7062,99.3645
1124	s	17.7862,99.4641 17.7884,99.4658 17.7900,99.4686 17.7904,99.4695
1124	s	17.7904,99.4695 17.7886,99.4662 17.7863,99.4642 17.7862,99.4641
1124	s	17.7923,99.4731 17.7910,99.4705 17.7904,99.4695
1124	s	17.7926,99.4735 17.7923,99.4731
101	s	17.9694,100.0655 17.9704,100.0684 17.9706,100.0694
1081	s	19.1687,101.1671 19.1688,101.1672
1081	s	19.1529,101.1577 19.1557,101.1582 19.1581,101.1597 19.1611,101.1605 19.1629,101.1629 19.1655,101.1644 19.1676,101.1662 19.1687,101.1671
1350	s	19.0111,101.2009 19.0110,101.2008
1350	s	19.0110,101.2007 19.0111,101.2009
ลป.1019	s	18.2857,99.5125 18.2859,99.5121
ลป.1019	s	18.2859,99.5121 18.2857,99.5125
1260	s	18.9217,98.9941 18.9218,98.9943
1260	s	18.9217,98.9944 18.9216,98.9941
1001	s	18.9217,98.9944 18.9218,98.9943
1001	s	18.9219,98.9945 18.9218,98.9945
1147	s	18.6381,99.1053 18.6351,99.1044 18.6340,99.1040
1033	s	18.4252,98.9906 18.4279,98.9895 18.4306,98.9881 18.4325,98.9857 18.4342,98.9823 18.4359,98.9783 18.4377,98.9764
1419	s	17.9791,100.0409 17.9790,100.0438 17.9775,100.0474 17.9757,100.0497 17.9766,100.0526 17.9790,100.0544 17.9809,100.0541
1419	s	17.9791,100.0406 17.9791,100.0409
1152	s	19.8559,99.8921 19.8564,99.8920
1020	s	19.8400,99.8749 19.8398,99.8751
1001	s	19.0369,98.9690 19.0367,98.9690
1001	s	19.0367,98.9690 19.0351,98.9686
1001	s	19.0651,98.9591 19.0625,98.9581 19.0580,98.9594 19.0531,98.9610 19.0506,98.9621 19.0457,98.9656 19.0423,98.9680 19.0400,98.9695 19.0369,98.9690
1001	s	18.9218,98.9943 18.9246,98.9928 18.9270,98.9915 18.9296,98.9902 18.9323,98.9891 18.9360,98.9876
1001	s	18.9683,98.9834 18.9721,98.9828 18.9751,98.9823 18.9780,98.9817 18.9807,98.9799 18.9831,98.9786 18.9858,98.9775 18.9902,98.9780 18.9932,98.9780 18.9944,98.9777
1001	s	18.9685,98.9835 18.9657,98.9839 18.9616,98.9840 18.9585,98.9840 18.9554,98.9841 18.9520,98.9841 18.9483,98.9842 18.9454,98.9842 18.9422,98.9851 18.9394,98.9863 18.9362,98.9876
1001	s	18.9946,98.9776 18.9974,98.9768 19.0000,98.9750 19.0018,98.9728 19.0046,98.9719
1001	s	19.0048,98.9719 19.0077,98.9718 19.0105,98.9716 19.0141,98.9709 19.0171,98.9702 19.0272,98.9677 19.0303,98.9669 19.0331,98.9670 19.0350,98.9685
1036	s	18.2394,99.4427 18.2358,99.4438 18.2272,99.4464 18.2238,99.4474 18.2210,99.4483 18.2179,99.4492 18.2140,99.4504 18.2113,99.4512 18.2069,99.4525 18.2010,99.4540 18.1967,99.4550 18.1934,99.4558 18.1888,99.4569 18.1861,99.4576 18.1841,99.4580
1157	s	18.4039,99.4531 18.3991,99.4528 18.3962,99.4539 18.3939,99.4562 18.3913,99.4583 18.3887,99.4599 18.3843,99.4594 18.3785,99.4587
1348	s	18.2628,99.6290 18.2639,99.6321 18.2649,99.6346
1023	s	18.0145,99.7093 18.0103,99.7079 18.0075,99.7060 18.0055,99.7040 18.0042,99.7012 18.0026,99.6989 18.0006,99.6974
1023	s	18.0006,99.6974 17.9981,99.6957 17.9965,99.6930 17.9967,99.6900 17.9971,99.6869 17.9961,99.6832 17.9952,99.6798 17.9949,99.6769 17.9955,99.6739 17.9930,99.6648 17.9918,99.6616 17.9909,99.6578 17.9892,99.6549 17.9867,99.6522 17.9844,99.6488 17.9829,99.6463 17.9807,99.6425 17.9793,99.6400 17.9772,99.6376 17.9754,99.6353 17.9738,99.6313 17.9735,99.6260 17.9723,99.6224 17.9711,99.6198 17.9691,99.6169 17.9669,99.6148 17.9645,99.6118 17.9623,99.6097 17.9599,99.6081 17.9577,99.6060 17.9549,99.6053 17.9522,99.6055 17.9490,99.6066 17.9449,99.6049
1023	s	18.0006,99.6974 18.0032,99.6992 18.0047,99.7023 18.0068,99.7051 18.0092,99.7072 18.0145,99.7092
1141	s	18.7720,98.9690 18.7720,98.9685
1141	s	18.7720,98.9693 18.7720,98.9690
1367	s	18.8920,99.0152 18.8919,99.0157
1367	s	18.8918,99.0157 18.8919,99.0154
1101	s	18.1625,100.1760 18.1601,100.1775
1101	s	18.1601,100.1775 18.1611,100.1768
1101	s	18.1601,100.1775 18.1600,100.1776
1154	s	18.4167,100.1821 18.4170,100.1825
1181	s	19.5913,99.8222 19.5894,99.8198 19.5891,99.8167 19.5861,99.8142 19.5840,99.8123 19.5818,99.8104 19.5804,99.8077 19.5786,99.8052 19.5772,99.8041
1181	s	19.5916,99.8223 19.5913,99.8222
1181	s	19.6596,99.8499 19.6560,99.8539 19.6546,99.8567 19.6531,99.8595 19.6502,99.8603 19.6476,99.8617 19.6448,99.8625 19.6414,99.8639 19.6408,99.8639
1181	s	19.6408,99.8639 19.6407,99.8640
1181	s	19.6407,99.8640 19.6374,99.8646 19.6327,99.8657 19.6300,99.8658 19.6298,99.8689 19.6297,99.8696
1181	s	19.6297,99.8696 19.6297,99.8698
1001	s	19.0745,99.1162 19.0744,99.1120 19.0769,99.1072 19.0788,99.1051 19.0821,99.1022 19.0844,99.0997 19.0866,99.0970 19.0902,99.0910 19.0914,99.0858 19.0936,99.0839 19.0962,99.0820 19.0989,99.0811 19.0997,99.0779 19.0997,99.0777
1	s	19.8968,99.8388 19.8953,99.8384
101	s	17.9710,100.0705 17.9696,100.0671 17.9691,100.0660
1317	s	18.7644,99.0374 18.7634,99.0387
1141	s	18.7811,98.9882 18.7811,98.9877
11	s	18.7902,98.9638 18.7904,98.9638
1004	s	18.8103,98.9504 18.8106,98.9492
1141	s	18.7707,98.9743 18.7713,98.9733
1366	s	18.8174,98.9814 18.8181,98.9784 18.8187,98.9754 18.8198,98.9726 18.8216,98.9699 18.8223,98.9669 18.8224,98.9666
1030	s	18.6540,99.0124 18.6540,99.0123
11	s	18.7967,98.9661 18.7969,98.9662
11	s	18.7969,98.9662 18.7971,98.9663
11	s	18.7963,98.9660 18.7967,98.9661
11	s	18.7955,98.9657 18.7961,98.9659
1	s	18.2755,99.4833 18.2754,99.4831
1269	s	18.7374,98.8992 18.7362,98.9018 18.7350,98.9044 18.7346,98.9046
1009	s	18.5408,98.5303 18.5396,98.5278 18.5384,98.5252
1091	s	19.1351,100.2632 19.1345,100.2631
1155	s	19.7903,100.3412 19.7876,100.3387 19.7854,100.3366 19.7851,100.3363
1155	s	19.7851,100.3363 19.7847,100.3360
1098	s	20.1218,100.1235 20.1194,100.1258 20.1163,100.1261 20.1137,100.1275 20.1116,100.1303 20.1110,100.1331 20.1090,100.1351 20.1102,100.1389 20.1088,100.1435 20.1094,100.1466 20.1090,100.1509 20.1086,100.1556 20.1085,100.1587 20.1079,100.1607
1098	s	20.1218,100.1232 20.1218,100.1235
1271	s	20.1157,100.1007 20.1188,100.1006 20.1218,100.1006 20.1246,100.0999 20.1269,100.0996
1271	s	20.1269,100.0996 20.1271,100.0999
1271	s	20.1271,100.0999 20.1278,100.1043 20.1277,100.1073 20.1271,100.1101 20.1275,100.1137 20.1297,100.1158 20.1322,100.1175 20.1353,100.1186 20.1399,100.1165 20.1425,100.1154 20.1452,100.1161 20.1479,100.1167 20.1509,100.1161 20.1566,100.1155 20.1576,100.1154
1271	s	20.1576,100.1154 20.1579,100.1153
1222	s	19.7103,100.2862 19.7056,100.2857
1222	s	19.7056,100.2857 19.7051,100.2856
1130	s	20.1806,99.7728 20.1826,99.7748 20.1840,99.7774 20.1856,99.7798 20.1867,99.7826 20.1889,99.7843 20.1908,99.7867 20.1929,99.7886 20.1956,99.7891 20.1982,99.7883 20.1991,99.7910 20.1987,99.7939 20.2013,99.7949 20.2023,99.7978 20.2014,99.8007 20.1993,99.8030 20.1993,99.8030
1130	s	20.1993,99.8030 20.1992,99.8031
1125	s	17.9006,99.6062 17.9015,99.6051
1125	s	17.9008,99.6063 17.9000,99.6073
1125	s	17.9000,99.6073 17.9006,99.6062
1039	s	18.3050,99.4728 18.3050,99.4726
พย.4068	s	19.4510,100.1560 19.4546,100.1563 19.4752,100.1607 19.4785,100.1619 19.4925,100.1693 19.4980,100.1723 19.5018,100.1744 19.5078,100.1776 19.5114,100.1796 19.5146,100.1808 19.5275,100.1850 19.5382,100.1885 19.5563,100.1945 19.5595,100.1950
พย.4068	s	19.4016,100.1414 19.4031,100.1421
พย.4068	s	19.4031,100.1421 19.4058,100.1438 19.4124,100.1480 19.4150,100.1494 19.4226,100.1524
พย.4068	s	19.4226,100.1524 19.4256,100.1536 19.4285,100.1542 19.4398,100.1551 19.4459,100.1556 19.4510,100.1560
พย.4068	s	19.4016,100.1414 19.3990,100.1403 19.3960,100.1393 19.3897,100.1374 19.3831,100.1353 19.3801,100.1343 19.3777,100.1324
พย.4068	s	19.3771,100.1313 19.3753,100.1280 19.3750,100.1274
พย.4068	s	19.3777,100.1324 19.3771,100.1313
พย.4068	s	19.3687,100.1176 19.3644,100.1129 19.3623,100.1105 19.3604,100.1085
พย.4068	s	19.3750,100.1274 19.3722,100.1222 19.3707,100.1198 19.3693,100.1183
พย.4068	s	19.3693,100.1183 19.3687,100.1176
พย.4068	s	19.3537,100.1011 19.3560,100.1036 19.3583,100.1061 19.3604,100.1085
พย.4068	s	19.3604,100.1085 19.3568,100.1047 19.3539,100.1015 19.3536,100.1012
1222	s	19.6676,100.2632 19.6678,100.2635
ชร.5051	s	19.9368,99.8437 19.9345,99.8419 19.9335,99.8411
1130	s	20.1992,99.8031 20.1975,99.8056 20.1952,99.8076 20.1932,99.8096 20.1909,99.8111 20.1897,99.8132
1290	s	20.2702,100.0763 20.2695,100.0769
1290	s	20.3439,100.0835 20.3408,100.0843 20.3386,100.0857
1290	s	20.3515,100.0822 20.3483,100.0829 20.3456,100.0835 20.3439,100.0835
1211	s	19.7697,99.6603 19.7690,99.6631 19.7674,99.6662 19.7666,99.6689 19.7667,99.6737 19.7652,99.6779 19.7643,99.6815 19.7642,99.6840
1211	s	19.7642,99.6840 19.7644,99.6869 19.7630,99.6896 19.7611,99.6935 19.7597,99.6962 19.7586,99.6965
1211	s	19.7642,99.6840 19.7647,99.6793 19.7659,99.6759 19.7669,99.6712 19.7676,99.6650 19.7692,99.6626 19.7696,99.6603
1130	s	20.1588,99.6591 20.1607,99.6612 20.1619,99.6637 20.1621,99.6647
1130	s	20.1621,99.6647 20.1638,99.6671 20.1646,99.6682
1299	s	19.8533,99.9386 19.8527,99.9393
1299	s	19.8533,99.9386 19.8528,99.9388
1299	s	19.8528,99.9386 19.8533,99.9386
1130	s	20.1573,99.6552 20.1577,99.6581 20.1588,99.6591
1130	s	20.1579,99.6528 20.1573,99.6552
1130	s	20.1582,99.6511 20.1579,99.6528
1130	s	20.1624,99.6490 20.1601,99.6505 20.1582,99.6511
1130	s	20.1626,99.6446 20.1619,99.6476 20.1624,99.6490
1130	s	20.1668,99.6417 20.1648,99.6437 20.1626,99.6446
1130	s	20.1655,99.6275 20.1651,99.6304 20.1649,99.6333 20.1648,99.6353
1130	s	20.1657,99.6270 20.1655,99.6275
1130	s	20.1638,99.6230 20.1654,99.6254 20.1657,99.6270
1130	s	20.1591,99.6227 20.1571,99.6205 20.1546,99.6200
1360	s	19.9494,99.2364 19.9464,99.2352 19.9431,99.2337 19.9403,99.2322 19.9379,99.2304 19.9367,99.2295
1360	s	19.9367,99.2295 19.9343,99.2280 19.9317,99.2256 19.9291,99.2232 19.9278,99.2218
1360	s	19.9197,99.2182 19.9205,99.2152 19.9208,99.2139
1360	s	19.9170,99.2111 19.9167,99.2107
1360	s	19.9096,99.2030 19.9101,99.2036
1360	s	19.9101,99.2036 19.9107,99.2042
1359	s	19.3825,98.9682 19.3850,98.9701 19.3878,98.9714 19.3912,98.9709 19.3941,98.9701 19.3944,98.9702
1009	s	18.5378,98.6003 18.5396,98.5981 18.5411,98.5956 18.5411,98.5947
1009	s	18.5415,98.5730 18.5393,98.5710 18.5417,98.5694 18.5435,98.5671 18.5435,98.5641 18.5437,98.5618
1009	s	18.5755,98.4823 18.5783,98.4823 18.5806,98.4806 18.5832,98.4798 18.5851,98.4819 18.5860,98.4846 18.5881,98.4856
1009	s	18.5517,98.4816 18.5546,98.4821 18.5562,98.4829
1009	s	18.5562,98.4829 18.5589,98.4835 18.5617,98.4835 18.5642,98.4849 18.5669,98.4843 18.5695,98.4849 18.5721,98.4836 18.5747,98.4829 18.5755,98.4823
1009	s	18.5881,98.4856 18.5893,98.4868
1004	s	18.8018,98.9209 18.8023,98.9221
1004	s	18.7888,98.9227 18.7914,98.9213 18.7938,98.9229 18.7965,98.9229 18.7992,98.9222 18.8016,98.9209 18.8017,98.9209
1004	s	18.7915,98.9330 18.7927,98.9305 18.7927,98.9276 18.7918,98.9248 18.7900,98.9227 18.7888,98.9227
1004	s	18.7989,98.9317 18.7962,98.9318 18.7937,98.9328 18.7915,98.9330
1004	s	18.8010,98.9336 18.7989,98.9318 18.7989,98.9317
1004	s	18.8107,98.9372 18.8083,98.9376
1004	s	18.8160,98.9436 18.8134,98.9429 18.8125,98.9418
1004	s	18.8160,98.9462 18.8160,98.9436
1004	s	18.8106,98.9492 18.8108,98.9475
106	s	18.7912,99.0032 18.7934,99.0014 18.7940,99.0011
1096	s	18.9211,98.9276 18.9194,98.9308 18.9185,98.9326
1096	s	18.9221,98.9233 18.9218,98.9263 18.9211,98.9276
1096	s	18.9191,98.9153 18.9208,98.9176 18.9209,98.9179
1096	s	18.9074,98.9026 18.9087,98.9056 18.9089,98.9057
1096	s	18.9083,98.8901 18.9082,98.8923
1096	s	18.9006,98.8706 18.8994,98.8734 18.9001,98.8765 18.8999,98.8798 18.9008,98.8819
1096	s	18.8992,98.8602 18.8991,98.8633 18.8996,98.8664 18.9001,98.8694 18.9006,98.8706
1099	s	17.7985,98.3571 17.7978,98.3600 17.7997,98.3632 17.8001,98.3641
1202	s	19.2166,99.9557 19.2198,99.9564 19.2228,99.9584 19.2253,99.9600 19.2279,99.9613 19.2310,99.9625 19.2337,99.9633 19.2367,99.9627 19.2416,99.9649 19.2445,99.9661 19.2471,99.9670 19.2497,99.9684 19.2521,99.9700 19.2553,99.9709 19.2585,99.9716 19.2602,99.9719
1202	s	19.2602,99.9719 19.2640,99.9715 19.2668,99.9707 19.2695,99.9706
1202	s	19.2695,99.9706 19.2635,99.9717 19.2607,99.9720 19.2602,99.9719
1202	s	19.2695,99.9706 19.2726,99.9709 19.2741,99.9715
1202	s	19.2741,99.9715 19.2771,99.9729 19.2798,99.9746 19.2801,99.9748
1202	s	19.2801,99.9748 19.2776,99.9733 19.2747,99.9719 19.2741,99.9715
1202	s	19.3336,100.0023 19.3364,100.0005 19.3404,100.0007 19.3434,100.0007 19.3466,100.0005 19.3498,100.0000 19.3525,99.9996 19.3553,99.9986 19.3590,99.9983 19.3600,99.9971
1202	s	19.3165,100.0036 19.3201,100.0037 19.3259,100.0030 19.3325,100.0025 19.3336,100.0023
1202	s	19.3336,100.0023 19.3281,100.0029 19.3251,100.0032 19.3213,100.0037 19.3169,100.0037 19.3165,100.0036
1202	s	19.2801,99.9748 19.2840,99.9758 19.2847,99.9759
1202	s	19.3089,100.0039 19.3121,100.0037 19.3148,100.0034 19.3165,100.0036
1202	s	19.3089,100.0039 19.3063,100.0030 19.3029,100.0010 19.2994,99.9986 19.2971,99.9960 19.2953,99.9920 19.2919,99.9876 19.2901,99.9854 19.2887,99.9824 19.2880,99.9795 19.2867,99.9769 19.2847,99.9759
1202	s	19.3603,99.9970 19.3631,99.9964 19.3658,99.9961 19.3686,99.9952 19.3712,99.9957 19.3740,99.9936 19.3757,99.9922
1202	s	19.3875,99.9874 19.3898,99.9857 19.3929,99.9854 19.3956,99.9852 19.3984,99.9846 19.3998,99.9846
1202	s	19.3875,99.9874 19.3848,99.9885 19.3807,99.9887 19.3776,99.9906 19.3757,99.9922
1202	s	19.4001,99.9847 19.4029,99.9847 19.4058,99.9840 19.4090,99.9832
1202	s	19.4090,99.9832 19.4120,99.9834 19.4151,99.9824 19.4162,99.9821
1202	s	19.4162,99.9821 19.4131,99.9835 19.4100,99.9832 19.4090,99.9832
1202	s	19.4162,99.9821 19.4207,99.9821 19.4245,99.9815 19.4293,99.9787 19.4314,99.9766 19.4332,99.9744 19.4354,99.9721 19.4380,99.9699 19.4403,99.9682 19.4436,99.9678 19.4464,99.9673 19.4473,99.9666
1020	s	19.6169,99.9965 19.6154,99.9994 19.6150,100.0023 19.6157,100.0051 19.6148,100.0079 19.6149,100.0108
1020	s	19.6180,99.9936 19.6169,99.9965
1020	s	19.6169,99.9965 19.6180,99.9936
1021	s	19.5163,100.2910 19.5155,100.2882 19.5119,100.2869 19.5108,100.2863
1021	s	19.5108,100.2863 19.5105,100.2862
1021	s	19.4973,100.2780 19.5002,100.2794 19.5030,100.2812 19.5059,100.2831 19.5084,100.2847 19.5108,100.2863
1093	s	19.5711,100.2993 19.5717,100.3029 19.5720,100.3046
1093	s	19.5720,100.3046 19.5712,100.3004 19.5710,100.2992
1093	s	19.5710,100.2992 19.5710,100.2991
1096	s	18.8921,98.8336 18.8934,98.8363 18.8952,98.8385 18.8951,98.8414 18.8967,98.8438 18.8980,98.8453
1096	s	18.8920,98.8335 18.8921,98.8336
1173	s	19.8823,99.9310 19.8813,99.9307
1026	s	18.3212,100.7123 18.3184,100.7105 18.3148,100.7081 18.3111,100.7058
1026	s	18.3213,100.7124 18.3212,100.7123
1317	s	18.7535,99.0567 18.7551,99.0538 18.7556,99.0529
1022	s	18.1220,100.1674 18.1230,100.1658
1022	s	18.1230,100.1658 18.1220,100.1674
1141	s	18.7812,98.9853 18.7812,98.9848
1141	s	18.7812,98.9848 18.7812,98.9841
1020	s	19.7029,100.2116 19.7010,100.2094 19.6984,100.2077 19.6959,100.2062 19.6945,100.2037 19.6930,100.2010 19.6924,100.2002
1021	s	19.6807,100.2055 19.6798,100.2083 19.6791,100.2111 19.6783,100.2140 19.6776,100.2165
1021	s	19.6775,100.2165 19.6790,100.2110 19.6799,100.2078 19.6807,100.2055
ชร.4068	s	19.6794,100.2168 19.6797,100.2168
ชร.4068	s	19.6797,100.2169 19.6794,100.2168
1222	s	19.6678,100.2635 19.6674,100.2639
1190	s	19.5750,99.7987 19.5774,99.8001 19.5781,99.8004
1190	s	19.5781,99.8004 19.5784,99.8005
11	s	18.7983,98.9668 18.7986,98.9669
11	s	18.7986,98.9669 18.8006,98.9676
1005	s	18.7909,98.9608 18.7909,98.9608
1005	s	18.7910,98.9606 18.7910,98.9606
1005	s	18.7911,98.9606 18.7911,98.9606
1005	s	18.7910,98.9608 18.7910,98.9608
1419	s	17.9785,100.0350 17.9788,100.0382 17.9791,100.0406
1419	s	17.9785,100.0350 17.9779,100.0333
พย.4068	s	19.5603,100.1951 19.5727,100.1957 19.5818,100.1962
พย.4068	s	19.5595,100.1950 19.5603,100.1951
พย.4068	s	19.6274,100.1843 19.6310,100.1834 19.6342,100.1833 19.6369,100.1828 19.6419,100.1815 19.6446,100.1830 19.6463,100.1854 19.6484,100.1878 19.6507,100.1896 19.6526,100.1901
พย.4068	s	19.6088,100.1888 19.6114,100.1876 19.6120,100.1875
พย.4068	s	19.6706,100.2116 19.6684,100.2089 19.6658,100.2061 19.6639,100.2042
พย.4068	s	19.5834,100.1961 19.5871,100.1957 19.5907,100.1945 19.5944,100.1947 19.5973,100.1940 19.6004,100.1932 19.6032,100.1928
1021	s	19.4521,100.1991 19.4531,100.1999
1	s	18.2498,99.4518 18.2499,99.4518
1	s	18.2500,99.4519 18.2500,99.4519
1202	s	19.4473,99.9666 19.4509,99.9653 19.4606,99.9632 19.4660,99.9616 19.4731,99.9603 19.4743,99.9602
1202	s	19.4743,99.9602 19.4682,99.9613 19.4611,99.9631 19.4525,99.9650 19.4491,99.9658 19.4473,99.9666
1009	s	18.5437,98.5618 18.5432,98.5587 18.5424,98.5557 18.5435,98.5530 18.5425,98.5508
1023	s	18.0242,99.7191 18.0271,99.7223 18.0293,99.7254 18.0317,99.7283 18.0331,99.7299
1023	s	18.0331,99.7299 18.0302,99.7269 18.0281,99.7240 18.0260,99.7210 18.0242,99.7192
พย.1042	s	19.1553,99.9504 19.1554,99.9504
1021	s	19.1557,99.9549 19.1554,99.9511 19.1553,99.9504
1021	s	19.1554,99.9504 19.1557,99.9536
1021	s	19.3469,100.1151 19.3450,100.1178 19.3444,100.1190
1409	s	20.4268,99.9085 20.4294,99.9074 20.4297,99.9070
1039	s	18.2978,99.4973 18.2979,99.4970
1088	s	18.7027,98.3514 18.7020,98.3533
1088	s	18.7020,98.3533 18.7019,98.3539
1095	s	19.3674,97.9660 19.3677,97.9652
1211	s	19.7842,99.6595 19.7872,99.6601 19.7897,99.6615 19.7930,99.6642 19.7956,99.6677 19.7967,99.6704 19.7990,99.6722 19.8017,99.6732 19.8040,99.6749 19.8042,99.6750
1211	s	19.7842,99.6596 19.7839,99.6595
1211	s	19.8042,99.6750 19.8019,99.6734 19.7994,99.6723 19.7969,99.6709 19.7958,99.6681 19.7936,99.6650 19.7914,99.6630 19.7894,99.6610 19.7864,99.6601 19.7842,99.6596
1095	s	19.4973,98.0576 19.4975,98.0581
1095	s	19.4959,98.0553 19.4973,98.0576
1095	s	19.4956,98.0552 19.4959,98.0553
1095	s	19.4195,97.9980 19.4194,97.9982
1095	s	19.4245,97.9799 19.4237,97.9835 19.4245,97.9863 19.4238,97.9902 19.4223,97.9928 19.4213,97.9966 19.4195,97.9980
1251	s	18.8962,100.1366 18.8968,100.1397
1257	s	18.9348,101.0726 18.9349,101.0755 18.9374,101.0770 18.9397,101.0754 18.9427,101.0744 18.9437,101.0717 18.9452,101.0693 18.9472,101.0715 18.9497,101.0732 18.9532,101.0732 18.9559,101.0742 18.9574,101.0749
1257	s	18.9359,101.0674 18.9360,101.0680
1091	s	18.8515,100.6516 18.8498,100.6539 18.8468,100.6549 18.8436,100.6556 18.8408,100.6548 18.8377,100.6551 18.8356,100.6572 18.8335,100.6593 18.8311,100.6608 18.8279,100.6606 18.8252,100.6616 18.8214,100.6623 18.8184,100.6630 18.8160,100.6644 18.8165,100.6673 18.8169,100.6686
1091	s	18.8626,100.6416 18.8617,100.6444 18.8597,100.6472 18.8575,100.6485
1091	s	18.8520,100.6514 18.8515,100.6516
1091	s	18.8550,100.6496 18.8526,100.6510 18.8520,100.6514
1091	s	18.8554,100.6494 18.8550,100.6496
1091	s	18.8572,100.6487 18.8554,100.6494
1091	s	18.8575,100.6485 18.8572,100.6487
1091	s	18.8625,100.6413 18.8626,100.6416
1091	s	18.8140,100.6968 18.8137,100.6971
1257	s	18.9360,101.0680 18.9349,101.0712 18.9348,101.0726
1004	s	18.8108,98.9475 18.8128,98.9464
1004	s	18.8028,98.9203 18.8029,98.9202
1004	s	18.8045,98.9197 18.8044,98.9190
1037	s	18.2412,99.4913 18.2415,99.4914
1037	s	18.2415,99.4914 18.2415,99.4914
พย.4068	s	19.6088,100.1888 19.6064,100.1906 19.6040,100.1923 19.6032,100.1928
พย.4068	s	19.5834,100.1961 19.5818,100.1962
พย.4068	s	19.5818,100.1962 19.5825,100.1961
พย.4068	s	19.5825,100.1961 19.5831,100.1961
พย.4068	s	19.6120,100.1875 19.6131,100.1876
พย.4068	s	19.6137,100.1877 19.6120,100.1875
พย.4068	s	19.6137,100.1876 19.6139,100.1876
พย.4068	s	19.6131,100.1876 19.6137,100.1876
พย.4068	s	19.6139,100.1877 19.6137,100.1877
พย.4068	s	19.6244,100.1858 19.6246,100.1857
พย.4068	s	19.6246,100.1857 19.6271,100.1843 19.6274,100.1843
พย.4068	s	19.6246,100.1858 19.6245,100.1858
พย.4068	s	19.6274,100.1843 19.6246,100.1858
พย.4068	s	19.6139,100.1876 19.6167,100.1877 19.6203,100.1873 19.6230,100.1865 19.6244,100.1858
พย.4068	s	19.6245,100.1858 19.6216,100.1871 19.6187,100.1874 19.6159,100.1878 19.6139,100.1877
1093	s	19.6509,100.3730 19.6482,100.3722 19.6464,100.3698 19.6453,100.3686
1093	s	19.6511,100.3731 19.6509,100.3730
1345	s	19.4986,100.4574 19.4990,100.4576
1345	s	19.4990,100.4576 19.4993,100.4577
1093	s	19.6657,100.3785 19.6650,100.3773
1093	s	19.6656,100.3787 19.6657,100.3785
1093	s	19.6680,100.3821 19.6661,100.3801 19.6656,100.3787
1093	s	19.6683,100.3821 19.6680,100.3821
1020	s	19.7031,100.2119 19.7029,100.2116
1148	s	19.3795,100.6071 19.3797,100.6089
1148	s	19.3795,100.6035 19.3795,100.6059
1155	s	19.9573,100.4500 19.9598,100.4523 19.9605,100.4529
1155	s	19.9609,100.4533 19.9626,100.4536
พย.4068	s	19.6526,100.1901 19.6548,100.1918 19.6552,100.1925
พย.4068	s	19.6552,100.1925 19.6568,100.1953 19.6585,100.1976 19.6605,100.2003 19.6625,100.2029 19.6639,100.2042
พย.4068	s	19.6748,100.2164 19.6724,100.2147 19.6708,100.2118 19.6706,100.2116
พย.4068	s	19.6706,100.2116 19.6725,100.2151 19.6748,100.2164
พย.4068	s	19.6032,100.1928 19.6059,100.1909 19.6087,100.1888 19.6088,100.1888
พย.4068	s	19.5831,100.1961 19.5834,100.1961
1155	s	19.9882,100.4670 19.9904,100.4694 19.9918,100.4726 19.9944,100.4751 19.9970,100.4767 19.9995,100.4779 20.0018,100.4799 20.0040,100.4816 20.0048,100.4845 20.0062,100.4879 20.0090,100.4885 20.0119,100.4880 20.0150,100.4881 20.0156,100.4881
1155	s	20.0156,100.4881 20.0184,100.4876 20.0218,100.4893
1155	s	19.9354,100.4245 19.9366,100.4272 19.9384,100.4293
1155	s	19.9384,100.4293 19.9404,100.4317 19.9414,100.4329
1155	s	19.8784,100.3845 19.8798,100.3871 19.8804,100.3901 19.8807,100.3930 19.8828,100.3949 19.8842,100.3974 19.8861,100.3979
1155	s	19.8756,100.3824 19.8781,100.3836 19.8784,100.3845
1134	s	18.1999,100.2248 18.1993,100.2256
1134	s	18.1993,100.2256 18.1992,100.2258
1154	s	18.7513,99.9858 18.7510,99.9869
1154	s	18.7510,99.9869 18.7510,99.9870
1024	s	18.1184,100.3036 18.1180,100.3007 18.1173,100.2977 18.1195,100.2961 18.1227,100.2957 18.1249,100.2939 18.1276,100.2940 18.1302,100.2951 18.1329,100.2953 18.1357,100.2946 18.1371,100.2919 18.1388,100.2891 18.1410,100.2874 18.1426,100.2847 18.1417,100.2819 18.1406,100.2792 18.1395,100.2761 18.1401,100.2725 18.1405,100.2693 18.1387,100.2670 18.1360,100.2663 18.1340,100.2643 18.1335,100.2615 18.1341,100.2584 18.1337,100.2552 18.1342,100.2513 18.1328,100.2479 18.1322,100.2450 18.1324,100.2418 18.1327,100.2381 18.1332,100.2317 18.1334,100.2285 18.1331,100.2247 18.1324,100.2198 18.1308,100.2174 18.1306,100.2173
1024	s	18.1186,100.3037 18.1184,100.3036
1023	s	18.0842,99.8371 18.0847,99.8385
1023	s	18.0847,99.8385 18.0848,99.8387
1023	s	18.0848,99.8387 18.0858,99.8403
1152	s	19.8265,100.0255 19.8251,100.0236
1152	s	19.8251,100.0236 19.8259,100.0208 19.8262,100.0192
1152	s	19.8262,100.0192 19.8257,100.0223 19.8251,100.0236
1152	s	19.8251,100.0236 19.8265,100.0255
106	s	18.7702,99.0062 18.7675,99.0056 18.7669,99.0055
1	s	18.2534,99.4558 18.2510,99.4533 18.2497,99.4523
1	s	18.2939,99.5181 18.2925,99.5173
1174	s	19.8471,100.1548 19.8472,100.1548
1174	s	19.8472,100.1546 19.8471,100.1546
1174	s	19.8472,100.1548 19.8479,100.1546
1174	s	19.8479,100.1546 19.8472,100.1546
1152	s	19.8689,100.1244 19.8690,100.1244
1152	s	19.8471,100.1546 19.8476,100.1514 19.8484,100.1482 19.8491,100.1454 19.8509,100.1430 19.8532,100.1394 19.8553,100.1358 19.8577,100.1320 19.8620,100.1296 19.8649,100.1278 19.8665,100.1251 19.8689,100.1244
1152	s	19.8690,100.1244 19.8712,100.1219 19.8728,100.1195 19.8739,100.1165 19.8776,100.1139 19.8806,100.1126 19.8832,100.1111 19.8858,100.1107 19.8884,100.1099
1152	s	19.8468,100.1553 19.8471,100.1546
1152	s	19.8472,100.1546 19.8468,100.1553
1023	s	18.0632,99.7812 18.0646,99.7846 18.0648,99.7853
1023	s	18.0575,99.7702 18.0578,99.7734 18.0589,99.7760 18.0612,99.7779 18.0630,99.7807 18.0632,99.7812
1023	s	18.0648,99.7853 18.0635,99.7821 18.0632,99.7812
1034	s	18.3181,99.3598 18.3188,99.3593
1034	s	18.3179,99.3599 18.3181,99.3598
1034	s	18.3176,99.3601 18.3179,99.3599
1178	s	19.4678,98.9648 19.4700,98.9638
1178	s	19.4700,98.9638 19.4679,98.9649
1178	s	19.4679,98.9649 19.4678,98.9649
1178	s	19.4678,98.9649 19.4647,98.9646 19.4620,98.9645 19.4582,98.9642 19.4577,98.9642
1178	s	19.4577,98.9642 19.4576,98.9643
1178	s	19.4573,98.9643 19.4576,98.9642
1178	s	19.4576,98.9643 19.4573,98.9643
1178	s	19.4573,98.9643 19.4544,98.9653 19.4518,98.9660 19.4486,98.9656 19.4456,98.9655 19.4428,98.9659 19.4397,98.9671 19.4367,98.9689 19.4339,98.9708 19.4315,98.9725 19.4291,98.9739 19.4274,98.9746
1009	s	18.4326,98.6842 18.4355,98.6809 18.4380,98.6794 18.4407,98.6788 18.4433,98.6774 18.4460,98.6761 18.4494,98.6750
1015	s	18.5782,99.0044 18.5783,99.0042
11	s	17.9688,100.0640 17.9694,100.0655
1037	s	18.2214,99.4906 18.2214,99.4908
1039	s	18.3021,99.4827 18.3029,99.4799
1035	s	18.3954,99.5452 18.3991,99.5448 18.4024,99.5444 18.4084,99.5437 18.4125,99.5432 18.4126,99.5432
1035	s	18.3951,99.5454 18.3896,99.5461 18.3863,99.5470 18.3854,99.5472
1035	s	18.4128,99.5432 18.4166,99.5428 18.4195,99.5424 18.4286,99.5414 18.4315,99.5419 18.4342,99.5421 18.4376,99.5408 18.4405,99.5393 18.4452,99.5387 18.4480,99.5393 18.4507,99.5398 18.4567,99.5383 18.4601,99.5375 18.4629,99.5381 18.4682,99.5424 18.4731,99.5472 18.4774,99.5509 18.4802,99.5496 18.4843,99.5481 18.4870,99.5476 18.4897,99.5473 18.4929,99.5468 18.4997,99.5481 18.5029,99.5493 18.5038,99.5520 18.5064,99.5550 18.5096,99.5552 18.5132,99.5549 18.5160,99.5549 18.5186,99.5558 18.5225,99.5573 18.5265,99.5580 18.5290,99.5592
1035	s	18.4126,99.5432 18.4128,99.5432
1035	s	18.3854,99.5472 18.3885,99.5461 18.3924,99.5456 18.3951,99.5453
1035	s	18.3951,99.5453 18.3954,99.5452
1035	s	18.5290,99.5593 18.5264,99.5581 18.5238,99.5572 18.5210,99.5573 18.5184,99.5558 18.5158,99.5550 18.5117,99.5544 18.5083,99.5555 18.5054,99.5543 18.5036,99.5520 18.5022,99.5483 18.4956,99.5468 18.4900,99.5473 18.4873,99.5476 18.4846,99.5482 18.4819,99.5491 18.4794,99.5508 18.4730,99.5473 18.4693,99.5441 18.4660,99.5408 18.4635,99.5387 18.4608,99.5375 18.4567,99.5385 18.4510,99.5400 18.4479,99.5394 18.4452,99.5389 18.4424,99.5390 18.4357,99.5419 18.4329,99.5427 18.4303,99.5417 18.4228,99.5422 18.4195,99.5426 18.4168,99.5429 18.4141,99.5432 18.4128,99.5434
1035	s	18.5502,99.5673 18.5479,99.5688 18.5452,99.5676
1035	s	18.5290,99.5592 18.5293,99.5592
1035	s	18.5304,99.5597 18.5306,99.5601
1035	s	18.5293,99.5592 18.5304,99.5597
1035	s	18.5303,99.5599 18.5293,99.5593
1035	s	18.5345,99.5642 18.5343,99.5641
1035	s	18.5306,99.5601 18.5328,99.5622 18.5344,99.5640
1035	s	18.5343,99.5641 18.5326,99.5618 18.5306,99.5603
1035	s	18.5452,99.5676 18.5449,99.5675
1035	s	18.5358,99.5649 18.5345,99.5642
1035	s	18.5345,99.5641 18.5358,99.5648
1035	s	18.5358,99.5648 18.5361,99.5649
1035	s	18.5361,99.5649 18.5392,99.5665 18.5418,99.5671 18.5449,99.5674
1035	s	18.5452,99.5675 18.5477,99.5686 18.5502,99.5673
1035	s	18.5449,99.5674 18.5452,99.5675
1	s	18.2925,99.5173 18.2912,99.5165
1	s	18.2912,99.5165 18.2911,99.5164